cluster_id,risk_score,risk_level,false_alarm_indicator,classification_label,alert_priority,recommended_action,nearest_station_name,station_distance_km,station_available,alert_rationale
0,13.0,LOW,HIGH,Unknown / Insufficient Evidence,NO ALERT,Routine baseline monitoring.,Chatrapur Fire Station,26.22,True,Low Risk Index representing routine thermal baseline.
1,56.0,MEDIUM,LOW,Agricultural-context thermal event,MONITOR / REVIEW,Monitor thermal activity for escalation.; no verified fire station identified within the search radius -- nearest district fire service should be contacted,No fire station within 50 km,inf,False,Moderate thermal risk context (Agricultural-context thermal event). Operational review recommended.
2,40.0,MEDIUM,LOW,Industrial-context thermal event,MONITOR / REVIEW,Monitor thermal activity for escalation. Closest verified fire station: Fire And Rescue Service Station (6.0 km away).,Fire And Rescue Service Station,6.01,True,Moderate thermal risk context (Industrial-context thermal event). Operational review recommended.
3,39.1,MEDIUM,MEDIUM,Agricultural-context thermal event,MONITOR / REVIEW,Monitor thermal activity for escalation.; no verified fire station identified within the search radius -- nearest district fire service should be contacted,No fire station within 50 km,inf,False,Moderate thermal risk context (Agricultural-context thermal event). Operational review recommended.
4,13.0,LOW,HIGH,Unknown / Insufficient Evidence,NO ALERT,Routine baseline monitoring.,Madurai Airport Fire Station,35.39,True,Low Risk Index representing routine thermal baseline.
5,13.0,LOW,HIGH,Unknown / Insufficient Evidence,NO ALERT,Routine baseline monitoring.,Fire station (unnamed),46.42,True,Low Risk Index representing routine thermal baseline.
6,13.0,LOW,HIGH,Unknown / Insufficient Evidence,NO ALERT,Routine baseline monitoring.,Fire station (unnamed),23.21,True,Low Risk Index representing routine thermal baseline.
7,9.0,LOW,HIGH,Unknown / Insufficient Evidence,NO ALERT,Routine baseline monitoring.,Fire station (unnamed),24.35,True,Low Risk Index representing routine thermal baseline.
8,6.0,LOW,HIGH,Unknown / Insufficient Evidence,NO ALERT,Routine baseline monitoring.,BHEL Fire Station,28.55,True,Low Risk Index representing routine thermal baseline.
9,32.3,MEDIUM,MEDIUM,Agricultural-context thermal event,MONITOR / REVIEW,Monitor thermal activity for escalation. Closest verified fire station: Fire station (unnamed) (40.8 km away).,Fire station (unnamed),40.84,True,Moderate thermal risk context (Agricultural-context thermal event). Operational review recommended.
10,10.0,LOW,HIGH,Unknown / Insufficient Evidence,NO ALERT,Routine baseline monitoring.,Erode District Fire Station,38.32,True,Low Risk Index representing routine thermal baseline.
11,13.0,LOW,HIGH,Unknown / Insufficient Evidence,NO ALERT,Routine baseline monitoring.,Erode District Fire Station,19.75,True,Low Risk Index representing routine thermal baseline.
12,13.0,LOW,HIGH,Unknown / Insufficient Evidence,NO ALERT,Routine baseline monitoring.,Fire station (unnamed),42.33,True,Low Risk Index representing routine thermal baseline.
13,27.2,LOW,MEDIUM,Agricultural-context thermal event,NO ALERT,Routine baseline monitoring.,Fire Station Chidambaram,14.43,True,Low Risk Index representing routine thermal baseline.
14,13.0,LOW,HIGH,Unknown / Insufficient Evidence,NO ALERT,Routine baseline monitoring.,Kallakurichi Fire Station,22.89,True,Low Risk Index representing routine thermal baseline.
15,9.0,LOW,HIGH,Unknown / Insufficient Evidence,NO ALERT,Routine baseline monitoring.,Fire Control Room,10.96,True,Low Risk Index representing routine thermal baseline.
16,16.0,LOW,HIGH,Agricultural-context thermal event,NO ALERT,Routine baseline monitoring.,Villupuram Fire Station,14.45,True,Low Risk Index representing routine thermal baseline.
17,13.0,LOW,HIGH,Unknown / Insufficient Evidence,NO ALERT,Routine baseline monitoring.,Villupuram Fire Station,6.97,True,Low Risk Index representing routine thermal baseline.
18,16.0,LOW,HIGH,Agricultural-context thermal event,NO ALERT,Routine baseline monitoring.,Fire station (unnamed),47.57,True,Low Risk Index representing routine thermal baseline.
19,13.0,LOW,HIGH,Unknown / Insufficient Evidence,NO ALERT,Routine baseline monitoring.,Vellore Fire station,39.35,True,Low Risk Index representing routine thermal baseline.
20,41.0,MEDIUM,LOW,Agricultural-context thermal event,MONITOR / REVIEW,Monitor thermal activity for escalation.; no verified fire station identified within the search radius -- nearest district fire service should be contacted,No fire station within 50 km,inf,False,Moderate thermal risk context (Agricultural-context thermal event). Operational review recommended.
21,9.0,LOW,HIGH,Unknown / Insufficient Evidence,NO ALERT,Routine baseline monitoring.,Airport Fire Station,18.45,True,Low Risk Index representing routine thermal baseline.
22,92.0,HIGH,LOW,Industrial-context thermal event,HIGH PRIORITY ALERT,Dispatch priority ground verification unit from the nearest operational fire service.; no verified fire station identified within the search radius -- nearest district fire service should be contacted,No fire station within 50 km,inf,False,High Risk Index (92.0) combined with high evidence reliability (Low False-Alarm Concern).
23,28.9,LOW,MEDIUM,Industrial-context thermal event,NO ALERT,Routine baseline monitoring.,No fire station within 50 km,inf,False,Low Risk Index representing routine thermal baseline.
24,56.0,MEDIUM,LOW,Industrial-context thermal event,MONITOR / REVIEW,Monitor thermal activity for escalation.; no verified fire station identified within the search radius -- nearest district fire service should be contacted,No fire station within 50 km,inf,False,Moderate thermal risk context (Industrial-context thermal event). Operational review recommended.
25,41.0,MEDIUM,LOW,Agricultural-context thermal event,MONITOR / REVIEW,Monitor thermal activity for escalation.; no verified fire station identified within the search radius -- nearest district fire service should be contacted,No fire station within 50 km,inf,False,Moderate thermal risk context (Agricultural-context thermal event). Operational review recommended.
26,22.1,LOW,MEDIUM,Industrial-context thermal event,NO ALERT,Routine baseline monitoring.,Fire station (unnamed),28.29,True,Low Risk Index representing routine thermal baseline.
27,9.0,LOW,HIGH,Unknown / Insufficient Evidence,NO ALERT,Routine baseline monitoring.,No fire station within 50 km,inf,False,Low Risk Index representing routine thermal baseline.
28,9.0,LOW,HIGH,Unknown / Insufficient Evidence,NO ALERT,Routine baseline monitoring.,No fire station within 50 km,inf,False,Low Risk Index representing routine thermal baseline.
29,12.0,LOW,HIGH,Agricultural-context thermal event,NO ALERT,Routine baseline monitoring.,No fire station within 50 km,inf,False,Low Risk Index representing routine thermal baseline.
30,16.0,LOW,HIGH,Agricultural-context thermal event,NO ALERT,Routine baseline monitoring.,Fire station (unnamed),35.47,True,Low Risk Index representing routine thermal baseline.
31,13.0,LOW,HIGH,Unknown / Insufficient Evidence,NO ALERT,Routine baseline monitoring.,Fire station (unnamed),48.71,True,Low Risk Index representing routine thermal baseline.
32,13.0,LOW,HIGH,Unknown / Insufficient Evidence,NO ALERT,Routine baseline monitoring.,Kallakurichi Fire Station,47.7,True,Low Risk Index representing routine thermal baseline.
33,38.0,MEDIUM,LOW,Agricultural-context thermal event,MONITOR / REVIEW,Monitor thermal activity for escalation. Closest verified fire station: Kallakurichi Fire Station (24.4 km away).,Kallakurichi Fire Station,24.35,True,Moderate thermal risk context (Agricultural-context thermal event). Operational review recommended.
34,10.0,LOW,HIGH,Unknown / Insufficient Evidence,NO ALERT,Routine baseline monitoring.,Villupuram Fire Station,20.14,True,Low Risk Index representing routine thermal baseline.
35,22.1,LOW,MEDIUM,Unknown / Insufficient Evidence,NO ALERT,Routine baseline monitoring.,Villupuram Fire Station,4.83,True,Low Risk Index representing routine thermal baseline.
36,22.1,LOW,MEDIUM,Unknown / Insufficient Evidence,NO ALERT,Routine baseline monitoring.,Fire Control Room,17.81,True,Low Risk Index representing routine thermal baseline.
37,34.0,MEDIUM,MEDIUM,Agricultural-context thermal event,MONITOR / REVIEW,Monitor thermal activity for escalation. Closest verified fire station: Villupuram Fire Station (45.5 km away).,Villupuram Fire Station,45.51,True,Moderate thermal risk context (Agricultural-context thermal event). Operational review recommended.
38,38.0,MEDIUM,LOW,Agricultural-context thermal event,MONITOR / REVIEW,Monitor thermal activity for escalation.; no verified fire station identified within the search radius -- nearest district fire service should be contacted,No fire station within 50 km,inf,False,Moderate thermal risk context (Agricultural-context thermal event). Operational review recommended.
39,79.0,HIGH,LOW,Industrial-context thermal event,HIGH PRIORITY ALERT,Dispatch priority ground verification unit from the nearest operational fire service.; no verified fire station identified within the search radius -- nearest district fire service should be contacted,No fire station within 50 km,inf,False,High Risk Index (79.0) combined with high evidence reliability (Low False-Alarm Concern).
40,64.0,HIGH,LOW,Industrial-context thermal event,HIGH PRIORITY ALERT,Dispatch priority ground verification unit from the nearest operational fire service.; no verified fire station identified within the search radius -- nearest district fire service should be contacted,No fire station within 50 km,inf,False,High Risk Index (64.0) combined with high evidence reliability (Low False-Alarm Concern).
41,15.3,LOW,MEDIUM,Unknown / Insufficient Evidence,NO ALERT,Routine baseline monitoring.,Kalmeshwar Fire Station,12.62,True,Low Risk Index representing routine thermal baseline.
42,6.0,LOW,HIGH,Unknown / Insufficient Evidence,NO ALERT,Routine baseline monitoring.,Airport Fire Station,49.21,True,Low Risk Index representing routine thermal baseline.
43,17.8,LOW,MEDIUM,Agricultural-context thermal event,NO ALERT,Routine baseline monitoring.,No fire station within 50 km,inf,False,Low Risk Index representing routine thermal baseline.
44,6.0,LOW,HIGH,Unknown / Insufficient Evidence,NO ALERT,Routine baseline monitoring.,No fire station within 50 km,inf,False,Low Risk Index representing routine thermal baseline.
45,17.8,LOW,MEDIUM,Industrial-context thermal event,NO ALERT,Routine baseline monitoring.,No fire station within 50 km,inf,False,Low Risk Index representing routine thermal baseline.
46,29.8,LOW,MEDIUM,Unknown / Insufficient Evidence,NO ALERT,Routine baseline monitoring.,No fire station within 50 km,inf,False,Low Risk Index representing routine thermal baseline.
47,6.0,LOW,HIGH,Unknown / Insufficient Evidence,NO ALERT,Routine baseline monitoring.,No fire station within 50 km,inf,False,Low Risk Index representing routine thermal baseline.
48,6.0,LOW,HIGH,Unknown / Insufficient Evidence,NO ALERT,Routine baseline monitoring.,No fire station within 50 km,inf,False,Low Risk Index representing routine thermal baseline.
49,42.0,MEDIUM,LOW,Industrial-context thermal event,MONITOR / REVIEW,Monitor thermal activity for escalation.; no verified fire station identified within the search radius -- nearest district fire service should be contacted,No fire station within 50 km,inf,False,Moderate thermal risk context (Industrial-context thermal event). Operational review recommended.
50,56.0,MEDIUM,LOW,Industrial-context thermal event,MONITOR / REVIEW,Monitor thermal activity for escalation.; no verified fire station identified within the search radius -- nearest district fire service should be contacted,No fire station within 50 km,inf,False,Moderate thermal risk context (Industrial-context thermal event). Operational review recommended.
51,15.3,LOW,MEDIUM,Unknown / Insufficient Evidence,NO ALERT,Routine baseline monitoring.,Jharkhand Fire Services HQ,35.61,True,Low Risk Index representing routine thermal baseline.
52,6.0,LOW,HIGH,Unknown / Insufficient Evidence,NO ALERT,Routine baseline monitoring.,Jharkhand Fire Services HQ,48.9,True,Low Risk Index representing routine thermal baseline.
53,57.0,MEDIUM,LOW,Agricultural-context thermal event,MONITOR / REVIEW,Monitor thermal activity for escalation. Closest verified fire station: Fire station (unnamed) (38.9 km away).,Fire station (unnamed),38.91,True,Moderate thermal risk context (Agricultural-context thermal event). Operational review recommended.
54,36.0,MEDIUM,LOW,Unknown / Insufficient Evidence,MONITOR / REVIEW,Monitor thermal activity for escalation. Closest verified fire station: Asansol Fire Station (14.3 km away).,Asansol Fire Station,14.31,True,Moderate thermal risk context (Unknown / Insufficient Evidence). Operational review recommended.
55,29.8,LOW,MEDIUM,Forest/Natural-context thermal event,NO ALERT,Routine baseline monitoring.,Fire station (unnamed),43.6,True,Low Risk Index representing routine thermal baseline.
56,6.0,LOW,HIGH,Unknown / Insufficient Evidence,NO ALERT,Routine baseline monitoring.,Fire station (unnamed),47.16,True,Low Risk Index representing routine thermal baseline.
57,22.1,LOW,MEDIUM,Unknown / Insufficient Evidence,NO ALERT,Routine baseline monitoring.,Fire station (unnamed),45.63,True,Low Risk Index representing routine thermal baseline.
58,65.0,HIGH,LOW,Industrial-context thermal event,HIGH PRIORITY ALERT,Dispatch priority ground verification unit from the nearest operational fire service. Closest verified fire station: Fire station (unnamed) (48.0 km away).,Fire station (unnamed),48.05,True,High Risk Index (65.0) combined with high evidence reliability (Low False-Alarm Concern).
59,15.3,LOW,MEDIUM,Unknown / Insufficient Evidence,NO ALERT,Routine baseline monitoring.,Asansol Fire Brigade,49.59,True,Low Risk Index representing routine thermal baseline.
60,47.0,MEDIUM,LOW,Agricultural-context thermal event,MONITOR / REVIEW,Monitor thermal activity for escalation. Closest verified fire station: Fire And Rescue Service Station (7.8 km away).,Fire And Rescue Service Station,7.78,True,Moderate thermal risk context (Agricultural-context thermal event). Operational review recommended.
61,12.0,LOW,HIGH,Agricultural-context thermal event,NO ALERT,Routine baseline monitoring.,Fire And Rescue Service Station,42.12,True,Low Risk Index representing routine thermal baseline.
62,50.0,MEDIUM,LOW,Industrial-context thermal event,MONITOR / REVIEW,Monitor thermal activity for escalation.; no verified fire station identified within the search radius -- nearest district fire service should be contacted,No fire station within 50 km,inf,False,Moderate thermal risk context (Industrial-context thermal event). Operational review recommended.
63,35.0,MEDIUM,LOW,Unknown / Insufficient Evidence,MONITOR / REVIEW,Monitor thermal activity for escalation. Closest verified fire station: Fire station (unnamed) (47.7 km away).,Fire station (unnamed),47.7,True,Moderate thermal risk context (Unknown / Insufficient Evidence). Operational review recommended.
64,6.0,LOW,HIGH,Unknown / Insufficient Evidence,NO ALERT,Routine baseline monitoring.,Fire station (unnamed),33.19,True,Low Risk Index representing routine thermal baseline.
65,35.0,MEDIUM,LOW,Industrial-context thermal event,MONITOR / REVIEW,Monitor thermal activity for escalation. Closest verified fire station: Fire station (unnamed) (49.3 km away).,Fire station (unnamed),49.3,True,Moderate thermal risk context (Industrial-context thermal event). Operational review recommended.
66,27.0,LOW,LOW,Industrial-context thermal event,NO ALERT,Routine baseline monitoring.,Fire station (unnamed),49.68,True,Low Risk Index representing routine thermal baseline.
67,6.0,LOW,HIGH,Unknown / Insufficient Evidence,NO ALERT,Routine baseline monitoring.,Fire station (unnamed),29.93,True,Low Risk Index representing routine thermal baseline.
68,22.9,LOW,MEDIUM,Forest/Natural-context thermal event,NO ALERT,Routine baseline monitoring.,No fire station within 50 km,inf,False,Low Risk Index representing routine thermal baseline.
69,6.0,LOW,HIGH,Unknown / Insufficient Evidence,NO ALERT,Routine baseline monitoring.,No fire station within 50 km,inf,False,Low Risk Index representing routine thermal baseline.
70,27.0,LOW,LOW,Agricultural-context thermal event,NO ALERT,Routine baseline monitoring.,No fire station within 50 km,inf,False,Low Risk Index representing routine thermal baseline.
71,9.0,LOW,HIGH,Unknown / Insufficient Evidence,NO ALERT,Routine baseline monitoring.,Fire station (unnamed),21.63,True,Low Risk Index representing routine thermal baseline.
72,21.0,LOW,LOW,Industrial-context thermal event,NO ALERT,Routine baseline monitoring.,No fire station within 50 km,inf,False,Low Risk Index representing routine thermal baseline.
73,17.8,LOW,MEDIUM,Agricultural-context thermal event,NO ALERT,Routine baseline monitoring.,Malik,46.76,True,Low Risk Index representing routine thermal baseline.
74,6.0,LOW,HIGH,Unknown / Insufficient Evidence,NO ALERT,Routine baseline monitoring.,No fire station within 50 km,inf,False,Low Risk Index representing routine thermal baseline.
75,6.0,LOW,HIGH,Unknown / Insufficient Evidence,NO ALERT,Routine baseline monitoring.,No fire station within 50 km,inf,False,Low Risk Index representing routine thermal baseline.
76,79.0,HIGH,LOW,Industrial-context thermal event,HIGH PRIORITY ALERT,Dispatch priority ground verification unit from the nearest operational fire service. Closest verified fire station: Pedda Gantyada Fore Station (6.6 km away).,Pedda Gantyada Fore Station,6.61,True,High Risk Index (79.0) combined with high evidence reliability (Low False-Alarm Concern).
77,27.0,LOW,LOW,Industrial-context thermal event,NO ALERT,Routine baseline monitoring.,No fire station within 50 km,inf,False,Low Risk Index representing routine thermal baseline.
78,6.0,LOW,HIGH,Unknown / Insufficient Evidence,NO ALERT,Routine baseline monitoring.,No fire station within 50 km,inf,False,Low Risk Index representing routine thermal baseline.
79,21.0,LOW,LOW,Unknown / Insufficient Evidence,NO ALERT,Routine baseline monitoring.,Airport Fire Station,36.26,True,Low Risk Index representing routine thermal baseline.
80,6.0,LOW,HIGH,Unknown / Insufficient Evidence,NO ALERT,Routine baseline monitoring.,No fire station within 50 km,inf,False,Low Risk Index representing routine thermal baseline.
81,17.8,LOW,MEDIUM,Agricultural-context thermal event,NO ALERT,Routine baseline monitoring.,Mahadula Fire Station,13.05,True,Low Risk Index representing routine thermal baseline.
82,9.0,LOW,HIGH,Unknown / Insufficient Evidence,NO ALERT,Routine baseline monitoring.,Airport Fire Station,42.02,True,Low Risk Index representing routine thermal baseline.
83,6.0,LOW,HIGH,Unknown / Insufficient Evidence,NO ALERT,Routine baseline monitoring.,No fire station within 50 km,inf,False,Low Risk Index representing routine thermal baseline.
84,6.0,LOW,HIGH,Unknown / Insufficient Evidence,NO ALERT,Routine baseline monitoring.,No fire station within 50 km,inf,False,Low Risk Index representing routine thermal baseline.
85,6.0,LOW,HIGH,Unknown / Insufficient Evidence,NO ALERT,Routine baseline monitoring.,No fire station within 50 km,inf,False,Low Risk Index representing routine thermal baseline.
86,6.0,LOW,HIGH,Unknown / Insufficient Evidence,NO ALERT,Routine baseline monitoring.,No fire station within 50 km,inf,False,Low Risk Index representing routine thermal baseline.
87,6.0,LOW,HIGH,Unknown / Insufficient Evidence,NO ALERT,Routine baseline monitoring.,No fire station within 50 km,inf,False,Low Risk Index representing routine thermal baseline.
88,6.0,LOW,HIGH,Unknown / Insufficient Evidence,NO ALERT,Routine baseline monitoring.,Kangeyam Fire Station,42.91,True,Low Risk Index representing routine thermal baseline.
89,13.0,LOW,HIGH,Unknown / Insufficient Evidence,NO ALERT,Routine baseline monitoring.,Fire Station Chidambaram,12.92,True,Low Risk Index representing routine thermal baseline.
90,6.0,LOW,HIGH,Unknown / Insufficient Evidence,NO ALERT,Routine baseline monitoring.,No fire station within 50 km,inf,False,Low Risk Index representing routine thermal baseline.
91,6.0,LOW,HIGH,Unknown / Insufficient Evidence,NO ALERT,Routine baseline monitoring.,Erode District Fire Station,27.11,True,Low Risk Index representing routine thermal baseline.
92,6.0,LOW,HIGH,Unknown / Insufficient Evidence,NO ALERT,Routine baseline monitoring.,Mettur FIre and Rescue Dept.,9.85,True,Low Risk Index representing routine thermal baseline.
93,6.0,LOW,HIGH,Unknown / Insufficient Evidence,NO ALERT,Routine baseline monitoring.,Airport Fire Station,7.43,True,Low Risk Index representing routine thermal baseline.
94,9.0,LOW,HIGH,Unknown / Insufficient Evidence,NO ALERT,Routine baseline monitoring.,No fire station within 50 km,inf,False,Low Risk Index representing routine thermal baseline.
95,17.8,LOW,MEDIUM,Industrial-context thermal event,NO ALERT,Routine baseline monitoring.,Fire station (unnamed),34.12,True,Low Risk Index representing routine thermal baseline.
96,22.1,LOW,MEDIUM,Unknown / Insufficient Evidence,NO ALERT,Routine baseline monitoring.,Koothanallur Fire  Station,18.45,True,Low Risk Index representing routine thermal baseline.
97,10.0,LOW,HIGH,Unknown / Insufficient Evidence,NO ALERT,Routine baseline monitoring.,Fire station (unnamed),27.07,True,Low Risk Index representing routine thermal baseline.
98,28.9,LOW,MEDIUM,Unknown / Insufficient Evidence,NO ALERT,Routine baseline monitoring.,Fire station (unnamed),27.16,True,Low Risk Index representing routine thermal baseline.
99,10.0,LOW,HIGH,Unknown / Insufficient Evidence,NO ALERT,Routine baseline monitoring.,Fire Station Chidambaram,30.27,True,Low Risk Index representing routine thermal baseline.
100,22.1,LOW,MEDIUM,Unknown / Insufficient Evidence,NO ALERT,Routine baseline monitoring.,Fire Station Chidambaram,19.05,True,Low Risk Index representing routine thermal baseline.
101,34.0,MEDIUM,MEDIUM,Agricultural-context thermal event,MONITOR / REVIEW,Monitor thermal activity for escalation. Closest verified fire station: Villupuram Fire Station (19.3 km away).,Villupuram Fire Station,19.33,True,Moderate thermal risk context (Agricultural-context thermal event). Operational review recommended.
102,55.0,MEDIUM,LOW,Agricultural-context thermal event,MONITOR / REVIEW,Monitor thermal activity for escalation. Closest verified fire station: Kallakurichi Fire Station (41.8 km away).,Kallakurichi Fire Station,41.79,True,Moderate thermal risk context (Agricultural-context thermal event). Operational review recommended.
103,22.1,LOW,MEDIUM,Unknown / Insufficient Evidence,NO ALERT,Routine baseline monitoring.,Gudibanda Fire Station,40.57,True,Low Risk Index representing routine thermal baseline.
104,13.0,LOW,HIGH,Unknown / Insufficient Evidence,NO ALERT,Routine baseline monitoring.,No fire station within 50 km,inf,False,Low Risk Index representing routine thermal baseline.
105,22.1,LOW,MEDIUM,Unknown / Insufficient Evidence,NO ALERT,Routine baseline monitoring.,Ballari Fire Station,16.21,True,Low Risk Index representing routine thermal baseline.
106,46.0,MEDIUM,LOW,Agricultural-context thermal event,MONITOR / REVIEW,Monitor thermal activity for escalation.; no verified fire station identified within the search radius -- nearest district fire service should be contacted,No fire station within 50 km,inf,False,Moderate thermal risk context (Agricultural-context thermal event). Operational review recommended.
107,65.0,HIGH,LOW,Industrial-context thermal event,HIGH PRIORITY ALERT,Dispatch priority ground verification unit from the nearest operational fire service.; no verified fire station identified within the search radius -- nearest district fire service should be contacted,No fire station within 50 km,inf,False,High Risk Index (65.0) combined with high evidence reliability (Low False-Alarm Concern).
108,15.0,LOW,HIGH,Agricultural-context thermal event,NO ALERT,Routine baseline monitoring.,No fire station within 50 km,inf,False,Low Risk Index representing routine thermal baseline.
109,16.0,LOW,HIGH,Industrial-context thermal event,NO ALERT,Routine baseline monitoring.,No fire station within 50 km,inf,False,Low Risk Index representing routine thermal baseline.
110,16.0,LOW,HIGH,Industrial-context thermal event,NO ALERT,Routine baseline monitoring.,No fire station within 50 km,inf,False,Low Risk Index representing routine thermal baseline.
111,33.0,MEDIUM,LOW,Agricultural-context thermal event,MONITOR / REVIEW,Monitor thermal activity for escalation.; no verified fire station identified within the search radius -- nearest district fire service should be contacted,No fire station within 50 km,inf,False,Moderate thermal risk context (Agricultural-context thermal event). Operational review recommended.
112,41.0,MEDIUM,LOW,Industrial-context thermal event,MONITOR / REVIEW,Monitor thermal activity for escalation.; no verified fire station identified within the search radius -- nearest district fire service should be contacted,No fire station within 50 km,inf,False,Moderate thermal risk context (Industrial-context thermal event). Operational review recommended.
113,10.0,LOW,HIGH,Unknown / Insufficient Evidence,NO ALERT,Routine baseline monitoring.,No fire station within 50 km,inf,False,Low Risk Index representing routine thermal baseline.
114,22.1,LOW,MEDIUM,Industrial-context thermal event,NO ALERT,Routine baseline monitoring.,No fire station within 50 km,inf,False,Low Risk Index representing routine thermal baseline.
115,32.0,MEDIUM,LOW,Industrial-context thermal event,MONITOR / REVIEW,Monitor thermal activity for escalation. Closest verified fire station: Thermal Plant (36.7 km away).,Thermal Plant,36.73,True,Moderate thermal risk context (Industrial-context thermal event). Operational review recommended.
116,13.0,LOW,HIGH,Unknown / Insufficient Evidence,NO ALERT,Routine baseline monitoring.,Saharanpur Fire Station,44.03,True,Low Risk Index representing routine thermal baseline.
117,28.9,LOW,MEDIUM,Unknown / Insufficient Evidence,NO ALERT,Routine baseline monitoring.,No fire station within 50 km,inf,False,Low Risk Index representing routine thermal baseline.
118,34.0,MEDIUM,MEDIUM,Industrial-context thermal event,MONITOR / REVIEW,Monitor thermal activity for escalation. Closest verified fire station: Fire And Rescue Service Station (18.0 km away).,Fire And Rescue Service Station,17.96,True,Moderate thermal risk context (Industrial-context thermal event). Operational review recommended.
119,22.1,LOW,MEDIUM,Unknown / Insufficient Evidence,NO ALERT,Routine baseline monitoring.,Sattur Fire Station,8.07,True,Low Risk Index representing routine thermal baseline.
120,27.2,LOW,MEDIUM,Agricultural-context thermal event,NO ALERT,Routine baseline monitoring.,Fire Station Chidambaram,2.48,True,Low Risk Index representing routine thermal baseline.
121,9.0,LOW,HIGH,Unknown / Insufficient Evidence,NO ALERT,Routine baseline monitoring.,No fire station within 50 km,inf,False,Low Risk Index representing routine thermal baseline.
122,10.0,LOW,HIGH,Unknown / Insufficient Evidence,NO ALERT,Routine baseline monitoring.,Fire station (unnamed),32.41,True,Low Risk Index representing routine thermal baseline.
123,13.0,LOW,HIGH,Unknown / Insufficient Evidence,NO ALERT,Routine baseline monitoring.,No fire station within 50 km,inf,False,Low Risk Index representing routine thermal baseline.
124,27.2,LOW,MEDIUM,Agricultural-context thermal event,NO ALERT,Routine baseline monitoring.,Gauribidanur Fire Station,37.0,True,Low Risk Index representing routine thermal baseline.
125,22.1,LOW,MEDIUM,Industrial-context thermal event,NO ALERT,Routine baseline monitoring.,No fire station within 50 km,inf,False,Low Risk Index representing routine thermal baseline.
126,40.0,MEDIUM,LOW,Agricultural-context thermal event,MONITOR / REVIEW,Monitor thermal activity for escalation.; no verified fire station identified within the search radius -- nearest district fire service should be contacted,No fire station within 50 km,inf,False,Moderate thermal risk context (Agricultural-context thermal event). Operational review recommended.
127,70.0,HIGH,LOW,Industrial-context thermal event,HIGH PRIORITY ALERT,Dispatch priority ground verification unit from the nearest operational fire service.; no verified fire station identified within the search radius -- nearest district fire service should be contacted,No fire station within 50 km,inf,False,High Risk Index (70.0) combined with high evidence reliability (Low False-Alarm Concern).
128,27.2,LOW,MEDIUM,Agricultural-context thermal event,NO ALERT,Routine baseline monitoring.,No fire station within 50 km,inf,False,Low Risk Index representing routine thermal baseline.
129,76.0,HIGH,LOW,Agricultural-context thermal event,HIGH PRIORITY ALERT,Dispatch priority ground verification unit from the nearest operational fire service.; no verified fire station identified within the search radius -- nearest district fire service should be contacted,No fire station within 50 km,inf,False,High Risk Index (76.0) combined with high evidence reliability (Low False-Alarm Concern).
130,13.0,LOW,HIGH,Unknown / Insufficient Evidence,NO ALERT,Routine baseline monitoring.,Fire Station,36.85,True,Low Risk Index representing routine thermal baseline.
131,16.0,LOW,HIGH,Agricultural-context thermal event,NO ALERT,Routine baseline monitoring.,Fire Station,49.3,True,Low Risk Index representing routine thermal baseline.
132,9.0,LOW,HIGH,Unknown / Insufficient Evidence,NO ALERT,Routine baseline monitoring.,No fire station within 50 km,inf,False,Low Risk Index representing routine thermal baseline.
133,79.0,HIGH,LOW,Unknown / Insufficient Evidence,HIGH PRIORITY ALERT,Dispatch priority ground verification unit from the nearest operational fire service. Closest verified fire station: Fire station (unnamed) (17.3 km away).,Fire station (unnamed),17.32,True,High Risk Index (79.0) combined with high evidence reliability (Low False-Alarm Concern).
134,13.0,LOW,HIGH,Unknown / Insufficient Evidence,NO ALERT,Routine baseline monitoring.,No fire station within 50 km,inf,False,Low Risk Index representing routine thermal baseline.
135,28.9,LOW,MEDIUM,Unknown / Insufficient Evidence,NO ALERT,Routine baseline monitoring.,No fire station within 50 km,inf,False,Low Risk Index representing routine thermal baseline.
136,10.0,LOW,HIGH,Unknown / Insufficient Evidence,NO ALERT,Routine baseline monitoring.,Sabbavaram Fire Station,3.77,True,Low Risk Index representing routine thermal baseline.
137,12.0,LOW,HIGH,Agricultural-context thermal event,NO ALERT,Routine baseline monitoring.,Cantonment Board Ferozepur,20.13,True,Low Risk Index representing routine thermal baseline.
138,12.0,LOW,HIGH,Agricultural-context thermal event,NO ALERT,Routine baseline monitoring.,Cantonment Board Ferozepur,34.98,True,Low Risk Index representing routine thermal baseline.
139,15.3,LOW,MEDIUM,Unknown / Insufficient Evidence,NO ALERT,Routine baseline monitoring.,No fire station within 50 km,inf,False,Low Risk Index representing routine thermal baseline.
140,41.0,MEDIUM,LOW,Industrial-context thermal event,MONITOR / REVIEW,Monitor thermal activity for escalation.; no verified fire station identified within the search radius -- nearest district fire service should be contacted,No fire station within 50 km,inf,False,Moderate thermal risk context (Industrial-context thermal event). Operational review recommended.
141,22.1,LOW,MEDIUM,Industrial-context thermal event,NO ALERT,Routine baseline monitoring.,No fire station within 50 km,inf,False,Low Risk Index representing routine thermal baseline.
142,9.0,LOW,HIGH,Unknown / Insufficient Evidence,NO ALERT,Routine baseline monitoring.,No fire station within 50 km,inf,False,Low Risk Index representing routine thermal baseline.
143,49.0,MEDIUM,LOW,Agricultural-context thermal event,MONITOR / REVIEW,Monitor thermal activity for escalation.; no verified fire station identified within the search radius -- nearest district fire service should be contacted,No fire station within 50 km,inf,False,Moderate thermal risk context (Agricultural-context thermal event). Operational review recommended.
144,17.8,LOW,MEDIUM,Industrial-context thermal event,NO ALERT,Routine baseline monitoring.,Jaynagar Fire Station,34.09,True,Low Risk Index representing routine thermal baseline.
145,6.0,LOW,HIGH,Unknown / Insufficient Evidence,NO ALERT,Routine baseline monitoring.,Fire station (unnamed),15.69,True,Low Risk Index representing routine thermal baseline.
146,6.0,LOW,HIGH,Unknown / Insufficient Evidence,NO ALERT,Routine baseline monitoring.,Baramunda Fire Station,27.23,True,Low Risk Index representing routine thermal baseline.
147,6.0,LOW,HIGH,Unknown / Insufficient Evidence,NO ALERT,Routine baseline monitoring.,No fire station within 50 km,inf,False,Low Risk Index representing routine thermal baseline.
148,6.0,LOW,HIGH,Unknown / Insufficient Evidence,NO ALERT,Routine baseline monitoring.,No fire station within 50 km,inf,False,Low Risk Index representing routine thermal baseline.
149,6.0,LOW,HIGH,Unknown / Insufficient Evidence,NO ALERT,Routine baseline monitoring.,No fire station within 50 km,inf,False,Low Risk Index representing routine thermal baseline.
150,6.0,LOW,HIGH,Unknown / Insufficient Evidence,NO ALERT,Routine baseline monitoring.,Fire station (unnamed),18.53,True,Low Risk Index representing routine thermal baseline.
151,6.0,LOW,HIGH,Unknown / Insufficient Evidence,NO ALERT,Routine baseline monitoring.,Asansol Fire Station,17.67,True,Low Risk Index representing routine thermal baseline.
152,6.0,LOW,HIGH,Unknown / Insufficient Evidence,NO ALERT,Routine baseline monitoring.,Asansol Fire Brigade,20.67,True,Low Risk Index representing routine thermal baseline.
153,6.0,LOW,HIGH,Unknown / Insufficient Evidence,NO ALERT,Routine baseline monitoring.,Asansol Fire Station,18.45,True,Low Risk Index representing routine thermal baseline.
154,6.0,LOW,HIGH,Unknown / Insufficient Evidence,NO ALERT,Routine baseline monitoring.,Fire station (unnamed),46.55,True,Low Risk Index representing routine thermal baseline.
155,6.0,LOW,HIGH,Unknown / Insufficient Evidence,NO ALERT,Routine baseline monitoring.,Asansol Fire Station,12.25,True,Low Risk Index representing routine thermal baseline.
156,15.3,LOW,MEDIUM,Unknown / Insufficient Evidence,NO ALERT,Routine baseline monitoring.,No fire station within 50 km,inf,False,Low Risk Index representing routine thermal baseline.
157,6.0,LOW,HIGH,Unknown / Insufficient Evidence,NO ALERT,Routine baseline monitoring.,No fire station within 50 km,inf,False,Low Risk Index representing routine thermal baseline.
158,22.1,LOW,MEDIUM,Unknown / Insufficient Evidence,NO ALERT,Routine baseline monitoring.,No fire station within 50 km,inf,False,Low Risk Index representing routine thermal baseline.
159,9.0,LOW,HIGH,Unknown / Insufficient Evidence,NO ALERT,Routine baseline monitoring.,Fire station (unnamed),49.92,True,Low Risk Index representing routine thermal baseline.
160,17.8,LOW,MEDIUM,Industrial-context thermal event,NO ALERT,Routine baseline monitoring.,No fire station within 50 km,inf,False,Low Risk Index representing routine thermal baseline.
161,22.9,LOW,MEDIUM,Agricultural-context thermal event,NO ALERT,Routine baseline monitoring.,No fire station within 50 km,inf,False,Low Risk Index representing routine thermal baseline.
162,9.0,LOW,HIGH,Unknown / Insufficient Evidence,NO ALERT,Routine baseline monitoring.,Pedda Gantyada Fore Station,6.29,True,Low Risk Index representing routine thermal baseline.
163,27.0,LOW,LOW,Industrial-context thermal event,NO ALERT,Routine baseline monitoring.,No fire station within 50 km,inf,False,Low Risk Index representing routine thermal baseline.
164,6.0,LOW,HIGH,Unknown / Insufficient Evidence,NO ALERT,Routine baseline monitoring.,Kottavalasa Fire Station,7.55,True,Low Risk Index representing routine thermal baseline.
165,6.0,LOW,HIGH,Unknown / Insufficient Evidence,NO ALERT,Routine baseline monitoring.,FIRE STATION,32.91,True,Low Risk Index representing routine thermal baseline.
166,6.0,LOW,HIGH,Unknown / Insufficient Evidence,NO ALERT,Routine baseline monitoring.,No fire station within 50 km,inf,False,Low Risk Index representing routine thermal baseline.
167,6.0,LOW,HIGH,Unknown / Insufficient Evidence,NO ALERT,Routine baseline monitoring.,Fire safety department,29.5,True,Low Risk Index representing routine thermal baseline.
168,6.0,LOW,HIGH,Unknown / Insufficient Evidence,NO ALERT,Routine baseline monitoring.,Mahadula Fire Station,14.44,True,Low Risk Index representing routine thermal baseline.
169,10.0,LOW,HIGH,Industrial-context thermal event,NO ALERT,Routine baseline monitoring.,Airport Fire Station,22.22,True,Low Risk Index representing routine thermal baseline.
170,6.0,LOW,HIGH,Unknown / Insufficient Evidence,NO ALERT,Routine baseline monitoring.,Airport Fire Station,33.88,True,Low Risk Index representing routine thermal baseline.
171,6.0,LOW,HIGH,Unknown / Insufficient Evidence,NO ALERT,Routine baseline monitoring.,No fire station within 50 km,inf,False,Low Risk Index representing routine thermal baseline.
172,6.0,LOW,HIGH,Unknown / Insufficient Evidence,NO ALERT,Routine baseline monitoring.,No fire station within 50 km,inf,False,Low Risk Index representing routine thermal baseline.
173,6.0,LOW,HIGH,Unknown / Insufficient Evidence,NO ALERT,Routine baseline monitoring.,Fire Brigade Station Safidon,19.96,True,Low Risk Index representing routine thermal baseline.
174,73.0,HIGH,LOW,Industrial-context thermal event,HIGH PRIORITY ALERT,Dispatch priority ground verification unit from the nearest operational fire service. Closest verified fire station: BMM Fire station (21.0 km away).,BMM Fire station,20.96,True,High Risk Index (73.0) combined with high evidence reliability (Low False-Alarm Concern).
175,6.0,LOW,HIGH,Unknown / Insufficient Evidence,NO ALERT,Routine baseline monitoring.,No fire station within 50 km,inf,False,Low Risk Index representing routine thermal baseline.
176,6.0,LOW,HIGH,Unknown / Insufficient Evidence,NO ALERT,Routine baseline monitoring.,No fire station within 50 km,inf,False,Low Risk Index representing routine thermal baseline.
177,13.0,LOW,HIGH,Unknown / Insufficient Evidence,NO ALERT,Routine baseline monitoring.,Fire station (unnamed),14.51,True,Low Risk Index representing routine thermal baseline.
178,16.0,LOW,HIGH,Agricultural-context thermal event,NO ALERT,Routine baseline monitoring.,BHEL Fire Station,35.83,True,Low Risk Index representing routine thermal baseline.
179,16.0,LOW,HIGH,Agricultural-context thermal event,NO ALERT,Routine baseline monitoring.,Fire station (unnamed),39.65,True,Low Risk Index representing routine thermal baseline.
180,13.0,LOW,HIGH,Unknown / Insufficient Evidence,NO ALERT,Routine baseline monitoring.,Villupuram Fire Station,18.72,True,Low Risk Index representing routine thermal baseline.
181,13.0,LOW,HIGH,Unknown / Insufficient Evidence,NO ALERT,Routine baseline monitoring.,No fire station within 50 km,inf,False,Low Risk Index representing routine thermal baseline.
182,13.0,LOW,HIGH,Unknown / Insufficient Evidence,NO ALERT,Routine baseline monitoring.,Fire station (unnamed),15.28,True,Low Risk Index representing routine thermal baseline.
183,13.0,LOW,HIGH,Unknown / Insufficient Evidence,NO ALERT,Routine baseline monitoring.,Jnagareddygudem Fire Station,0.46,True,Low Risk Index representing routine thermal baseline.
184,13.0,LOW,HIGH,Unknown / Insufficient Evidence,NO ALERT,Routine baseline monitoring.,Jnagareddygudem Fire Station,13.7,True,Low Risk Index representing routine thermal baseline.
185,13.0,LOW,HIGH,Unknown / Insufficient Evidence,NO ALERT,Routine baseline monitoring.,Jnagareddygudem Fire Station,31.01,True,Low Risk Index representing routine thermal baseline.
186,13.0,LOW,HIGH,Unknown / Insufficient Evidence,NO ALERT,Routine baseline monitoring.,FIRE STATION,38.61,True,Low Risk Index representing routine thermal baseline.
187,16.0,LOW,HIGH,Agricultural-context thermal event,NO ALERT,Routine baseline monitoring.,Sabbavaram Fire Station,3.95,True,Low Risk Index representing routine thermal baseline.
188,93.0,HIGH,LOW,Industrial-context thermal event,HIGH PRIORITY ALERT,Dispatch priority ground verification unit from the nearest operational fire service. Closest verified fire station: Fire station (unnamed) (10.1 km away).,Fire station (unnamed),10.07,True,High Risk Index (93.0) combined with high evidence reliability (Low False-Alarm Concern).
189,34.0,MEDIUM,LOW,Unknown / Insufficient Evidence,MONITOR / REVIEW,Monitor thermal activity for escalation. Closest verified fire station: Ballari Fire Station (20.0 km away).,Ballari Fire Station,20.0,True,Moderate thermal risk context (Unknown / Insufficient Evidence). Operational review recommended.
190,6.0,LOW,HIGH,Unknown / Insufficient Evidence,NO ALERT,Routine baseline monitoring.,No fire station within 50 km,inf,False,Low Risk Index representing routine thermal baseline.
191,58.0,MEDIUM,LOW,Unknown / Insufficient Evidence,MONITOR / REVIEW,Monitor thermal activity for escalation.; no verified fire station identified within the search radius -- nearest district fire service should be contacted,No fire station within 50 km,inf,False,Moderate thermal risk context (Unknown / Insufficient Evidence). Operational review recommended.
192,6.0,LOW,HIGH,Unknown / Insufficient Evidence,NO ALERT,Routine baseline monitoring.,Electronics City Fire Station,10.9,True,Low Risk Index representing routine thermal baseline.
193,6.0,LOW,HIGH,Unknown / Insufficient Evidence,NO ALERT,Routine baseline monitoring.,No fire station within 50 km,inf,False,Low Risk Index representing routine thermal baseline.
194,6.0,LOW,HIGH,Unknown / Insufficient Evidence,NO ALERT,Routine baseline monitoring.,Fire station (unnamed),36.77,True,Low Risk Index representing routine thermal baseline.
195,6.0,LOW,HIGH,Unknown / Insufficient Evidence,NO ALERT,Routine baseline monitoring.,Fire station (unnamed),37.59,True,Low Risk Index representing routine thermal baseline.
196,46.0,MEDIUM,LOW,Agricultural-context thermal event,MONITOR / REVIEW,Monitor thermal activity for escalation. Closest verified fire station: Fire And Rescue Service Station (5.7 km away).,Fire And Rescue Service Station,5.67,True,Moderate thermal risk context (Agricultural-context thermal event). Operational review recommended.
197,22.1,LOW,MEDIUM,Unknown / Insufficient Evidence,NO ALERT,Routine baseline monitoring.,Sattur Fire Station,20.85,True,Low Risk Index representing routine thermal baseline.
198,16.0,LOW,HIGH,Agricultural-context thermal event,NO ALERT,Routine baseline monitoring.,Fire Control Room,34.44,True,Low Risk Index representing routine thermal baseline.
199,13.0,LOW,HIGH,Unknown / Insufficient Evidence,NO ALERT,Routine baseline monitoring.,Mulbagal Fire Station,47.61,True,Low Risk Index representing routine thermal baseline.
200,16.0,LOW,HIGH,Agricultural-context thermal event,NO ALERT,Routine baseline monitoring.,No fire station within 50 km,inf,False,Low Risk Index representing routine thermal baseline.
201,27.2,LOW,MEDIUM,Industrial-context thermal event,NO ALERT,Routine baseline monitoring.,No fire station within 50 km,inf,False,Low Risk Index representing routine thermal baseline.
202,10.0,LOW,HIGH,Unknown / Insufficient Evidence,NO ALERT,Routine baseline monitoring.,Airport Fire Station,21.35,True,Low Risk Index representing routine thermal baseline.
203,10.0,LOW,HIGH,Unknown / Insufficient Evidence,NO ALERT,Routine baseline monitoring.,Fire And Rescue Service Station,17.8,True,Low Risk Index representing routine thermal baseline.
204,22.1,LOW,MEDIUM,Industrial-context thermal event,NO ALERT,Routine baseline monitoring.,Sattur Fire Station,15.81,True,Low Risk Index representing routine thermal baseline.
205,13.0,LOW,HIGH,Unknown / Insufficient Evidence,NO ALERT,Routine baseline monitoring.,Gauribidanur Fire Station,31.69,True,Low Risk Index representing routine thermal baseline.
206,10.0,LOW,HIGH,Unknown / Insufficient Evidence,NO ALERT,Routine baseline monitoring.,No fire station within 50 km,inf,False,Low Risk Index representing routine thermal baseline.
207,6.0,LOW,HIGH,Unknown / Insufficient Evidence,NO ALERT,Routine baseline monitoring.,No fire station within 50 km,inf,False,Low Risk Index representing routine thermal baseline.
208,6.0,LOW,HIGH,Unknown / Insufficient Evidence,NO ALERT,Routine baseline monitoring.,Fire station (unnamed),32.45,True,Low Risk Index representing routine thermal baseline.
209,6.0,LOW,HIGH,Unknown / Insufficient Evidence,NO ALERT,Routine baseline monitoring.,Ballari Fire Station,20.44,True,Low Risk Index representing routine thermal baseline.
210,6.0,LOW,HIGH,Unknown / Insufficient Evidence,NO ALERT,Routine baseline monitoring.,Fire station (unnamed),0.4,True,Low Risk Index representing routine thermal baseline.
211,53.0,MEDIUM,LOW,Agricultural-context thermal event,MONITOR / REVIEW,Monitor thermal activity for escalation. Closest verified fire station: Sattur Fire Station (36.2 km away).,Sattur Fire Station,36.19,True,Moderate thermal risk context (Agricultural-context thermal event). Operational review recommended.
212,38.0,MEDIUM,LOW,Agricultural-context thermal event,MONITOR / REVIEW,Monitor thermal activity for escalation. Closest verified fire station: Fire station (unnamed) (5.7 km away).,Fire station (unnamed),5.74,True,Moderate thermal risk context (Agricultural-context thermal event). Operational review recommended.
213,16.0,LOW,HIGH,Agricultural-context thermal event,NO ALERT,Routine baseline monitoring.,Fire station (unnamed),43.87,True,Low Risk Index representing routine thermal baseline.
214,34.0,MEDIUM,MEDIUM,Agricultural-context thermal event,MONITOR / REVIEW,Monitor thermal activity for escalation. Closest verified fire station: NCTPS Fire Station (17.0 km away).,NCTPS Fire Station,17.04,True,Moderate thermal risk context (Agricultural-context thermal event). Operational review recommended.
215,28.9,LOW,MEDIUM,Unknown / Insufficient Evidence,NO ALERT,Routine baseline monitoring.,No fire station within 50 km,inf,False,Low Risk Index representing routine thermal baseline.
216,28.9,LOW,MEDIUM,Unknown / Insufficient Evidence,NO ALERT,Routine baseline monitoring.,No fire station within 50 km,inf,False,Low Risk Index representing routine thermal baseline.
217,14.0,LOW,HIGH,Unknown / Insufficient Evidence,NO ALERT,Routine baseline monitoring.,No fire station within 50 km,inf,False,Low Risk Index representing routine thermal baseline.
218,22.1,LOW,MEDIUM,Unknown / Insufficient Evidence,NO ALERT,Routine baseline monitoring.,Airport Fire Station,30.42,True,Low Risk Index representing routine thermal baseline.
219,16.0,LOW,HIGH,Industrial-context thermal event,NO ALERT,Routine baseline monitoring.,No fire station within 50 km,inf,False,Low Risk Index representing routine thermal baseline.
220,22.1,LOW,MEDIUM,Unknown / Insufficient Evidence,NO ALERT,Routine baseline monitoring.,No fire station within 50 km,inf,False,Low Risk Index representing routine thermal baseline.
221,13.0,LOW,HIGH,Unknown / Insufficient Evidence,NO ALERT,Routine baseline monitoring.,No fire station within 50 km,inf,False,Low Risk Index representing routine thermal baseline.
222,16.0,LOW,HIGH,Agricultural-context thermal event,NO ALERT,Routine baseline monitoring.,No fire station within 50 km,inf,False,Low Risk Index representing routine thermal baseline.
223,27.2,LOW,MEDIUM,Agricultural-context thermal event,NO ALERT,Routine baseline monitoring.,Fire station (unnamed),16.94,True,Low Risk Index representing routine thermal baseline.
224,13.0,LOW,HIGH,Unknown / Insufficient Evidence,NO ALERT,Routine baseline monitoring.,Madurai Airport Fire Station,22.67,True,Low Risk Index representing routine thermal baseline.
225,27.2,LOW,MEDIUM,Agricultural-context thermal event,NO ALERT,Routine baseline monitoring.,Fire station (unnamed),42.77,True,Low Risk Index representing routine thermal baseline.
226,13.0,LOW,HIGH,Unknown / Insufficient Evidence,NO ALERT,Routine baseline monitoring.,Fire station (unnamed),22.44,True,Low Risk Index representing routine thermal baseline.
227,32.0,MEDIUM,LOW,Industrial-context thermal event,MONITOR / REVIEW,Monitor thermal activity for escalation. Closest verified fire station: Madurai Airport Fire Station (18.6 km away).,Madurai Airport Fire Station,18.6,True,Moderate thermal risk context (Industrial-context thermal event). Operational review recommended.
228,22.1,LOW,MEDIUM,Unknown / Insufficient Evidence,NO ALERT,Routine baseline monitoring.,Madurai Airport Fire Station,22.08,True,Low Risk Index representing routine thermal baseline.
229,10.0,LOW,HIGH,Unknown / Insufficient Evidence,NO ALERT,Routine baseline monitoring.,Madurai Airport Fire Station,16.73,True,Low Risk Index representing routine thermal baseline.
230,13.0,LOW,HIGH,Unknown / Insufficient Evidence,NO ALERT,Routine baseline monitoring.,Fire station (unnamed),14.05,True,Low Risk Index representing routine thermal baseline.
231,22.1,LOW,MEDIUM,Unknown / Insufficient Evidence,NO ALERT,Routine baseline monitoring.,Madurai Airport Fire Station,29.99,True,Low Risk Index representing routine thermal baseline.
232,83.0,HIGH,LOW,Unknown / Insufficient Evidence,HIGH PRIORITY ALERT,Dispatch priority ground verification unit from the nearest operational fire service. Closest verified fire station: Fire And Rescue Services Station (46.2 km away).,Fire And Rescue Services Station,46.18,True,High Risk Index (83.0) combined with high evidence reliability (Low False-Alarm Concern).
233,32.0,MEDIUM,LOW,Agricultural-context thermal event,MONITOR / REVIEW,Monitor thermal activity for escalation. Closest verified fire station: Fire station (unnamed) (23.4 km away).,Fire station (unnamed),23.4,True,Moderate thermal risk context (Agricultural-context thermal event). Operational review recommended.
234,6.0,LOW,HIGH,Agricultural-context thermal event,NO ALERT,Routine baseline monitoring.,BHEL Fire Station,28.65,True,Low Risk Index representing routine thermal baseline.
235,13.0,LOW,HIGH,Unknown / Insufficient Evidence,NO ALERT,Routine baseline monitoring.,BHEL Fire Station,32.86,True,Low Risk Index representing routine thermal baseline.
236,10.0,LOW,HIGH,Unknown / Insufficient Evidence,NO ALERT,Routine baseline monitoring.,Kangeyam Fire Station,41.02,True,Low Risk Index representing routine thermal baseline.
237,34.0,MEDIUM,LOW,Unknown / Insufficient Evidence,MONITOR / REVIEW,Monitor thermal activity for escalation.; no verified fire station identified within the search radius -- nearest district fire service should be contacted,No fire station within 50 km,inf,False,Moderate thermal risk context (Unknown / Insufficient Evidence). Operational review recommended.
238,32.0,MEDIUM,LOW,Agricultural-context thermal event,MONITOR / REVIEW,Monitor thermal activity for escalation. Closest verified fire station: Fire Station (47.9 km away).,Fire Station,47.93,True,Moderate thermal risk context (Agricultural-context thermal event). Operational review recommended.
239,9.0,LOW,HIGH,Unknown / Insufficient Evidence,NO ALERT,Routine baseline monitoring.,No fire station within 50 km,inf,False,Low Risk Index representing routine thermal baseline.
240,22.1,LOW,MEDIUM,Industrial-context thermal event,NO ALERT,Routine baseline monitoring.,No fire station within 50 km,inf,False,Low Risk Index representing routine thermal baseline.
241,13.0,LOW,HIGH,Unknown / Insufficient Evidence,NO ALERT,Routine baseline monitoring.,No fire station within 50 km,inf,False,Low Risk Index representing routine thermal baseline.
242,13.0,LOW,HIGH,Unknown / Insufficient Evidence,NO ALERT,Routine baseline monitoring.,No fire station within 50 km,inf,False,Low Risk Index representing routine thermal baseline.
243,22.1,LOW,MEDIUM,Agricultural-context thermal event,NO ALERT,Routine baseline monitoring.,Fire Station,41.26,True,Low Risk Index representing routine thermal baseline.
244,22.1,LOW,MEDIUM,Unknown / Insufficient Evidence,NO ALERT,Routine baseline monitoring.,No fire station within 50 km,inf,False,Low Risk Index representing routine thermal baseline.
245,13.0,LOW,HIGH,Unknown / Insufficient Evidence,NO ALERT,Routine baseline monitoring.,Ballari Fire Station,37.28,True,Low Risk Index representing routine thermal baseline.
246,13.0,LOW,HIGH,Unknown / Insufficient Evidence,NO ALERT,Routine baseline monitoring.,Fire station (unnamed),34.5,True,Low Risk Index representing routine thermal baseline.
247,13.0,LOW,HIGH,Unknown / Insufficient Evidence,NO ALERT,Routine baseline monitoring.,Fire station (unnamed),28.29,True,Low Risk Index representing routine thermal baseline.
248,22.1,LOW,MEDIUM,Unknown / Insufficient Evidence,NO ALERT,Routine baseline monitoring.,No fire station within 50 km,inf,False,Low Risk Index representing routine thermal baseline.
249,27.2,LOW,MEDIUM,Agricultural-context thermal event,NO ALERT,Routine baseline monitoring.,Fire station (unnamed),48.67,True,Low Risk Index representing routine thermal baseline.
250,16.0,LOW,HIGH,Industrial-context thermal event,NO ALERT,Routine baseline monitoring.,Fire station (unnamed),45.6,True,Low Risk Index representing routine thermal baseline.
251,22.1,LOW,MEDIUM,Agricultural-context thermal event,NO ALERT,Routine baseline monitoring.,No fire station within 50 km,inf,False,Low Risk Index representing routine thermal baseline.
252,9.0,LOW,HIGH,Unknown / Insufficient Evidence,NO ALERT,Routine baseline monitoring.,Fire station (unnamed),14.89,True,Low Risk Index representing routine thermal baseline.
253,48.0,MEDIUM,LOW,Industrial-context thermal event,MONITOR / REVIEW,Monitor thermal activity for escalation. Closest verified fire station: Fire station (unnamed) (2.9 km away).,Fire station (unnamed),2.87,True,Moderate thermal risk context (Industrial-context thermal event). Operational review recommended.
254,15.3,LOW,MEDIUM,Unknown / Insufficient Evidence,NO ALERT,Routine baseline monitoring.,Fire station (unnamed),23.13,True,Low Risk Index representing routine thermal baseline.
255,9.0,LOW,HIGH,Unknown / Insufficient Evidence,NO ALERT,Routine baseline monitoring.,Fire station (unnamed),6.73,True,Low Risk Index representing routine thermal baseline.
256,58.0,MEDIUM,LOW,Industrial-context thermal event,MONITOR / REVIEW,Monitor thermal activity for escalation. Closest verified fire station: Fire station (unnamed) (19.4 km away).,Fire station (unnamed),19.35,True,Moderate thermal risk context (Industrial-context thermal event). Operational review recommended.
257,9.0,LOW,HIGH,Unknown / Insufficient Evidence,NO ALERT,Routine baseline monitoring.,No fire station within 50 km,inf,False,Low Risk Index representing routine thermal baseline.
258,6.0,LOW,HIGH,Unknown / Insufficient Evidence,NO ALERT,Routine baseline monitoring.,Madurai Airport Fire Station,6.29,True,Low Risk Index representing routine thermal baseline.
259,17.8,LOW,MEDIUM,Unknown / Insufficient Evidence,NO ALERT,Routine baseline monitoring.,Fire station (unnamed),18.2,True,Low Risk Index representing routine thermal baseline.
260,6.0,LOW,HIGH,Unknown / Insufficient Evidence,NO ALERT,Routine baseline monitoring.,Fire station (unnamed),9.75,True,Low Risk Index representing routine thermal baseline.
261,6.0,LOW,HIGH,Unknown / Insufficient Evidence,NO ALERT,Routine baseline monitoring.,Fire station (unnamed),2.68,True,Low Risk Index representing routine thermal baseline.
262,6.0,LOW,HIGH,Unknown / Insufficient Evidence,NO ALERT,Routine baseline monitoring.,No fire station within 50 km,inf,False,Low Risk Index representing routine thermal baseline.
263,6.0,LOW,HIGH,Unknown / Insufficient Evidence,NO ALERT,Routine baseline monitoring.,No fire station within 50 km,inf,False,Low Risk Index representing routine thermal baseline.
264,93.0,HIGH,LOW,Industrial-context thermal event,HIGH PRIORITY ALERT,Dispatch priority ground verification unit from the nearest operational fire service.; no verified fire station identified within the search radius -- nearest district fire service should be contacted,No fire station within 50 km,inf,False,High Risk Index (93.0) combined with high evidence reliability (Low False-Alarm Concern).
265,17.8,LOW,MEDIUM,Agricultural-context thermal event,NO ALERT,Routine baseline monitoring.,No fire station within 50 km,inf,False,Low Risk Index representing routine thermal baseline.
266,17.8,LOW,MEDIUM,Industrial-context thermal event,NO ALERT,Routine baseline monitoring.,No fire station within 50 km,inf,False,Low Risk Index representing routine thermal baseline.
267,6.0,LOW,HIGH,Unknown / Insufficient Evidence,NO ALERT,Routine baseline monitoring.,No fire station within 50 km,inf,False,Low Risk Index representing routine thermal baseline.
268,6.0,LOW,HIGH,Unknown / Insufficient Evidence,NO ALERT,Routine baseline monitoring.,Ballari Fire Station,10.57,True,Low Risk Index representing routine thermal baseline.
269,6.0,LOW,HIGH,Unknown / Insufficient Evidence,NO ALERT,Routine baseline monitoring.,Ballari Fire Station,17.82,True,Low Risk Index representing routine thermal baseline.
270,6.0,LOW,HIGH,Unknown / Insufficient Evidence,NO ALERT,Routine baseline monitoring.,No fire station within 50 km,inf,False,Low Risk Index representing routine thermal baseline.
271,32.0,MEDIUM,LOW,Agricultural-context thermal event,MONITOR / REVIEW,Monitor thermal activity for escalation.; no verified fire station identified within the search radius -- nearest district fire service should be contacted,No fire station within 50 km,inf,False,Moderate thermal risk context (Agricultural-context thermal event). Operational review recommended.
272,35.0,MEDIUM,LOW,Industrial-context thermal event,MONITOR / REVIEW,Monitor thermal activity for escalation. Closest verified fire station: CMC fire station (4.2 km away).,CMC fire station,4.17,True,Moderate thermal risk context (Industrial-context thermal event). Operational review recommended.
273,35.0,MEDIUM,LOW,Forest/Natural-context thermal event,MONITOR / REVIEW,Monitor thermal activity for escalation.; no verified fire station identified within the search radius -- nearest district fire service should be contacted,No fire station within 50 km,inf,False,Moderate thermal risk context (Forest/Natural-context thermal event). Operational review recommended.
274,16.0,LOW,HIGH,Agricultural-context thermal event,NO ALERT,Routine baseline monitoring.,No fire station within 50 km,inf,False,Low Risk Index representing routine thermal baseline.
275,33.1,MEDIUM,MEDIUM,Agricultural-context thermal event,MONITOR / REVIEW,"Monitor thermal activity for escalation. Closest verified fire station: Fire and Emergency Services Station, Raha (42.7 km away).","Fire and Emergency Services Station, Raha",42.72,True,Moderate thermal risk context (Agricultural-context thermal event). Operational review recommended.
276,9.0,LOW,HIGH,Agricultural-context thermal event,NO ALERT,Routine baseline monitoring.,No fire station within 50 km,inf,False,Low Risk Index representing routine thermal baseline.
277,6.0,LOW,HIGH,Unknown / Insufficient Evidence,NO ALERT,Routine baseline monitoring.,Asansol Fire Brigade,11.29,True,Low Risk Index representing routine thermal baseline.
278,71.0,HIGH,LOW,Unknown / Insufficient Evidence,HIGH PRIORITY ALERT,Dispatch priority ground verification unit from the nearest operational fire service. Closest verified fire station: Asansol Fire Station (13.9 km away).,Asansol Fire Station,13.87,True,High Risk Index (71.0) combined with high evidence reliability (Low False-Alarm Concern).
279,22.9,LOW,MEDIUM,Industrial-context thermal event,NO ALERT,Routine baseline monitoring.,No fire station within 50 km,inf,False,Low Risk Index representing routine thermal baseline.
280,22.9,LOW,MEDIUM,Industrial-context thermal event,NO ALERT,Routine baseline monitoring.,No fire station within 50 km,inf,False,Low Risk Index representing routine thermal baseline.
281,33.0,MEDIUM,LOW,Industrial-context thermal event,MONITOR / REVIEW,Monitor thermal activity for escalation. Closest verified fire station: Asansol Fire Station (17.5 km away).,Asansol Fire Station,17.54,True,Moderate thermal risk context (Industrial-context thermal event). Operational review recommended.
282,22.9,LOW,MEDIUM,Industrial-context thermal event,NO ALERT,Routine baseline monitoring.,Fire station (unnamed),17.39,True,Low Risk Index representing routine thermal baseline.
283,79.0,HIGH,LOW,Unknown / Insufficient Evidence,HIGH PRIORITY ALERT,Dispatch priority ground verification unit from the nearest operational fire service. Closest verified fire station: Fire station (unnamed) (48.1 km away).,Fire station (unnamed),48.14,True,High Risk Index (79.0) combined with high evidence reliability (Low False-Alarm Concern).
284,79.0,HIGH,LOW,Unknown / Insufficient Evidence,HIGH PRIORITY ALERT,Dispatch priority ground verification unit from the nearest operational fire service.; no verified fire station identified within the search radius -- nearest district fire service should be contacted,No fire station within 50 km,inf,False,High Risk Index (79.0) combined with high evidence reliability (Low False-Alarm Concern).
285,79.0,HIGH,LOW,Industrial-context thermal event,HIGH PRIORITY ALERT,Dispatch priority ground verification unit from the nearest operational fire service.; no verified fire station identified within the search radius -- nearest district fire service should be contacted,No fire station within 50 km,inf,False,High Risk Index (79.0) combined with high evidence reliability (Low False-Alarm Concern).
286,50.0,MEDIUM,LOW,Industrial-context thermal event,MONITOR / REVIEW,Monitor thermal activity for escalation. Closest verified fire station: Malik (45.2 km away).,Malik,45.23,True,Moderate thermal risk context (Industrial-context thermal event). Operational review recommended.
287,21.0,LOW,LOW,Agricultural-context thermal event,NO ALERT,Routine baseline monitoring.,Chakan Fire station,21.75,True,Low Risk Index representing routine thermal baseline.
288,6.0,LOW,HIGH,Unknown / Insufficient Evidence,NO ALERT,Routine baseline monitoring.,No fire station within 50 km,inf,False,Low Risk Index representing routine thermal baseline.
289,6.0,LOW,HIGH,Unknown / Insufficient Evidence,NO ALERT,Routine baseline monitoring.,No fire station within 50 km,inf,False,Low Risk Index representing routine thermal baseline.
290,6.0,LOW,HIGH,Unknown / Insufficient Evidence,NO ALERT,Routine baseline monitoring.,Memnagar Fire Station,7.66,True,Low Risk Index representing routine thermal baseline.
291,27.2,LOW,MEDIUM,Industrial-context thermal event,NO ALERT,Routine baseline monitoring.,Bopal Fire Station,12.88,True,Low Risk Index representing routine thermal baseline.
292,12.0,LOW,HIGH,Agricultural-context thermal event,NO ALERT,Routine baseline monitoring.,Jonai Fire Service Station,38.95,True,Low Risk Index representing routine thermal baseline.
293,22.1,LOW,MEDIUM,Unknown / Insufficient Evidence,NO ALERT,Routine baseline monitoring.,Airport Fire Station,18.07,True,Low Risk Index representing routine thermal baseline.
294,59.5,MEDIUM,MEDIUM,Agricultural-context thermal event,MONITOR / REVIEW,Monitor thermal activity for escalation. Closest verified fire station: Airport Fire Station (17.0 km away).,Airport Fire Station,16.96,True,Moderate thermal risk context (Agricultural-context thermal event). Operational review recommended.
295,27.2,LOW,MEDIUM,Industrial-context thermal event,NO ALERT,Routine baseline monitoring.,Sattur Fire Station,16.27,True,Low Risk Index representing routine thermal baseline.
296,13.0,LOW,HIGH,Unknown / Insufficient Evidence,NO ALERT,Routine baseline monitoring.,Virudhunagar Fire Station,12.4,True,Low Risk Index representing routine thermal baseline.
297,85.0,HIGH,LOW,Industrial-context thermal event,HIGH PRIORITY ALERT,Dispatch priority ground verification unit from the nearest operational fire service. Closest verified fire station: Fire station (unnamed) (39.0 km away).,Fire station (unnamed),38.98,True,High Risk Index (85.0) combined with high evidence reliability (Low False-Alarm Concern).
298,87.0,HIGH,LOW,Industrial-context thermal event,HIGH PRIORITY ALERT,Dispatch priority ground verification unit from the nearest operational fire service. Closest verified fire station: Fire station (unnamed) (43.5 km away).,Fire station (unnamed),43.47,True,High Risk Index (87.0) combined with high evidence reliability (Low False-Alarm Concern).
299,16.0,LOW,HIGH,Agricultural-context thermal event,NO ALERT,Routine baseline monitoring.,Airport Fire Station,17.23,True,Low Risk Index representing routine thermal baseline.
300,68.0,HIGH,LOW,Industrial-context thermal event,HIGH PRIORITY ALERT,Dispatch priority ground verification unit from the nearest operational fire service. Closest verified fire station: Fire And Rescue Service Station (5.7 km away).,Fire And Rescue Service Station,5.7,True,High Risk Index (68.0) combined with high evidence reliability (Low False-Alarm Concern).
301,28.9,LOW,MEDIUM,Unknown / Insufficient Evidence,NO ALERT,Routine baseline monitoring.,No fire station within 50 km,inf,False,Low Risk Index representing routine thermal baseline.
302,9.0,LOW,HIGH,Unknown / Insufficient Evidence,NO ALERT,Routine baseline monitoring.,No fire station within 50 km,inf,False,Low Risk Index representing routine thermal baseline.
303,42.0,MEDIUM,LOW,Forest/Natural-context thermal event,MONITOR / REVIEW,Monitor thermal activity for escalation. Closest verified fire station: Fire station (unnamed) (43.0 km away).,Fire station (unnamed),42.97,True,Moderate thermal risk context (Forest/Natural-context thermal event). Operational review recommended.
304,79.0,HIGH,LOW,Unknown / Insufficient Evidence,HIGH PRIORITY ALERT,Dispatch priority ground verification unit from the nearest operational fire service. Closest verified fire station: Fire station (unnamed) (47.9 km away).,Fire station (unnamed),47.94,True,High Risk Index (79.0) combined with high evidence reliability (Low False-Alarm Concern).
305,58.0,MEDIUM,LOW,Industrial-context thermal event,MONITOR / REVIEW,Monitor thermal activity for escalation. Closest verified fire station: Fire station (unnamed) (49.4 km away).,Fire station (unnamed),49.42,True,Moderate thermal risk context (Industrial-context thermal event). Operational review recommended.
306,6.0,LOW,HIGH,Unknown / Insufficient Evidence,NO ALERT,Routine baseline monitoring.,No fire station within 50 km,inf,False,Low Risk Index representing routine thermal baseline.
307,56.0,MEDIUM,LOW,Industrial-context thermal event,MONITOR / REVIEW,Monitor thermal activity for escalation. Closest verified fire station: Fire station (unnamed) (49.7 km away).,Fire station (unnamed),49.7,True,Moderate thermal risk context (Industrial-context thermal event). Operational review recommended.
308,6.0,LOW,HIGH,Unknown / Insufficient Evidence,NO ALERT,Routine baseline monitoring.,Asansol Fire Brigade,36.39,True,Low Risk Index representing routine thermal baseline.
309,9.0,LOW,HIGH,Unknown / Insufficient Evidence,NO ALERT,Routine baseline monitoring.,Fire station (unnamed),5.58,True,Low Risk Index representing routine thermal baseline.
310,6.0,LOW,HIGH,Unknown / Insufficient Evidence,NO ALERT,Routine baseline monitoring.,Fire station (unnamed),16.14,True,Low Risk Index representing routine thermal baseline.
311,9.0,LOW,HIGH,Unknown / Insufficient Evidence,NO ALERT,Routine baseline monitoring.,Jharkhand Fire Services HQ,48.93,True,Low Risk Index representing routine thermal baseline.
312,17.8,LOW,MEDIUM,Agricultural-context thermal event,NO ALERT,Routine baseline monitoring.,Fire station (unnamed),47.32,True,Low Risk Index representing routine thermal baseline.
313,6.0,LOW,HIGH,Unknown / Insufficient Evidence,NO ALERT,Routine baseline monitoring.,Fire station (unnamed),45.08,True,Low Risk Index representing routine thermal baseline.
314,22.9,LOW,MEDIUM,Agricultural-context thermal event,NO ALERT,Routine baseline monitoring.,No fire station within 50 km,inf,False,Low Risk Index representing routine thermal baseline.
315,59.0,MEDIUM,LOW,Industrial-context thermal event,MONITOR / REVIEW,Monitor thermal activity for escalation.; no verified fire station identified within the search radius -- nearest district fire service should be contacted,No fire station within 50 km,inf,False,Moderate thermal risk context (Industrial-context thermal event). Operational review recommended.
316,6.0,LOW,HIGH,Unknown / Insufficient Evidence,NO ALERT,Routine baseline monitoring.,No fire station within 50 km,inf,False,Low Risk Index representing routine thermal baseline.
317,27.0,LOW,LOW,Industrial-context thermal event,NO ALERT,Routine baseline monitoring.,Malik,46.59,True,Low Risk Index representing routine thermal baseline.
318,22.9,LOW,MEDIUM,Agricultural-context thermal event,NO ALERT,Routine baseline monitoring.,fire station,17.24,True,Low Risk Index representing routine thermal baseline.
319,71.0,HIGH,LOW,Industrial-context thermal event,HIGH PRIORITY ALERT,Dispatch priority ground verification unit from the nearest operational fire service.; no verified fire station identified within the search radius -- nearest district fire service should be contacted,No fire station within 50 km,inf,False,High Risk Index (71.0) combined with high evidence reliability (Low False-Alarm Concern).
320,17.8,LOW,MEDIUM,Industrial-context thermal event,NO ALERT,Routine baseline monitoring.,Fire Brigade Station Safidon,20.21,True,Low Risk Index representing routine thermal baseline.
321,27.0,LOW,LOW,Industrial-context thermal event,NO ALERT,Routine baseline monitoring.,Rasayani Fire Station,26.31,True,Low Risk Index representing routine thermal baseline.
322,13.0,LOW,HIGH,Industrial-context thermal event,NO ALERT,Routine baseline monitoring.,"Uttarakhand Fire and Emergency Station, Sidcul",12.32,True,Low Risk Index representing routine thermal baseline.
323,27.2,LOW,MEDIUM,Agricultural-context thermal event,NO ALERT,Routine baseline monitoring.,No fire station within 50 km,inf,False,Low Risk Index representing routine thermal baseline.
324,27.2,LOW,MEDIUM,Agricultural-context thermal event,NO ALERT,Routine baseline monitoring.,No fire station within 50 km,inf,False,Low Risk Index representing routine thermal baseline.
325,16.0,LOW,HIGH,Agricultural-context thermal event,NO ALERT,Routine baseline monitoring.,Virudhunagar Fire Station,16.58,True,Low Risk Index representing routine thermal baseline.
326,13.0,LOW,HIGH,Unknown / Insufficient Evidence,NO ALERT,Routine baseline monitoring.,Villupuram Fire Station,28.28,True,Low Risk Index representing routine thermal baseline.
327,22.1,LOW,MEDIUM,Unknown / Insufficient Evidence,NO ALERT,Routine baseline monitoring.,Fire station (unnamed),9.76,True,Low Risk Index representing routine thermal baseline.
328,27.2,LOW,MEDIUM,Agricultural-context thermal event,NO ALERT,Routine baseline monitoring.,No fire station within 50 km,inf,False,Low Risk Index representing routine thermal baseline.
329,9.0,LOW,HIGH,Agricultural-context thermal event,NO ALERT,Routine baseline monitoring.,No fire station within 50 km,inf,False,Low Risk Index representing routine thermal baseline.
330,13.0,LOW,HIGH,Unknown / Insufficient Evidence,NO ALERT,Routine baseline monitoring.,No fire station within 50 km,inf,False,Low Risk Index representing routine thermal baseline.
331,65.0,HIGH,LOW,Industrial-context thermal event,HIGH PRIORITY ALERT,Dispatch priority ground verification unit from the nearest operational fire service.; no verified fire station identified within the search radius -- nearest district fire service should be contacted,No fire station within 50 km,inf,False,High Risk Index (65.0) combined with high evidence reliability (Low False-Alarm Concern).
332,9.0,LOW,HIGH,Unknown / Insufficient Evidence,NO ALERT,Routine baseline monitoring.,Kakatpur Fire Station,48.11,True,Low Risk Index representing routine thermal baseline.
333,30.6,MEDIUM,MEDIUM,Agricultural-context thermal event,MONITOR / REVIEW,Monitor thermal activity for escalation.; no verified fire station identified within the search radius -- nearest district fire service should be contacted,No fire station within 50 km,inf,False,Moderate thermal risk context (Agricultural-context thermal event). Operational review recommended.
334,15.3,LOW,MEDIUM,Unknown / Insufficient Evidence,NO ALERT,Routine baseline monitoring.,"Fire Station, Rajiv Gandhi Education City",10.95,True,Low Risk Index representing routine thermal baseline.
335,15.3,LOW,MEDIUM,Unknown / Insufficient Evidence,NO ALERT,Routine baseline monitoring.,No fire station within 50 km,inf,False,Low Risk Index representing routine thermal baseline.
336,56.0,MEDIUM,LOW,Industrial-context thermal event,MONITOR / REVIEW,Monitor thermal activity for escalation.; no verified fire station identified within the search radius -- nearest district fire service should be contacted,No fire station within 50 km,inf,False,Moderate thermal risk context (Industrial-context thermal event). Operational review recommended.
337,56.0,MEDIUM,LOW,Industrial-context thermal event,MONITOR / REVIEW,Monitor thermal activity for escalation.; no verified fire station identified within the search radius -- nearest district fire service should be contacted,No fire station within 50 km,inf,False,Moderate thermal risk context (Industrial-context thermal event). Operational review recommended.
338,26.0,LOW,LOW,Industrial-context thermal event,NO ALERT,Routine baseline monitoring.,No fire station within 50 km,inf,False,Low Risk Index representing routine thermal baseline.
339,71.0,HIGH,LOW,Agricultural-context thermal event,HIGH PRIORITY ALERT,Dispatch priority ground verification unit from the nearest operational fire service.; no verified fire station identified within the search radius -- nearest district fire service should be contacted,No fire station within 50 km,inf,False,High Risk Index (71.0) combined with high evidence reliability (Low False-Alarm Concern).
340,6.0,LOW,HIGH,Unknown / Insufficient Evidence,NO ALERT,Routine baseline monitoring.,No fire station within 50 km,inf,False,Low Risk Index representing routine thermal baseline.
341,42.0,MEDIUM,LOW,Forest/Natural-context thermal event,MONITOR / REVIEW,Monitor thermal activity for escalation.; no verified fire station identified within the search radius -- nearest district fire service should be contacted,No fire station within 50 km,inf,False,Moderate thermal risk context (Forest/Natural-context thermal event). Operational review recommended.
342,17.8,LOW,MEDIUM,Industrial-context thermal event,NO ALERT,Routine baseline monitoring.,No fire station within 50 km,inf,False,Low Risk Index representing routine thermal baseline.
343,22.9,LOW,MEDIUM,Agricultural-context thermal event,NO ALERT,Routine baseline monitoring.,No fire station within 50 km,inf,False,Low Risk Index representing routine thermal baseline.
344,17.8,LOW,MEDIUM,Industrial-context thermal event,NO ALERT,Routine baseline monitoring.,No fire station within 50 km,inf,False,Low Risk Index representing routine thermal baseline.
345,93.0,HIGH,LOW,Unknown / Insufficient Evidence,HIGH PRIORITY ALERT,Dispatch priority ground verification unit from the nearest operational fire service. Closest verified fire station: Jaynagar Fire Station (34.0 km away).,Jaynagar Fire Station,33.97,True,High Risk Index (93.0) combined with high evidence reliability (Low False-Alarm Concern).
346,9.0,LOW,HIGH,Unknown / Insufficient Evidence,NO ALERT,Routine baseline monitoring.,Fire station (unnamed),30.56,True,Low Risk Index representing routine thermal baseline.
347,50.0,MEDIUM,LOW,Industrial-context thermal event,MONITOR / REVIEW,Monitor thermal activity for escalation. Closest verified fire station: Asansol Fire Station (18.4 km away).,Asansol Fire Station,18.35,True,Moderate thermal risk context (Industrial-context thermal event). Operational review recommended.
348,6.0,LOW,HIGH,Unknown / Insufficient Evidence,NO ALERT,Routine baseline monitoring.,Fire station (unnamed),46.26,True,Low Risk Index representing routine thermal baseline.
349,15.3,LOW,MEDIUM,Unknown / Insufficient Evidence,NO ALERT,Routine baseline monitoring.,Fire station (unnamed),47.04,True,Low Risk Index representing routine thermal baseline.
350,27.0,LOW,LOW,Forest/Natural-context thermal event,NO ALERT,Routine baseline monitoring.,No fire station within 50 km,inf,False,Low Risk Index representing routine thermal baseline.
351,85.0,HIGH,LOW,Industrial-context thermal event,HIGH PRIORITY ALERT,Dispatch priority ground verification unit from the nearest operational fire service.; no verified fire station identified within the search radius -- nearest district fire service should be contacted,No fire station within 50 km,inf,False,High Risk Index (85.0) combined with high evidence reliability (Low False-Alarm Concern).
352,6.0,LOW,HIGH,Unknown / Insufficient Evidence,NO ALERT,Routine baseline monitoring.,Asansol Fire Brigade,49.52,True,Low Risk Index representing routine thermal baseline.
353,58.0,MEDIUM,LOW,Forest/Natural-context thermal event,MONITOR / REVIEW,Monitor thermal activity for escalation.; no verified fire station identified within the search radius -- nearest district fire service should be contacted,No fire station within 50 km,inf,False,Moderate thermal risk context (Forest/Natural-context thermal event). Operational review recommended.
354,65.0,HIGH,LOW,Unknown / Insufficient Evidence,HIGH PRIORITY ALERT,Dispatch priority ground verification unit from the nearest operational fire service.; no verified fire station identified within the search radius -- nearest district fire service should be contacted,No fire station within 50 km,inf,False,High Risk Index (65.0) combined with high evidence reliability (Low False-Alarm Concern).
355,42.0,MEDIUM,LOW,Industrial-context thermal event,MONITOR / REVIEW,Monitor thermal activity for escalation.; no verified fire station identified within the search radius -- nearest district fire service should be contacted,No fire station within 50 km,inf,False,Moderate thermal risk context (Industrial-context thermal event). Operational review recommended.
356,6.0,LOW,HIGH,Unknown / Insufficient Evidence,NO ALERT,Routine baseline monitoring.,Kangeyam Fire Station,23.56,True,Low Risk Index representing routine thermal baseline.
357,27.0,LOW,LOW,Industrial-context thermal event,NO ALERT,Routine baseline monitoring.,No fire station within 50 km,inf,False,Low Risk Index representing routine thermal baseline.
358,65.0,HIGH,LOW,Industrial-context thermal event,HIGH PRIORITY ALERT,Dispatch priority ground verification unit from the nearest operational fire service. Closest verified fire station: Ballari Fire Station (20.4 km away).,Ballari Fire Station,20.44,True,High Risk Index (65.0) combined with high evidence reliability (Low False-Alarm Concern).
359,17.0,LOW,MEDIUM,Unknown / Insufficient Evidence,NO ALERT,Routine baseline monitoring.,Fire station (unnamed),27.14,True,Low Risk Index representing routine thermal baseline.
360,35.0,MEDIUM,LOW,Industrial-context thermal event,MONITOR / REVIEW,Monitor thermal activity for escalation.; no verified fire station identified within the search radius -- nearest district fire service should be contacted,No fire station within 50 km,inf,False,Moderate thermal risk context (Industrial-context thermal event). Operational review recommended.
361,56.0,MEDIUM,LOW,Industrial-context thermal event,MONITOR / REVIEW,Monitor thermal activity for escalation.; no verified fire station identified within the search radius -- nearest district fire service should be contacted,No fire station within 50 km,inf,False,Moderate thermal risk context (Industrial-context thermal event). Operational review recommended.
362,50.0,MEDIUM,LOW,Unknown / Insufficient Evidence,MONITOR / REVIEW,Monitor thermal activity for escalation.; no verified fire station identified within the search radius -- nearest district fire service should be contacted,No fire station within 50 km,inf,False,Moderate thermal risk context (Unknown / Insufficient Evidence). Operational review recommended.
363,41.0,MEDIUM,LOW,Unknown / Insufficient Evidence,MONITOR / REVIEW,Monitor thermal activity for escalation. Closest verified fire station: Fire station (unnamed) (6.3 km away).,Fire station (unnamed),6.29,True,Moderate thermal risk context (Unknown / Insufficient Evidence). Operational review recommended.
364,6.0,LOW,HIGH,Unknown / Insufficient Evidence,NO ALERT,Routine baseline monitoring.,Asansol Fire Brigade,6.01,True,Low Risk Index representing routine thermal baseline.
365,17.8,LOW,MEDIUM,Industrial-context thermal event,NO ALERT,Routine baseline monitoring.,Asansol Fire Brigade,4.7,True,Low Risk Index representing routine thermal baseline.
366,9.0,LOW,HIGH,Unknown / Insufficient Evidence,NO ALERT,Routine baseline monitoring.,No fire station within 50 km,inf,False,Low Risk Index representing routine thermal baseline.
367,6.0,LOW,HIGH,Unknown / Insufficient Evidence,NO ALERT,Routine baseline monitoring.,Kondhwa Fire Station,7.47,True,Low Risk Index representing routine thermal baseline.
368,6.0,LOW,HIGH,Unknown / Insufficient Evidence,NO ALERT,Routine baseline monitoring.,Fire station (unnamed),6.91,True,Low Risk Index representing routine thermal baseline.
369,34.0,MEDIUM,LOW,Industrial-context thermal event,MONITOR / REVIEW,Monitor thermal activity for escalation.; no verified fire station identified within the search radius -- nearest district fire service should be contacted,No fire station within 50 km,inf,False,Moderate thermal risk context (Industrial-context thermal event). Operational review recommended.
370,27.0,LOW,LOW,Industrial-context thermal event,NO ALERT,Routine baseline monitoring.,Fire station (unnamed),34.04,True,Low Risk Index representing routine thermal baseline.
371,6.0,LOW,HIGH,Unknown / Insufficient Evidence,NO ALERT,Routine baseline monitoring.,No fire station within 50 km,inf,False,Low Risk Index representing routine thermal baseline.
372,41.0,MEDIUM,LOW,Agricultural-context thermal event,MONITOR / REVIEW,Monitor thermal activity for escalation. Closest verified fire station: Madurai Airport Fire Station (19.9 km away).,Madurai Airport Fire Station,19.9,True,Moderate thermal risk context (Agricultural-context thermal event). Operational review recommended.
373,6.0,LOW,HIGH,Unknown / Insufficient Evidence,NO ALERT,Routine baseline monitoring.,Ramanagara Fire Station,21.66,True,Low Risk Index representing routine thermal baseline.
374,6.0,LOW,HIGH,Unknown / Insufficient Evidence,NO ALERT,Routine baseline monitoring.,Old Fire House,4.68,True,Low Risk Index representing routine thermal baseline.
375,22.9,LOW,MEDIUM,Agricultural-context thermal event,NO ALERT,Routine baseline monitoring.,Fire station (unnamed),19.35,True,Low Risk Index representing routine thermal baseline.
376,6.0,LOW,HIGH,Unknown / Insufficient Evidence,NO ALERT,Routine baseline monitoring.,Islampur agnishaman,45.6,True,Low Risk Index representing routine thermal baseline.
377,33.0,MEDIUM,LOW,Agricultural-context thermal event,MONITOR / REVIEW,Monitor thermal activity for escalation. Closest verified fire station: Jonai Fire Service Station (29.5 km away).,Jonai Fire Service Station,29.48,True,Moderate thermal risk context (Agricultural-context thermal event). Operational review recommended.
378,39.0,MEDIUM,LOW,Agricultural-context thermal event,MONITOR / REVIEW,Monitor thermal activity for escalation. Closest verified fire station: Jonai Fire Service Station (30.9 km away).,Jonai Fire Service Station,30.9,True,Moderate thermal risk context (Agricultural-context thermal event). Operational review recommended.
379,63.0,HIGH,LOW,Industrial-context thermal event,HIGH PRIORITY ALERT,Dispatch priority ground verification unit from the nearest operational fire service. Closest verified fire station: Jonai Fire Service Station (30.7 km away).,Jonai Fire Service Station,30.69,True,High Risk Index (63.0) combined with high evidence reliability (Low False-Alarm Concern).
380,20.4,LOW,MEDIUM,Agricultural-context thermal event,NO ALERT,Routine baseline monitoring.,Jonai Fire Service Station,40.47,True,Low Risk Index representing routine thermal baseline.
381,16.0,LOW,HIGH,Agricultural-context thermal event,NO ALERT,Routine baseline monitoring.,Airport Fire Station,12.59,True,Low Risk Index representing routine thermal baseline.
382,13.0,LOW,HIGH,Unknown / Insufficient Evidence,NO ALERT,Routine baseline monitoring.,Airport Fire Station,14.4,True,Low Risk Index representing routine thermal baseline.
383,27.2,LOW,MEDIUM,Industrial-context thermal event,NO ALERT,Routine baseline monitoring.,Fire And Rescue Service Station,16.35,True,Low Risk Index representing routine thermal baseline.
384,13.0,LOW,HIGH,Industrial-context thermal event,NO ALERT,Routine baseline monitoring.,Surandai Fire Station,32.22,True,Low Risk Index representing routine thermal baseline.
385,32.3,MEDIUM,MEDIUM,Agricultural-context thermal event,MONITOR / REVIEW,Monitor thermal activity for escalation. Closest verified fire station: Fire And Rescue Service Station (31.2 km away).,Fire And Rescue Service Station,31.23,True,Moderate thermal risk context (Agricultural-context thermal event). Operational review recommended.
386,22.1,LOW,MEDIUM,Unknown / Insufficient Evidence,NO ALERT,Routine baseline monitoring.,No fire station within 50 km,inf,False,Low Risk Index representing routine thermal baseline.
387,9.0,LOW,HIGH,Unknown / Insufficient Evidence,NO ALERT,Routine baseline monitoring.,Fire station (unnamed),10.43,True,Low Risk Index representing routine thermal baseline.
388,13.0,LOW,HIGH,Unknown / Insufficient Evidence,NO ALERT,Routine baseline monitoring.,No fire station within 50 km,inf,False,Low Risk Index representing routine thermal baseline.
389,9.0,LOW,HIGH,Unknown / Insufficient Evidence,NO ALERT,Routine baseline monitoring.,No fire station within 50 km,inf,False,Low Risk Index representing routine thermal baseline.
390,27.2,LOW,MEDIUM,Agricultural-context thermal event,NO ALERT,Routine baseline monitoring.,Fire station (unnamed),13.74,True,Low Risk Index representing routine thermal baseline.
391,27.2,LOW,MEDIUM,Agricultural-context thermal event,NO ALERT,Routine baseline monitoring.,Fire station (unnamed),46.66,True,Low Risk Index representing routine thermal baseline.
392,13.0,LOW,HIGH,Unknown / Insufficient Evidence,NO ALERT,Routine baseline monitoring.,Fire station (unnamed),44.5,True,Low Risk Index representing routine thermal baseline.
393,38.0,MEDIUM,LOW,Agricultural-context thermal event,MONITOR / REVIEW,Monitor thermal activity for escalation. Closest verified fire station: Virudhunagar Fire Station (13.6 km away).,Virudhunagar Fire Station,13.58,True,Moderate thermal risk context (Agricultural-context thermal event). Operational review recommended.
394,13.0,LOW,HIGH,Unknown / Insufficient Evidence,NO ALERT,Routine baseline monitoring.,No fire station within 50 km,inf,False,Low Risk Index representing routine thermal baseline.
395,16.0,LOW,HIGH,Agricultural-context thermal event,NO ALERT,Routine baseline monitoring.,Kallakurichi Fire Station,21.85,True,Low Risk Index representing routine thermal baseline.
396,38.2,MEDIUM,MEDIUM,Unknown / Insufficient Evidence,MONITOR / REVIEW,Monitor thermal activity for escalation. Closest verified fire station: Kallakurichi Fire Station (35.9 km away).,Kallakurichi Fire Station,35.91,True,Moderate thermal risk context (Unknown / Insufficient Evidence). Operational review recommended.
397,16.0,LOW,HIGH,Agricultural-context thermal event,NO ALERT,Routine baseline monitoring.,No fire station within 50 km,inf,False,Low Risk Index representing routine thermal baseline.
398,57.0,MEDIUM,LOW,Unknown / Insufficient Evidence,MONITOR / REVIEW,Monitor thermal activity for escalation.; no verified fire station identified within the search radius -- nearest district fire service should be contacted,No fire station within 50 km,inf,False,Moderate thermal risk context (Unknown / Insufficient Evidence). Operational review recommended.
399,32.0,MEDIUM,LOW,Agricultural-context thermal event,MONITOR / REVIEW,Monitor thermal activity for escalation. Closest verified fire station: Fire station (unnamed) (21.8 km away).,Fire station (unnamed),21.75,True,Moderate thermal risk context (Agricultural-context thermal event). Operational review recommended.
400,19.0,LOW,HIGH,Agricultural-context thermal event,NO ALERT,Routine baseline monitoring.,Virudhunagar Fire Station,15.91,True,Low Risk Index representing routine thermal baseline.
401,22.1,LOW,MEDIUM,Industrial-context thermal event,NO ALERT,Routine baseline monitoring.,Fire station (unnamed),34.27,True,Low Risk Index representing routine thermal baseline.
402,19.0,LOW,HIGH,Industrial-context thermal event,NO ALERT,Routine baseline monitoring.,No fire station within 50 km,inf,False,Low Risk Index representing routine thermal baseline.
403,13.0,LOW,HIGH,Unknown / Insufficient Evidence,NO ALERT,Routine baseline monitoring.,Fire station (unnamed),10.72,True,Low Risk Index representing routine thermal baseline.
404,39.1,MEDIUM,MEDIUM,Agricultural-context thermal event,MONITOR / REVIEW,Monitor thermal activity for escalation. Closest verified fire station: Fire station (unnamed) (13.5 km away).,Fire station (unnamed),13.51,True,Moderate thermal risk context (Agricultural-context thermal event). Operational review recommended.
405,64.6,HIGH,MEDIUM,Agricultural-context thermal event,MONITOR / REVIEW,Monitor thermal activity for escalation. Closest verified fire station: Thiruvallur fire station (33.4 km away).,Thiruvallur fire station,33.41,True,Moderate thermal risk context (Agricultural-context thermal event). Operational review recommended.
406,22.1,LOW,MEDIUM,Unknown / Insufficient Evidence,NO ALERT,Routine baseline monitoring.,Fire station (unnamed),16.37,True,Low Risk Index representing routine thermal baseline.
407,22.1,LOW,MEDIUM,Unknown / Insufficient Evidence,NO ALERT,Routine baseline monitoring.,No fire station within 50 km,inf,False,Low Risk Index representing routine thermal baseline.
408,16.0,LOW,HIGH,Agricultural-context thermal event,NO ALERT,Routine baseline monitoring.,No fire station within 50 km,inf,False,Low Risk Index representing routine thermal baseline.
409,6.0,LOW,HIGH,Unknown / Insufficient Evidence,NO ALERT,Routine baseline monitoring.,No fire station within 50 km,inf,False,Low Risk Index representing routine thermal baseline.
410,17.8,LOW,MEDIUM,Industrial-context thermal event,NO ALERT,Routine baseline monitoring.,তারকেশ্বর অগ্নিনির্বাপন পরিষেবা কেন্দ্র,19.29,True,Low Risk Index representing routine thermal baseline.
411,27.0,LOW,LOW,Industrial-context thermal event,NO ALERT,Routine baseline monitoring.,No fire station within 50 km,inf,False,Low Risk Index representing routine thermal baseline.
412,42.0,MEDIUM,LOW,Industrial-context thermal event,MONITOR / REVIEW,Monitor thermal activity for escalation. Closest verified fire station: Fire station (unnamed) (9.1 km away).,Fire station (unnamed),9.11,True,Moderate thermal risk context (Industrial-context thermal event). Operational review recommended.
413,9.0,LOW,HIGH,Unknown / Insufficient Evidence,NO ALERT,Routine baseline monitoring.,Asansol Fire Brigade,15.47,True,Low Risk Index representing routine thermal baseline.
414,77.0,HIGH,LOW,Industrial-context thermal event,HIGH PRIORITY ALERT,Dispatch priority ground verification unit from the nearest operational fire service. Closest verified fire station: Jharkhand Fire Services HQ (35.7 km away).,Jharkhand Fire Services HQ,35.67,True,High Risk Index (77.0) combined with high evidence reliability (Low False-Alarm Concern).
415,9.0,LOW,HIGH,Unknown / Insufficient Evidence,NO ALERT,Routine baseline monitoring.,Fire station (unnamed),40.31,True,Low Risk Index representing routine thermal baseline.
416,27.0,LOW,LOW,Agricultural-context thermal event,NO ALERT,Routine baseline monitoring.,Fire station (unnamed),45.74,True,Low Risk Index representing routine thermal baseline.
417,42.0,MEDIUM,LOW,Industrial-context thermal event,MONITOR / REVIEW,Monitor thermal activity for escalation.; no verified fire station identified within the search radius -- nearest district fire service should be contacted,No fire station within 50 km,inf,False,Moderate thermal risk context (Industrial-context thermal event). Operational review recommended.
418,17.8,LOW,MEDIUM,Agricultural-context thermal event,NO ALERT,Routine baseline monitoring.,Fire station (unnamed),6.74,True,Low Risk Index representing routine thermal baseline.
419,9.0,LOW,HIGH,Unknown / Insufficient Evidence,NO ALERT,Routine baseline monitoring.,No fire station within 50 km,inf,False,Low Risk Index representing routine thermal baseline.
420,77.0,HIGH,LOW,Industrial-context thermal event,HIGH PRIORITY ALERT,Dispatch priority ground verification unit from the nearest operational fire service.; no verified fire station identified within the search radius -- nearest district fire service should be contacted,No fire station within 50 km,inf,False,High Risk Index (77.0) combined with high evidence reliability (Low False-Alarm Concern).
421,6.0,LOW,HIGH,Unknown / Insufficient Evidence,NO ALERT,Routine baseline monitoring.,No fire station within 50 km,inf,False,Low Risk Index representing routine thermal baseline.
422,15.3,LOW,MEDIUM,Unknown / Insufficient Evidence,NO ALERT,Routine baseline monitoring.,No fire station within 50 km,inf,False,Low Risk Index representing routine thermal baseline.
423,6.0,LOW,HIGH,Unknown / Insufficient Evidence,NO ALERT,Routine baseline monitoring.,No fire station within 50 km,inf,False,Low Risk Index representing routine thermal baseline.
424,6.0,LOW,HIGH,Unknown / Insufficient Evidence,NO ALERT,Routine baseline monitoring.,No fire station within 50 km,inf,False,Low Risk Index representing routine thermal baseline.
425,9.0,LOW,HIGH,Unknown / Insufficient Evidence,NO ALERT,Routine baseline monitoring.,Fire station (unnamed),26.73,True,Low Risk Index representing routine thermal baseline.
426,6.0,LOW,HIGH,Unknown / Insufficient Evidence,NO ALERT,Routine baseline monitoring.,Fire station (unnamed),19.29,True,Low Risk Index representing routine thermal baseline.
427,6.0,LOW,HIGH,Unknown / Insufficient Evidence,NO ALERT,Routine baseline monitoring.,Fire station (unnamed),21.04,True,Low Risk Index representing routine thermal baseline.
428,6.0,LOW,HIGH,Unknown / Insufficient Evidence,NO ALERT,Routine baseline monitoring.,Ballari Fire Station,17.88,True,Low Risk Index representing routine thermal baseline.
429,6.0,LOW,HIGH,Unknown / Insufficient Evidence,NO ALERT,Routine baseline monitoring.,BMM Fire station,22.99,True,Low Risk Index representing routine thermal baseline.
430,6.0,LOW,HIGH,Unknown / Insufficient Evidence,NO ALERT,Routine baseline monitoring.,Islampur agnishaman,47.49,True,Low Risk Index representing routine thermal baseline.
431,6.0,LOW,HIGH,Unknown / Insufficient Evidence,NO ALERT,Routine baseline monitoring.,No fire station within 50 km,inf,False,Low Risk Index representing routine thermal baseline.
432,6.0,LOW,HIGH,Unknown / Insufficient Evidence,NO ALERT,Routine baseline monitoring.,No fire station within 50 km,inf,False,Low Risk Index representing routine thermal baseline.
433,56.0,MEDIUM,LOW,Industrial-context thermal event,MONITOR / REVIEW,Monitor thermal activity for escalation. Closest verified fire station: Airport Fire Station (36.4 km away).,Airport Fire Station,36.4,True,Moderate thermal risk context (Industrial-context thermal event). Operational review recommended.
434,17.8,LOW,MEDIUM,Industrial-context thermal event,NO ALERT,Routine baseline monitoring.,Airport Fire Station,18.59,True,Low Risk Index representing routine thermal baseline.
435,22.9,LOW,MEDIUM,Industrial-context thermal event,NO ALERT,Routine baseline monitoring.,Airport Fire Station,20.7,True,Low Risk Index representing routine thermal baseline.
436,6.0,LOW,HIGH,Unknown / Insufficient Evidence,NO ALERT,Routine baseline monitoring.,Airport Fire Station,23.92,True,Low Risk Index representing routine thermal baseline.
437,22.9,LOW,MEDIUM,Unknown / Insufficient Evidence,NO ALERT,Routine baseline monitoring.,Airport Fire Station,19.72,True,Low Risk Index representing routine thermal baseline.
438,6.0,LOW,HIGH,Unknown / Insufficient Evidence,NO ALERT,Routine baseline monitoring.,Airport Fire Station,21.84,True,Low Risk Index representing routine thermal baseline.
439,6.0,LOW,HIGH,Unknown / Insufficient Evidence,NO ALERT,Routine baseline monitoring.,Airport Fire Station,21.97,True,Low Risk Index representing routine thermal baseline.
440,42.0,MEDIUM,LOW,Industrial-context thermal event,MONITOR / REVIEW,Monitor thermal activity for escalation. Closest verified fire station: Airport Fire Station (23.7 km away).,Airport Fire Station,23.66,True,Moderate thermal risk context (Industrial-context thermal event). Operational review recommended.
441,6.0,LOW,HIGH,Unknown / Insufficient Evidence,NO ALERT,Routine baseline monitoring.,No fire station within 50 km,inf,False,Low Risk Index representing routine thermal baseline.
442,35.0,MEDIUM,LOW,Industrial-context thermal event,MONITOR / REVIEW,Monitor thermal activity for escalation.; no verified fire station identified within the search radius -- nearest district fire service should be contacted,No fire station within 50 km,inf,False,Moderate thermal risk context (Industrial-context thermal event). Operational review recommended.
443,6.0,LOW,HIGH,Unknown / Insufficient Evidence,NO ALERT,Routine baseline monitoring.,No fire station within 50 km,inf,False,Low Risk Index representing routine thermal baseline.
444,9.0,LOW,HIGH,Unknown / Insufficient Evidence,NO ALERT,Routine baseline monitoring.,No fire station within 50 km,inf,False,Low Risk Index representing routine thermal baseline.
445,56.0,MEDIUM,LOW,Industrial-context thermal event,MONITOR / REVIEW,Monitor thermal activity for escalation.; no verified fire station identified within the search radius -- nearest district fire service should be contacted,No fire station within 50 km,inf,False,Moderate thermal risk context (Industrial-context thermal event). Operational review recommended.
446,22.9,LOW,MEDIUM,Agricultural-context thermal event,NO ALERT,Routine baseline monitoring.,No fire station within 50 km,inf,False,Low Risk Index representing routine thermal baseline.
447,6.0,LOW,HIGH,Unknown / Insufficient Evidence,NO ALERT,Routine baseline monitoring.,No fire station within 50 km,inf,False,Low Risk Index representing routine thermal baseline.
448,9.0,LOW,HIGH,Unknown / Insufficient Evidence,NO ALERT,Routine baseline monitoring.,No fire station within 50 km,inf,False,Low Risk Index representing routine thermal baseline.
449,27.0,LOW,LOW,Agricultural-context thermal event,NO ALERT,Routine baseline monitoring.,No fire station within 50 km,inf,False,Low Risk Index representing routine thermal baseline.
450,6.0,LOW,HIGH,Unknown / Insufficient Evidence,NO ALERT,Routine baseline monitoring.,No fire station within 50 km,inf,False,Low Risk Index representing routine thermal baseline.
451,27.0,LOW,LOW,Industrial-context thermal event,NO ALERT,Routine baseline monitoring.,Fire station (unnamed),33.06,True,Low Risk Index representing routine thermal baseline.
452,27.0,LOW,LOW,Industrial-context thermal event,NO ALERT,Routine baseline monitoring.,Fire station (unnamed),29.94,True,Low Risk Index representing routine thermal baseline.
453,6.0,LOW,HIGH,Unknown / Insufficient Evidence,NO ALERT,Routine baseline monitoring.,No fire station within 50 km,inf,False,Low Risk Index representing routine thermal baseline.
454,6.0,LOW,HIGH,Unknown / Insufficient Evidence,NO ALERT,Routine baseline monitoring.,Virudhunagar Fire Station,2.93,True,Low Risk Index representing routine thermal baseline.
455,84.0,HIGH,LOW,Forest/Natural-context thermal event,HIGH PRIORITY ALERT,Dispatch priority ground verification unit from the nearest operational fire service. Closest verified fire station: Fire station (unnamed) (22.2 km away).,Fire station (unnamed),22.2,True,High Risk Index (84.0) combined with high evidence reliability (Low False-Alarm Concern).
456,6.0,LOW,HIGH,Unknown / Insufficient Evidence,NO ALERT,Routine baseline monitoring.,Fire station (unnamed),25.82,True,Low Risk Index representing routine thermal baseline.
457,6.0,LOW,HIGH,Unknown / Insufficient Evidence,NO ALERT,Routine baseline monitoring.,"Fire and Rescue Station, Adimali",47.74,True,Low Risk Index representing routine thermal baseline.
458,35.0,MEDIUM,LOW,Industrial-context thermal event,MONITOR / REVIEW,Monitor thermal activity for escalation. Closest verified fire station: Mettur FIre and Rescue Dept. (10.2 km away).,Mettur FIre and Rescue Dept.,10.15,True,Moderate thermal risk context (Industrial-context thermal event). Operational review recommended.
459,6.0,LOW,HIGH,Unknown / Insufficient Evidence,NO ALERT,Routine baseline monitoring.,Kallakurichi Fire Station,41.51,True,Low Risk Index representing routine thermal baseline.
460,6.0,LOW,HIGH,Unknown / Insufficient Evidence,NO ALERT,Routine baseline monitoring.,Fire station (unnamed),10.81,True,Low Risk Index representing routine thermal baseline.
461,6.0,LOW,HIGH,Unknown / Insufficient Evidence,NO ALERT,Routine baseline monitoring.,Sunkadakatte Fire Station,10.37,True,Low Risk Index representing routine thermal baseline.
462,6.0,LOW,HIGH,Unknown / Insufficient Evidence,NO ALERT,Routine baseline monitoring.,Mulbagal Fire Station,17.04,True,Low Risk Index representing routine thermal baseline.
463,22.9,LOW,MEDIUM,Industrial-context thermal event,NO ALERT,Routine baseline monitoring.,NCTPS Fire Station,29.07,True,Low Risk Index representing routine thermal baseline.
464,6.0,LOW,HIGH,Unknown / Insufficient Evidence,NO ALERT,Routine baseline monitoring.,CMC fire station,12.74,True,Low Risk Index representing routine thermal baseline.
465,6.0,LOW,HIGH,Unknown / Insufficient Evidence,NO ALERT,Routine baseline monitoring.,Fire station (unnamed),6.68,True,Low Risk Index representing routine thermal baseline.
466,6.0,LOW,HIGH,Unknown / Insufficient Evidence,NO ALERT,Routine baseline monitoring.,Fire Brigade Station Safidon,19.91,True,Low Risk Index representing routine thermal baseline.
467,6.0,LOW,HIGH,Unknown / Insufficient Evidence,NO ALERT,Routine baseline monitoring.,Fire safety department,29.42,True,Low Risk Index representing routine thermal baseline.
468,6.0,LOW,HIGH,Unknown / Insufficient Evidence,NO ALERT,Routine baseline monitoring.,CMC fire station,18.51,True,Low Risk Index representing routine thermal baseline.
469,6.0,LOW,HIGH,Unknown / Insufficient Evidence,NO ALERT,Routine baseline monitoring.,Fire station (unnamed),13.62,True,Low Risk Index representing routine thermal baseline.
470,6.0,LOW,HIGH,Unknown / Insufficient Evidence,NO ALERT,Routine baseline monitoring.,Fire station (unnamed),1.11,True,Low Risk Index representing routine thermal baseline.
471,6.0,LOW,HIGH,Unknown / Insufficient Evidence,NO ALERT,Routine baseline monitoring.,Fire station (unnamed),0.41,True,Low Risk Index representing routine thermal baseline.
472,6.0,LOW,HIGH,Unknown / Insufficient Evidence,NO ALERT,Routine baseline monitoring.,Fire station (unnamed),37.68,True,Low Risk Index representing routine thermal baseline.
473,6.0,LOW,HIGH,Unknown / Insufficient Evidence,NO ALERT,Routine baseline monitoring.,Fire station (unnamed),19.12,True,Low Risk Index representing routine thermal baseline.
474,6.0,LOW,HIGH,Unknown / Insufficient Evidence,NO ALERT,Routine baseline monitoring.,No fire station within 50 km,inf,False,Low Risk Index representing routine thermal baseline.
475,6.0,LOW,HIGH,Unknown / Insufficient Evidence,NO ALERT,Routine baseline monitoring.,Erode District Fire Station,16.93,True,Low Risk Index representing routine thermal baseline.
476,27.0,LOW,LOW,Industrial-context thermal event,NO ALERT,Routine baseline monitoring.,No fire station within 50 km,inf,False,Low Risk Index representing routine thermal baseline.
477,6.0,LOW,HIGH,Unknown / Insufficient Evidence,NO ALERT,Routine baseline monitoring.,Ballari Fire Station,10.44,True,Low Risk Index representing routine thermal baseline.
478,6.0,LOW,HIGH,Unknown / Insufficient Evidence,NO ALERT,Routine baseline monitoring.,Rajiv Gandhi International Airport ARFF Main Station,25.35,True,Low Risk Index representing routine thermal baseline.
479,56.0,MEDIUM,LOW,Industrial-context thermal event,MONITOR / REVIEW,Monitor thermal activity for escalation.; no verified fire station identified within the search radius -- nearest district fire service should be contacted,No fire station within 50 km,inf,False,Moderate thermal risk context (Industrial-context thermal event). Operational review recommended.
480,13.0,LOW,HIGH,Unknown / Insufficient Evidence,NO ALERT,Routine baseline monitoring.,No fire station within 50 km,inf,False,Low Risk Index representing routine thermal baseline.
481,13.0,LOW,HIGH,Unknown / Insufficient Evidence,NO ALERT,Routine baseline monitoring.,Sattur Fire Station,15.24,True,Low Risk Index representing routine thermal baseline.
482,13.0,LOW,HIGH,Agricultural-context thermal event,NO ALERT,Routine baseline monitoring.,No fire station within 50 km,inf,False,Low Risk Index representing routine thermal baseline.
483,10.0,LOW,HIGH,Unknown / Insufficient Evidence,NO ALERT,Routine baseline monitoring.,No fire station within 50 km,inf,False,Low Risk Index representing routine thermal baseline.
484,13.0,LOW,HIGH,Unknown / Insufficient Evidence,NO ALERT,Routine baseline monitoring.,Madurai Airport Fire Station,27.43,True,Low Risk Index representing routine thermal baseline.
485,16.0,LOW,HIGH,Agricultural-context thermal event,NO ALERT,Routine baseline monitoring.,"Firea and Rescue Station, Nedumkandam",24.75,True,Low Risk Index representing routine thermal baseline.
486,27.2,LOW,MEDIUM,Agricultural-context thermal event,NO ALERT,Routine baseline monitoring.,"Firea and Rescue Station, Nedumkandam",30.65,True,Low Risk Index representing routine thermal baseline.
487,16.0,LOW,HIGH,Agricultural-context thermal event,NO ALERT,Routine baseline monitoring.,Fire station (unnamed),30.71,True,Low Risk Index representing routine thermal baseline.
488,26.0,LOW,LOW,Unknown / Insufficient Evidence,NO ALERT,Routine baseline monitoring.,Koothanallur Fire  Station,37.38,True,Low Risk Index representing routine thermal baseline.
489,13.0,LOW,HIGH,Unknown / Insufficient Evidence,NO ALERT,Routine baseline monitoring.,Kallakurichi Fire Station,27.92,True,Low Risk Index representing routine thermal baseline.
490,27.2,LOW,MEDIUM,Agricultural-context thermal event,NO ALERT,Routine baseline monitoring.,Kallakurichi Fire Station,37.14,True,Low Risk Index representing routine thermal baseline.
491,45.0,MEDIUM,LOW,Agricultural-context thermal event,MONITOR / REVIEW,Monitor thermal activity for escalation. Closest verified fire station: Tirumala Fire Station (33.9 km away).,Tirumala Fire Station,33.87,True,Moderate thermal risk context (Agricultural-context thermal event). Operational review recommended.
492,38.0,MEDIUM,LOW,Agricultural-context thermal event,MONITOR / REVIEW,Monitor thermal activity for escalation. Closest verified fire station: Fire station (unnamed) (37.8 km away).,Fire station (unnamed),37.84,True,Moderate thermal risk context (Agricultural-context thermal event). Operational review recommended.
493,16.0,LOW,HIGH,Industrial-context thermal event,NO ALERT,Routine baseline monitoring.,Fire station (unnamed),36.39,True,Low Risk Index representing routine thermal baseline.
494,32.3,MEDIUM,MEDIUM,Agricultural-context thermal event,MONITOR / REVIEW,Monitor thermal activity for escalation. Closest verified fire station: Tirumala Fire Station (42.0 km away).,Tirumala Fire Station,41.97,True,Moderate thermal risk context (Agricultural-context thermal event). Operational review recommended.
495,27.2,LOW,MEDIUM,Agricultural-context thermal event,NO ALERT,Routine baseline monitoring.,Fire station (unnamed),46.57,True,Low Risk Index representing routine thermal baseline.
496,32.0,MEDIUM,LOW,Agricultural-context thermal event,MONITOR / REVIEW,Monitor thermal activity for escalation.; no verified fire station identified within the search radius -- nearest district fire service should be contacted,No fire station within 50 km,inf,False,Moderate thermal risk context (Agricultural-context thermal event). Operational review recommended.
497,16.0,LOW,HIGH,Industrial-context thermal event,NO ALERT,Routine baseline monitoring.,No fire station within 50 km,inf,False,Low Risk Index representing routine thermal baseline.
498,22.1,LOW,MEDIUM,Unknown / Insufficient Evidence,NO ALERT,Routine baseline monitoring.,Fire Station,42.88,True,Low Risk Index representing routine thermal baseline.
499,38.0,MEDIUM,LOW,Agricultural-context thermal event,MONITOR / REVIEW,Monitor thermal activity for escalation.; no verified fire station identified within the search radius -- nearest district fire service should be contacted,No fire station within 50 km,inf,False,Moderate thermal risk context (Agricultural-context thermal event). Operational review recommended.
500,27.2,LOW,MEDIUM,Agricultural-context thermal event,NO ALERT,Routine baseline monitoring.,No fire station within 50 km,inf,False,Low Risk Index representing routine thermal baseline.
501,41.0,MEDIUM,LOW,Agricultural-context thermal event,MONITOR / REVIEW,Monitor thermal activity for escalation.; no verified fire station identified within the search radius -- nearest district fire service should be contacted,No fire station within 50 km,inf,False,Moderate thermal risk context (Agricultural-context thermal event). Operational review recommended.
502,9.0,LOW,HIGH,Unknown / Insufficient Evidence,NO ALERT,Routine baseline monitoring.,No fire station within 50 km,inf,False,Low Risk Index representing routine thermal baseline.
503,13.0,LOW,HIGH,Unknown / Insufficient Evidence,NO ALERT,Routine baseline monitoring.,Fire station (unnamed),45.8,True,Low Risk Index representing routine thermal baseline.
504,9.0,LOW,HIGH,Unknown / Insufficient Evidence,NO ALERT,Routine baseline monitoring.,Fire station (unnamed),29.39,True,Low Risk Index representing routine thermal baseline.
505,9.0,LOW,HIGH,Unknown / Insufficient Evidence,NO ALERT,Routine baseline monitoring.,Fire station (unnamed),27.3,True,Low Risk Index representing routine thermal baseline.
506,32.0,MEDIUM,LOW,Agricultural-context thermal event,MONITOR / REVIEW,Monitor thermal activity for escalation. Closest verified fire station: Fire station (unnamed) (35.5 km away).,Fire station (unnamed),35.51,True,Moderate thermal risk context (Agricultural-context thermal event). Operational review recommended.
507,32.0,MEDIUM,LOW,Agricultural-context thermal event,MONITOR / REVIEW,Monitor thermal activity for escalation. Closest verified fire station: Fire Station (47.6 km away).,Fire Station,47.61,True,Moderate thermal risk context (Agricultural-context thermal event). Operational review recommended.
508,16.0,LOW,HIGH,Agricultural-context thermal event,NO ALERT,Routine baseline monitoring.,Fire station (unnamed),15.83,True,Low Risk Index representing routine thermal baseline.
509,13.0,LOW,HIGH,Unknown / Insufficient Evidence,NO ALERT,Routine baseline monitoring.,Fire station (unnamed),16.55,True,Low Risk Index representing routine thermal baseline.
510,61.0,HIGH,LOW,Agricultural-context thermal event,HIGH PRIORITY ALERT,Dispatch priority ground verification unit from the nearest operational fire service. Closest verified fire station: Fire station (unnamed) (40.6 km away).,Fire station (unnamed),40.63,True,High Risk Index (61.0) combined with high evidence reliability (Low False-Alarm Concern).
511,27.2,LOW,MEDIUM,Agricultural-context thermal event,NO ALERT,Routine baseline monitoring.,Fire station (unnamed),37.78,True,Low Risk Index representing routine thermal baseline.
512,32.0,MEDIUM,LOW,Agricultural-context thermal event,MONITOR / REVIEW,Monitor thermal activity for escalation. Closest verified fire station: Fire station (unnamed) (49.3 km away).,Fire station (unnamed),49.26,True,Moderate thermal risk context (Agricultural-context thermal event). Operational review recommended.
513,46.0,MEDIUM,LOW,Agricultural-context thermal event,MONITOR / REVIEW,Monitor thermal activity for escalation.; no verified fire station identified within the search radius -- nearest district fire service should be contacted,No fire station within 50 km,inf,False,Moderate thermal risk context (Agricultural-context thermal event). Operational review recommended.
514,46.0,MEDIUM,LOW,Agricultural-context thermal event,MONITOR / REVIEW,Monitor thermal activity for escalation. Closest verified fire station: Fire station (unnamed) (32.9 km away).,Fire station (unnamed),32.85,True,Moderate thermal risk context (Agricultural-context thermal event). Operational review recommended.
515,16.0,LOW,HIGH,Agricultural-context thermal event,NO ALERT,Routine baseline monitoring.,Fire station (unnamed),31.27,True,Low Risk Index representing routine thermal baseline.
516,10.0,LOW,HIGH,Unknown / Insufficient Evidence,NO ALERT,Routine baseline monitoring.,Golaghat Fire Brigade,47.17,True,Low Risk Index representing routine thermal baseline.
517,41.0,MEDIUM,LOW,Agricultural-context thermal event,MONITOR / REVIEW,Monitor thermal activity for escalation. Closest verified fire station: Airport Fire Station (18.5 km away).,Airport Fire Station,18.52,True,Moderate thermal risk context (Agricultural-context thermal event). Operational review recommended.
518,27.2,LOW,MEDIUM,Agricultural-context thermal event,NO ALERT,Routine baseline monitoring.,Airport Fire Station,14.1,True,Low Risk Index representing routine thermal baseline.
519,27.2,LOW,MEDIUM,Agricultural-context thermal event,NO ALERT,Routine baseline monitoring.,Airport Fire Station,40.13,True,Low Risk Index representing routine thermal baseline.
520,26.0,LOW,LOW,Unknown / Insufficient Evidence,NO ALERT,Routine baseline monitoring.,Surandai Fire Station,21.05,True,Low Risk Index representing routine thermal baseline.
521,22.1,LOW,MEDIUM,Unknown / Insufficient Evidence,NO ALERT,Routine baseline monitoring.,No fire station within 50 km,inf,False,Low Risk Index representing routine thermal baseline.
522,19.0,LOW,HIGH,Agricultural-context thermal event,NO ALERT,Routine baseline monitoring.,Sattur Fire Station,16.55,True,Low Risk Index representing routine thermal baseline.
523,32.3,MEDIUM,MEDIUM,Agricultural-context thermal event,MONITOR / REVIEW,Monitor thermal activity for escalation. Closest verified fire station: Fire station (unnamed) (30.6 km away).,Fire station (unnamed),30.62,True,Moderate thermal risk context (Agricultural-context thermal event). Operational review recommended.
524,27.2,LOW,MEDIUM,Agricultural-context thermal event,NO ALERT,Routine baseline monitoring.,Fire station (unnamed),7.08,True,Low Risk Index representing routine thermal baseline.
525,9.0,LOW,HIGH,Unknown / Insufficient Evidence,NO ALERT,Routine baseline monitoring.,No fire station within 50 km,inf,False,Low Risk Index representing routine thermal baseline.
526,32.3,MEDIUM,MEDIUM,Agricultural-context thermal event,MONITOR / REVIEW,Monitor thermal activity for escalation. Closest verified fire station: Fire station (unnamed) (17.5 km away).,Fire station (unnamed),17.51,True,Moderate thermal risk context (Agricultural-context thermal event). Operational review recommended.
527,45.0,MEDIUM,LOW,Agricultural-context thermal event,MONITOR / REVIEW,Monitor thermal activity for escalation. Closest verified fire station: Fire station (unnamed) (30.2 km away).,Fire station (unnamed),30.18,True,Moderate thermal risk context (Agricultural-context thermal event). Operational review recommended.
528,13.0,LOW,HIGH,Industrial-context thermal event,NO ALERT,Routine baseline monitoring.,Fire station (unnamed),14.77,True,Low Risk Index representing routine thermal baseline.
529,16.0,LOW,HIGH,Agricultural-context thermal event,NO ALERT,Routine baseline monitoring.,No fire station within 50 km,inf,False,Low Risk Index representing routine thermal baseline.
530,9.0,LOW,HIGH,Unknown / Insufficient Evidence,NO ALERT,Routine baseline monitoring.,Madurai Airport Fire Station,31.88,True,Low Risk Index representing routine thermal baseline.
531,6.0,LOW,HIGH,Unknown / Insufficient Evidence,NO ALERT,Routine baseline monitoring.,Fire station (unnamed),12.57,True,Low Risk Index representing routine thermal baseline.
532,16.0,LOW,HIGH,Agricultural-context thermal event,NO ALERT,Routine baseline monitoring.,BHEL Fire Station,34.63,True,Low Risk Index representing routine thermal baseline.
533,16.0,LOW,HIGH,Agricultural-context thermal event,NO ALERT,Routine baseline monitoring.,BHEL Fire Station,7.17,True,Low Risk Index representing routine thermal baseline.
534,22.1,LOW,MEDIUM,Agricultural-context thermal event,NO ALERT,Routine baseline monitoring.,Fire station (unnamed),2.99,True,Low Risk Index representing routine thermal baseline.
535,16.0,LOW,HIGH,Agricultural-context thermal event,NO ALERT,Routine baseline monitoring.,Mettur FIre and Rescue Dept.,14.35,True,Low Risk Index representing routine thermal baseline.
536,13.0,LOW,HIGH,Unknown / Insufficient Evidence,NO ALERT,Routine baseline monitoring.,Fire station (unnamed),23.73,True,Low Risk Index representing routine thermal baseline.
537,13.0,LOW,HIGH,Unknown / Insufficient Evidence,NO ALERT,Routine baseline monitoring.,Fire station (unnamed),40.9,True,Low Risk Index representing routine thermal baseline.
538,13.0,LOW,HIGH,Unknown / Insufficient Evidence,NO ALERT,Routine baseline monitoring.,Saraswathipuram Fire Station,12.97,True,Low Risk Index representing routine thermal baseline.
539,9.0,LOW,HIGH,Unknown / Insufficient Evidence,NO ALERT,Routine baseline monitoring.,Fire station (unnamed),9.39,True,Low Risk Index representing routine thermal baseline.
540,9.0,LOW,HIGH,Unknown / Insufficient Evidence,NO ALERT,Routine baseline monitoring.,Fire station (unnamed),16.47,True,Low Risk Index representing routine thermal baseline.
541,12.0,LOW,HIGH,Agricultural-context thermal event,NO ALERT,Routine baseline monitoring.,Fire station (unnamed),5.23,True,Low Risk Index representing routine thermal baseline.
542,9.0,LOW,HIGH,Unknown / Insufficient Evidence,NO ALERT,Routine baseline monitoring.,Fire station (unnamed),20.64,True,Low Risk Index representing routine thermal baseline.
543,13.0,LOW,HIGH,Unknown / Insufficient Evidence,NO ALERT,Routine baseline monitoring.,Fire station (unnamed),22.42,True,Low Risk Index representing routine thermal baseline.
544,12.0,LOW,HIGH,Agricultural-context thermal event,NO ALERT,Routine baseline monitoring.,Mulbagal Fire Station,35.24,True,Low Risk Index representing routine thermal baseline.
545,9.0,LOW,HIGH,Unknown / Insufficient Evidence,NO ALERT,Routine baseline monitoring.,Thiruvallur fire station,30.09,True,Low Risk Index representing routine thermal baseline.
546,27.2,LOW,MEDIUM,Agricultural-context thermal event,NO ALERT,Routine baseline monitoring.,Fire Station Gudiyattam,30.15,True,Low Risk Index representing routine thermal baseline.
547,9.0,LOW,HIGH,Unknown / Insufficient Evidence,NO ALERT,Routine baseline monitoring.,Mulbagal Fire Station,33.19,True,Low Risk Index representing routine thermal baseline.
548,22.1,LOW,MEDIUM,Industrial-context thermal event,NO ALERT,Routine baseline monitoring.,Gauribidanur Fire Station,19.78,True,Low Risk Index representing routine thermal baseline.
549,9.0,LOW,HIGH,Unknown / Insufficient Evidence,NO ALERT,Routine baseline monitoring.,Fire Station,43.25,True,Low Risk Index representing routine thermal baseline.
550,26.0,LOW,LOW,Industrial-context thermal event,NO ALERT,Routine baseline monitoring.,No fire station within 50 km,inf,False,Low Risk Index representing routine thermal baseline.
551,38.0,MEDIUM,LOW,Industrial-context thermal event,MONITOR / REVIEW,Monitor thermal activity for escalation. Closest verified fire station: Fire Station (14.6 km away).,Fire Station,14.59,True,Moderate thermal risk context (Industrial-context thermal event). Operational review recommended.
552,27.2,LOW,MEDIUM,Agricultural-context thermal event,NO ALERT,Routine baseline monitoring.,No fire station within 50 km,inf,False,Low Risk Index representing routine thermal baseline.
553,83.0,HIGH,LOW,Agricultural-context thermal event,HIGH PRIORITY ALERT,Dispatch priority ground verification unit from the nearest operational fire service.; no verified fire station identified within the search radius -- nearest district fire service should be contacted,No fire station within 50 km,inf,False,High Risk Index (83.0) combined with high evidence reliability (Low False-Alarm Concern).
554,13.0,LOW,HIGH,Unknown / Insufficient Evidence,NO ALERT,Routine baseline monitoring.,No fire station within 50 km,inf,False,Low Risk Index representing routine thermal baseline.
555,40.0,MEDIUM,LOW,Agricultural-context thermal event,MONITOR / REVIEW,Monitor thermal activity for escalation.; no verified fire station identified within the search radius -- nearest district fire service should be contacted,No fire station within 50 km,inf,False,Moderate thermal risk context (Agricultural-context thermal event). Operational review recommended.
556,32.0,MEDIUM,LOW,Agricultural-context thermal event,MONITOR / REVIEW,Monitor thermal activity for escalation.; no verified fire station identified within the search radius -- nearest district fire service should be contacted,No fire station within 50 km,inf,False,Moderate thermal risk context (Agricultural-context thermal event). Operational review recommended.
557,6.0,LOW,HIGH,Unknown / Insufficient Evidence,NO ALERT,Routine baseline monitoring.,No fire station within 50 km,inf,False,Low Risk Index representing routine thermal baseline.
558,22.1,LOW,MEDIUM,Unknown / Insufficient Evidence,NO ALERT,Routine baseline monitoring.,No fire station within 50 km,inf,False,Low Risk Index representing routine thermal baseline.
559,9.0,LOW,HIGH,Unknown / Insufficient Evidence,NO ALERT,Routine baseline monitoring.,No fire station within 50 km,inf,False,Low Risk Index representing routine thermal baseline.
560,22.1,LOW,MEDIUM,Unknown / Insufficient Evidence,NO ALERT,Routine baseline monitoring.,No fire station within 50 km,inf,False,Low Risk Index representing routine thermal baseline.
561,27.2,LOW,MEDIUM,Agricultural-context thermal event,NO ALERT,Routine baseline monitoring.,No fire station within 50 km,inf,False,Low Risk Index representing routine thermal baseline.
562,13.0,LOW,HIGH,Agricultural-context thermal event,NO ALERT,Routine baseline monitoring.,No fire station within 50 km,inf,False,Low Risk Index representing routine thermal baseline.
563,9.0,LOW,HIGH,Unknown / Insufficient Evidence,NO ALERT,Routine baseline monitoring.,Fire Station,47.96,True,Low Risk Index representing routine thermal baseline.
564,16.0,LOW,HIGH,Agricultural-context thermal event,NO ALERT,Routine baseline monitoring.,Fire station (unnamed),47.08,True,Low Risk Index representing routine thermal baseline.
565,13.0,LOW,HIGH,Unknown / Insufficient Evidence,NO ALERT,Routine baseline monitoring.,BMM Fire station,31.98,True,Low Risk Index representing routine thermal baseline.
566,6.0,LOW,HIGH,Unknown / Insufficient Evidence,NO ALERT,Routine baseline monitoring.,Fire station (unnamed),24.01,True,Low Risk Index representing routine thermal baseline.
567,46.0,MEDIUM,LOW,Agricultural-context thermal event,MONITOR / REVIEW,Monitor thermal activity for escalation. Closest verified fire station: Fire station (unnamed) (7.8 km away).,Fire station (unnamed),7.79,True,Moderate thermal risk context (Agricultural-context thermal event). Operational review recommended.
568,17.0,LOW,MEDIUM,Unknown / Insufficient Evidence,NO ALERT,Routine baseline monitoring.,BMM Fire station,44.04,True,Low Risk Index representing routine thermal baseline.
569,32.0,MEDIUM,LOW,Industrial-context thermal event,MONITOR / REVIEW,Monitor thermal activity for escalation. Closest verified fire station: fire station kuknur (9.0 km away).,fire station kuknur,8.96,True,Moderate thermal risk context (Industrial-context thermal event). Operational review recommended.
570,13.0,LOW,HIGH,Unknown / Insufficient Evidence,NO ALERT,Routine baseline monitoring.,No fire station within 50 km,inf,False,Low Risk Index representing routine thermal baseline.
571,6.0,LOW,HIGH,Unknown / Insufficient Evidence,NO ALERT,Routine baseline monitoring.,Fire station (unnamed),30.75,True,Low Risk Index representing routine thermal baseline.
572,26.0,LOW,LOW,Unknown / Insufficient Evidence,NO ALERT,Routine baseline monitoring.,Fire station (unnamed),27.28,True,Low Risk Index representing routine thermal baseline.
573,13.0,LOW,HIGH,Industrial-context thermal event,NO ALERT,Routine baseline monitoring.,No fire station within 50 km,inf,False,Low Risk Index representing routine thermal baseline.
574,13.0,LOW,HIGH,Unknown / Insufficient Evidence,NO ALERT,Routine baseline monitoring.,Fire station (unnamed),42.89,True,Low Risk Index representing routine thermal baseline.
575,9.0,LOW,HIGH,Unknown / Insufficient Evidence,NO ALERT,Routine baseline monitoring.,No fire station within 50 km,inf,False,Low Risk Index representing routine thermal baseline.
576,6.0,LOW,HIGH,Unknown / Insufficient Evidence,NO ALERT,Routine baseline monitoring.,Fire station (unnamed),37.81,True,Low Risk Index representing routine thermal baseline.
577,15.3,LOW,MEDIUM,Unknown / Insufficient Evidence,NO ALERT,Routine baseline monitoring.,Jorhat Fire Station,29.19,True,Low Risk Index representing routine thermal baseline.
578,15.3,LOW,MEDIUM,Unknown / Insufficient Evidence,NO ALERT,Routine baseline monitoring.,Fire station (unnamed),23.07,True,Low Risk Index representing routine thermal baseline.
579,9.0,LOW,HIGH,Unknown / Insufficient Evidence,NO ALERT,Routine baseline monitoring.,Fire station (unnamed),21.36,True,Low Risk Index representing routine thermal baseline.
580,6.0,LOW,HIGH,Unknown / Insufficient Evidence,NO ALERT,Routine baseline monitoring.,Asansol Fire Brigade,20.56,True,Low Risk Index representing routine thermal baseline.
581,27.0,LOW,LOW,Agricultural-context thermal event,NO ALERT,Routine baseline monitoring.,No fire station within 50 km,inf,False,Low Risk Index representing routine thermal baseline.
582,6.0,LOW,HIGH,Unknown / Insufficient Evidence,NO ALERT,Routine baseline monitoring.,No fire station within 50 km,inf,False,Low Risk Index representing routine thermal baseline.
583,6.0,LOW,HIGH,Unknown / Insufficient Evidence,NO ALERT,Routine baseline monitoring.,No fire station within 50 km,inf,False,Low Risk Index representing routine thermal baseline.
584,6.0,LOW,HIGH,Unknown / Insufficient Evidence,NO ALERT,Routine baseline monitoring.,Jharkhand Fire Services HQ,46.16,True,Low Risk Index representing routine thermal baseline.
585,6.0,LOW,HIGH,Unknown / Insufficient Evidence,NO ALERT,Routine baseline monitoring.,Jharkhand Fire Services HQ,45.21,True,Low Risk Index representing routine thermal baseline.
586,6.0,LOW,HIGH,Unknown / Insufficient Evidence,NO ALERT,Routine baseline monitoring.,Fire station (unnamed),38.84,True,Low Risk Index representing routine thermal baseline.
587,6.0,LOW,HIGH,Unknown / Insufficient Evidence,NO ALERT,Routine baseline monitoring.,Fire station (unnamed),34.48,True,Low Risk Index representing routine thermal baseline.
588,9.0,LOW,HIGH,Unknown / Insufficient Evidence,NO ALERT,Routine baseline monitoring.,Fire station (unnamed),33.25,True,Low Risk Index representing routine thermal baseline.
589,27.0,LOW,LOW,Agricultural-context thermal event,NO ALERT,Routine baseline monitoring.,Fire station (unnamed),31.99,True,Low Risk Index representing routine thermal baseline.
590,6.0,LOW,HIGH,Unknown / Insufficient Evidence,NO ALERT,Routine baseline monitoring.,Fire station (unnamed),29.8,True,Low Risk Index representing routine thermal baseline.
591,17.8,LOW,MEDIUM,Industrial-context thermal event,NO ALERT,Routine baseline monitoring.,Fire station (unnamed),28.29,True,Low Risk Index representing routine thermal baseline.
592,15.3,LOW,MEDIUM,Unknown / Insufficient Evidence,NO ALERT,Routine baseline monitoring.,Fire station (unnamed),21.58,True,Low Risk Index representing routine thermal baseline.
593,6.0,LOW,HIGH,Unknown / Insufficient Evidence,NO ALERT,Routine baseline monitoring.,Fire station (unnamed),18.8,True,Low Risk Index representing routine thermal baseline.
594,9.0,LOW,HIGH,Unknown / Insufficient Evidence,NO ALERT,Routine baseline monitoring.,Fire station (unnamed),0.28,True,Low Risk Index representing routine thermal baseline.
595,15.3,LOW,MEDIUM,Unknown / Insufficient Evidence,NO ALERT,Routine baseline monitoring.,Airport Fire Station,14.83,True,Low Risk Index representing routine thermal baseline.
596,70.0,HIGH,LOW,Agricultural-context thermal event,HIGH PRIORITY ALERT,Dispatch priority ground verification unit from the nearest operational fire service. Closest verified fire station: Fire station (unnamed) (20.1 km away).,Fire station (unnamed),20.15,True,High Risk Index (70.0) combined with high evidence reliability (Low False-Alarm Concern).
597,6.0,LOW,HIGH,Unknown / Insufficient Evidence,NO ALERT,Routine baseline monitoring.,Fire station (unnamed),32.22,True,Low Risk Index representing routine thermal baseline.
598,9.0,LOW,HIGH,Unknown / Insufficient Evidence,NO ALERT,Routine baseline monitoring.,Fire station (unnamed),42.96,True,Low Risk Index representing routine thermal baseline.
599,6.0,LOW,HIGH,Unknown / Insufficient Evidence,NO ALERT,Routine baseline monitoring.,"Firea and Rescue Station, Nedumkandam",16.61,True,Low Risk Index representing routine thermal baseline.
600,17.8,LOW,MEDIUM,Industrial-context thermal event,NO ALERT,Routine baseline monitoring.,Airport Fire Station,36.16,True,Low Risk Index representing routine thermal baseline.
601,6.0,LOW,HIGH,Unknown / Insufficient Evidence,NO ALERT,Routine baseline monitoring.,No fire station within 50 km,inf,False,Low Risk Index representing routine thermal baseline.
602,17.8,LOW,MEDIUM,Agricultural-context thermal event,NO ALERT,Routine baseline monitoring.,No fire station within 50 km,inf,False,Low Risk Index representing routine thermal baseline.
603,6.0,LOW,HIGH,Unknown / Insufficient Evidence,NO ALERT,Routine baseline monitoring.,Surandai Fire Station,34.58,True,Low Risk Index representing routine thermal baseline.
604,6.0,LOW,HIGH,Unknown / Insufficient Evidence,NO ALERT,Routine baseline monitoring.,Fire station (unnamed),29.29,True,Low Risk Index representing routine thermal baseline.
605,6.0,LOW,HIGH,Unknown / Insufficient Evidence,NO ALERT,Routine baseline monitoring.,Fire station (unnamed),28.37,True,Low Risk Index representing routine thermal baseline.
606,32.0,MEDIUM,LOW,Agricultural-context thermal event,MONITOR / REVIEW,Monitor thermal activity for escalation. Closest verified fire station: Fire station (unnamed) (10.2 km away).,Fire station (unnamed),10.25,True,Moderate thermal risk context (Agricultural-context thermal event). Operational review recommended.
607,12.0,LOW,HIGH,Agricultural-context thermal event,NO ALERT,Routine baseline monitoring.,Jonai Fire Service Station,27.63,True,Low Risk Index representing routine thermal baseline.
608,9.0,LOW,HIGH,Unknown / Insufficient Evidence,NO ALERT,Routine baseline monitoring.,Jonai Fire Service Station,32.65,True,Low Risk Index representing routine thermal baseline.
609,69.0,HIGH,LOW,Forest/Natural-context thermal event,HIGH PRIORITY ALERT,Dispatch priority ground verification unit from the nearest operational fire service. Closest verified fire station: Jonai Fire Service Station (39.8 km away).,Jonai Fire Service Station,39.78,True,High Risk Index (69.0) combined with high evidence reliability (Low False-Alarm Concern).
610,38.0,MEDIUM,LOW,Agricultural-context thermal event,MONITOR / REVIEW,Monitor thermal activity for escalation. Closest verified fire station: NCTPS Fire Station (22.8 km away).,NCTPS Fire Station,22.82,True,Moderate thermal risk context (Agricultural-context thermal event). Operational review recommended.
611,61.0,HIGH,LOW,Agricultural-context thermal event,HIGH PRIORITY ALERT,Dispatch priority ground verification unit from the nearest operational fire service.; no verified fire station identified within the search radius -- nearest district fire service should be contacted,No fire station within 50 km,inf,False,High Risk Index (61.0) combined with high evidence reliability (Low False-Alarm Concern).
612,27.2,LOW,MEDIUM,Agricultural-context thermal event,NO ALERT,Routine baseline monitoring.,No fire station within 50 km,inf,False,Low Risk Index representing routine thermal baseline.
613,76.0,HIGH,LOW,Industrial-context thermal event,HIGH PRIORITY ALERT,Dispatch priority ground verification unit from the nearest operational fire service. Closest verified fire station: Agni Mapaka Kendram (9.4 km away).,Agni Mapaka Kendram,9.38,True,High Risk Index (76.0) combined with high evidence reliability (Low False-Alarm Concern).
614,27.2,LOW,MEDIUM,Industrial-context thermal event,NO ALERT,Routine baseline monitoring.,Fire station (unnamed),35.11,True,Low Risk Index representing routine thermal baseline.
615,77.0,HIGH,LOW,Agricultural-context thermal event,HIGH PRIORITY ALERT,Dispatch priority ground verification unit from the nearest operational fire service.; no verified fire station identified within the search radius -- nearest district fire service should be contacted,No fire station within 50 km,inf,False,High Risk Index (77.0) combined with high evidence reliability (Low False-Alarm Concern).
616,13.0,LOW,HIGH,Unknown / Insufficient Evidence,NO ALERT,Routine baseline monitoring.,Golaghat Fire Brigade,17.1,True,Low Risk Index representing routine thermal baseline.
617,13.0,LOW,HIGH,Unknown / Insufficient Evidence,NO ALERT,Routine baseline monitoring.,Kokrajhar Fire Station,43.92,True,Low Risk Index representing routine thermal baseline.
618,16.0,LOW,HIGH,Agricultural-context thermal event,NO ALERT,Routine baseline monitoring.,No fire station within 50 km,inf,False,Low Risk Index representing routine thermal baseline.
619,13.0,LOW,HIGH,Unknown / Insufficient Evidence,NO ALERT,Routine baseline monitoring.,Ayodhya City Fire Station,39.68,True,Low Risk Index representing routine thermal baseline.
620,16.0,LOW,HIGH,Industrial-context thermal event,NO ALERT,Routine baseline monitoring.,Fire station (unnamed),16.15,True,Low Risk Index representing routine thermal baseline.
621,9.0,LOW,HIGH,Unknown / Insufficient Evidence,NO ALERT,Routine baseline monitoring.,Tamil Nadu Fire and Rescue Services,24.58,True,Low Risk Index representing routine thermal baseline.
622,13.0,LOW,HIGH,Unknown / Insufficient Evidence,NO ALERT,Routine baseline monitoring.,NCTPS Fire Station,22.93,True,Low Risk Index representing routine thermal baseline.
623,16.0,LOW,HIGH,Agricultural-context thermal event,NO ALERT,Routine baseline monitoring.,No fire station within 50 km,inf,False,Low Risk Index representing routine thermal baseline.
624,27.2,LOW,MEDIUM,Agricultural-context thermal event,NO ALERT,Routine baseline monitoring.,Fire station (unnamed),5.31,True,Low Risk Index representing routine thermal baseline.
625,60.0,HIGH,LOW,Unknown / Insufficient Evidence,HIGH PRIORITY ALERT,Dispatch priority ground verification unit from the nearest operational fire service. Closest verified fire station: Fire station (unnamed) (20.9 km away).,Fire station (unnamed),20.95,True,High Risk Index (60.0) combined with high evidence reliability (Low False-Alarm Concern).
626,16.0,LOW,HIGH,Agricultural-context thermal event,NO ALERT,Routine baseline monitoring.,Fire station (unnamed),21.73,True,Low Risk Index representing routine thermal baseline.
627,13.0,LOW,HIGH,Unknown / Insufficient Evidence,NO ALERT,Routine baseline monitoring.,Fire station (unnamed),28.91,True,Low Risk Index representing routine thermal baseline.
628,34.9,MEDIUM,MEDIUM,Unknown / Insufficient Evidence,MONITOR / REVIEW,Monitor thermal activity for escalation.; no verified fire station identified within the search radius -- nearest district fire service should be contacted,No fire station within 50 km,inf,False,Moderate thermal risk context (Unknown / Insufficient Evidence). Operational review recommended.
629,6.0,LOW,HIGH,Unknown / Insufficient Evidence,NO ALERT,Routine baseline monitoring.,No fire station within 50 km,inf,False,Low Risk Index representing routine thermal baseline.
630,6.0,LOW,HIGH,Unknown / Insufficient Evidence,NO ALERT,Routine baseline monitoring.,Fire station (unnamed),20.66,True,Low Risk Index representing routine thermal baseline.
631,16.0,LOW,HIGH,Agricultural-context thermal event,NO ALERT,Routine baseline monitoring.,Fire station (unnamed),32.4,True,Low Risk Index representing routine thermal baseline.
632,13.0,LOW,HIGH,Unknown / Insufficient Evidence,NO ALERT,Routine baseline monitoring.,Fire station (unnamed),17.98,True,Low Risk Index representing routine thermal baseline.
633,10.0,LOW,HIGH,Unknown / Insufficient Evidence,NO ALERT,Routine baseline monitoring.,Nalgonda Fire Station,39.56,True,Low Risk Index representing routine thermal baseline.
634,13.0,LOW,HIGH,Unknown / Insufficient Evidence,NO ALERT,Routine baseline monitoring.,Nalgonda Fire Station,43.68,True,Low Risk Index representing routine thermal baseline.
635,9.0,LOW,HIGH,Unknown / Insufficient Evidence,NO ALERT,Routine baseline monitoring.,New Fire Station,47.29,True,Low Risk Index representing routine thermal baseline.
636,9.0,LOW,HIGH,Unknown / Insufficient Evidence,NO ALERT,Routine baseline monitoring.,Jnagareddygudem Fire Station,12.09,True,Low Risk Index representing routine thermal baseline.
637,13.0,LOW,HIGH,Unknown / Insufficient Evidence,NO ALERT,Routine baseline monitoring.,No fire station within 50 km,inf,False,Low Risk Index representing routine thermal baseline.
638,13.0,LOW,HIGH,Unknown / Insufficient Evidence,NO ALERT,Routine baseline monitoring.,Jnagareddygudem Fire Station,13.19,True,Low Risk Index representing routine thermal baseline.
639,22.1,LOW,MEDIUM,Industrial-context thermal event,NO ALERT,Routine baseline monitoring.,"Mulkalagudem, 33/11 KV Sub Station",8.33,True,Low Risk Index representing routine thermal baseline.
640,9.0,LOW,HIGH,Unknown / Insufficient Evidence,NO ALERT,Routine baseline monitoring.,No fire station within 50 km,inf,False,Low Risk Index representing routine thermal baseline.
641,41.0,MEDIUM,LOW,Agricultural-context thermal event,MONITOR / REVIEW,Monitor thermal activity for escalation.; no verified fire station identified within the search radius -- nearest district fire service should be contacted,No fire station within 50 km,inf,False,Moderate thermal risk context (Agricultural-context thermal event). Operational review recommended.
642,22.1,LOW,MEDIUM,Unknown / Insufficient Evidence,NO ALERT,Routine baseline monitoring.,Sattur Fire Station,36.16,True,Low Risk Index representing routine thermal baseline.
643,76.0,HIGH,LOW,Agricultural-context thermal event,HIGH PRIORITY ALERT,Dispatch priority ground verification unit from the nearest operational fire service. Closest verified fire station: Madurai Airport Fire Station (14.7 km away).,Madurai Airport Fire Station,14.69,True,High Risk Index (76.0) combined with high evidence reliability (Low False-Alarm Concern).
644,32.0,MEDIUM,LOW,Agricultural-context thermal event,MONITOR / REVIEW,Monitor thermal activity for escalation. Closest verified fire station: Mulbagal Fire Station (28.0 km away).,Mulbagal Fire Station,27.96,True,Moderate thermal risk context (Agricultural-context thermal event). Operational review recommended.
645,13.0,LOW,HIGH,Unknown / Insufficient Evidence,NO ALERT,Routine baseline monitoring.,Fire Station,24.77,True,Low Risk Index representing routine thermal baseline.
646,19.0,LOW,HIGH,Agricultural-context thermal event,NO ALERT,Routine baseline monitoring.,No fire station within 50 km,inf,False,Low Risk Index representing routine thermal baseline.
647,34.0,MEDIUM,MEDIUM,Agricultural-context thermal event,MONITOR / REVIEW,Monitor thermal activity for escalation.; no verified fire station identified within the search radius -- nearest district fire service should be contacted,No fire station within 50 km,inf,False,Moderate thermal risk context (Agricultural-context thermal event). Operational review recommended.
648,46.0,MEDIUM,LOW,Agricultural-context thermal event,MONITOR / REVIEW,Monitor thermal activity for escalation. Closest verified fire station: Fire station (unnamed) (11.9 km away).,Fire station (unnamed),11.91,True,Moderate thermal risk context (Agricultural-context thermal event). Operational review recommended.
649,33.1,MEDIUM,MEDIUM,Agricultural-context thermal event,MONITOR / REVIEW,Monitor thermal activity for escalation. Closest verified fire station: Kaliyaganj Fire Station (13.6 km away).,Kaliyaganj Fire Station,13.58,True,Moderate thermal risk context (Agricultural-context thermal event). Operational review recommended.
650,6.0,LOW,HIGH,Unknown / Insufficient Evidence,NO ALERT,Routine baseline monitoring.,No fire station within 50 km,inf,False,Low Risk Index representing routine thermal baseline.
651,6.0,LOW,HIGH,Unknown / Insufficient Evidence,NO ALERT,Routine baseline monitoring.,Kokrajhar Fire Station,27.07,True,Low Risk Index representing routine thermal baseline.
652,28.1,LOW,MEDIUM,Unknown / Insufficient Evidence,NO ALERT,Routine baseline monitoring.,Fire station (unnamed),39.46,True,Low Risk Index representing routine thermal baseline.
653,6.0,LOW,HIGH,Unknown / Insufficient Evidence,NO ALERT,Routine baseline monitoring.,No fire station within 50 km,inf,False,Low Risk Index representing routine thermal baseline.
654,9.0,LOW,HIGH,Unknown / Insufficient Evidence,NO ALERT,Routine baseline monitoring.,Airport Fire Station,20.96,True,Low Risk Index representing routine thermal baseline.
655,10.2,LOW,MEDIUM,Unknown / Insufficient Evidence,NO ALERT,Routine baseline monitoring.,Fire station (unnamed),19.71,True,Low Risk Index representing routine thermal baseline.
656,6.0,LOW,HIGH,Unknown / Insufficient Evidence,NO ALERT,Routine baseline monitoring.,Electronics City Fire Station,10.97,True,Low Risk Index representing routine thermal baseline.
657,6.0,LOW,HIGH,Unknown / Insufficient Evidence,NO ALERT,Routine baseline monitoring.,NIT Faridabad Fire Station,12.7,True,Low Risk Index representing routine thermal baseline.
658,6.0,LOW,HIGH,Unknown / Insufficient Evidence,NO ALERT,Routine baseline monitoring.,NIT Faridabad Fire Station,6.55,True,Low Risk Index representing routine thermal baseline.
659,22.9,LOW,MEDIUM,Industrial-context thermal event,NO ALERT,Routine baseline monitoring.,NIT Faridabad Fire Station,4.68,True,Low Risk Index representing routine thermal baseline.
660,22.9,LOW,MEDIUM,Industrial-context thermal event,NO ALERT,Routine baseline monitoring.,Fire station (unnamed),21.27,True,Low Risk Index representing routine thermal baseline.
661,6.0,LOW,HIGH,Unknown / Insufficient Evidence,NO ALERT,Routine baseline monitoring.,No fire station within 50 km,inf,False,Low Risk Index representing routine thermal baseline.
662,6.0,LOW,HIGH,Unknown / Insufficient Evidence,NO ALERT,Routine baseline monitoring.,Fire station (unnamed),5.36,True,Low Risk Index representing routine thermal baseline.
663,6.0,LOW,HIGH,Unknown / Insufficient Evidence,NO ALERT,Routine baseline monitoring.,Fire station (unnamed),34.7,True,Low Risk Index representing routine thermal baseline.
664,9.0,LOW,HIGH,Unknown / Insufficient Evidence,NO ALERT,Routine baseline monitoring.,No fire station within 50 km,inf,False,Low Risk Index representing routine thermal baseline.
665,6.0,LOW,HIGH,Unknown / Insufficient Evidence,NO ALERT,Routine baseline monitoring.,Fire Station,2.24,True,Low Risk Index representing routine thermal baseline.
666,6.0,LOW,HIGH,Unknown / Insufficient Evidence,NO ALERT,Routine baseline monitoring.,Fire Station,4.71,True,Low Risk Index representing routine thermal baseline.
667,6.0,LOW,HIGH,Unknown / Insufficient Evidence,NO ALERT,Routine baseline monitoring.,Fire station (unnamed),3.43,True,Low Risk Index representing routine thermal baseline.
668,16.0,LOW,HIGH,Agricultural-context thermal event,NO ALERT,Routine baseline monitoring.,Surandai Fire Station,33.27,True,Low Risk Index representing routine thermal baseline.
669,32.3,MEDIUM,MEDIUM,Agricultural-context thermal event,MONITOR / REVIEW,Monitor thermal activity for escalation. Closest verified fire station: Fire station (unnamed) (34.2 km away).,Fire station (unnamed),34.21,True,Moderate thermal risk context (Agricultural-context thermal event). Operational review recommended.
670,22.1,LOW,MEDIUM,Unknown / Insufficient Evidence,NO ALERT,Routine baseline monitoring.,Fire station (unnamed),48.98,True,Low Risk Index representing routine thermal baseline.
671,13.0,LOW,HIGH,Unknown / Insufficient Evidence,NO ALERT,Routine baseline monitoring.,Fire station (unnamed),44.46,True,Low Risk Index representing routine thermal baseline.
672,41.0,MEDIUM,LOW,Agricultural-context thermal event,MONITOR / REVIEW,Monitor thermal activity for escalation. Closest verified fire station: Fire station (unnamed) (34.8 km away).,Fire station (unnamed),34.79,True,Moderate thermal risk context (Agricultural-context thermal event). Operational review recommended.
673,9.0,LOW,HIGH,Unknown / Insufficient Evidence,NO ALERT,Routine baseline monitoring.,Madurai Airport Fire Station,31.97,True,Low Risk Index representing routine thermal baseline.
674,13.0,LOW,HIGH,Unknown / Insufficient Evidence,NO ALERT,Routine baseline monitoring.,Fire station (unnamed),46.83,True,Low Risk Index representing routine thermal baseline.
675,41.0,MEDIUM,LOW,Agricultural-context thermal event,MONITOR / REVIEW,Monitor thermal activity for escalation. Closest verified fire station: Fire station (unnamed) (5.5 km away).,Fire station (unnamed),5.49,True,Moderate thermal risk context (Agricultural-context thermal event). Operational review recommended.
676,9.0,LOW,HIGH,Unknown / Insufficient Evidence,NO ALERT,Routine baseline monitoring.,Koothanallur Fire  Station,13.95,True,Low Risk Index representing routine thermal baseline.
677,13.0,LOW,HIGH,Unknown / Insufficient Evidence,NO ALERT,Routine baseline monitoring.,Fire station (unnamed),19.46,True,Low Risk Index representing routine thermal baseline.
678,15.3,LOW,MEDIUM,Unknown / Insufficient Evidence,NO ALERT,Routine baseline monitoring.,Fire station (unnamed),19.79,True,Low Risk Index representing routine thermal baseline.
679,6.0,LOW,HIGH,Unknown / Insufficient Evidence,NO ALERT,Routine baseline monitoring.,BHEL Fire Station,21.67,True,Low Risk Index representing routine thermal baseline.
680,13.0,LOW,HIGH,Unknown / Insufficient Evidence,NO ALERT,Routine baseline monitoring.,Fire Station Chidambaram,31.27,True,Low Risk Index representing routine thermal baseline.
681,83.0,HIGH,LOW,Unknown / Insufficient Evidence,HIGH PRIORITY ALERT,Dispatch priority ground verification unit from the nearest operational fire service. Closest verified fire station: Fire Station Podia (34.2 km away).,Fire Station Podia,34.16,True,High Risk Index (83.0) combined with high evidence reliability (Low False-Alarm Concern).
682,9.0,LOW,HIGH,Unknown / Insufficient Evidence,NO ALERT,Routine baseline monitoring.,No fire station within 50 km,inf,False,Low Risk Index representing routine thermal baseline.
683,27.2,LOW,MEDIUM,Agricultural-context thermal event,NO ALERT,Routine baseline monitoring.,No fire station within 50 km,inf,False,Low Risk Index representing routine thermal baseline.
684,22.1,LOW,MEDIUM,Industrial-context thermal event,NO ALERT,Routine baseline monitoring.,No fire station within 50 km,inf,False,Low Risk Index representing routine thermal baseline.
685,12.0,LOW,HIGH,Agricultural-context thermal event,NO ALERT,Routine baseline monitoring.,No fire station within 50 km,inf,False,Low Risk Index representing routine thermal baseline.
686,12.0,LOW,HIGH,Agricultural-context thermal event,NO ALERT,Routine baseline monitoring.,No fire station within 50 km,inf,False,Low Risk Index representing routine thermal baseline.
687,75.0,HIGH,LOW,Industrial-context thermal event,HIGH PRIORITY ALERT,Dispatch priority ground verification unit from the nearest operational fire service. Closest verified fire station: Airport Fire Station (19.4 km away).,Airport Fire Station,19.35,True,High Risk Index (75.0) combined with high evidence reliability (Low False-Alarm Concern).
688,32.0,MEDIUM,LOW,Industrial-context thermal event,MONITOR / REVIEW,Monitor thermal activity for escalation. Closest verified fire station: Airport Fire Station (33.4 km away).,Airport Fire Station,33.35,True,Moderate thermal risk context (Industrial-context thermal event). Operational review recommended.
689,13.0,LOW,HIGH,Unknown / Insufficient Evidence,NO ALERT,Routine baseline monitoring.,Airport Fire Station,38.77,True,Low Risk Index representing routine thermal baseline.
690,32.3,MEDIUM,MEDIUM,Agricultural-context thermal event,MONITOR / REVIEW,Monitor thermal activity for escalation. Closest verified fire station: Fire station (unnamed) (15.4 km away).,Fire station (unnamed),15.44,True,Moderate thermal risk context (Agricultural-context thermal event). Operational review recommended.
691,13.0,LOW,HIGH,Unknown / Insufficient Evidence,NO ALERT,Routine baseline monitoring.,No fire station within 50 km,inf,False,Low Risk Index representing routine thermal baseline.
692,27.2,LOW,MEDIUM,Industrial-context thermal event,NO ALERT,Routine baseline monitoring.,Fire station (unnamed),6.99,True,Low Risk Index representing routine thermal baseline.
693,38.0,MEDIUM,LOW,Agricultural-context thermal event,MONITOR / REVIEW,Monitor thermal activity for escalation. Closest verified fire station: Fire station (unnamed) (6.6 km away).,Fire station (unnamed),6.61,True,Moderate thermal risk context (Agricultural-context thermal event). Operational review recommended.
694,27.2,LOW,MEDIUM,Agricultural-context thermal event,NO ALERT,Routine baseline monitoring.,Fire station (unnamed),14.68,True,Low Risk Index representing routine thermal baseline.
695,13.0,LOW,HIGH,Unknown / Insufficient Evidence,NO ALERT,Routine baseline monitoring.,Koothanallur Fire  Station,38.31,True,Low Risk Index representing routine thermal baseline.
696,16.0,LOW,HIGH,Agricultural-context thermal event,NO ALERT,Routine baseline monitoring.,Fire station (unnamed),15.11,True,Low Risk Index representing routine thermal baseline.
697,27.2,LOW,MEDIUM,Agricultural-context thermal event,NO ALERT,Routine baseline monitoring.,BHEL Fire Station,20.16,True,Low Risk Index representing routine thermal baseline.
698,13.0,LOW,HIGH,Unknown / Insufficient Evidence,NO ALERT,Routine baseline monitoring.,Fire station (unnamed),13.46,True,Low Risk Index representing routine thermal baseline.
699,27.2,LOW,MEDIUM,Agricultural-context thermal event,NO ALERT,Routine baseline monitoring.,Koothanallur Fire  Station,37.46,True,Low Risk Index representing routine thermal baseline.
700,32.3,MEDIUM,MEDIUM,Agricultural-context thermal event,MONITOR / REVIEW,Monitor thermal activity for escalation. Closest verified fire station: Fire station (unnamed) (11.0 km away).,Fire station (unnamed),11.01,True,Moderate thermal risk context (Agricultural-context thermal event). Operational review recommended.
701,13.0,LOW,HIGH,Unknown / Insufficient Evidence,NO ALERT,Routine baseline monitoring.,Fire station (unnamed),46.7,True,Low Risk Index representing routine thermal baseline.
702,13.0,LOW,HIGH,Unknown / Insufficient Evidence,NO ALERT,Routine baseline monitoring.,No fire station within 50 km,inf,False,Low Risk Index representing routine thermal baseline.
703,22.1,LOW,MEDIUM,Industrial-context thermal event,NO ALERT,Routine baseline monitoring.,No fire station within 50 km,inf,False,Low Risk Index representing routine thermal baseline.
704,27.2,LOW,MEDIUM,Agricultural-context thermal event,NO ALERT,Routine baseline monitoring.,No fire station within 50 km,inf,False,Low Risk Index representing routine thermal baseline.
705,6.0,LOW,HIGH,Unknown / Insufficient Evidence,NO ALERT,Routine baseline monitoring.,Fire Brigade,44.08,True,Low Risk Index representing routine thermal baseline.
706,9.0,LOW,HIGH,Unknown / Insufficient Evidence,NO ALERT,Routine baseline monitoring.,No fire station within 50 km,inf,False,Low Risk Index representing routine thermal baseline.
707,6.0,LOW,HIGH,Unknown / Insufficient Evidence,NO ALERT,Routine baseline monitoring.,No fire station within 50 km,inf,False,Low Risk Index representing routine thermal baseline.
708,17.8,LOW,MEDIUM,Industrial-context thermal event,NO ALERT,Routine baseline monitoring.,Fire station (unnamed),21.4,True,Low Risk Index representing routine thermal baseline.
709,6.0,LOW,HIGH,Unknown / Insufficient Evidence,NO ALERT,Routine baseline monitoring.,Kangeyam Fire Station,46.03,True,Low Risk Index representing routine thermal baseline.
710,10.2,LOW,MEDIUM,Unknown / Insufficient Evidence,NO ALERT,Routine baseline monitoring.,Fire station (unnamed),28.52,True,Low Risk Index representing routine thermal baseline.
711,6.0,LOW,HIGH,Unknown / Insufficient Evidence,NO ALERT,Routine baseline monitoring.,Fire station (unnamed),11.81,True,Low Risk Index representing routine thermal baseline.
712,6.0,LOW,HIGH,Unknown / Insufficient Evidence,NO ALERT,Routine baseline monitoring.,Erode District Fire Station,30.61,True,Low Risk Index representing routine thermal baseline.
713,10.0,LOW,HIGH,Unknown / Insufficient Evidence,NO ALERT,Routine baseline monitoring.,Fire station (unnamed),16.96,True,Low Risk Index representing routine thermal baseline.
714,6.0,LOW,HIGH,Unknown / Insufficient Evidence,NO ALERT,Routine baseline monitoring.,Airport Fire Station,36.23,True,Low Risk Index representing routine thermal baseline.
715,6.0,LOW,HIGH,Unknown / Insufficient Evidence,NO ALERT,Routine baseline monitoring.,Mahadula Fire Station,14.7,True,Low Risk Index representing routine thermal baseline.
716,6.0,LOW,HIGH,Unknown / Insufficient Evidence,NO ALERT,Routine baseline monitoring.,Airport Fire Station,7.61,True,Low Risk Index representing routine thermal baseline.
717,6.0,LOW,HIGH,Unknown / Insufficient Evidence,NO ALERT,Routine baseline monitoring.,Mahadula Fire Station,13.04,True,Low Risk Index representing routine thermal baseline.
718,6.0,LOW,HIGH,Unknown / Insufficient Evidence,NO ALERT,Routine baseline monitoring.,Airport Fire Station,19.41,True,Low Risk Index representing routine thermal baseline.
719,6.0,LOW,HIGH,Unknown / Insufficient Evidence,NO ALERT,Routine baseline monitoring.,Kalmeshwar Fire Station,12.64,True,Low Risk Index representing routine thermal baseline.
720,10.0,LOW,HIGH,Industrial-context thermal event,NO ALERT,Routine baseline monitoring.,No fire station within 50 km,inf,False,Low Risk Index representing routine thermal baseline.
721,6.0,LOW,HIGH,Unknown / Insufficient Evidence,NO ALERT,Routine baseline monitoring.,No fire station within 50 km,inf,False,Low Risk Index representing routine thermal baseline.
722,6.0,LOW,HIGH,Unknown / Insufficient Evidence,NO ALERT,Routine baseline monitoring.,No fire station within 50 km,inf,False,Low Risk Index representing routine thermal baseline.
723,6.0,LOW,HIGH,Unknown / Insufficient Evidence,NO ALERT,Routine baseline monitoring.,Airport Fire Station,7.18,True,Low Risk Index representing routine thermal baseline.
724,40.0,MEDIUM,LOW,Industrial-context thermal event,MONITOR / REVIEW,Monitor thermal activity for escalation. Closest verified fire station: Tamil Nadu Fire and Rescue Services (26.9 km away).,Tamil Nadu Fire and Rescue Services,26.93,True,Moderate thermal risk context (Industrial-context thermal event). Operational review recommended.
725,6.0,LOW,HIGH,Unknown / Insufficient Evidence,NO ALERT,Routine baseline monitoring.,No fire station within 50 km,inf,False,Low Risk Index representing routine thermal baseline.
726,6.0,LOW,HIGH,Unknown / Insufficient Evidence,NO ALERT,Routine baseline monitoring.,Sushant Lok Fire Station,33.55,True,Low Risk Index representing routine thermal baseline.
727,36.0,MEDIUM,LOW,Industrial-context thermal event,MONITOR / REVIEW,Monitor thermal activity for escalation. Closest verified fire station: Fire station (unnamed) (18.5 km away).,Fire station (unnamed),18.5,True,Moderate thermal risk context (Industrial-context thermal event). Operational review recommended.
728,22.1,LOW,MEDIUM,Unknown / Insufficient Evidence,NO ALERT,Routine baseline monitoring.,No fire station within 50 km,inf,False,Low Risk Index representing routine thermal baseline.
729,9.0,LOW,HIGH,Unknown / Insufficient Evidence,NO ALERT,Routine baseline monitoring.,No fire station within 50 km,inf,False,Low Risk Index representing routine thermal baseline.
730,27.2,LOW,MEDIUM,Agricultural-context thermal event,NO ALERT,Routine baseline monitoring.,No fire station within 50 km,inf,False,Low Risk Index representing routine thermal baseline.
731,22.1,LOW,MEDIUM,Unknown / Insufficient Evidence,NO ALERT,Routine baseline monitoring.,No fire station within 50 km,inf,False,Low Risk Index representing routine thermal baseline.
732,13.0,LOW,HIGH,Unknown / Insufficient Evidence,NO ALERT,Routine baseline monitoring.,Fire station (unnamed),20.43,True,Low Risk Index representing routine thermal baseline.
733,35.0,MEDIUM,LOW,Industrial-context thermal event,MONITOR / REVIEW,Monitor thermal activity for escalation. Closest verified fire station: Fire station (unnamed) (49.7 km away).,Fire station (unnamed),49.66,True,Moderate thermal risk context (Industrial-context thermal event). Operational review recommended.
734,13.0,LOW,HIGH,Unknown / Insufficient Evidence,NO ALERT,Routine baseline monitoring.,No fire station within 50 km,inf,False,Low Risk Index representing routine thermal baseline.
735,27.2,LOW,MEDIUM,Agricultural-context thermal event,NO ALERT,Routine baseline monitoring.,No fire station within 50 km,inf,False,Low Risk Index representing routine thermal baseline.
736,27.2,LOW,MEDIUM,Agricultural-context thermal event,NO ALERT,Routine baseline monitoring.,No fire station within 50 km,inf,False,Low Risk Index representing routine thermal baseline.
737,9.0,LOW,HIGH,Unknown / Insufficient Evidence,NO ALERT,Routine baseline monitoring.,"Uttarakhand Fire and Emergency Station, Sidcul",12.04,True,Low Risk Index representing routine thermal baseline.
738,13.0,LOW,HIGH,Unknown / Insufficient Evidence,NO ALERT,Routine baseline monitoring.,Airport Fire Station,23.11,True,Low Risk Index representing routine thermal baseline.
739,13.0,LOW,HIGH,Unknown / Insufficient Evidence,NO ALERT,Routine baseline monitoring.,No fire station within 50 km,inf,False,Low Risk Index representing routine thermal baseline.
740,13.0,LOW,HIGH,Unknown / Insufficient Evidence,NO ALERT,Routine baseline monitoring.,Fire station (unnamed),41.13,True,Low Risk Index representing routine thermal baseline.
741,13.0,LOW,HIGH,Unknown / Insufficient Evidence,NO ALERT,Routine baseline monitoring.,Fire station (unnamed),33.72,True,Low Risk Index representing routine thermal baseline.
742,19.0,LOW,HIGH,Agricultural-context thermal event,NO ALERT,Routine baseline monitoring.,Fire station (unnamed),24.51,True,Low Risk Index representing routine thermal baseline.
743,39.1,MEDIUM,MEDIUM,Agricultural-context thermal event,MONITOR / REVIEW,Monitor thermal activity for escalation. Closest verified fire station: BHEL Fire Station (13.1 km away).,BHEL Fire Station,13.11,True,Moderate thermal risk context (Agricultural-context thermal event). Operational review recommended.
744,10.0,LOW,HIGH,Unknown / Insufficient Evidence,NO ALERT,Routine baseline monitoring.,No fire station within 50 km,inf,False,Low Risk Index representing routine thermal baseline.
745,13.0,LOW,HIGH,Unknown / Insufficient Evidence,NO ALERT,Routine baseline monitoring.,BHEL Fire Station,33.44,True,Low Risk Index representing routine thermal baseline.
746,9.0,LOW,HIGH,Unknown / Insufficient Evidence,NO ALERT,Routine baseline monitoring.,Cantonment Board Ferozepur,41.08,True,Low Risk Index representing routine thermal baseline.
747,9.0,LOW,HIGH,Unknown / Insufficient Evidence,NO ALERT,Routine baseline monitoring.,Firebrigade Station,16.5,True,Low Risk Index representing routine thermal baseline.
748,53.5,MEDIUM,MEDIUM,Agricultural-context thermal event,MONITOR / REVIEW,Monitor thermal activity for escalation. Closest verified fire station: Cantonment Board Ferozepur (35.8 km away).,Cantonment Board Ferozepur,35.83,True,Moderate thermal risk context (Agricultural-context thermal event). Operational review recommended.
749,6.0,LOW,HIGH,Unknown / Insufficient Evidence,NO ALERT,Routine baseline monitoring.,Fire station (unnamed),47.03,True,Low Risk Index representing routine thermal baseline.
750,6.0,LOW,HIGH,Unknown / Insufficient Evidence,NO ALERT,Routine baseline monitoring.,No fire station within 50 km,inf,False,Low Risk Index representing routine thermal baseline.
751,15.3,LOW,MEDIUM,Unknown / Insufficient Evidence,NO ALERT,Routine baseline monitoring.,Fire station (unnamed),32.1,True,Low Risk Index representing routine thermal baseline.
752,6.0,LOW,HIGH,Agricultural-context thermal event,NO ALERT,Routine baseline monitoring.,Madurai Airport Fire Station,26.87,True,Low Risk Index representing routine thermal baseline.
753,28.9,LOW,MEDIUM,Unknown / Insufficient Evidence,NO ALERT,Routine baseline monitoring.,No fire station within 50 km,inf,False,Low Risk Index representing routine thermal baseline.
754,6.0,LOW,HIGH,Unknown / Insufficient Evidence,NO ALERT,Routine baseline monitoring.,Shastri Nagar Fire Station,10.59,True,Low Risk Index representing routine thermal baseline.
755,6.0,LOW,HIGH,Unknown / Insufficient Evidence,NO ALERT,Routine baseline monitoring.,Sushant Lok Fire Station,40.68,True,Low Risk Index representing routine thermal baseline.
756,17.8,LOW,MEDIUM,Industrial-context thermal event,NO ALERT,Routine baseline monitoring.,Thermal Plant,25.9,True,Low Risk Index representing routine thermal baseline.
757,6.0,LOW,HIGH,Unknown / Insufficient Evidence,NO ALERT,Routine baseline monitoring.,Fire station (unnamed),9.85,True,Low Risk Index representing routine thermal baseline.
758,9.0,LOW,HIGH,Unknown / Insufficient Evidence,NO ALERT,Routine baseline monitoring.,Jaynagar Fire Station,36.06,True,Low Risk Index representing routine thermal baseline.
759,6.0,LOW,HIGH,Unknown / Insufficient Evidence,NO ALERT,Routine baseline monitoring.,No fire station within 50 km,inf,False,Low Risk Index representing routine thermal baseline.
760,22.9,LOW,MEDIUM,Industrial-context thermal event,NO ALERT,Routine baseline monitoring.,Manohar International Airport Satellite Fire Station,16.92,True,Low Risk Index representing routine thermal baseline.
761,6.0,LOW,HIGH,Unknown / Insufficient Evidence,NO ALERT,Routine baseline monitoring.,Pune Municipal Corporation Fire Station Wagholi,23.99,True,Low Risk Index representing routine thermal baseline.
762,40.0,MEDIUM,LOW,Agricultural-context thermal event,MONITOR / REVIEW,Monitor thermal activity for escalation. Closest verified fire station: Imphal Fire Station (29.6 km away).,Imphal Fire Station,29.63,True,Moderate thermal risk context (Agricultural-context thermal event). Operational review recommended.
763,13.0,LOW,HIGH,Unknown / Insufficient Evidence,NO ALERT,Routine baseline monitoring.,No fire station within 50 km,inf,False,Low Risk Index representing routine thermal baseline.
764,13.0,LOW,HIGH,Unknown / Insufficient Evidence,NO ALERT,Routine baseline monitoring.,No fire station within 50 km,inf,False,Low Risk Index representing routine thermal baseline.
765,13.0,LOW,HIGH,Unknown / Insufficient Evidence,NO ALERT,Routine baseline monitoring.,No fire station within 50 km,inf,False,Low Risk Index representing routine thermal baseline.
766,34.0,MEDIUM,MEDIUM,Agricultural-context thermal event,MONITOR / REVIEW,Monitor thermal activity for escalation.; no verified fire station identified within the search radius -- nearest district fire service should be contacted,No fire station within 50 km,inf,False,Moderate thermal risk context (Agricultural-context thermal event). Operational review recommended.
767,10.0,LOW,HIGH,Unknown / Insufficient Evidence,NO ALERT,Routine baseline monitoring.,Airport Fire Station,20.66,True,Low Risk Index representing routine thermal baseline.
768,9.0,LOW,HIGH,Unknown / Insufficient Evidence,NO ALERT,Routine baseline monitoring.,Surandai Fire Station,32.16,True,Low Risk Index representing routine thermal baseline.
769,32.3,MEDIUM,MEDIUM,Agricultural-context thermal event,MONITOR / REVIEW,Monitor thermal activity for escalation. Closest verified fire station: Sattur Fire Station (28.0 km away).,Sattur Fire Station,28.03,True,Moderate thermal risk context (Agricultural-context thermal event). Operational review recommended.
770,9.0,LOW,HIGH,Unknown / Insufficient Evidence,NO ALERT,Routine baseline monitoring.,No fire station within 50 km,inf,False,Low Risk Index representing routine thermal baseline.
771,13.0,LOW,HIGH,Industrial-context thermal event,NO ALERT,Routine baseline monitoring.,No fire station within 50 km,inf,False,Low Risk Index representing routine thermal baseline.
772,16.0,LOW,HIGH,Agricultural-context thermal event,NO ALERT,Routine baseline monitoring.,Virudhunagar Fire Station,39.19,True,Low Risk Index representing routine thermal baseline.
773,19.0,LOW,HIGH,Agricultural-context thermal event,NO ALERT,Routine baseline monitoring.,No fire station within 50 km,inf,False,Low Risk Index representing routine thermal baseline.
774,13.0,LOW,HIGH,Unknown / Insufficient Evidence,NO ALERT,Routine baseline monitoring.,No fire station within 50 km,inf,False,Low Risk Index representing routine thermal baseline.
775,13.0,LOW,HIGH,Industrial-context thermal event,NO ALERT,Routine baseline monitoring.,Madurai Airport Fire Station,21.62,True,Low Risk Index representing routine thermal baseline.
776,16.0,LOW,HIGH,Agricultural-context thermal event,NO ALERT,Routine baseline monitoring.,Fire station (unnamed),20.51,True,Low Risk Index representing routine thermal baseline.
777,16.0,LOW,HIGH,Agricultural-context thermal event,NO ALERT,Routine baseline monitoring.,Koothanallur Fire  Station,47.35,True,Low Risk Index representing routine thermal baseline.
778,28.9,LOW,MEDIUM,Unknown / Insufficient Evidence,NO ALERT,Routine baseline monitoring.,No fire station within 50 km,inf,False,Low Risk Index representing routine thermal baseline.
779,27.2,LOW,MEDIUM,Agricultural-context thermal event,NO ALERT,Routine baseline monitoring.,Fire station (unnamed),18.48,True,Low Risk Index representing routine thermal baseline.
780,28.9,LOW,MEDIUM,Unknown / Insufficient Evidence,NO ALERT,Routine baseline monitoring.,Airport Fire Station,26.0,True,Low Risk Index representing routine thermal baseline.
781,22.1,LOW,MEDIUM,Industrial-context thermal event,NO ALERT,Routine baseline monitoring.,Sattur Fire Station,12.59,True,Low Risk Index representing routine thermal baseline.
782,34.0,MEDIUM,MEDIUM,Agricultural-context thermal event,MONITOR / REVIEW,Monitor thermal activity for escalation.; no verified fire station identified within the search radius -- nearest district fire service should be contacted,No fire station within 50 km,inf,False,Moderate thermal risk context (Agricultural-context thermal event). Operational review recommended.
783,10.0,LOW,HIGH,Unknown / Insufficient Evidence,NO ALERT,Routine baseline monitoring.,Fire station (unnamed),12.69,True,Low Risk Index representing routine thermal baseline.
784,27.2,LOW,MEDIUM,Agricultural-context thermal event,NO ALERT,Routine baseline monitoring.,Fire station (unnamed),17.7,True,Low Risk Index representing routine thermal baseline.
785,27.2,LOW,MEDIUM,Agricultural-context thermal event,NO ALERT,Routine baseline monitoring.,Madurai Airport Fire Station,18.78,True,Low Risk Index representing routine thermal baseline.
786,28.9,LOW,MEDIUM,Unknown / Insufficient Evidence,NO ALERT,Routine baseline monitoring.,Madurai Airport Fire Station,29.26,True,Low Risk Index representing routine thermal baseline.
787,34.0,MEDIUM,LOW,Unknown / Insufficient Evidence,MONITOR / REVIEW,Monitor thermal activity for escalation. Closest verified fire station: Fire Station (31.2 km away).,Fire Station,31.21,True,Moderate thermal risk context (Unknown / Insufficient Evidence). Operational review recommended.
788,9.0,LOW,HIGH,Unknown / Insufficient Evidence,NO ALERT,Routine baseline monitoring.,Garamur fire & emergency services station,47.29,True,Low Risk Index representing routine thermal baseline.
789,9.0,LOW,HIGH,Unknown / Insufficient Evidence,NO ALERT,Routine baseline monitoring.,Fire station (unnamed),19.81,True,Low Risk Index representing routine thermal baseline.
790,6.0,LOW,HIGH,Unknown / Insufficient Evidence,NO ALERT,Routine baseline monitoring.,fire station,17.28,True,Low Risk Index representing routine thermal baseline.
791,17.8,LOW,MEDIUM,Agricultural-context thermal event,NO ALERT,Routine baseline monitoring.,Asansol Fire Station,17.6,True,Low Risk Index representing routine thermal baseline.
792,6.0,LOW,HIGH,Unknown / Insufficient Evidence,NO ALERT,Routine baseline monitoring.,No fire station within 50 km,inf,False,Low Risk Index representing routine thermal baseline.
793,6.0,LOW,HIGH,Unknown / Insufficient Evidence,NO ALERT,Routine baseline monitoring.,No fire station within 50 km,inf,False,Low Risk Index representing routine thermal baseline.
794,6.0,LOW,HIGH,Unknown / Insufficient Evidence,NO ALERT,Routine baseline monitoring.,Fire station (unnamed),17.54,True,Low Risk Index representing routine thermal baseline.
795,6.0,LOW,HIGH,Unknown / Insufficient Evidence,NO ALERT,Routine baseline monitoring.,"Fire Station, Yemmiganur",20.26,True,Low Risk Index representing routine thermal baseline.
796,17.8,LOW,MEDIUM,Industrial-context thermal event,NO ALERT,Routine baseline monitoring.,fire station,38.84,True,Low Risk Index representing routine thermal baseline.
797,9.0,LOW,HIGH,Unknown / Insufficient Evidence,NO ALERT,Routine baseline monitoring.,Fire station (unnamed),0.31,True,Low Risk Index representing routine thermal baseline.
798,6.0,LOW,HIGH,Unknown / Insufficient Evidence,NO ALERT,Routine baseline monitoring.,Sunkadakatte Fire Station,10.26,True,Low Risk Index representing routine thermal baseline.
799,6.0,LOW,HIGH,Unknown / Insufficient Evidence,NO ALERT,Routine baseline monitoring.,Ballari Fire Station,10.69,True,Low Risk Index representing routine thermal baseline.
800,6.0,LOW,HIGH,Unknown / Insufficient Evidence,NO ALERT,Routine baseline monitoring.,Fire station (unnamed),21.0,True,Low Risk Index representing routine thermal baseline.
801,21.0,LOW,LOW,Industrial-context thermal event,NO ALERT,Routine baseline monitoring.,Fire station (unnamed),19.61,True,Low Risk Index representing routine thermal baseline.
802,6.0,LOW,HIGH,Unknown / Insufficient Evidence,NO ALERT,Routine baseline monitoring.,BMM Fire station,23.21,True,Low Risk Index representing routine thermal baseline.
803,22.9,LOW,MEDIUM,Industrial-context thermal event,NO ALERT,Routine baseline monitoring.,Fire station (unnamed),34.16,True,Low Risk Index representing routine thermal baseline.
804,13.0,LOW,HIGH,Unknown / Insufficient Evidence,NO ALERT,Routine baseline monitoring.,Jonai Fire Service Station,44.53,True,Low Risk Index representing routine thermal baseline.
805,68.0,HIGH,LOW,Agricultural-context thermal event,HIGH PRIORITY ALERT,Dispatch priority ground verification unit from the nearest operational fire service.; no verified fire station identified within the search radius -- nearest district fire service should be contacted,No fire station within 50 km,inf,False,High Risk Index (68.0) combined with high evidence reliability (Low False-Alarm Concern).
806,16.0,LOW,HIGH,Agricultural-context thermal event,NO ALERT,Routine baseline monitoring.,Kallakurichi Fire Station,44.73,True,Low Risk Index representing routine thermal baseline.
807,13.0,LOW,HIGH,Unknown / Insufficient Evidence,NO ALERT,Routine baseline monitoring.,No fire station within 50 km,inf,False,Low Risk Index representing routine thermal baseline.
808,22.1,LOW,MEDIUM,Unknown / Insufficient Evidence,NO ALERT,Routine baseline monitoring.,Nalgonda Fire Station,45.3,True,Low Risk Index representing routine thermal baseline.
809,10.0,LOW,HIGH,Unknown / Insufficient Evidence,NO ALERT,Routine baseline monitoring.,Fire station (unnamed),11.9,True,Low Risk Index representing routine thermal baseline.
810,32.0,MEDIUM,LOW,Industrial-context thermal event,MONITOR / REVIEW,Monitor thermal activity for escalation.; no verified fire station identified within the search radius -- nearest district fire service should be contacted,No fire station within 50 km,inf,False,Moderate thermal risk context (Industrial-context thermal event). Operational review recommended.
811,9.0,LOW,HIGH,Unknown / Insufficient Evidence,NO ALERT,Routine baseline monitoring.,Airport Fire Station,8.47,True,Low Risk Index representing routine thermal baseline.
812,15.3,LOW,MEDIUM,Unknown / Insufficient Evidence,NO ALERT,Routine baseline monitoring.,Airport Fire Station,30.4,True,Low Risk Index representing routine thermal baseline.
813,22.1,LOW,MEDIUM,Unknown / Insufficient Evidence,NO ALERT,Routine baseline monitoring.,Airport Fire Station,24.15,True,Low Risk Index representing routine thermal baseline.
814,10.0,LOW,HIGH,Unknown / Insufficient Evidence,NO ALERT,Routine baseline monitoring.,Airport Fire Station,26.39,True,Low Risk Index representing routine thermal baseline.
815,13.0,LOW,HIGH,Unknown / Insufficient Evidence,NO ALERT,Routine baseline monitoring.,Surandai Fire Station,37.59,True,Low Risk Index representing routine thermal baseline.
816,34.0,MEDIUM,MEDIUM,Agricultural-context thermal event,MONITOR / REVIEW,Monitor thermal activity for escalation. Closest verified fire station: Sattur Fire Station (24.8 km away).,Sattur Fire Station,24.78,True,Moderate thermal risk context (Agricultural-context thermal event). Operational review recommended.
817,28.9,LOW,MEDIUM,Unknown / Insufficient Evidence,NO ALERT,Routine baseline monitoring.,Fire station (unnamed),31.32,True,Low Risk Index representing routine thermal baseline.
818,22.1,LOW,MEDIUM,Unknown / Insufficient Evidence,NO ALERT,Routine baseline monitoring.,Kallakurichi Fire Station,11.52,True,Low Risk Index representing routine thermal baseline.
819,40.0,MEDIUM,LOW,Agricultural-context thermal event,MONITOR / REVIEW,Monitor thermal activity for escalation. Closest verified fire station: Kallakurichi Fire Station (19.4 km away).,Kallakurichi Fire Station,19.42,True,Moderate thermal risk context (Agricultural-context thermal event). Operational review recommended.
820,32.0,MEDIUM,LOW,Industrial-context thermal event,MONITOR / REVIEW,Monitor thermal activity for escalation. Closest verified fire station: Saraswathipuram Fire Station (41.6 km away).,Saraswathipuram Fire Station,41.61,True,Moderate thermal risk context (Industrial-context thermal event). Operational review recommended.
821,9.0,LOW,HIGH,Unknown / Insufficient Evidence,NO ALERT,Routine baseline monitoring.,No fire station within 50 km,inf,False,Low Risk Index representing routine thermal baseline.
822,19.0,LOW,HIGH,Agricultural-context thermal event,NO ALERT,Routine baseline monitoring.,Fire station (unnamed),21.48,True,Low Risk Index representing routine thermal baseline.
823,13.0,LOW,HIGH,Agricultural-context thermal event,NO ALERT,Routine baseline monitoring.,Fire station (unnamed),45.72,True,Low Risk Index representing routine thermal baseline.
824,61.0,HIGH,LOW,Agricultural-context thermal event,HIGH PRIORITY ALERT,Dispatch priority ground verification unit from the nearest operational fire service.; no verified fire station identified within the search radius -- nearest district fire service should be contacted,No fire station within 50 km,inf,False,High Risk Index (61.0) combined with high evidence reliability (Low False-Alarm Concern).
825,16.0,LOW,HIGH,Agricultural-context thermal event,NO ALERT,Routine baseline monitoring.,Fire Station,39.69,True,Low Risk Index representing routine thermal baseline.
826,10.0,LOW,HIGH,Unknown / Insufficient Evidence,NO ALERT,Routine baseline monitoring.,No fire station within 50 km,inf,False,Low Risk Index representing routine thermal baseline.
827,10.0,LOW,HIGH,Unknown / Insufficient Evidence,NO ALERT,Routine baseline monitoring.,Fire station (unnamed),43.37,True,Low Risk Index representing routine thermal baseline.
828,12.0,LOW,HIGH,Agricultural-context thermal event,NO ALERT,Routine baseline monitoring.,Bopal Fire Station,21.77,True,Low Risk Index representing routine thermal baseline.
829,22.1,LOW,MEDIUM,Unknown / Insufficient Evidence,NO ALERT,Routine baseline monitoring.,No fire station within 50 km,inf,False,Low Risk Index representing routine thermal baseline.
830,6.0,LOW,HIGH,Unknown / Insufficient Evidence,NO ALERT,Routine baseline monitoring.,No fire station within 50 km,inf,False,Low Risk Index representing routine thermal baseline.
831,79.0,HIGH,LOW,Industrial-context thermal event,HIGH PRIORITY ALERT,Dispatch priority ground verification unit from the nearest operational fire service.; no verified fire station identified within the search radius -- nearest district fire service should be contacted,No fire station within 50 km,inf,False,High Risk Index (79.0) combined with high evidence reliability (Low False-Alarm Concern).
832,52.0,MEDIUM,LOW,Industrial-context thermal event,MONITOR / REVIEW,Monitor thermal activity for escalation. Closest verified fire station: Fire station (unnamed) (5.8 km away).,Fire station (unnamed),5.85,True,Moderate thermal risk context (Industrial-context thermal event). Operational review recommended.
833,35.0,MEDIUM,LOW,Industrial-context thermal event,MONITOR / REVIEW,Monitor thermal activity for escalation. Closest verified fire station: Jharkhand Fire Services HQ (35.6 km away).,Jharkhand Fire Services HQ,35.65,True,Moderate thermal risk context (Industrial-context thermal event). Operational review recommended.
834,22.1,LOW,MEDIUM,Industrial-context thermal event,NO ALERT,Routine baseline monitoring.,Asansol Fire Station,18.43,True,Low Risk Index representing routine thermal baseline.
835,35.7,MEDIUM,MEDIUM,Unknown / Insufficient Evidence,MONITOR / REVIEW,Monitor thermal activity for escalation. Closest verified fire station: Asansol Fire Station (13.9 km away).,Asansol Fire Station,13.88,True,Moderate thermal risk context (Unknown / Insufficient Evidence). Operational review recommended.
836,6.0,LOW,HIGH,Unknown / Insufficient Evidence,NO ALERT,Routine baseline monitoring.,No fire station within 50 km,inf,False,Low Risk Index representing routine thermal baseline.
837,6.0,LOW,HIGH,Unknown / Insufficient Evidence,NO ALERT,Routine baseline monitoring.,No fire station within 50 km,inf,False,Low Risk Index representing routine thermal baseline.
838,6.0,LOW,HIGH,Unknown / Insufficient Evidence,NO ALERT,Routine baseline monitoring.,No fire station within 50 km,inf,False,Low Risk Index representing routine thermal baseline.
839,17.8,LOW,MEDIUM,Industrial-context thermal event,NO ALERT,Routine baseline monitoring.,No fire station within 50 km,inf,False,Low Risk Index representing routine thermal baseline.
840,6.0,LOW,HIGH,Unknown / Insufficient Evidence,NO ALERT,Routine baseline monitoring.,Fire station (unnamed),46.24,True,Low Risk Index representing routine thermal baseline.
841,6.0,LOW,HIGH,Unknown / Insufficient Evidence,NO ALERT,Routine baseline monitoring.,Fire station (unnamed),48.98,True,Low Risk Index representing routine thermal baseline.
842,17.8,LOW,MEDIUM,Industrial-context thermal event,NO ALERT,Routine baseline monitoring.,No fire station within 50 km,inf,False,Low Risk Index representing routine thermal baseline.
843,6.0,LOW,HIGH,Unknown / Insufficient Evidence,NO ALERT,Routine baseline monitoring.,No fire station within 50 km,inf,False,Low Risk Index representing routine thermal baseline.
844,6.0,LOW,HIGH,Unknown / Insufficient Evidence,NO ALERT,Routine baseline monitoring.,No fire station within 50 km,inf,False,Low Risk Index representing routine thermal baseline.
845,6.0,LOW,HIGH,Unknown / Insufficient Evidence,NO ALERT,Routine baseline monitoring.,Thiruvallur fire station,28.0,True,Low Risk Index representing routine thermal baseline.
846,6.0,LOW,HIGH,Unknown / Insufficient Evidence,NO ALERT,Routine baseline monitoring.,No fire station within 50 km,inf,False,Low Risk Index representing routine thermal baseline.
847,27.0,LOW,LOW,Industrial-context thermal event,NO ALERT,Routine baseline monitoring.,No fire station within 50 km,inf,False,Low Risk Index representing routine thermal baseline.
848,6.0,LOW,HIGH,Unknown / Insufficient Evidence,NO ALERT,Routine baseline monitoring.,Fire station (unnamed),26.57,True,Low Risk Index representing routine thermal baseline.
849,20.4,LOW,MEDIUM,Agricultural-context thermal event,NO ALERT,Routine baseline monitoring.,Rasayani Fire Station,25.82,True,Low Risk Index representing routine thermal baseline.
850,6.0,LOW,HIGH,Unknown / Insufficient Evidence,NO ALERT,Routine baseline monitoring.,Fire And Rescue Service Station,5.61,True,Low Risk Index representing routine thermal baseline.
851,10.0,LOW,HIGH,Agricultural-context thermal event,NO ALERT,Routine baseline monitoring.,No fire station within 50 km,inf,False,Low Risk Index representing routine thermal baseline.
852,6.0,LOW,HIGH,Unknown / Insufficient Evidence,NO ALERT,Routine baseline monitoring.,"Firea and Rescue Station, Nedumkandam",31.52,True,Low Risk Index representing routine thermal baseline.
853,28.9,LOW,MEDIUM,Unknown / Insufficient Evidence,NO ALERT,Routine baseline monitoring.,BHEL Fire Station,39.3,True,Low Risk Index representing routine thermal baseline.
854,6.0,LOW,HIGH,Unknown / Insufficient Evidence,NO ALERT,Routine baseline monitoring.,Kallakurichi Fire Station,18.63,True,Low Risk Index representing routine thermal baseline.
855,17.8,LOW,MEDIUM,Industrial-context thermal event,NO ALERT,Routine baseline monitoring.,No fire station within 50 km,inf,False,Low Risk Index representing routine thermal baseline.
856,65.0,HIGH,LOW,Industrial-context thermal event,HIGH PRIORITY ALERT,Dispatch priority ground verification unit from the nearest operational fire service.; no verified fire station identified within the search radius -- nearest district fire service should be contacted,No fire station within 50 km,inf,False,High Risk Index (65.0) combined with high evidence reliability (Low False-Alarm Concern).
857,85.0,HIGH,LOW,Industrial-context thermal event,HIGH PRIORITY ALERT,Dispatch priority ground verification unit from the nearest operational fire service. Closest verified fire station: Fire Brigade Station Safidon (19.9 km away).,Fire Brigade Station Safidon,19.9,True,High Risk Index (85.0) combined with high evidence reliability (Low False-Alarm Concern).
858,93.0,HIGH,LOW,Unknown / Insufficient Evidence,HIGH PRIORITY ALERT,Dispatch priority ground verification unit from the nearest operational fire service. Closest verified fire station: Fire station (unnamed) (10.3 km away).,Fire station (unnamed),10.35,True,High Risk Index (93.0) combined with high evidence reliability (Low False-Alarm Concern).
859,6.0,LOW,HIGH,Unknown / Insufficient Evidence,NO ALERT,Routine baseline monitoring.,No fire station within 50 km,inf,False,Low Risk Index representing routine thermal baseline.
860,6.0,LOW,HIGH,Unknown / Insufficient Evidence,NO ALERT,Routine baseline monitoring.,Erode District Fire Station,22.48,True,Low Risk Index representing routine thermal baseline.
861,6.0,LOW,HIGH,Unknown / Insufficient Evidence,NO ALERT,Routine baseline monitoring.,Kallakurichi Fire Station,11.07,True,Low Risk Index representing routine thermal baseline.
862,22.9,LOW,MEDIUM,Industrial-context thermal event,NO ALERT,Routine baseline monitoring.,Fire station (unnamed),5.51,True,Low Risk Index representing routine thermal baseline.
863,15.3,LOW,MEDIUM,Unknown / Insufficient Evidence,NO ALERT,Routine baseline monitoring.,No fire station within 50 km,inf,False,Low Risk Index representing routine thermal baseline.
864,15.3,LOW,MEDIUM,Unknown / Insufficient Evidence,NO ALERT,Routine baseline monitoring.,Villupuram Fire Station,10.92,True,Low Risk Index representing routine thermal baseline.
865,13.0,LOW,HIGH,Unknown / Insufficient Evidence,NO ALERT,Routine baseline monitoring.,No fire station within 50 km,inf,False,Low Risk Index representing routine thermal baseline.
866,22.1,LOW,MEDIUM,Unknown / Insufficient Evidence,NO ALERT,Routine baseline monitoring.,Fire Brigade,30.41,True,Low Risk Index representing routine thermal baseline.
867,10.0,LOW,HIGH,Unknown / Insufficient Evidence,NO ALERT,Routine baseline monitoring.,Surandai Fire Station,13.92,True,Low Risk Index representing routine thermal baseline.
868,32.3,MEDIUM,MEDIUM,Agricultural-context thermal event,MONITOR / REVIEW,Monitor thermal activity for escalation. Closest verified fire station: Virudhunagar Fire Station (23.5 km away).,Virudhunagar Fire Station,23.49,True,Moderate thermal risk context (Agricultural-context thermal event). Operational review recommended.
869,22.1,LOW,MEDIUM,Unknown / Insufficient Evidence,NO ALERT,Routine baseline monitoring.,Fire station (unnamed),34.81,True,Low Risk Index representing routine thermal baseline.
870,45.0,MEDIUM,LOW,Agricultural-context thermal event,MONITOR / REVIEW,Monitor thermal activity for escalation.; no verified fire station identified within the search radius -- nearest district fire service should be contacted,No fire station within 50 km,inf,False,Moderate thermal risk context (Agricultural-context thermal event). Operational review recommended.
871,22.1,LOW,MEDIUM,Unknown / Insufficient Evidence,NO ALERT,Routine baseline monitoring.,Koothanallur Fire  Station,29.43,True,Low Risk Index representing routine thermal baseline.
872,6.0,LOW,HIGH,Agricultural-context thermal event,NO ALERT,Routine baseline monitoring.,Koothanallur Fire  Station,23.76,True,Low Risk Index representing routine thermal baseline.
873,13.0,LOW,HIGH,Unknown / Insufficient Evidence,NO ALERT,Routine baseline monitoring.,Fire station (unnamed),4.31,True,Low Risk Index representing routine thermal baseline.
874,10.0,LOW,HIGH,Unknown / Insufficient Evidence,NO ALERT,Routine baseline monitoring.,Fire station (unnamed),45.83,True,Low Risk Index representing routine thermal baseline.
875,9.0,LOW,HIGH,Unknown / Insufficient Evidence,NO ALERT,Routine baseline monitoring.,Fire station (unnamed),9.93,True,Low Risk Index representing routine thermal baseline.
876,27.2,LOW,MEDIUM,Agricultural-context thermal event,NO ALERT,Routine baseline monitoring.,Fire Station Chidambaram,25.54,True,Low Risk Index representing routine thermal baseline.
877,13.0,LOW,HIGH,Unknown / Insufficient Evidence,NO ALERT,Routine baseline monitoring.,No fire station within 50 km,inf,False,Low Risk Index representing routine thermal baseline.
878,13.0,LOW,HIGH,Unknown / Insufficient Evidence,NO ALERT,Routine baseline monitoring.,Fire Station Chidambaram,0.91,True,Low Risk Index representing routine thermal baseline.
879,9.0,LOW,HIGH,Unknown / Insufficient Evidence,NO ALERT,Routine baseline monitoring.,Kallakurichi Fire Station,44.21,True,Low Risk Index representing routine thermal baseline.
880,13.0,LOW,HIGH,Unknown / Insufficient Evidence,NO ALERT,Routine baseline monitoring.,Fire Station Chidambaram,38.16,True,Low Risk Index representing routine thermal baseline.
881,13.0,LOW,HIGH,Unknown / Insufficient Evidence,NO ALERT,Routine baseline monitoring.,Villupuram Fire Station,29.37,True,Low Risk Index representing routine thermal baseline.
882,13.0,LOW,HIGH,Unknown / Insufficient Evidence,NO ALERT,Routine baseline monitoring.,Villupuram Fire Station,28.75,True,Low Risk Index representing routine thermal baseline.
883,6.0,LOW,HIGH,Unknown / Insufficient Evidence,NO ALERT,Routine baseline monitoring.,Kallakurichi Fire Station,25.67,True,Low Risk Index representing routine thermal baseline.
884,9.0,LOW,HIGH,Unknown / Insufficient Evidence,NO ALERT,Routine baseline monitoring.,Villupuram Fire Station,18.76,True,Low Risk Index representing routine thermal baseline.
885,20.4,LOW,MEDIUM,Agricultural-context thermal event,NO ALERT,Routine baseline monitoring.,Fire Control Room,30.05,True,Low Risk Index representing routine thermal baseline.
886,27.2,LOW,MEDIUM,Industrial-context thermal event,NO ALERT,Routine baseline monitoring.,No fire station within 50 km,inf,False,Low Risk Index representing routine thermal baseline.
887,13.0,LOW,HIGH,Unknown / Insufficient Evidence,NO ALERT,Routine baseline monitoring.,No fire station within 50 km,inf,False,Low Risk Index representing routine thermal baseline.
888,13.0,LOW,HIGH,Unknown / Insufficient Evidence,NO ALERT,Routine baseline monitoring.,Fire station (unnamed),34.11,True,Low Risk Index representing routine thermal baseline.
889,13.0,LOW,HIGH,Unknown / Insufficient Evidence,NO ALERT,Routine baseline monitoring.,Fire station (unnamed),28.91,True,Low Risk Index representing routine thermal baseline.
890,28.9,LOW,MEDIUM,Industrial-context thermal event,NO ALERT,Routine baseline monitoring.,No fire station within 50 km,inf,False,Low Risk Index representing routine thermal baseline.
891,16.0,LOW,HIGH,Agricultural-context thermal event,NO ALERT,Routine baseline monitoring.,Fire Station,48.69,True,Low Risk Index representing routine thermal baseline.
892,13.0,LOW,HIGH,Unknown / Insufficient Evidence,NO ALERT,Routine baseline monitoring.,Fire Station,39.91,True,Low Risk Index representing routine thermal baseline.
893,22.1,LOW,MEDIUM,Unknown / Insufficient Evidence,NO ALERT,Routine baseline monitoring.,Fire Station,39.43,True,Low Risk Index representing routine thermal baseline.
894,10.0,LOW,HIGH,Unknown / Insufficient Evidence,NO ALERT,Routine baseline monitoring.,No fire station within 50 km,inf,False,Low Risk Index representing routine thermal baseline.
895,13.0,LOW,HIGH,Unknown / Insufficient Evidence,NO ALERT,Routine baseline monitoring.,Rajiv Gandhi International Airport ARFF Main Station,28.36,True,Low Risk Index representing routine thermal baseline.
896,85.0,HIGH,LOW,Industrial-context thermal event,HIGH PRIORITY ALERT,Dispatch priority ground verification unit from the nearest operational fire service.; no verified fire station identified within the search radius -- nearest district fire service should be contacted,No fire station within 50 km,inf,False,High Risk Index (85.0) combined with high evidence reliability (Low False-Alarm Concern).
897,9.0,LOW,HIGH,Unknown / Insufficient Evidence,NO ALERT,Routine baseline monitoring.,Firebrigade Station,38.49,True,Low Risk Index representing routine thermal baseline.
898,19.5,LOW,HIGH,Agricultural-context thermal event,NO ALERT,Routine baseline monitoring.,Cantonment Board Ferozepur,37.5,True,Low Risk Index representing routine thermal baseline.
899,12.0,LOW,HIGH,Agricultural-context thermal event,NO ALERT,Routine baseline monitoring.,Cantonment Board Ferozepur,36.16,True,Low Risk Index representing routine thermal baseline.
900,13.0,LOW,HIGH,Industrial-context thermal event,NO ALERT,Routine baseline monitoring.,No fire station within 50 km,inf,False,Low Risk Index representing routine thermal baseline.
901,16.0,LOW,HIGH,Agricultural-context thermal event,NO ALERT,Routine baseline monitoring.,Madurai Airport Fire Station,2.58,True,Low Risk Index representing routine thermal baseline.
902,47.0,MEDIUM,LOW,Agricultural-context thermal event,MONITOR / REVIEW,Monitor thermal activity for escalation. Closest verified fire station: Fire station (unnamed) (7.6 km away).,Fire station (unnamed),7.58,True,Moderate thermal risk context (Agricultural-context thermal event). Operational review recommended.
903,13.0,LOW,HIGH,Industrial-context thermal event,NO ALERT,Routine baseline monitoring.,Kangeyam Fire Station,16.63,True,Low Risk Index representing routine thermal baseline.
904,83.0,HIGH,LOW,Unknown / Insufficient Evidence,HIGH PRIORITY ALERT,Dispatch priority ground verification unit from the nearest operational fire service. Closest verified fire station: Kallakurichi Fire Station (24.4 km away).,Kallakurichi Fire Station,24.42,True,High Risk Index (83.0) combined with high evidence reliability (Low False-Alarm Concern).
905,34.0,MEDIUM,MEDIUM,Agricultural-context thermal event,MONITOR / REVIEW,Monitor thermal activity for escalation. Closest verified fire station: Fire station (unnamed) (32.9 km away).,Fire station (unnamed),32.87,True,Moderate thermal risk context (Agricultural-context thermal event). Operational review recommended.
906,22.1,LOW,MEDIUM,Industrial-context thermal event,NO ALERT,Routine baseline monitoring.,No fire station within 50 km,inf,False,Low Risk Index representing routine thermal baseline.
907,6.0,LOW,HIGH,Unknown / Insufficient Evidence,NO ALERT,Routine baseline monitoring.,No fire station within 50 km,inf,False,Low Risk Index representing routine thermal baseline.
908,9.0,LOW,HIGH,Unknown / Insufficient Evidence,NO ALERT,Routine baseline monitoring.,Fire station (unnamed),2.84,True,Low Risk Index representing routine thermal baseline.
909,17.8,LOW,MEDIUM,Agricultural-context thermal event,NO ALERT,Routine baseline monitoring.,Fire station (unnamed),28.93,True,Low Risk Index representing routine thermal baseline.
910,30.6,MEDIUM,MEDIUM,Industrial-context thermal event,MONITOR / REVIEW,Monitor thermal activity for escalation.; no verified fire station identified within the search radius -- nearest district fire service should be contacted,No fire station within 50 km,inf,False,Moderate thermal risk context (Industrial-context thermal event). Operational review recommended.
911,36.0,MEDIUM,LOW,Industrial-context thermal event,MONITOR / REVIEW,Monitor thermal activity for escalation. Closest verified fire station: Jharkhand Fire Services HQ (46.1 km away).,Jharkhand Fire Services HQ,46.11,True,Moderate thermal risk context (Industrial-context thermal event). Operational review recommended.
912,6.0,LOW,HIGH,Unknown / Insufficient Evidence,NO ALERT,Routine baseline monitoring.,Fire station (unnamed),34.06,True,Low Risk Index representing routine thermal baseline.
913,6.0,LOW,HIGH,Unknown / Insufficient Evidence,NO ALERT,Routine baseline monitoring.,Fire station (unnamed),31.96,True,Low Risk Index representing routine thermal baseline.
914,6.0,LOW,HIGH,Unknown / Insufficient Evidence,NO ALERT,Routine baseline monitoring.,Fire station (unnamed),47.34,True,Low Risk Index representing routine thermal baseline.
915,6.0,LOW,HIGH,Unknown / Insufficient Evidence,NO ALERT,Routine baseline monitoring.,Fire station (unnamed),29.56,True,Low Risk Index representing routine thermal baseline.
916,15.3,LOW,MEDIUM,Unknown / Insufficient Evidence,NO ALERT,Routine baseline monitoring.,No fire station within 50 km,inf,False,Low Risk Index representing routine thermal baseline.
917,6.0,LOW,HIGH,Unknown / Insufficient Evidence,NO ALERT,Routine baseline monitoring.,No fire station within 50 km,inf,False,Low Risk Index representing routine thermal baseline.
918,42.0,MEDIUM,LOW,Industrial-context thermal event,MONITOR / REVIEW,Monitor thermal activity for escalation. Closest verified fire station: Fire station (unnamed) (30.2 km away).,Fire station (unnamed),30.18,True,Moderate thermal risk context (Industrial-context thermal event). Operational review recommended.
919,6.0,LOW,HIGH,Unknown / Insufficient Evidence,NO ALERT,Routine baseline monitoring.,Asansol Fire Station,15.39,True,Low Risk Index representing routine thermal baseline.
920,6.0,LOW,HIGH,Unknown / Insufficient Evidence,NO ALERT,Routine baseline monitoring.,Fire station (unnamed),28.24,True,Low Risk Index representing routine thermal baseline.
921,65.0,HIGH,LOW,Industrial-context thermal event,HIGH PRIORITY ALERT,Dispatch priority ground verification unit from the nearest operational fire service.; no verified fire station identified within the search radius -- nearest district fire service should be contacted,No fire station within 50 km,inf,False,High Risk Index (65.0) combined with high evidence reliability (Low False-Alarm Concern).
922,6.0,LOW,HIGH,Unknown / Insufficient Evidence,NO ALERT,Routine baseline monitoring.,Malik,46.67,True,Low Risk Index representing routine thermal baseline.
923,6.0,LOW,HIGH,Unknown / Insufficient Evidence,NO ALERT,Routine baseline monitoring.,Pedda Gantyada Fore Station,6.77,True,Low Risk Index representing routine thermal baseline.
924,20.4,LOW,MEDIUM,Agricultural-context thermal event,NO ALERT,Routine baseline monitoring.,Fire And Rescue Service Station,43.33,True,Low Risk Index representing routine thermal baseline.
925,6.0,LOW,HIGH,Unknown / Insufficient Evidence,NO ALERT,Routine baseline monitoring.,Fire station (unnamed),15.39,True,Low Risk Index representing routine thermal baseline.
926,6.0,LOW,HIGH,Unknown / Insufficient Evidence,NO ALERT,Routine baseline monitoring.,Saharanpur Fire Station,2.77,True,Low Risk Index representing routine thermal baseline.
927,6.0,LOW,HIGH,Agricultural-context thermal event,NO ALERT,Routine baseline monitoring.,Fire Brigade,12.74,True,Low Risk Index representing routine thermal baseline.
928,6.0,LOW,HIGH,Unknown / Insufficient Evidence,NO ALERT,Routine baseline monitoring.,Fire station (unnamed),29.75,True,Low Risk Index representing routine thermal baseline.
929,36.0,MEDIUM,LOW,Industrial-context thermal event,MONITOR / REVIEW,Monitor thermal activity for escalation. Closest verified fire station: Fire station (unnamed) (36.5 km away).,Fire station (unnamed),36.45,True,Moderate thermal risk context (Industrial-context thermal event). Operational review recommended.
930,50.0,MEDIUM,LOW,Unknown / Insufficient Evidence,MONITOR / REVIEW,Monitor thermal activity for escalation. Closest verified fire station: BMM Fire station (0.3 km away).,BMM Fire station,0.26,True,Moderate thermal risk context (Unknown / Insufficient Evidence). Operational review recommended.
931,6.0,LOW,HIGH,Unknown / Insufficient Evidence,NO ALERT,Routine baseline monitoring.,Ballari Fire Station,17.96,True,Low Risk Index representing routine thermal baseline.
932,6.0,LOW,HIGH,Unknown / Insufficient Evidence,NO ALERT,Routine baseline monitoring.,No fire station within 50 km,inf,False,Low Risk Index representing routine thermal baseline.
933,6.0,LOW,HIGH,Unknown / Insufficient Evidence,NO ALERT,Routine baseline monitoring.,Islampur agnishaman,45.83,True,Low Risk Index representing routine thermal baseline.
934,10.0,LOW,HIGH,Unknown / Insufficient Evidence,NO ALERT,Routine baseline monitoring.,Coimbatore Fire Staion,11.8,True,Low Risk Index representing routine thermal baseline.
935,6.0,LOW,HIGH,Unknown / Insufficient Evidence,NO ALERT,Routine baseline monitoring.,Erode District Fire Station,25.23,True,Low Risk Index representing routine thermal baseline.
936,6.0,LOW,HIGH,Unknown / Insufficient Evidence,NO ALERT,Routine baseline monitoring.,No fire station within 50 km,inf,False,Low Risk Index representing routine thermal baseline.
937,6.0,LOW,HIGH,Unknown / Insufficient Evidence,NO ALERT,Routine baseline monitoring.,No fire station within 50 km,inf,False,Low Risk Index representing routine thermal baseline.
938,10.0,LOW,HIGH,Industrial-context thermal event,NO ALERT,Routine baseline monitoring.,Surandai Fire Station,23.08,True,Low Risk Index representing routine thermal baseline.
939,16.0,LOW,HIGH,Industrial-context thermal event,NO ALERT,Routine baseline monitoring.,Sattur Fire Station,17.84,True,Low Risk Index representing routine thermal baseline.
940,10.0,LOW,HIGH,Unknown / Insufficient Evidence,NO ALERT,Routine baseline monitoring.,No fire station within 50 km,inf,False,Low Risk Index representing routine thermal baseline.
941,13.0,LOW,HIGH,Industrial-context thermal event,NO ALERT,Routine baseline monitoring.,Sattur Fire Station,13.55,True,Low Risk Index representing routine thermal baseline.
942,27.2,LOW,MEDIUM,Agricultural-context thermal event,NO ALERT,Routine baseline monitoring.,Virudhunagar Fire Station,19.03,True,Low Risk Index representing routine thermal baseline.
943,6.0,LOW,HIGH,Unknown / Insufficient Evidence,NO ALERT,Routine baseline monitoring.,Fire station (unnamed),3.21,True,Low Risk Index representing routine thermal baseline.
944,27.2,LOW,MEDIUM,Agricultural-context thermal event,NO ALERT,Routine baseline monitoring.,Fire station (unnamed),39.04,True,Low Risk Index representing routine thermal baseline.
945,22.1,LOW,MEDIUM,Unknown / Insufficient Evidence,NO ALERT,Routine baseline monitoring.,Madurai Airport Fire Station,25.38,True,Low Risk Index representing routine thermal baseline.
946,13.0,LOW,HIGH,Industrial-context thermal event,NO ALERT,Routine baseline monitoring.,Fire And Rescue Services Station,34.35,True,Low Risk Index representing routine thermal baseline.
947,16.0,LOW,HIGH,Agricultural-context thermal event,NO ALERT,Routine baseline monitoring.,Koothanallur Fire  Station,14.21,True,Low Risk Index representing routine thermal baseline.
948,34.0,MEDIUM,MEDIUM,Agricultural-context thermal event,MONITOR / REVIEW,Monitor thermal activity for escalation. Closest verified fire station: Ballari Fire Station (46.8 km away).,Ballari Fire Station,46.82,True,Moderate thermal risk context (Agricultural-context thermal event). Operational review recommended.
949,27.2,LOW,MEDIUM,Agricultural-context thermal event,NO ALERT,Routine baseline monitoring.,Surandai Fire Station,30.27,True,Low Risk Index representing routine thermal baseline.
950,16.0,LOW,HIGH,Agricultural-context thermal event,NO ALERT,Routine baseline monitoring.,Madurai Airport Fire Station,22.58,True,Low Risk Index representing routine thermal baseline.
951,35.0,MEDIUM,LOW,Industrial-context thermal event,MONITOR / REVIEW,Monitor thermal activity for escalation. Closest verified fire station: Fire station (unnamed) (7.4 km away).,Fire station (unnamed),7.43,True,Moderate thermal risk context (Industrial-context thermal event). Operational review recommended.
952,34.0,MEDIUM,MEDIUM,Agricultural-context thermal event,MONITOR / REVIEW,Monitor thermal activity for escalation. Closest verified fire station: Tirumala Fire Station (18.4 km away).,Tirumala Fire Station,18.38,True,Moderate thermal risk context (Agricultural-context thermal event). Operational review recommended.
953,16.0,LOW,HIGH,Industrial-context thermal event,NO ALERT,Routine baseline monitoring.,No fire station within 50 km,inf,False,Low Risk Index representing routine thermal baseline.
954,6.0,LOW,HIGH,Unknown / Insufficient Evidence,NO ALERT,Routine baseline monitoring.,No fire station within 50 km,inf,False,Low Risk Index representing routine thermal baseline.
955,27.2,LOW,MEDIUM,Agricultural-context thermal event,NO ALERT,Routine baseline monitoring.,"Fire and Rescue Station, Adimali",43.87,True,Low Risk Index representing routine thermal baseline.
956,6.0,LOW,HIGH,Unknown / Insufficient Evidence,NO ALERT,Routine baseline monitoring.,CMC fire station,18.54,True,Low Risk Index representing routine thermal baseline.
957,9.0,LOW,HIGH,Unknown / Insufficient Evidence,NO ALERT,Routine baseline monitoring.,Fire station (unnamed),12.07,True,Low Risk Index representing routine thermal baseline.
958,9.0,LOW,HIGH,Unknown / Insufficient Evidence,NO ALERT,Routine baseline monitoring.,No fire station within 50 km,inf,False,Low Risk Index representing routine thermal baseline.
959,6.0,LOW,HIGH,Unknown / Insufficient Evidence,NO ALERT,Routine baseline monitoring.,Fire station (unnamed),12.66,True,Low Risk Index representing routine thermal baseline.
960,6.0,LOW,HIGH,Unknown / Insufficient Evidence,NO ALERT,Routine baseline monitoring.,Fire station (unnamed),11.6,True,Low Risk Index representing routine thermal baseline.
961,9.0,LOW,HIGH,Unknown / Insufficient Evidence,NO ALERT,Routine baseline monitoring.,No fire station within 50 km,inf,False,Low Risk Index representing routine thermal baseline.
962,9.0,LOW,HIGH,Unknown / Insufficient Evidence,NO ALERT,Routine baseline monitoring.,Kallakurichi Fire Station,33.08,True,Low Risk Index representing routine thermal baseline.
963,58.0,MEDIUM,LOW,Industrial-context thermal event,MONITOR / REVIEW,Monitor thermal activity for escalation. Closest verified fire station: Mettur FIre and Rescue Dept. (10.3 km away).,Mettur FIre and Rescue Dept.,10.26,True,Moderate thermal risk context (Industrial-context thermal event). Operational review recommended.
964,17.8,LOW,MEDIUM,Industrial-context thermal event,NO ALERT,Routine baseline monitoring.,Electronics City Fire Station,11.08,True,Low Risk Index representing routine thermal baseline.
965,9.0,LOW,HIGH,Unknown / Insufficient Evidence,NO ALERT,Routine baseline monitoring.,Thiruvallur fire station,22.72,True,Low Risk Index representing routine thermal baseline.
966,22.9,LOW,MEDIUM,Industrial-context thermal event,NO ALERT,Routine baseline monitoring.,NCTPS Fire Station,29.02,True,Low Risk Index representing routine thermal baseline.
967,6.0,LOW,HIGH,Unknown / Insufficient Evidence,NO ALERT,Routine baseline monitoring.,No fire station within 50 km,inf,False,Low Risk Index representing routine thermal baseline.
968,17.8,LOW,MEDIUM,Agricultural-context thermal event,NO ALERT,Routine baseline monitoring.,Airport Fire Station,7.38,True,Low Risk Index representing routine thermal baseline.
969,6.0,LOW,HIGH,Unknown / Insufficient Evidence,NO ALERT,Routine baseline monitoring.,Surandai Fire Station,26.74,True,Low Risk Index representing routine thermal baseline.
970,6.0,LOW,HIGH,Unknown / Insufficient Evidence,NO ALERT,Routine baseline monitoring.,No fire station within 50 km,inf,False,Low Risk Index representing routine thermal baseline.
971,6.0,LOW,HIGH,Unknown / Insufficient Evidence,NO ALERT,Routine baseline monitoring.,No fire station within 50 km,inf,False,Low Risk Index representing routine thermal baseline.
972,6.0,LOW,HIGH,Unknown / Insufficient Evidence,NO ALERT,Routine baseline monitoring.,Pune Municipal Corporation Fire Station Wagholi,38.75,True,Low Risk Index representing routine thermal baseline.
973,9.0,LOW,HIGH,Unknown / Insufficient Evidence,NO ALERT,Routine baseline monitoring.,Chakan Fire station,21.58,True,Low Risk Index representing routine thermal baseline.
974,22.1,LOW,MEDIUM,Unknown / Insufficient Evidence,NO ALERT,Routine baseline monitoring.,Airport Fire Station,22.86,True,Low Risk Index representing routine thermal baseline.
975,59.5,MEDIUM,MEDIUM,Industrial-context thermal event,MONITOR / REVIEW,Monitor thermal activity for escalation. Closest verified fire station: Surandai Fire Station (26.9 km away).,Surandai Fire Station,26.95,True,Moderate thermal risk context (Industrial-context thermal event). Operational review recommended.
976,38.0,MEDIUM,LOW,Industrial-context thermal event,MONITOR / REVIEW,Monitor thermal activity for escalation. Closest verified fire station: Airport Fire Station (30.6 km away).,Airport Fire Station,30.64,True,Moderate thermal risk context (Industrial-context thermal event). Operational review recommended.
977,22.1,LOW,MEDIUM,Unknown / Insufficient Evidence,NO ALERT,Routine baseline monitoring.,Surandai Fire Station,13.73,True,Low Risk Index representing routine thermal baseline.
978,13.0,LOW,HIGH,Unknown / Insufficient Evidence,NO ALERT,Routine baseline monitoring.,Fire station (unnamed),27.21,True,Low Risk Index representing routine thermal baseline.
979,6.0,LOW,HIGH,Unknown / Insufficient Evidence,NO ALERT,Routine baseline monitoring.,No fire station within 50 km,inf,False,Low Risk Index representing routine thermal baseline.
980,13.0,LOW,HIGH,Agricultural-context thermal event,NO ALERT,Routine baseline monitoring.,No fire station within 50 km,inf,False,Low Risk Index representing routine thermal baseline.
981,32.0,MEDIUM,LOW,Agricultural-context thermal event,MONITOR / REVIEW,Monitor thermal activity for escalation. Closest verified fire station: Fire station (unnamed) (28.3 km away).,Fire station (unnamed),28.26,True,Moderate thermal risk context (Agricultural-context thermal event). Operational review recommended.
982,32.0,MEDIUM,LOW,Agricultural-context thermal event,MONITOR / REVIEW,Monitor thermal activity for escalation. Closest verified fire station: Fire station (unnamed) (30.2 km away).,Fire station (unnamed),30.17,True,Moderate thermal risk context (Agricultural-context thermal event). Operational review recommended.
983,34.0,MEDIUM,MEDIUM,Agricultural-context thermal event,MONITOR / REVIEW,Monitor thermal activity for escalation. Closest verified fire station: Fire station (unnamed) (17.2 km away).,Fire station (unnamed),17.2,True,Moderate thermal risk context (Agricultural-context thermal event). Operational review recommended.
984,13.0,LOW,HIGH,Unknown / Insufficient Evidence,NO ALERT,Routine baseline monitoring.,No fire station within 50 km,inf,False,Low Risk Index representing routine thermal baseline.
985,22.1,LOW,MEDIUM,Unknown / Insufficient Evidence,NO ALERT,Routine baseline monitoring.,Madurai Airport Fire Station,29.94,True,Low Risk Index representing routine thermal baseline.
986,13.0,LOW,HIGH,Unknown / Insufficient Evidence,NO ALERT,Routine baseline monitoring.,No fire station within 50 km,inf,False,Low Risk Index representing routine thermal baseline.
987,10.0,LOW,HIGH,Unknown / Insufficient Evidence,NO ALERT,Routine baseline monitoring.,Fire station (unnamed),41.43,True,Low Risk Index representing routine thermal baseline.
988,9.0,LOW,HIGH,Unknown / Insufficient Evidence,NO ALERT,Routine baseline monitoring.,Fire station (unnamed),24.28,True,Low Risk Index representing routine thermal baseline.
989,17.0,LOW,MEDIUM,Unknown / Insufficient Evidence,NO ALERT,Routine baseline monitoring.,BHEL Fire Station,37.67,True,Low Risk Index representing routine thermal baseline.
990,22.1,LOW,MEDIUM,Unknown / Insufficient Evidence,NO ALERT,Routine baseline monitoring.,Koothanallur Fire  Station,37.85,True,Low Risk Index representing routine thermal baseline.
991,32.0,MEDIUM,LOW,Agricultural-context thermal event,MONITOR / REVIEW,Monitor thermal activity for escalation. Closest verified fire station: Koothanallur Fire  Station (19.1 km away).,Koothanallur Fire  Station,19.06,True,Moderate thermal risk context (Agricultural-context thermal event). Operational review recommended.
992,10.0,LOW,HIGH,Unknown / Insufficient Evidence,NO ALERT,Routine baseline monitoring.,Fire And Rescue Services Station,30.15,True,Low Risk Index representing routine thermal baseline.
993,22.1,LOW,MEDIUM,Unknown / Insufficient Evidence,NO ALERT,Routine baseline monitoring.,Koothanallur Fire  Station,24.71,True,Low Risk Index representing routine thermal baseline.
994,22.1,LOW,MEDIUM,Unknown / Insufficient Evidence,NO ALERT,Routine baseline monitoring.,Kangeyam Fire Station,28.46,True,Low Risk Index representing routine thermal baseline.
995,27.2,LOW,MEDIUM,Agricultural-context thermal event,NO ALERT,Routine baseline monitoring.,No fire station within 50 km,inf,False,Low Risk Index representing routine thermal baseline.
996,10.0,LOW,HIGH,Unknown / Insufficient Evidence,NO ALERT,Routine baseline monitoring.,BHEL Fire Station,43.45,True,Low Risk Index representing routine thermal baseline.
997,32.0,MEDIUM,LOW,Agricultural-context thermal event,MONITOR / REVIEW,Monitor thermal activity for escalation. Closest verified fire station: Fire station (unnamed) (44.9 km away).,Fire station (unnamed),44.92,True,Moderate thermal risk context (Agricultural-context thermal event). Operational review recommended.
998,13.0,LOW,HIGH,Unknown / Insufficient Evidence,NO ALERT,Routine baseline monitoring.,Kallakurichi Fire Station,22.49,True,Low Risk Index representing routine thermal baseline.
999,13.0,LOW,HIGH,Unknown / Insufficient Evidence,NO ALERT,Routine baseline monitoring.,Kallakurichi Fire Station,32.71,True,Low Risk Index representing routine thermal baseline.
1000,16.0,LOW,HIGH,Agricultural-context thermal event,NO ALERT,Routine baseline monitoring.,Fire station (unnamed),45.95,True,Low Risk Index representing routine thermal baseline.
1001,32.0,MEDIUM,LOW,Agricultural-context thermal event,MONITOR / REVIEW,Monitor thermal activity for escalation. Closest verified fire station: Fire station (unnamed) (39.0 km away).,Fire station (unnamed),39.05,True,Moderate thermal risk context (Agricultural-context thermal event). Operational review recommended.
1002,22.1,LOW,MEDIUM,Unknown / Insufficient Evidence,NO ALERT,Routine baseline monitoring.,Mulbagal Fire Station,31.52,True,Low Risk Index representing routine thermal baseline.
1003,40.0,MEDIUM,LOW,Agricultural-context thermal event,MONITOR / REVIEW,Monitor thermal activity for escalation. Closest verified fire station: Fire Station Gudiyattam (26.7 km away).,Fire Station Gudiyattam,26.67,True,Moderate thermal risk context (Agricultural-context thermal event). Operational review recommended.
1004,26.0,LOW,LOW,Unknown / Insufficient Evidence,NO ALERT,Routine baseline monitoring.,Mulbagal Fire Station,30.45,True,Low Risk Index representing routine thermal baseline.
1005,38.0,MEDIUM,LOW,Agricultural-context thermal event,MONITOR / REVIEW,Monitor thermal activity for escalation. Closest verified fire station: Tirumala Fire Station (17.4 km away).,Tirumala Fire Station,17.36,True,Moderate thermal risk context (Agricultural-context thermal event). Operational review recommended.
1006,28.9,LOW,MEDIUM,Unknown / Insufficient Evidence,NO ALERT,Routine baseline monitoring.,Gauribidanur Fire Station,44.6,True,Low Risk Index representing routine thermal baseline.
1007,22.1,LOW,MEDIUM,Unknown / Insufficient Evidence,NO ALERT,Routine baseline monitoring.,Fire station (unnamed),36.67,True,Low Risk Index representing routine thermal baseline.
1008,32.0,MEDIUM,LOW,Agricultural-context thermal event,MONITOR / REVIEW,Monitor thermal activity for escalation. Closest verified fire station: Fire Station (33.0 km away).,Fire Station,33.04,True,Moderate thermal risk context (Agricultural-context thermal event). Operational review recommended.
1009,26.5,LOW,HIGH,Agricultural-context thermal event,NO ALERT,Routine baseline monitoring.,Tisaiyanvillai Fire Station,18.36,True,Low Risk Index representing routine thermal baseline.
1010,9.0,LOW,HIGH,Unknown / Insufficient Evidence,NO ALERT,Routine baseline monitoring.,Airport Fire Station,13.89,True,Low Risk Index representing routine thermal baseline.
1011,16.0,LOW,HIGH,Agricultural-context thermal event,NO ALERT,Routine baseline monitoring.,Airport Fire Station,3.33,True,Low Risk Index representing routine thermal baseline.
1012,13.0,LOW,HIGH,Unknown / Insufficient Evidence,NO ALERT,Routine baseline monitoring.,Surandai Fire Station,24.51,True,Low Risk Index representing routine thermal baseline.
1013,13.0,LOW,HIGH,Unknown / Insufficient Evidence,NO ALERT,Routine baseline monitoring.,Airport Fire Station,10.88,True,Low Risk Index representing routine thermal baseline.
1014,13.0,LOW,HIGH,Unknown / Insufficient Evidence,NO ALERT,Routine baseline monitoring.,Surandai Fire Station,20.59,True,Low Risk Index representing routine thermal baseline.
1015,16.0,LOW,HIGH,Agricultural-context thermal event,NO ALERT,Routine baseline monitoring.,Fire And Rescue Service Station,7.28,True,Low Risk Index representing routine thermal baseline.
1016,22.1,LOW,MEDIUM,Unknown / Insufficient Evidence,NO ALERT,Routine baseline monitoring.,Surandai Fire Station,25.95,True,Low Risk Index representing routine thermal baseline.
1017,13.0,LOW,HIGH,Unknown / Insufficient Evidence,NO ALERT,Routine baseline monitoring.,Surandai Fire Station,9.75,True,Low Risk Index representing routine thermal baseline.
1018,19.0,LOW,HIGH,Agricultural-context thermal event,NO ALERT,Routine baseline monitoring.,No fire station within 50 km,inf,False,Low Risk Index representing routine thermal baseline.
1019,13.0,LOW,HIGH,Unknown / Insufficient Evidence,NO ALERT,Routine baseline monitoring.,No fire station within 50 km,inf,False,Low Risk Index representing routine thermal baseline.
1020,16.0,LOW,HIGH,Agricultural-context thermal event,NO ALERT,Routine baseline monitoring.,Fire station (unnamed),28.61,True,Low Risk Index representing routine thermal baseline.
1021,45.0,MEDIUM,LOW,Industrial-context thermal event,MONITOR / REVIEW,Monitor thermal activity for escalation. Closest verified fire station: Sattur Fire Station (37.4 km away).,Sattur Fire Station,37.38,True,Moderate thermal risk context (Industrial-context thermal event). Operational review recommended.
1022,9.0,LOW,HIGH,Unknown / Insufficient Evidence,NO ALERT,Routine baseline monitoring.,Fire station (unnamed),15.82,True,Low Risk Index representing routine thermal baseline.
1023,70.0,HIGH,LOW,Industrial-context thermal event,HIGH PRIORITY ALERT,Dispatch priority ground verification unit from the nearest operational fire service. Closest verified fire station: Virudhunagar Fire Station (30.9 km away).,Virudhunagar Fire Station,30.95,True,High Risk Index (70.0) combined with high evidence reliability (Low False-Alarm Concern).
1024,56.0,MEDIUM,LOW,Industrial-context thermal event,MONITOR / REVIEW,Monitor thermal activity for escalation. Closest verified fire station: Madurai Airport Fire Station (37.6 km away).,Madurai Airport Fire Station,37.63,True,Moderate thermal risk context (Industrial-context thermal event). Operational review recommended.
1025,13.0,LOW,HIGH,Unknown / Insufficient Evidence,NO ALERT,Routine baseline monitoring.,Madurai Airport Fire Station,40.82,True,Low Risk Index representing routine thermal baseline.
1026,26.0,LOW,LOW,Industrial-context thermal event,NO ALERT,Routine baseline monitoring.,Fire station (unnamed),14.72,True,Low Risk Index representing routine thermal baseline.
1027,9.0,LOW,HIGH,Unknown / Insufficient Evidence,NO ALERT,Routine baseline monitoring.,Madurai Airport Fire Station,14.6,True,Low Risk Index representing routine thermal baseline.
1028,10.0,LOW,HIGH,Unknown / Insufficient Evidence,NO ALERT,Routine baseline monitoring.,Fire station (unnamed),35.27,True,Low Risk Index representing routine thermal baseline.
1029,16.0,LOW,HIGH,Agricultural-context thermal event,NO ALERT,Routine baseline monitoring.,Madurai Airport Fire Station,17.61,True,Low Risk Index representing routine thermal baseline.
1030,13.0,LOW,HIGH,Unknown / Insufficient Evidence,NO ALERT,Routine baseline monitoring.,Fire station (unnamed),26.74,True,Low Risk Index representing routine thermal baseline.
1031,32.3,MEDIUM,MEDIUM,Industrial-context thermal event,MONITOR / REVIEW,Monitor thermal activity for escalation. Closest verified fire station: Fire And Rescue Services Station (40.9 km away).,Fire And Rescue Services Station,40.88,True,Moderate thermal risk context (Industrial-context thermal event). Operational review recommended.
1032,13.0,LOW,HIGH,Unknown / Insufficient Evidence,NO ALERT,Routine baseline monitoring.,Fire station (unnamed),17.92,True,Low Risk Index representing routine thermal baseline.
1033,16.0,LOW,HIGH,Agricultural-context thermal event,NO ALERT,Routine baseline monitoring.,Fire And Rescue Services Station,27.23,True,Low Risk Index representing routine thermal baseline.
1034,16.0,LOW,HIGH,Agricultural-context thermal event,NO ALERT,Routine baseline monitoring.,Fire station (unnamed),16.85,True,Low Risk Index representing routine thermal baseline.
1035,13.0,LOW,HIGH,Unknown / Insufficient Evidence,NO ALERT,Routine baseline monitoring.,Koothanallur Fire  Station,26.09,True,Low Risk Index representing routine thermal baseline.
1036,27.2,LOW,MEDIUM,Agricultural-context thermal event,NO ALERT,Routine baseline monitoring.,Fire And Rescue Services Station,37.84,True,Low Risk Index representing routine thermal baseline.
1037,16.0,LOW,HIGH,Agricultural-context thermal event,NO ALERT,Routine baseline monitoring.,Koothanallur Fire  Station,20.11,True,Low Risk Index representing routine thermal baseline.
1038,16.0,LOW,HIGH,Agricultural-context thermal event,NO ALERT,Routine baseline monitoring.,Fire station (unnamed),5.06,True,Low Risk Index representing routine thermal baseline.
1039,38.0,MEDIUM,LOW,Agricultural-context thermal event,MONITOR / REVIEW,Monitor thermal activity for escalation. Closest verified fire station: Fire station (unnamed) (5.5 km away).,Fire station (unnamed),5.51,True,Moderate thermal risk context (Agricultural-context thermal event). Operational review recommended.
1040,19.0,LOW,HIGH,Agricultural-context thermal event,NO ALERT,Routine baseline monitoring.,BHEL Fire Station,26.44,True,Low Risk Index representing routine thermal baseline.
1041,13.0,LOW,HIGH,Unknown / Insufficient Evidence,NO ALERT,Routine baseline monitoring.,Fire station (unnamed),7.19,True,Low Risk Index representing routine thermal baseline.
1042,27.2,LOW,MEDIUM,Agricultural-context thermal event,NO ALERT,Routine baseline monitoring.,Fire station (unnamed),25.33,True,Low Risk Index representing routine thermal baseline.
1043,16.0,LOW,HIGH,Agricultural-context thermal event,NO ALERT,Routine baseline monitoring.,Fire station (unnamed),36.27,True,Low Risk Index representing routine thermal baseline.
1044,22.1,LOW,MEDIUM,Unknown / Insufficient Evidence,NO ALERT,Routine baseline monitoring.,Fire station (unnamed),32.77,True,Low Risk Index representing routine thermal baseline.
1045,16.0,LOW,HIGH,Agricultural-context thermal event,NO ALERT,Routine baseline monitoring.,BHEL Fire Station,28.94,True,Low Risk Index representing routine thermal baseline.
1046,41.0,MEDIUM,LOW,Agricultural-context thermal event,MONITOR / REVIEW,Monitor thermal activity for escalation. Closest verified fire station: Erode District Fire Station (38.0 km away).,Erode District Fire Station,37.95,True,Moderate thermal risk context (Agricultural-context thermal event). Operational review recommended.
1047,62.0,HIGH,LOW,Agricultural-context thermal event,HIGH PRIORITY ALERT,Dispatch priority ground verification unit from the nearest operational fire service. Closest verified fire station: Fire station (unnamed) (39.9 km away).,Fire station (unnamed),39.91,True,High Risk Index (62.0) combined with high evidence reliability (Low False-Alarm Concern).
1048,9.0,LOW,HIGH,Unknown / Insufficient Evidence,NO ALERT,Routine baseline monitoring.,No fire station within 50 km,inf,False,Low Risk Index representing routine thermal baseline.
1049,32.3,MEDIUM,MEDIUM,Agricultural-context thermal event,MONITOR / REVIEW,Monitor thermal activity for escalation. Closest verified fire station: Erode District Fire Station (45.9 km away).,Erode District Fire Station,45.94,True,Moderate thermal risk context (Agricultural-context thermal event). Operational review recommended.
1050,27.2,LOW,MEDIUM,Agricultural-context thermal event,NO ALERT,Routine baseline monitoring.,Erode District Fire Station,19.99,True,Low Risk Index representing routine thermal baseline.
1051,9.0,LOW,HIGH,Unknown / Insufficient Evidence,NO ALERT,Routine baseline monitoring.,Fire Station Chidambaram,28.49,True,Low Risk Index representing routine thermal baseline.
1052,13.0,LOW,HIGH,Unknown / Insufficient Evidence,NO ALERT,Routine baseline monitoring.,Kallakurichi Fire Station,37.5,True,Low Risk Index representing routine thermal baseline.
1053,9.0,LOW,HIGH,Unknown / Insufficient Evidence,NO ALERT,Routine baseline monitoring.,Fire station (unnamed),5.94,True,Low Risk Index representing routine thermal baseline.
1054,75.0,HIGH,LOW,Unknown / Insufficient Evidence,HIGH PRIORITY ALERT,Dispatch priority ground verification unit from the nearest operational fire service. Closest verified fire station: Kallakurichi Fire Station (29.6 km away).,Kallakurichi Fire Station,29.64,True,High Risk Index (75.0) combined with high evidence reliability (Low False-Alarm Concern).
1055,13.0,LOW,HIGH,Unknown / Insufficient Evidence,NO ALERT,Routine baseline monitoring.,Kallakurichi Fire Station,16.08,True,Low Risk Index representing routine thermal baseline.
1056,38.0,MEDIUM,LOW,Agricultural-context thermal event,MONITOR / REVIEW,Monitor thermal activity for escalation. Closest verified fire station: Kallakurichi Fire Station (27.4 km away).,Kallakurichi Fire Station,27.4,True,Moderate thermal risk context (Agricultural-context thermal event). Operational review recommended.
1057,16.0,LOW,HIGH,Agricultural-context thermal event,NO ALERT,Routine baseline monitoring.,Kallakurichi Fire Station,26.76,True,Low Risk Index representing routine thermal baseline.
1058,13.0,LOW,HIGH,Unknown / Insufficient Evidence,NO ALERT,Routine baseline monitoring.,Fire Control Room,30.07,True,Low Risk Index representing routine thermal baseline.
1059,10.0,LOW,HIGH,Unknown / Insufficient Evidence,NO ALERT,Routine baseline monitoring.,Saraswathipuram Fire Station,14.69,True,Low Risk Index representing routine thermal baseline.
1060,13.0,LOW,HIGH,Unknown / Insufficient Evidence,NO ALERT,Routine baseline monitoring.,Fire Station,14.04,True,Low Risk Index representing routine thermal baseline.
1061,13.0,LOW,HIGH,Unknown / Insufficient Evidence,NO ALERT,Routine baseline monitoring.,Fire station (unnamed),17.8,True,Low Risk Index representing routine thermal baseline.
1062,13.0,LOW,HIGH,Unknown / Insufficient Evidence,NO ALERT,Routine baseline monitoring.,Ramanagara Fire Station,27.02,True,Low Risk Index representing routine thermal baseline.
1063,13.0,LOW,HIGH,Unknown / Insufficient Evidence,NO ALERT,Routine baseline monitoring.,Mulbagal Fire Station,29.89,True,Low Risk Index representing routine thermal baseline.
1064,13.0,LOW,HIGH,Unknown / Insufficient Evidence,NO ALERT,Routine baseline monitoring.,Fire station (unnamed),15.98,True,Low Risk Index representing routine thermal baseline.
1065,13.0,LOW,HIGH,Unknown / Insufficient Evidence,NO ALERT,Routine baseline monitoring.,Fire station (unnamed),19.82,True,Low Risk Index representing routine thermal baseline.
1066,9.0,LOW,HIGH,Unknown / Insufficient Evidence,NO ALERT,Routine baseline monitoring.,Gudibanda Fire Station,31.13,True,Low Risk Index representing routine thermal baseline.
1067,13.0,LOW,HIGH,Unknown / Insufficient Evidence,NO ALERT,Routine baseline monitoring.,Fire Station,18.23,True,Low Risk Index representing routine thermal baseline.
1068,32.0,MEDIUM,LOW,Industrial-context thermal event,MONITOR / REVIEW,Monitor thermal activity for escalation.; no verified fire station identified within the search radius -- nearest district fire service should be contacted,No fire station within 50 km,inf,False,Moderate thermal risk context (Industrial-context thermal event). Operational review recommended.
1069,26.0,LOW,LOW,Unknown / Insufficient Evidence,NO ALERT,Routine baseline monitoring.,No fire station within 50 km,inf,False,Low Risk Index representing routine thermal baseline.
1070,32.0,MEDIUM,LOW,Agricultural-context thermal event,MONITOR / REVIEW,Monitor thermal activity for escalation.; no verified fire station identified within the search radius -- nearest district fire service should be contacted,No fire station within 50 km,inf,False,Moderate thermal risk context (Agricultural-context thermal event). Operational review recommended.
1071,27.2,LOW,MEDIUM,Agricultural-context thermal event,NO ALERT,Routine baseline monitoring.,No fire station within 50 km,inf,False,Low Risk Index representing routine thermal baseline.
1072,22.1,LOW,MEDIUM,Unknown / Insufficient Evidence,NO ALERT,Routine baseline monitoring.,No fire station within 50 km,inf,False,Low Risk Index representing routine thermal baseline.
1073,13.0,LOW,HIGH,Unknown / Insufficient Evidence,NO ALERT,Routine baseline monitoring.,Fire station (unnamed),32.25,True,Low Risk Index representing routine thermal baseline.
1074,9.0,LOW,HIGH,Unknown / Insufficient Evidence,NO ALERT,Routine baseline monitoring.,Pune Municipal Corporation Fire Station Wagholi,30.79,True,Low Risk Index representing routine thermal baseline.
1075,22.1,LOW,MEDIUM,Unknown / Insufficient Evidence,NO ALERT,Routine baseline monitoring.,No fire station within 50 km,inf,False,Low Risk Index representing routine thermal baseline.
1076,50.0,MEDIUM,LOW,Industrial-context thermal event,MONITOR / REVIEW,Monitor thermal activity for escalation. Closest verified fire station: Fire station (unnamed) (5.5 km away).,Fire station (unnamed),5.48,True,Moderate thermal risk context (Industrial-context thermal event). Operational review recommended.
1077,6.0,LOW,HIGH,Unknown / Insufficient Evidence,NO ALERT,Routine baseline monitoring.,Fire station (unnamed),19.2,True,Low Risk Index representing routine thermal baseline.
1078,6.0,LOW,HIGH,Unknown / Insufficient Evidence,NO ALERT,Routine baseline monitoring.,Fire station (unnamed),16.2,True,Low Risk Index representing routine thermal baseline.
1079,6.0,LOW,HIGH,Unknown / Insufficient Evidence,NO ALERT,Routine baseline monitoring.,Fire station (unnamed),15.24,True,Low Risk Index representing routine thermal baseline.
1080,50.0,MEDIUM,LOW,Industrial-context thermal event,MONITOR / REVIEW,Monitor thermal activity for escalation. Closest verified fire station: Fire station (unnamed) (6.9 km away).,Fire station (unnamed),6.87,True,Moderate thermal risk context (Industrial-context thermal event). Operational review recommended.
1081,50.0,MEDIUM,LOW,Industrial-context thermal event,MONITOR / REVIEW,Monitor thermal activity for escalation. Closest verified fire station: Fire station (unnamed) (23.0 km away).,Fire station (unnamed),23.0,True,Moderate thermal risk context (Industrial-context thermal event). Operational review recommended.
1082,27.2,LOW,MEDIUM,Industrial-context thermal event,NO ALERT,Routine baseline monitoring.,Fire station (unnamed),32.61,True,Low Risk Index representing routine thermal baseline.
1083,15.3,LOW,MEDIUM,Unknown / Insufficient Evidence,NO ALERT,Routine baseline monitoring.,NIT Faridabad Fire Station,8.05,True,Low Risk Index representing routine thermal baseline.
1084,9.0,LOW,HIGH,Unknown / Insufficient Evidence,NO ALERT,Routine baseline monitoring.,Fire station (unnamed),15.91,True,Low Risk Index representing routine thermal baseline.
1085,6.0,LOW,HIGH,Unknown / Insufficient Evidence,NO ALERT,Routine baseline monitoring.,"Fire Station, Rajiv Gandhi Education City",10.91,True,Low Risk Index representing routine thermal baseline.
1086,15.3,LOW,MEDIUM,Unknown / Insufficient Evidence,NO ALERT,Routine baseline monitoring.,Fire station (unnamed),30.67,True,Low Risk Index representing routine thermal baseline.
1087,15.3,LOW,MEDIUM,Unknown / Insufficient Evidence,NO ALERT,Routine baseline monitoring.,Koothanallur Fire  Station,34.12,True,Low Risk Index representing routine thermal baseline.
1088,6.0,LOW,HIGH,Unknown / Insufficient Evidence,NO ALERT,Routine baseline monitoring.,Kangeyam Fire Station,46.05,True,Low Risk Index representing routine thermal baseline.
1089,10.2,LOW,MEDIUM,Unknown / Insufficient Evidence,NO ALERT,Routine baseline monitoring.,Tamilnadu fire and rescue services,4.88,True,Low Risk Index representing routine thermal baseline.
1090,6.0,LOW,HIGH,Unknown / Insufficient Evidence,NO ALERT,Routine baseline monitoring.,Fire Station Gudiyattam,33.35,True,Low Risk Index representing routine thermal baseline.
1091,36.0,MEDIUM,LOW,Industrial-context thermal event,MONITOR / REVIEW,Monitor thermal activity for escalation.; no verified fire station identified within the search radius -- nearest district fire service should be contacted,No fire station within 50 km,inf,False,Moderate thermal risk context (Industrial-context thermal event). Operational review recommended.
1092,6.0,LOW,HIGH,Unknown / Insufficient Evidence,NO ALERT,Routine baseline monitoring.,No fire station within 50 km,inf,False,Low Risk Index representing routine thermal baseline.
1093,6.0,LOW,HIGH,Unknown / Insufficient Evidence,NO ALERT,Routine baseline monitoring.,Fire station (unnamed),21.82,True,Low Risk Index representing routine thermal baseline.
1094,59.0,MEDIUM,LOW,Industrial-context thermal event,MONITOR / REVIEW,Monitor thermal activity for escalation.; no verified fire station identified within the search radius -- nearest district fire service should be contacted,No fire station within 50 km,inf,False,Moderate thermal risk context (Industrial-context thermal event). Operational review recommended.
1095,13.0,LOW,HIGH,Unknown / Insufficient Evidence,NO ALERT,Routine baseline monitoring.,Jonai Fire Service Station,27.08,True,Low Risk Index representing routine thermal baseline.
1096,62.0,HIGH,LOW,Industrial-context thermal event,HIGH PRIORITY ALERT,Dispatch priority ground verification unit from the nearest operational fire service.; no verified fire station identified within the search radius -- nearest district fire service should be contacted,No fire station within 50 km,inf,False,High Risk Index (62.0) combined with high evidence reliability (Low False-Alarm Concern).
1097,79.0,HIGH,LOW,Unknown / Insufficient Evidence,HIGH PRIORITY ALERT,Dispatch priority ground verification unit from the nearest operational fire service.; no verified fire station identified within the search radius -- nearest district fire service should be contacted,No fire station within 50 km,inf,False,High Risk Index (79.0) combined with high evidence reliability (Low False-Alarm Concern).
1098,23.5,LOW,HIGH,Agricultural-context thermal event,NO ALERT,Routine baseline monitoring.,Fire And Rescue Service Station,10.75,True,Low Risk Index representing routine thermal baseline.
1099,56.0,MEDIUM,LOW,Agricultural-context thermal event,MONITOR / REVIEW,Monitor thermal activity for escalation.; no verified fire station identified within the search radius -- nearest district fire service should be contacted,No fire station within 50 km,inf,False,Moderate thermal risk context (Agricultural-context thermal event). Operational review recommended.
1100,13.0,LOW,HIGH,Unknown / Insufficient Evidence,NO ALERT,Routine baseline monitoring.,No fire station within 50 km,inf,False,Low Risk Index representing routine thermal baseline.
1101,26.5,LOW,HIGH,Agricultural-context thermal event,NO ALERT,Routine baseline monitoring.,Virudhunagar Fire Station,14.57,True,Low Risk Index representing routine thermal baseline.
1102,27.2,LOW,MEDIUM,Agricultural-context thermal event,NO ALERT,Routine baseline monitoring.,Fire station (unnamed),7.65,True,Low Risk Index representing routine thermal baseline.
1103,79.0,HIGH,LOW,Industrial-context thermal event,HIGH PRIORITY ALERT,Dispatch priority ground verification unit from the nearest operational fire service.; no verified fire station identified within the search radius -- nearest district fire service should be contacted,No fire station within 50 km,inf,False,High Risk Index (79.0) combined with high evidence reliability (Low False-Alarm Concern).
1104,32.0,MEDIUM,LOW,Agricultural-context thermal event,MONITOR / REVIEW,Monitor thermal activity for escalation. Closest verified fire station: Airport Fire Station (16.6 km away).,Airport Fire Station,16.6,True,Moderate thermal risk context (Agricultural-context thermal event). Operational review recommended.
1105,100.0,HIGH,LOW,Industrial-context thermal event,HIGH PRIORITY ALERT,Dispatch priority ground verification unit from the nearest operational fire service. Closest verified fire station: Surandai Fire Station (32.4 km away).,Surandai Fire Station,32.4,True,High Risk Index (100.0) combined with high evidence reliability (Low False-Alarm Concern).
1106,34.0,MEDIUM,MEDIUM,Agricultural-context thermal event,MONITOR / REVIEW,Monitor thermal activity for escalation.; no verified fire station identified within the search radius -- nearest district fire service should be contacted,No fire station within 50 km,inf,False,Moderate thermal risk context (Agricultural-context thermal event). Operational review recommended.
1107,16.0,LOW,HIGH,Agricultural-context thermal event,NO ALERT,Routine baseline monitoring.,Fire station (unnamed),8.89,True,Low Risk Index representing routine thermal baseline.
1108,10.0,LOW,HIGH,Unknown / Insufficient Evidence,NO ALERT,Routine baseline monitoring.,Fire station (unnamed),30.94,True,Low Risk Index representing routine thermal baseline.
1109,13.0,LOW,HIGH,Unknown / Insufficient Evidence,NO ALERT,Routine baseline monitoring.,Fire station (unnamed),40.7,True,Low Risk Index representing routine thermal baseline.
1110,6.0,LOW,HIGH,Unknown / Insufficient Evidence,NO ALERT,Routine baseline monitoring.,Jorhat Fire Station,29.33,True,Low Risk Index representing routine thermal baseline.
1111,41.0,MEDIUM,LOW,Agricultural-context thermal event,MONITOR / REVIEW,Monitor thermal activity for escalation.; no verified fire station identified within the search radius -- nearest district fire service should be contacted,No fire station within 50 km,inf,False,Moderate thermal risk context (Agricultural-context thermal event). Operational review recommended.
1112,27.0,LOW,LOW,Industrial-context thermal event,NO ALERT,Routine baseline monitoring.,No fire station within 50 km,inf,False,Low Risk Index representing routine thermal baseline.
1113,70.0,HIGH,LOW,Industrial-context thermal event,HIGH PRIORITY ALERT,Dispatch priority ground verification unit from the nearest operational fire service.; no verified fire station identified within the search radius -- nearest district fire service should be contacted,No fire station within 50 km,inf,False,High Risk Index (70.0) combined with high evidence reliability (Low False-Alarm Concern).
1114,42.0,MEDIUM,LOW,Industrial-context thermal event,MONITOR / REVIEW,Monitor thermal activity for escalation.; no verified fire station identified within the search radius -- nearest district fire service should be contacted,No fire station within 50 km,inf,False,Moderate thermal risk context (Industrial-context thermal event). Operational review recommended.
1115,79.0,HIGH,LOW,Agricultural-context thermal event,HIGH PRIORITY ALERT,Dispatch priority ground verification unit from the nearest operational fire service.; no verified fire station identified within the search radius -- nearest district fire service should be contacted,No fire station within 50 km,inf,False,High Risk Index (79.0) combined with high evidence reliability (Low False-Alarm Concern).
1116,9.0,LOW,HIGH,Unknown / Insufficient Evidence,NO ALERT,Routine baseline monitoring.,No fire station within 50 km,inf,False,Low Risk Index representing routine thermal baseline.
1117,20.4,LOW,MEDIUM,Agricultural-context thermal event,NO ALERT,Routine baseline monitoring.,No fire station within 50 km,inf,False,Low Risk Index representing routine thermal baseline.
1118,6.0,LOW,HIGH,Unknown / Insufficient Evidence,NO ALERT,Routine baseline monitoring.,No fire station within 50 km,inf,False,Low Risk Index representing routine thermal baseline.
1119,27.0,LOW,LOW,Unknown / Insufficient Evidence,NO ALERT,Routine baseline monitoring.,No fire station within 50 km,inf,False,Low Risk Index representing routine thermal baseline.
1120,15.3,LOW,MEDIUM,Unknown / Insufficient Evidence,NO ALERT,Routine baseline monitoring.,No fire station within 50 km,inf,False,Low Risk Index representing routine thermal baseline.
1121,27.0,LOW,LOW,Industrial-context thermal event,NO ALERT,Routine baseline monitoring.,Jaynagar Fire Station,34.06,True,Low Risk Index representing routine thermal baseline.
1122,6.0,LOW,HIGH,Unknown / Insufficient Evidence,NO ALERT,Routine baseline monitoring.,No fire station within 50 km,inf,False,Low Risk Index representing routine thermal baseline.
1123,30.6,MEDIUM,MEDIUM,Industrial-context thermal event,MONITOR / REVIEW,Monitor thermal activity for escalation.; no verified fire station identified within the search radius -- nearest district fire service should be contacted,No fire station within 50 km,inf,False,Moderate thermal risk context (Industrial-context thermal event). Operational review recommended.
1124,50.0,MEDIUM,LOW,Industrial-context thermal event,MONITOR / REVIEW,Monitor thermal activity for escalation.; no verified fire station identified within the search radius -- nearest district fire service should be contacted,No fire station within 50 km,inf,False,Moderate thermal risk context (Industrial-context thermal event). Operational review recommended.
1125,27.0,LOW,LOW,Industrial-context thermal event,NO ALERT,Routine baseline monitoring.,No fire station within 50 km,inf,False,Low Risk Index representing routine thermal baseline.
1126,6.0,LOW,HIGH,Unknown / Insufficient Evidence,NO ALERT,Routine baseline monitoring.,No fire station within 50 km,inf,False,Low Risk Index representing routine thermal baseline.
1127,42.0,MEDIUM,LOW,Industrial-context thermal event,MONITOR / REVIEW,Monitor thermal activity for escalation.; no verified fire station identified within the search radius -- nearest district fire service should be contacted,No fire station within 50 km,inf,False,Moderate thermal risk context (Industrial-context thermal event). Operational review recommended.
1128,79.0,HIGH,LOW,Industrial-context thermal event,HIGH PRIORITY ALERT,Dispatch priority ground verification unit from the nearest operational fire service. Closest verified fire station: Asansol Fire Station (18.4 km away).,Asansol Fire Station,18.45,True,High Risk Index (79.0) combined with high evidence reliability (Low False-Alarm Concern).
1129,79.0,HIGH,LOW,Industrial-context thermal event,HIGH PRIORITY ALERT,Dispatch priority ground verification unit from the nearest operational fire service. Closest verified fire station: Fire station (unnamed) (38.9 km away).,Fire station (unnamed),38.92,True,High Risk Index (79.0) combined with high evidence reliability (Low False-Alarm Concern).
1130,73.0,HIGH,LOW,Industrial-context thermal event,HIGH PRIORITY ALERT,Dispatch priority ground verification unit from the nearest operational fire service. Closest verified fire station: Asansol Fire Station (14.4 km away).,Asansol Fire Station,14.41,True,High Risk Index (73.0) combined with high evidence reliability (Low False-Alarm Concern).
1131,65.0,HIGH,LOW,Forest/Natural-context thermal event,HIGH PRIORITY ALERT,Dispatch priority ground verification unit from the nearest operational fire service. Closest verified fire station: Fire station (unnamed) (43.4 km away).,Fire station (unnamed),43.37,True,High Risk Index (65.0) combined with high evidence reliability (Low False-Alarm Concern).
1132,79.0,HIGH,LOW,Industrial-context thermal event,HIGH PRIORITY ALERT,Dispatch priority ground verification unit from the nearest operational fire service. Closest verified fire station: Fire station (unnamed) (44.7 km away).,Fire station (unnamed),44.69,True,High Risk Index (79.0) combined with high evidence reliability (Low False-Alarm Concern).
1133,79.0,HIGH,LOW,Industrial-context thermal event,HIGH PRIORITY ALERT,Dispatch priority ground verification unit from the nearest operational fire service. Closest verified fire station: Fire station (unnamed) (49.8 km away).,Fire station (unnamed),49.83,True,High Risk Index (79.0) combined with high evidence reliability (Low False-Alarm Concern).
1134,27.0,LOW,LOW,Unknown / Insufficient Evidence,NO ALERT,Routine baseline monitoring.,No fire station within 50 km,inf,False,Low Risk Index representing routine thermal baseline.
1135,6.0,LOW,HIGH,Unknown / Insufficient Evidence,NO ALERT,Routine baseline monitoring.,Fire station (unnamed),23.73,True,Low Risk Index representing routine thermal baseline.
1136,6.0,LOW,HIGH,Unknown / Insufficient Evidence,NO ALERT,Routine baseline monitoring.,Fire station (unnamed),30.58,True,Low Risk Index representing routine thermal baseline.
1137,6.0,LOW,HIGH,Unknown / Insufficient Evidence,NO ALERT,Routine baseline monitoring.,Madurai Airport Fire Station,26.75,True,Low Risk Index representing routine thermal baseline.
1138,6.0,LOW,HIGH,Unknown / Insufficient Evidence,NO ALERT,Routine baseline monitoring.,Fire station (unnamed),19.16,True,Low Risk Index representing routine thermal baseline.
1139,79.0,HIGH,LOW,Industrial-context thermal event,HIGH PRIORITY ALERT,Dispatch priority ground verification unit from the nearest operational fire service.; no verified fire station identified within the search radius -- nearest district fire service should be contacted,No fire station within 50 km,inf,False,High Risk Index (79.0) combined with high evidence reliability (Low False-Alarm Concern).
1140,9.0,LOW,HIGH,Unknown / Insufficient Evidence,NO ALERT,Routine baseline monitoring.,Fire station (unnamed),3.42,True,Low Risk Index representing routine thermal baseline.
1141,27.0,LOW,LOW,Industrial-context thermal event,NO ALERT,Routine baseline monitoring.,Asansol Fire Station,17.57,True,Low Risk Index representing routine thermal baseline.
1142,56.0,MEDIUM,LOW,Industrial-context thermal event,MONITOR / REVIEW,Monitor thermal activity for escalation. Closest verified fire station: Fire station (unnamed) (49.2 km away).,Fire station (unnamed),49.17,True,Moderate thermal risk context (Industrial-context thermal event). Operational review recommended.
1143,50.0,MEDIUM,LOW,Industrial-context thermal event,MONITOR / REVIEW,Monitor thermal activity for escalation. Closest verified fire station: Fire station (unnamed) (50.0 km away).,Fire station (unnamed),49.96,True,Moderate thermal risk context (Industrial-context thermal event). Operational review recommended.
1144,50.0,MEDIUM,LOW,Industrial-context thermal event,MONITOR / REVIEW,Monitor thermal activity for escalation.; no verified fire station identified within the search radius -- nearest district fire service should be contacted,No fire station within 50 km,inf,False,Moderate thermal risk context (Industrial-context thermal event). Operational review recommended.
1145,41.0,MEDIUM,LOW,Agricultural-context thermal event,MONITOR / REVIEW,Monitor thermal activity for escalation.; no verified fire station identified within the search radius -- nearest district fire service should be contacted,No fire station within 50 km,inf,False,Moderate thermal risk context (Agricultural-context thermal event). Operational review recommended.
1146,22.9,LOW,MEDIUM,Industrial-context thermal event,NO ALERT,Routine baseline monitoring.,Kottavalasa Fire Station,7.59,True,Low Risk Index representing routine thermal baseline.
1147,9.0,LOW,HIGH,Unknown / Insufficient Evidence,NO ALERT,Routine baseline monitoring.,No fire station within 50 km,inf,False,Low Risk Index representing routine thermal baseline.
1148,9.0,LOW,HIGH,Unknown / Insufficient Evidence,NO ALERT,Routine baseline monitoring.,No fire station within 50 km,inf,False,Low Risk Index representing routine thermal baseline.
1149,6.0,LOW,HIGH,Unknown / Insufficient Evidence,NO ALERT,Routine baseline monitoring.,Fire station (unnamed),30.75,True,Low Risk Index representing routine thermal baseline.
1150,85.0,HIGH,LOW,Unknown / Insufficient Evidence,HIGH PRIORITY ALERT,Dispatch priority ground verification unit from the nearest operational fire service. Closest verified fire station: Rasayani Fire Station (26.3 km away).,Rasayani Fire Station,26.29,True,High Risk Index (85.0) combined with high evidence reliability (Low False-Alarm Concern).
1151,13.0,LOW,HIGH,Unknown / Insufficient Evidence,NO ALERT,Routine baseline monitoring.,No fire station within 50 km,inf,False,Low Risk Index representing routine thermal baseline.
1152,38.0,MEDIUM,LOW,Agricultural-context thermal event,MONITOR / REVIEW,Monitor thermal activity for escalation. Closest verified fire station: Sattur Fire Station (37.6 km away).,Sattur Fire Station,37.61,True,Moderate thermal risk context (Agricultural-context thermal event). Operational review recommended.
1153,27.2,LOW,MEDIUM,Agricultural-context thermal event,NO ALERT,Routine baseline monitoring.,Surandai Fire Station,22.76,True,Low Risk Index representing routine thermal baseline.
1154,27.2,LOW,MEDIUM,Agricultural-context thermal event,NO ALERT,Routine baseline monitoring.,"Fire Station, Nagarkurnool",35.68,True,Low Risk Index representing routine thermal baseline.
1155,9.0,LOW,HIGH,Unknown / Insufficient Evidence,NO ALERT,Routine baseline monitoring.,No fire station within 50 km,inf,False,Low Risk Index representing routine thermal baseline.
1156,76.0,HIGH,LOW,Industrial-context thermal event,HIGH PRIORITY ALERT,Dispatch priority ground verification unit from the nearest operational fire service. Closest verified fire station: Pedda Gantyada Fore Station (32.5 km away).,Pedda Gantyada Fore Station,32.46,True,High Risk Index (76.0) combined with high evidence reliability (Low False-Alarm Concern).
1157,9.0,LOW,HIGH,Unknown / Insufficient Evidence,NO ALERT,Routine baseline monitoring.,Pedda Gantyada Fore Station,26.56,True,Low Risk Index representing routine thermal baseline.
1158,12.0,LOW,HIGH,Agricultural-context thermal event,NO ALERT,Routine baseline monitoring.,Pedda Gantyada Fore Station,6.61,True,Low Risk Index representing routine thermal baseline.
1159,22.1,LOW,MEDIUM,Unknown / Insufficient Evidence,NO ALERT,Routine baseline monitoring.,No fire station within 50 km,inf,False,Low Risk Index representing routine thermal baseline.
1160,9.0,LOW,HIGH,Unknown / Insufficient Evidence,NO ALERT,Routine baseline monitoring.,Fire Brigade,20.64,True,Low Risk Index representing routine thermal baseline.
1161,6.0,LOW,HIGH,Unknown / Insufficient Evidence,NO ALERT,Routine baseline monitoring.,Airport Fire Station,5.98,True,Low Risk Index representing routine thermal baseline.
1162,26.0,LOW,LOW,Unknown / Insufficient Evidence,NO ALERT,Routine baseline monitoring.,Airport Fire Station,25.38,True,Low Risk Index representing routine thermal baseline.
1163,27.2,LOW,MEDIUM,Agricultural-context thermal event,NO ALERT,Routine baseline monitoring.,Airport Fire Station,35.52,True,Low Risk Index representing routine thermal baseline.
1164,13.0,LOW,HIGH,Unknown / Insufficient Evidence,NO ALERT,Routine baseline monitoring.,Surandai Fire Station,11.12,True,Low Risk Index representing routine thermal baseline.
1165,10.0,LOW,HIGH,Unknown / Insufficient Evidence,NO ALERT,Routine baseline monitoring.,Fire And Rescue Services Station,32.85,True,Low Risk Index representing routine thermal baseline.
1166,16.0,LOW,HIGH,Agricultural-context thermal event,NO ALERT,Routine baseline monitoring.,Kallakurichi Fire Station,29.83,True,Low Risk Index representing routine thermal baseline.
1167,22.1,LOW,MEDIUM,Unknown / Insufficient Evidence,NO ALERT,Routine baseline monitoring.,Kallakurichi Fire Station,21.93,True,Low Risk Index representing routine thermal baseline.
1168,13.0,LOW,HIGH,Unknown / Insufficient Evidence,NO ALERT,Routine baseline monitoring.,Kallakurichi Fire Station,3.01,True,Low Risk Index representing routine thermal baseline.
1169,9.0,LOW,HIGH,Unknown / Insufficient Evidence,NO ALERT,Routine baseline monitoring.,Fire station (unnamed),34.44,True,Low Risk Index representing routine thermal baseline.
1170,13.0,LOW,HIGH,Unknown / Insufficient Evidence,NO ALERT,Routine baseline monitoring.,Fire station (unnamed),3.86,True,Low Risk Index representing routine thermal baseline.
1171,9.0,LOW,HIGH,Unknown / Insufficient Evidence,NO ALERT,Routine baseline monitoring.,No fire station within 50 km,inf,False,Low Risk Index representing routine thermal baseline.
1172,16.0,LOW,HIGH,Agricultural-context thermal event,NO ALERT,Routine baseline monitoring.,No fire station within 50 km,inf,False,Low Risk Index representing routine thermal baseline.
1173,9.0,LOW,HIGH,Unknown / Insufficient Evidence,NO ALERT,Routine baseline monitoring.,No fire station within 50 km,inf,False,Low Risk Index representing routine thermal baseline.
1174,13.0,LOW,HIGH,Unknown / Insufficient Evidence,NO ALERT,Routine baseline monitoring.,No fire station within 50 km,inf,False,Low Risk Index representing routine thermal baseline.
1175,12.0,LOW,HIGH,Agricultural-context thermal event,NO ALERT,Routine baseline monitoring.,No fire station within 50 km,inf,False,Low Risk Index representing routine thermal baseline.
1176,9.0,LOW,HIGH,Unknown / Insufficient Evidence,NO ALERT,Routine baseline monitoring.,Fire station (unnamed),5.0,True,Low Risk Index representing routine thermal baseline.
1177,93.0,HIGH,LOW,Industrial-context thermal event,HIGH PRIORITY ALERT,Dispatch priority ground verification unit from the nearest operational fire service. Closest verified fire station: Fire station (unnamed) (5.9 km away).,Fire station (unnamed),5.94,True,High Risk Index (93.0) combined with high evidence reliability (Low False-Alarm Concern).
1178,71.0,HIGH,LOW,Industrial-context thermal event,HIGH PRIORITY ALERT,Dispatch priority ground verification unit from the nearest operational fire service. Closest verified fire station: Jharkhand Fire Services HQ (35.7 km away).,Jharkhand Fire Services HQ,35.66,True,High Risk Index (71.0) combined with high evidence reliability (Low False-Alarm Concern).
1179,44.0,MEDIUM,LOW,Industrial-context thermal event,MONITOR / REVIEW,Monitor thermal activity for escalation. Closest verified fire station: Fire station (unnamed) (38.6 km away).,Fire station (unnamed),38.65,True,Moderate thermal risk context (Industrial-context thermal event). Operational review recommended.
1180,36.0,MEDIUM,LOW,Industrial-context thermal event,MONITOR / REVIEW,Monitor thermal activity for escalation. Closest verified fire station: Jharkhand Fire Services HQ (49.2 km away).,Jharkhand Fire Services HQ,49.19,True,Moderate thermal risk context (Industrial-context thermal event). Operational review recommended.
1181,6.0,LOW,HIGH,Unknown / Insufficient Evidence,NO ALERT,Routine baseline monitoring.,Fire station (unnamed),48.77,True,Low Risk Index representing routine thermal baseline.
1182,27.0,LOW,LOW,Agricultural-context thermal event,NO ALERT,Routine baseline monitoring.,Fire station (unnamed),31.86,True,Low Risk Index representing routine thermal baseline.
1183,6.0,LOW,HIGH,Unknown / Insufficient Evidence,NO ALERT,Routine baseline monitoring.,Fire station (unnamed),29.62,True,Low Risk Index representing routine thermal baseline.
1184,17.8,LOW,MEDIUM,Agricultural-context thermal event,NO ALERT,Routine baseline monitoring.,No fire station within 50 km,inf,False,Low Risk Index representing routine thermal baseline.
1185,42.0,MEDIUM,LOW,Forest/Natural-context thermal event,MONITOR / REVIEW,Monitor thermal activity for escalation. Closest verified fire station: Asansol Fire Brigade (49.4 km away).,Asansol Fire Brigade,49.42,True,Moderate thermal risk context (Forest/Natural-context thermal event). Operational review recommended.
1186,9.0,LOW,HIGH,Unknown / Insufficient Evidence,NO ALERT,Routine baseline monitoring.,Fire station (unnamed),3.02,True,Low Risk Index representing routine thermal baseline.
1187,15.3,LOW,MEDIUM,Unknown / Insufficient Evidence,NO ALERT,Routine baseline monitoring.,No fire station within 50 km,inf,False,Low Risk Index representing routine thermal baseline.
1188,6.0,LOW,HIGH,Unknown / Insufficient Evidence,NO ALERT,Routine baseline monitoring.,No fire station within 50 km,inf,False,Low Risk Index representing routine thermal baseline.
1189,6.0,LOW,HIGH,Unknown / Insufficient Evidence,NO ALERT,Routine baseline monitoring.,No fire station within 50 km,inf,False,Low Risk Index representing routine thermal baseline.
1190,20.4,LOW,MEDIUM,Agricultural-context thermal event,NO ALERT,Routine baseline monitoring.,Fire Station,38.58,True,Low Risk Index representing routine thermal baseline.
1191,6.0,LOW,HIGH,Unknown / Insufficient Evidence,NO ALERT,Routine baseline monitoring.,fire station,17.25,True,Low Risk Index representing routine thermal baseline.
1192,6.0,LOW,HIGH,Unknown / Insufficient Evidence,NO ALERT,Routine baseline monitoring.,Sushant Lok Fire Station,40.96,True,Low Risk Index representing routine thermal baseline.
1193,15.3,LOW,MEDIUM,Unknown / Insufficient Evidence,NO ALERT,Routine baseline monitoring.,Fire station (unnamed),17.88,True,Low Risk Index representing routine thermal baseline.
1194,15.3,LOW,MEDIUM,Unknown / Insufficient Evidence,NO ALERT,Routine baseline monitoring.,Fire station (unnamed),15.43,True,Low Risk Index representing routine thermal baseline.
1195,92.0,HIGH,LOW,Industrial-context thermal event,HIGH PRIORITY ALERT,Dispatch priority ground verification unit from the nearest operational fire service. Closest verified fire station: Fire Brigade Station Safidon (20.0 km away).,Fire Brigade Station Safidon,19.98,True,High Risk Index (92.0) combined with high evidence reliability (Low False-Alarm Concern).
1196,6.0,LOW,HIGH,Unknown / Insufficient Evidence,NO ALERT,Routine baseline monitoring.,No fire station within 50 km,inf,False,Low Risk Index representing routine thermal baseline.
1197,6.0,LOW,HIGH,Unknown / Insufficient Evidence,NO ALERT,Routine baseline monitoring.,CMC fire station,19.33,True,Low Risk Index representing routine thermal baseline.
1198,93.0,HIGH,LOW,Industrial-context thermal event,HIGH PRIORITY ALERT,Dispatch priority ground verification unit from the nearest operational fire service.; no verified fire station identified within the search radius -- nearest district fire service should be contacted,No fire station within 50 km,inf,False,High Risk Index (93.0) combined with high evidence reliability (Low False-Alarm Concern).
1199,6.0,LOW,HIGH,Unknown / Insufficient Evidence,NO ALERT,Routine baseline monitoring.,No fire station within 50 km,inf,False,Low Risk Index representing routine thermal baseline.
1200,6.0,LOW,HIGH,Unknown / Insufficient Evidence,NO ALERT,Routine baseline monitoring.,No fire station within 50 km,inf,False,Low Risk Index representing routine thermal baseline.
1201,6.0,LOW,HIGH,Unknown / Insufficient Evidence,NO ALERT,Routine baseline monitoring.,No fire station within 50 km,inf,False,Low Risk Index representing routine thermal baseline.
1202,6.0,LOW,HIGH,Unknown / Insufficient Evidence,NO ALERT,Routine baseline monitoring.,No fire station within 50 km,inf,False,Low Risk Index representing routine thermal baseline.
1203,6.0,LOW,HIGH,Unknown / Insufficient Evidence,NO ALERT,Routine baseline monitoring.,No fire station within 50 km,inf,False,Low Risk Index representing routine thermal baseline.
1204,17.8,LOW,MEDIUM,Agricultural-context thermal event,NO ALERT,Routine baseline monitoring.,No fire station within 50 km,inf,False,Low Risk Index representing routine thermal baseline.
1205,6.0,LOW,HIGH,Unknown / Insufficient Evidence,NO ALERT,Routine baseline monitoring.,No fire station within 50 km,inf,False,Low Risk Index representing routine thermal baseline.
1206,6.0,LOW,HIGH,Unknown / Insufficient Evidence,NO ALERT,Routine baseline monitoring.,No fire station within 50 km,inf,False,Low Risk Index representing routine thermal baseline.
1207,27.0,LOW,LOW,Industrial-context thermal event,NO ALERT,Routine baseline monitoring.,Fire station (unnamed),30.54,True,Low Risk Index representing routine thermal baseline.
1208,6.0,LOW,HIGH,Unknown / Insufficient Evidence,NO ALERT,Routine baseline monitoring.,Fire station (unnamed),39.78,True,Low Risk Index representing routine thermal baseline.
1209,9.0,LOW,HIGH,Unknown / Insufficient Evidence,NO ALERT,Routine baseline monitoring.,Asansol Fire Brigade,6.4,True,Low Risk Index representing routine thermal baseline.
1210,6.0,LOW,HIGH,Unknown / Insufficient Evidence,NO ALERT,Routine baseline monitoring.,Fire station (unnamed),33.07,True,Low Risk Index representing routine thermal baseline.
1211,17.8,LOW,MEDIUM,Industrial-context thermal event,NO ALERT,Routine baseline monitoring.,Fire station (unnamed),47.34,True,Low Risk Index representing routine thermal baseline.
1212,17.8,LOW,MEDIUM,Agricultural-context thermal event,NO ALERT,Routine baseline monitoring.,Fire station (unnamed),46.05,True,Low Risk Index representing routine thermal baseline.
1213,71.0,HIGH,LOW,Industrial-context thermal event,HIGH PRIORITY ALERT,Dispatch priority ground verification unit from the nearest operational fire service.; no verified fire station identified within the search radius -- nearest district fire service should be contacted,No fire station within 50 km,inf,False,High Risk Index (71.0) combined with high evidence reliability (Low False-Alarm Concern).
1214,48.0,MEDIUM,LOW,Industrial-context thermal event,MONITOR / REVIEW,Monitor thermal activity for escalation. Closest verified fire station: Fire station (unnamed) (28.4 km away).,Fire station (unnamed),28.36,True,Moderate thermal risk context (Industrial-context thermal event). Operational review recommended.
1215,6.0,LOW,HIGH,Unknown / Insufficient Evidence,NO ALERT,Routine baseline monitoring.,Fire station (unnamed),26.01,True,Low Risk Index representing routine thermal baseline.
1216,22.9,LOW,MEDIUM,Unknown / Insufficient Evidence,NO ALERT,Routine baseline monitoring.,Fire station (unnamed),21.57,True,Low Risk Index representing routine thermal baseline.
1217,21.0,LOW,LOW,Industrial-context thermal event,NO ALERT,Routine baseline monitoring.,No fire station within 50 km,inf,False,Low Risk Index representing routine thermal baseline.
1218,42.0,MEDIUM,LOW,Industrial-context thermal event,MONITOR / REVIEW,Monitor thermal activity for escalation. Closest verified fire station: Ballari Fire Station (20.5 km away).,Ballari Fire Station,20.48,True,Moderate thermal risk context (Industrial-context thermal event). Operational review recommended.
1219,36.0,MEDIUM,LOW,Unknown / Insufficient Evidence,MONITOR / REVIEW,Monitor thermal activity for escalation. Closest verified fire station: BMM Fire station (21.2 km away).,BMM Fire station,21.18,True,Moderate thermal risk context (Unknown / Insufficient Evidence). Operational review recommended.
1220,9.0,LOW,HIGH,Unknown / Insufficient Evidence,NO ALERT,Routine baseline monitoring.,Fire station (unnamed),20.12,True,Low Risk Index representing routine thermal baseline.
1221,6.0,LOW,HIGH,Unknown / Insufficient Evidence,NO ALERT,Routine baseline monitoring.,Sattur Fire Station,18.7,True,Low Risk Index representing routine thermal baseline.
1222,6.0,LOW,HIGH,Unknown / Insufficient Evidence,NO ALERT,Routine baseline monitoring.,Kallakurichi Fire Station,35.29,True,Low Risk Index representing routine thermal baseline.
1223,6.0,LOW,HIGH,Unknown / Insufficient Evidence,NO ALERT,Routine baseline monitoring.,Kallakurichi Fire Station,36.46,True,Low Risk Index representing routine thermal baseline.
1224,6.0,LOW,HIGH,Unknown / Insufficient Evidence,NO ALERT,Routine baseline monitoring.,Fire station (unnamed),39.31,True,Low Risk Index representing routine thermal baseline.
1225,6.0,LOW,HIGH,Unknown / Insufficient Evidence,NO ALERT,Routine baseline monitoring.,Sunkadakatte Fire Station,6.57,True,Low Risk Index representing routine thermal baseline.
1226,73.0,HIGH,LOW,Industrial-context thermal event,HIGH PRIORITY ALERT,Dispatch priority ground verification unit from the nearest operational fire service.; no verified fire station identified within the search radius -- nearest district fire service should be contacted,No fire station within 50 km,inf,False,High Risk Index (73.0) combined with high evidence reliability (Low False-Alarm Concern).
1227,6.0,LOW,HIGH,Unknown / Insufficient Evidence,NO ALERT,Routine baseline monitoring.,No fire station within 50 km,inf,False,Low Risk Index representing routine thermal baseline.
1228,26.0,LOW,LOW,Industrial-context thermal event,NO ALERT,Routine baseline monitoring.,Fire station (unnamed),33.6,True,Low Risk Index representing routine thermal baseline.
1229,9.0,LOW,HIGH,Unknown / Insufficient Evidence,NO ALERT,Routine baseline monitoring.,Fire station (unnamed),0.78,True,Low Risk Index representing routine thermal baseline.
1230,6.0,LOW,HIGH,Unknown / Insufficient Evidence,NO ALERT,Routine baseline monitoring.,Fire safety department,29.17,True,Low Risk Index representing routine thermal baseline.
1231,6.0,LOW,HIGH,Unknown / Insufficient Evidence,NO ALERT,Routine baseline monitoring.,Erode District Fire Station,36.15,True,Low Risk Index representing routine thermal baseline.
1232,6.0,LOW,HIGH,Unknown / Insufficient Evidence,NO ALERT,Routine baseline monitoring.,Fire station (unnamed),16.12,True,Low Risk Index representing routine thermal baseline.
1233,6.0,LOW,HIGH,Unknown / Insufficient Evidence,NO ALERT,Routine baseline monitoring.,Fire Station Gudiyattam,9.08,True,Low Risk Index representing routine thermal baseline.
1234,17.8,LOW,MEDIUM,Industrial-context thermal event,NO ALERT,Routine baseline monitoring.,Fire station (unnamed),19.3,True,Low Risk Index representing routine thermal baseline.
1235,6.0,LOW,HIGH,Unknown / Insufficient Evidence,NO ALERT,Routine baseline monitoring.,BMM Fire station,7.11,True,Low Risk Index representing routine thermal baseline.
1236,32.0,MEDIUM,LOW,Industrial-context thermal event,MONITOR / REVIEW,Monitor thermal activity for escalation. Closest verified fire station: Sattur Fire Station (11.2 km away).,Sattur Fire Station,11.23,True,Moderate thermal risk context (Industrial-context thermal event). Operational review recommended.
1237,32.0,MEDIUM,LOW,Agricultural-context thermal event,MONITOR / REVIEW,Monitor thermal activity for escalation. Closest verified fire station: Virudhunagar Fire Station (36.8 km away).,Virudhunagar Fire Station,36.84,True,Moderate thermal risk context (Agricultural-context thermal event). Operational review recommended.
1238,32.0,MEDIUM,LOW,Agricultural-context thermal event,MONITOR / REVIEW,Monitor thermal activity for escalation. Closest verified fire station: Madurai Airport Fire Station (24.9 km away).,Madurai Airport Fire Station,24.92,True,Moderate thermal risk context (Agricultural-context thermal event). Operational review recommended.
1239,61.0,HIGH,LOW,Agricultural-context thermal event,HIGH PRIORITY ALERT,Dispatch priority ground verification unit from the nearest operational fire service.; no verified fire station identified within the search radius -- nearest district fire service should be contacted,No fire station within 50 km,inf,False,High Risk Index (61.0) combined with high evidence reliability (Low False-Alarm Concern).
1240,76.0,HIGH,LOW,Agricultural-context thermal event,HIGH PRIORITY ALERT,Dispatch priority ground verification unit from the nearest operational fire service. Closest verified fire station: Madurai Airport Fire Station (28.2 km away).,Madurai Airport Fire Station,28.22,True,High Risk Index (76.0) combined with high evidence reliability (Low False-Alarm Concern).
1241,26.0,LOW,LOW,Unknown / Insufficient Evidence,NO ALERT,Routine baseline monitoring.,Fire And Rescue Services Station,5.72,True,Low Risk Index representing routine thermal baseline.
1242,75.0,HIGH,LOW,Unknown / Insufficient Evidence,HIGH PRIORITY ALERT,Dispatch priority ground verification unit from the nearest operational fire service. Closest verified fire station: Kallakurichi Fire Station (19.7 km away).,Kallakurichi Fire Station,19.71,True,High Risk Index (75.0) combined with high evidence reliability (Low False-Alarm Concern).
1243,40.0,MEDIUM,LOW,Agricultural-context thermal event,MONITOR / REVIEW,Monitor thermal activity for escalation. Closest verified fire station: Kallakurichi Fire Station (30.4 km away).,Kallakurichi Fire Station,30.38,True,Moderate thermal risk context (Agricultural-context thermal event). Operational review recommended.
1244,13.0,LOW,HIGH,Unknown / Insufficient Evidence,NO ALERT,Routine baseline monitoring.,Fire Control Room,39.85,True,Low Risk Index representing routine thermal baseline.
1245,22.1,LOW,MEDIUM,Unknown / Insufficient Evidence,NO ALERT,Routine baseline monitoring.,NCTPS Fire Station,20.98,True,Low Risk Index representing routine thermal baseline.
1246,32.0,MEDIUM,LOW,Agricultural-context thermal event,MONITOR / REVIEW,Monitor thermal activity for escalation.; no verified fire station identified within the search radius -- nearest district fire service should be contacted,No fire station within 50 km,inf,False,Moderate thermal risk context (Agricultural-context thermal event). Operational review recommended.
1247,13.0,LOW,HIGH,Unknown / Insufficient Evidence,NO ALERT,Routine baseline monitoring.,No fire station within 50 km,inf,False,Low Risk Index representing routine thermal baseline.
1248,22.1,LOW,MEDIUM,Unknown / Insufficient Evidence,NO ALERT,Routine baseline monitoring.,No fire station within 50 km,inf,False,Low Risk Index representing routine thermal baseline.
1249,13.0,LOW,HIGH,Unknown / Insufficient Evidence,NO ALERT,Routine baseline monitoring.,No fire station within 50 km,inf,False,Low Risk Index representing routine thermal baseline.
1250,13.0,LOW,HIGH,Unknown / Insufficient Evidence,NO ALERT,Routine baseline monitoring.,No fire station within 50 km,inf,False,Low Risk Index representing routine thermal baseline.
1251,76.0,HIGH,LOW,Agricultural-context thermal event,HIGH PRIORITY ALERT,Dispatch priority ground verification unit from the nearest operational fire service.; no verified fire station identified within the search radius -- nearest district fire service should be contacted,No fire station within 50 km,inf,False,High Risk Index (76.0) combined with high evidence reliability (Low False-Alarm Concern).
1252,38.0,MEDIUM,LOW,Agricultural-context thermal event,MONITOR / REVIEW,Monitor thermal activity for escalation. Closest verified fire station: Fire Station (43.7 km away).,Fire Station,43.73,True,Moderate thermal risk context (Agricultural-context thermal event). Operational review recommended.
1253,34.0,MEDIUM,MEDIUM,Agricultural-context thermal event,MONITOR / REVIEW,Monitor thermal activity for escalation.; no verified fire station identified within the search radius -- nearest district fire service should be contacted,No fire station within 50 km,inf,False,Moderate thermal risk context (Agricultural-context thermal event). Operational review recommended.
1254,13.0,LOW,HIGH,Unknown / Insufficient Evidence,NO ALERT,Routine baseline monitoring.,Fire station (unnamed),34.06,True,Low Risk Index representing routine thermal baseline.
1255,13.0,LOW,HIGH,Unknown / Insufficient Evidence,NO ALERT,Routine baseline monitoring.,Fire station (unnamed),41.59,True,Low Risk Index representing routine thermal baseline.
1256,13.0,LOW,HIGH,Unknown / Insufficient Evidence,NO ALERT,Routine baseline monitoring.,Nalgonda Fire Station,25.31,True,Low Risk Index representing routine thermal baseline.
1257,13.0,LOW,HIGH,Industrial-context thermal event,NO ALERT,Routine baseline monitoring.,Pedda Gantyada Fore Station,30.71,True,Low Risk Index representing routine thermal baseline.
1258,16.0,LOW,HIGH,Industrial-context thermal event,NO ALERT,Routine baseline monitoring.,Fire station (unnamed),9.21,True,Low Risk Index representing routine thermal baseline.
1259,16.0,LOW,HIGH,Agricultural-context thermal event,NO ALERT,Routine baseline monitoring.,No fire station within 50 km,inf,False,Low Risk Index representing routine thermal baseline.
1260,13.0,LOW,HIGH,Agricultural-context thermal event,NO ALERT,Routine baseline monitoring.,No fire station within 50 km,inf,False,Low Risk Index representing routine thermal baseline.
1261,34.0,MEDIUM,MEDIUM,Agricultural-context thermal event,MONITOR / REVIEW,Monitor thermal activity for escalation. Closest verified fire station: Thermal Plant (37.1 km away).,Thermal Plant,37.14,True,Moderate thermal risk context (Agricultural-context thermal event). Operational review recommended.
1262,22.1,LOW,MEDIUM,Unknown / Insufficient Evidence,NO ALERT,Routine baseline monitoring.,Airport Fire Station,6.96,True,Low Risk Index representing routine thermal baseline.
1263,32.0,MEDIUM,LOW,Agricultural-context thermal event,MONITOR / REVIEW,Monitor thermal activity for escalation.; no verified fire station identified within the search radius -- nearest district fire service should be contacted,No fire station within 50 km,inf,False,Moderate thermal risk context (Agricultural-context thermal event). Operational review recommended.
1264,6.0,LOW,HIGH,Unknown / Insufficient Evidence,NO ALERT,Routine baseline monitoring.,No fire station within 50 km,inf,False,Low Risk Index representing routine thermal baseline.
1265,16.0,LOW,HIGH,Agricultural-context thermal event,NO ALERT,Routine baseline monitoring.,No fire station within 50 km,inf,False,Low Risk Index representing routine thermal baseline.
1266,16.0,LOW,HIGH,Agricultural-context thermal event,NO ALERT,Routine baseline monitoring.,Fire station (unnamed),18.83,True,Low Risk Index representing routine thermal baseline.
1267,6.0,LOW,HIGH,Unknown / Insufficient Evidence,NO ALERT,Routine baseline monitoring.,Madurai Airport Fire Station,16.77,True,Low Risk Index representing routine thermal baseline.
1268,9.0,LOW,HIGH,Unknown / Insufficient Evidence,NO ALERT,Routine baseline monitoring.,Madurai Airport Fire Station,3.36,True,Low Risk Index representing routine thermal baseline.
1269,22.1,LOW,MEDIUM,Unknown / Insufficient Evidence,NO ALERT,Routine baseline monitoring.,Madurai Airport Fire Station,29.29,True,Low Risk Index representing routine thermal baseline.
1270,6.0,LOW,HIGH,Unknown / Insufficient Evidence,NO ALERT,Routine baseline monitoring.,"Firea and Rescue Station, Nedumkandam",27.02,True,Low Risk Index representing routine thermal baseline.
1271,13.0,LOW,HIGH,Unknown / Insufficient Evidence,NO ALERT,Routine baseline monitoring.,Madurai Airport Fire Station,19.61,True,Low Risk Index representing routine thermal baseline.
1272,10.0,LOW,HIGH,Unknown / Insufficient Evidence,NO ALERT,Routine baseline monitoring.,Madurai Airport Fire Station,19.59,True,Low Risk Index representing routine thermal baseline.
1273,13.0,LOW,HIGH,Unknown / Insufficient Evidence,NO ALERT,Routine baseline monitoring.,Fire And Rescue Services Station,40.67,True,Low Risk Index representing routine thermal baseline.
1274,27.2,LOW,MEDIUM,Industrial-context thermal event,NO ALERT,Routine baseline monitoring.,Fire And Rescue Services Station,12.24,True,Low Risk Index representing routine thermal baseline.
1275,22.1,LOW,MEDIUM,Industrial-context thermal event,NO ALERT,Routine baseline monitoring.,Kangeyam Fire Station,31.36,True,Low Risk Index representing routine thermal baseline.
1276,9.0,LOW,HIGH,Unknown / Insufficient Evidence,NO ALERT,Routine baseline monitoring.,Fire station (unnamed),22.96,True,Low Risk Index representing routine thermal baseline.
1277,13.0,LOW,HIGH,Unknown / Insufficient Evidence,NO ALERT,Routine baseline monitoring.,No fire station within 50 km,inf,False,Low Risk Index representing routine thermal baseline.
1278,10.0,LOW,HIGH,Unknown / Insufficient Evidence,NO ALERT,Routine baseline monitoring.,BHEL Fire Station,14.08,True,Low Risk Index representing routine thermal baseline.
1279,16.0,LOW,HIGH,Agricultural-context thermal event,NO ALERT,Routine baseline monitoring.,Fire station (unnamed),16.6,True,Low Risk Index representing routine thermal baseline.
1280,13.0,LOW,HIGH,Unknown / Insufficient Evidence,NO ALERT,Routine baseline monitoring.,Fire station (unnamed),14.97,True,Low Risk Index representing routine thermal baseline.
1281,13.0,LOW,HIGH,Unknown / Insufficient Evidence,NO ALERT,Routine baseline monitoring.,BHEL Fire Station,15.45,True,Low Risk Index representing routine thermal baseline.
1282,26.0,LOW,LOW,Unknown / Insufficient Evidence,NO ALERT,Routine baseline monitoring.,BHEL Fire Station,38.96,True,Low Risk Index representing routine thermal baseline.
1283,9.0,LOW,HIGH,Unknown / Insufficient Evidence,NO ALERT,Routine baseline monitoring.,Mettupalayam Fire Station,15.86,True,Low Risk Index representing routine thermal baseline.
1284,13.0,LOW,HIGH,Unknown / Insufficient Evidence,NO ALERT,Routine baseline monitoring.,Erode District Fire Station,18.41,True,Low Risk Index representing routine thermal baseline.
1285,13.0,LOW,HIGH,Unknown / Insufficient Evidence,NO ALERT,Routine baseline monitoring.,Erode District Fire Station,21.06,True,Low Risk Index representing routine thermal baseline.
1286,13.0,LOW,HIGH,Unknown / Insufficient Evidence,NO ALERT,Routine baseline monitoring.,Erode District Fire Station,17.7,True,Low Risk Index representing routine thermal baseline.
1287,13.0,LOW,HIGH,Unknown / Insufficient Evidence,NO ALERT,Routine baseline monitoring.,Erode District Fire Station,10.89,True,Low Risk Index representing routine thermal baseline.
1288,13.0,LOW,HIGH,Unknown / Insufficient Evidence,NO ALERT,Routine baseline monitoring.,Erode District Fire Station,10.26,True,Low Risk Index representing routine thermal baseline.
1289,27.2,LOW,MEDIUM,Agricultural-context thermal event,NO ALERT,Routine baseline monitoring.,Erode District Fire Station,22.24,True,Low Risk Index representing routine thermal baseline.
1290,27.2,LOW,MEDIUM,Agricultural-context thermal event,NO ALERT,Routine baseline monitoring.,Villupuram Fire Station,18.12,True,Low Risk Index representing routine thermal baseline.
1291,9.0,LOW,HIGH,Unknown / Insufficient Evidence,NO ALERT,Routine baseline monitoring.,Fire station (unnamed),1.59,True,Low Risk Index representing routine thermal baseline.
1292,13.0,LOW,HIGH,Unknown / Insufficient Evidence,NO ALERT,Routine baseline monitoring.,Tamil Nadu Fire and Rescue Services,45.46,True,Low Risk Index representing routine thermal baseline.
1293,13.0,LOW,HIGH,Industrial-context thermal event,NO ALERT,Routine baseline monitoring.,Tamil Nadu Fire and Rescue Services,30.12,True,Low Risk Index representing routine thermal baseline.
1294,27.2,LOW,MEDIUM,Agricultural-context thermal event,NO ALERT,Routine baseline monitoring.,Fire station (unnamed),8.53,True,Low Risk Index representing routine thermal baseline.
1295,13.0,LOW,HIGH,Industrial-context thermal event,NO ALERT,Routine baseline monitoring.,Nelamangala Fire Station,6.34,True,Low Risk Index representing routine thermal baseline.
1296,38.0,MEDIUM,LOW,Industrial-context thermal event,MONITOR / REVIEW,Monitor thermal activity for escalation. Closest verified fire station: Nelamangala Fire Station (18.9 km away).,Nelamangala Fire Station,18.91,True,Moderate thermal risk context (Industrial-context thermal event). Operational review recommended.
1297,32.0,MEDIUM,LOW,Agricultural-context thermal event,MONITOR / REVIEW,Monitor thermal activity for escalation.; no verified fire station identified within the search radius -- nearest district fire service should be contacted,No fire station within 50 km,inf,False,Moderate thermal risk context (Agricultural-context thermal event). Operational review recommended.
1298,13.0,LOW,HIGH,Unknown / Insufficient Evidence,NO ALERT,Routine baseline monitoring.,No fire station within 50 km,inf,False,Low Risk Index representing routine thermal baseline.
1299,22.1,LOW,MEDIUM,Unknown / Insufficient Evidence,NO ALERT,Routine baseline monitoring.,No fire station within 50 km,inf,False,Low Risk Index representing routine thermal baseline.
1300,22.1,LOW,MEDIUM,Unknown / Insufficient Evidence,NO ALERT,Routine baseline monitoring.,Fire station (unnamed),49.21,True,Low Risk Index representing routine thermal baseline.
1301,9.0,LOW,HIGH,Unknown / Insufficient Evidence,NO ALERT,Routine baseline monitoring.,"Fire Station, Yemmiganur",24.45,True,Low Risk Index representing routine thermal baseline.
1302,12.0,LOW,HIGH,Agricultural-context thermal event,NO ALERT,Routine baseline monitoring.,No fire station within 50 km,inf,False,Low Risk Index representing routine thermal baseline.
1303,63.8,HIGH,MEDIUM,Unknown / Insufficient Evidence,MONITOR / REVIEW,Monitor thermal activity for escalation. Closest verified fire station: Manohar International Airport Fire Station (16.6 km away).,Manohar International Airport Fire Station,16.63,True,Moderate thermal risk context (Unknown / Insufficient Evidence). Operational review recommended.
1304,32.3,MEDIUM,MEDIUM,Agricultural-context thermal event,MONITOR / REVIEW,Monitor thermal activity for escalation.; no verified fire station identified within the search radius -- nearest district fire service should be contacted,No fire station within 50 km,inf,False,Moderate thermal risk context (Agricultural-context thermal event). Operational review recommended.
1305,9.0,LOW,HIGH,Unknown / Insufficient Evidence,NO ALERT,Routine baseline monitoring.,No fire station within 50 km,inf,False,Low Risk Index representing routine thermal baseline.
1306,19.0,LOW,HIGH,Agricultural-context thermal event,NO ALERT,Routine baseline monitoring.,Fire Station,20.2,True,Low Risk Index representing routine thermal baseline.
1307,13.0,LOW,HIGH,Unknown / Insufficient Evidence,NO ALERT,Routine baseline monitoring.,No fire station within 50 km,inf,False,Low Risk Index representing routine thermal baseline.
1308,13.0,LOW,HIGH,Unknown / Insufficient Evidence,NO ALERT,Routine baseline monitoring.,"Fire Station, Nagarkurnool",30.03,True,Low Risk Index representing routine thermal baseline.
1309,10.0,LOW,HIGH,Unknown / Insufficient Evidence,NO ALERT,Routine baseline monitoring.,"Fire Station, Nagarkurnool",17.95,True,Low Risk Index representing routine thermal baseline.
1310,13.0,LOW,HIGH,Unknown / Insufficient Evidence,NO ALERT,Routine baseline monitoring.,"Fire Station, Nagarkurnool",33.22,True,Low Risk Index representing routine thermal baseline.
1311,13.0,LOW,HIGH,Unknown / Insufficient Evidence,NO ALERT,Routine baseline monitoring.,"Fire Station, Nagarkurnool",22.95,True,Low Risk Index representing routine thermal baseline.
1312,13.0,LOW,HIGH,Unknown / Insufficient Evidence,NO ALERT,Routine baseline monitoring.,No fire station within 50 km,inf,False,Low Risk Index representing routine thermal baseline.
1313,6.0,LOW,HIGH,Unknown / Insufficient Evidence,NO ALERT,Routine baseline monitoring.,Fire station (unnamed),24.03,True,Low Risk Index representing routine thermal baseline.
1314,13.0,LOW,HIGH,Unknown / Insufficient Evidence,NO ALERT,Routine baseline monitoring.,No fire station within 50 km,inf,False,Low Risk Index representing routine thermal baseline.
1315,22.1,LOW,MEDIUM,Agricultural-context thermal event,NO ALERT,Routine baseline monitoring.,No fire station within 50 km,inf,False,Low Risk Index representing routine thermal baseline.
1316,17.8,LOW,MEDIUM,Agricultural-context thermal event,NO ALERT,Routine baseline monitoring.,No fire station within 50 km,inf,False,Low Risk Index representing routine thermal baseline.
1317,22.9,LOW,MEDIUM,Industrial-context thermal event,NO ALERT,Routine baseline monitoring.,Fire station (unnamed),46.26,True,Low Risk Index representing routine thermal baseline.
1318,9.0,LOW,HIGH,Unknown / Insufficient Evidence,NO ALERT,Routine baseline monitoring.,Pune Municipal Corporation Fire Station Wagholi,22.46,True,Low Risk Index representing routine thermal baseline.
1319,6.0,LOW,HIGH,Unknown / Insufficient Evidence,NO ALERT,Routine baseline monitoring.,Pune Municipal Corporation Fire Station Wagholi,38.12,True,Low Risk Index representing routine thermal baseline.
1320,22.9,LOW,MEDIUM,Industrial-context thermal event,NO ALERT,Routine baseline monitoring.,No fire station within 50 km,inf,False,Low Risk Index representing routine thermal baseline.
1321,6.0,LOW,HIGH,Unknown / Insufficient Evidence,NO ALERT,Routine baseline monitoring.,No fire station within 50 km,inf,False,Low Risk Index representing routine thermal baseline.
1322,6.0,LOW,HIGH,Unknown / Insufficient Evidence,NO ALERT,Routine baseline monitoring.,No fire station within 50 km,inf,False,Low Risk Index representing routine thermal baseline.
1323,6.0,LOW,HIGH,Unknown / Insufficient Evidence,NO ALERT,Routine baseline monitoring.,No fire station within 50 km,inf,False,Low Risk Index representing routine thermal baseline.
1324,6.0,LOW,HIGH,Unknown / Insufficient Evidence,NO ALERT,Routine baseline monitoring.,Ballari Fire Station,10.63,True,Low Risk Index representing routine thermal baseline.
1325,56.0,MEDIUM,LOW,Agricultural-context thermal event,MONITOR / REVIEW,"Monitor thermal activity for escalation. Closest verified fire station: Firea and Rescue Station, Nedumkandam (29.2 km away).","Firea and Rescue Station, Nedumkandam",29.19,True,Moderate thermal risk context (Agricultural-context thermal event). Operational review recommended.
1326,73.0,HIGH,LOW,Forest/Natural-context thermal event,HIGH PRIORITY ALERT,"Dispatch priority ground verification unit from the nearest operational fire service. Closest verified fire station: Fire and Rescue Station, Adimali (38.0 km away).","Fire and Rescue Station, Adimali",38.03,True,High Risk Index (73.0) combined with high evidence reliability (Low False-Alarm Concern).
1327,50.0,MEDIUM,LOW,Industrial-context thermal event,MONITOR / REVIEW,Monitor thermal activity for escalation.; no verified fire station identified within the search radius -- nearest district fire service should be contacted,No fire station within 50 km,inf,False,Moderate thermal risk context (Industrial-context thermal event). Operational review recommended.
1328,21.0,LOW,LOW,Industrial-context thermal event,NO ALERT,Routine baseline monitoring.,No fire station within 50 km,inf,False,Low Risk Index representing routine thermal baseline.
1329,6.0,LOW,HIGH,Unknown / Insufficient Evidence,NO ALERT,Routine baseline monitoring.,No fire station within 50 km,inf,False,Low Risk Index representing routine thermal baseline.
1330,9.0,LOW,HIGH,Unknown / Insufficient Evidence,NO ALERT,Routine baseline monitoring.,Fire station (unnamed),0.32,True,Low Risk Index representing routine thermal baseline.
1331,6.0,LOW,HIGH,Unknown / Insufficient Evidence,NO ALERT,Routine baseline monitoring.,Rajiv Gandhi International Airport ARFF Main Station,7.54,True,Low Risk Index representing routine thermal baseline.
1332,6.0,LOW,HIGH,Unknown / Insufficient Evidence,NO ALERT,Routine baseline monitoring.,fire station,38.75,True,Low Risk Index representing routine thermal baseline.
1333,22.1,LOW,MEDIUM,Unknown / Insufficient Evidence,NO ALERT,Routine baseline monitoring.,Surandai Fire Station,32.61,True,Low Risk Index representing routine thermal baseline.
1334,6.0,LOW,HIGH,Unknown / Insufficient Evidence,NO ALERT,Routine baseline monitoring.,Fire station (unnamed),18.89,True,Low Risk Index representing routine thermal baseline.
1335,9.0,LOW,HIGH,Unknown / Insufficient Evidence,NO ALERT,Routine baseline monitoring.,Fire station (unnamed),16.04,True,Low Risk Index representing routine thermal baseline.
1336,6.0,LOW,HIGH,Unknown / Insufficient Evidence,NO ALERT,Routine baseline monitoring.,Ballari Fire Station,17.89,True,Low Risk Index representing routine thermal baseline.
1337,6.0,LOW,HIGH,Agricultural-context thermal event,NO ALERT,Routine baseline monitoring.,Manohar International Airport Satellite Fire Station,16.76,True,Low Risk Index representing routine thermal baseline.
1338,6.0,LOW,HIGH,Unknown / Insufficient Evidence,NO ALERT,Routine baseline monitoring.,No fire station within 50 km,inf,False,Low Risk Index representing routine thermal baseline.
1339,21.0,LOW,LOW,Industrial-context thermal event,NO ALERT,Routine baseline monitoring.,No fire station within 50 km,inf,False,Low Risk Index representing routine thermal baseline.
1340,27.2,LOW,MEDIUM,Agricultural-context thermal event,NO ALERT,Routine baseline monitoring.,Fire station (unnamed),8.97,True,Low Risk Index representing routine thermal baseline.
1341,6.0,LOW,HIGH,Unknown / Insufficient Evidence,NO ALERT,Routine baseline monitoring.,Sattur Fire Station,45.99,True,Low Risk Index representing routine thermal baseline.
1342,61.0,HIGH,LOW,Agricultural-context thermal event,HIGH PRIORITY ALERT,Dispatch priority ground verification unit from the nearest operational fire service. Closest verified fire station: Surandai Fire Station (36.1 km away).,Surandai Fire Station,36.15,True,High Risk Index (61.0) combined with high evidence reliability (Low False-Alarm Concern).
1343,19.0,LOW,HIGH,Agricultural-context thermal event,NO ALERT,Routine baseline monitoring.,Surandai Fire Station,37.39,True,Low Risk Index representing routine thermal baseline.
1344,16.0,LOW,HIGH,Agricultural-context thermal event,NO ALERT,Routine baseline monitoring.,Surandai Fire Station,37.67,True,Low Risk Index representing routine thermal baseline.
1345,13.0,LOW,HIGH,Industrial-context thermal event,NO ALERT,Routine baseline monitoring.,Coimbatore Fire Staion,5.46,True,Low Risk Index representing routine thermal baseline.
1346,19.0,LOW,HIGH,Agricultural-context thermal event,NO ALERT,Routine baseline monitoring.,Fire station (unnamed),43.86,True,Low Risk Index representing routine thermal baseline.
1347,9.0,LOW,HIGH,Unknown / Insufficient Evidence,NO ALERT,Routine baseline monitoring.,Kallakurichi Fire Station,28.15,True,Low Risk Index representing routine thermal baseline.
1348,9.0,LOW,HIGH,Unknown / Insufficient Evidence,NO ALERT,Routine baseline monitoring.,Villupuram Fire Station,18.34,True,Low Risk Index representing routine thermal baseline.
1349,9.0,LOW,HIGH,Unknown / Insufficient Evidence,NO ALERT,Routine baseline monitoring.,No fire station within 50 km,inf,False,Low Risk Index representing routine thermal baseline.
1350,45.0,MEDIUM,MEDIUM,Agricultural-context thermal event,MONITOR / REVIEW,Monitor thermal activity for escalation. Closest verified fire station: Ballari Fire Station (27.9 km away).,Ballari Fire Station,27.87,True,Moderate thermal risk context (Agricultural-context thermal event). Operational review recommended.
1351,22.1,LOW,MEDIUM,Unknown / Insufficient Evidence,NO ALERT,Routine baseline monitoring.,No fire station within 50 km,inf,False,Low Risk Index representing routine thermal baseline.
1352,26.0,LOW,LOW,Agricultural-context thermal event,NO ALERT,Routine baseline monitoring.,No fire station within 50 km,inf,False,Low Risk Index representing routine thermal baseline.
1353,10.0,LOW,HIGH,Unknown / Insufficient Evidence,NO ALERT,Routine baseline monitoring.,No fire station within 50 km,inf,False,Low Risk Index representing routine thermal baseline.
1354,28.9,LOW,MEDIUM,Industrial-context thermal event,NO ALERT,Routine baseline monitoring.,Sattur Fire Station,10.82,True,Low Risk Index representing routine thermal baseline.
1355,13.0,LOW,HIGH,Unknown / Insufficient Evidence,NO ALERT,Routine baseline monitoring.,No fire station within 50 km,inf,False,Low Risk Index representing routine thermal baseline.
1356,34.0,MEDIUM,MEDIUM,Agricultural-context thermal event,MONITOR / REVIEW,Monitor thermal activity for escalation.; no verified fire station identified within the search radius -- nearest district fire service should be contacted,No fire station within 50 km,inf,False,Moderate thermal risk context (Agricultural-context thermal event). Operational review recommended.
1357,6.0,LOW,HIGH,Agricultural-context thermal event,NO ALERT,Routine baseline monitoring.,Fire station (unnamed),16.0,True,Low Risk Index representing routine thermal baseline.
1358,9.0,LOW,HIGH,Agricultural-context thermal event,NO ALERT,Routine baseline monitoring.,Jonai Fire Service Station,43.47,True,Low Risk Index representing routine thermal baseline.
1359,6.0,LOW,HIGH,Unknown / Insufficient Evidence,NO ALERT,Routine baseline monitoring.,No fire station within 50 km,inf,False,Low Risk Index representing routine thermal baseline.
1360,50.0,MEDIUM,LOW,Industrial-context thermal event,MONITOR / REVIEW,Monitor thermal activity for escalation.; no verified fire station identified within the search radius -- nearest district fire service should be contacted,No fire station within 50 km,inf,False,Moderate thermal risk context (Industrial-context thermal event). Operational review recommended.
1361,6.0,LOW,HIGH,Unknown / Insufficient Evidence,NO ALERT,Routine baseline monitoring.,Asansol Fire Brigade,20.35,True,Low Risk Index representing routine thermal baseline.
1362,6.0,LOW,HIGH,Unknown / Insufficient Evidence,NO ALERT,Routine baseline monitoring.,Fire station (unnamed),35.02,True,Low Risk Index representing routine thermal baseline.
1363,6.0,LOW,HIGH,Unknown / Insufficient Evidence,NO ALERT,Routine baseline monitoring.,NIT Faridabad Fire Station,10.13,True,Low Risk Index representing routine thermal baseline.
1364,6.0,LOW,HIGH,Unknown / Insufficient Evidence,NO ALERT,Routine baseline monitoring.,No fire station within 50 km,inf,False,Low Risk Index representing routine thermal baseline.
1365,6.0,LOW,HIGH,Unknown / Insufficient Evidence,NO ALERT,Routine baseline monitoring.,No fire station within 50 km,inf,False,Low Risk Index representing routine thermal baseline.
1366,6.0,LOW,HIGH,Unknown / Insufficient Evidence,NO ALERT,Routine baseline monitoring.,No fire station within 50 km,inf,False,Low Risk Index representing routine thermal baseline.
1367,22.9,LOW,MEDIUM,Industrial-context thermal event,NO ALERT,Routine baseline monitoring.,No fire station within 50 km,inf,False,Low Risk Index representing routine thermal baseline.
1368,9.0,LOW,HIGH,Unknown / Insufficient Evidence,NO ALERT,Routine baseline monitoring.,No fire station within 50 km,inf,False,Low Risk Index representing routine thermal baseline.
1369,6.0,LOW,HIGH,Unknown / Insufficient Evidence,NO ALERT,Routine baseline monitoring.,Kangeyam Fire Station,46.03,True,Low Risk Index representing routine thermal baseline.
1370,6.0,LOW,HIGH,Unknown / Insufficient Evidence,NO ALERT,Routine baseline monitoring.,Kangeyam Fire Station,36.39,True,Low Risk Index representing routine thermal baseline.
1371,6.0,LOW,HIGH,Unknown / Insufficient Evidence,NO ALERT,Routine baseline monitoring.,Fire station (unnamed),12.14,True,Low Risk Index representing routine thermal baseline.
1372,6.0,LOW,HIGH,Unknown / Insufficient Evidence,NO ALERT,Routine baseline monitoring.,No fire station within 50 km,inf,False,Low Risk Index representing routine thermal baseline.
1373,6.0,LOW,HIGH,Unknown / Insufficient Evidence,NO ALERT,Routine baseline monitoring.,Erode District Fire Station,8.66,True,Low Risk Index representing routine thermal baseline.
1374,17.8,LOW,MEDIUM,Industrial-context thermal event,NO ALERT,Routine baseline monitoring.,No fire station within 50 km,inf,False,Low Risk Index representing routine thermal baseline.
1375,15.3,LOW,MEDIUM,Unknown / Insufficient Evidence,NO ALERT,Routine baseline monitoring.,Fire Station,30.47,True,Low Risk Index representing routine thermal baseline.
1376,6.0,LOW,HIGH,Unknown / Insufficient Evidence,NO ALERT,Routine baseline monitoring.,Mehsana Muncipalty fire cantrol room,22.2,True,Low Risk Index representing routine thermal baseline.
1377,9.0,LOW,HIGH,Unknown / Insufficient Evidence,NO ALERT,Routine baseline monitoring.,Fire station (unnamed),25.47,True,Low Risk Index representing routine thermal baseline.
1378,15.0,LOW,HIGH,Agricultural-context thermal event,NO ALERT,Routine baseline monitoring.,No fire station within 50 km,inf,False,Low Risk Index representing routine thermal baseline.
1379,13.0,LOW,HIGH,Unknown / Insufficient Evidence,NO ALERT,Routine baseline monitoring.,No fire station within 50 km,inf,False,Low Risk Index representing routine thermal baseline.
1380,32.0,MEDIUM,LOW,Agricultural-context thermal event,MONITOR / REVIEW,Monitor thermal activity for escalation. Closest verified fire station: Tisaiyanvillai Fire Station (24.9 km away).,Tisaiyanvillai Fire Station,24.93,True,Moderate thermal risk context (Agricultural-context thermal event). Operational review recommended.
1381,38.0,MEDIUM,LOW,Agricultural-context thermal event,MONITOR / REVIEW,Monitor thermal activity for escalation. Closest verified fire station: Madurai Airport Fire Station (14.7 km away).,Madurai Airport Fire Station,14.7,True,Moderate thermal risk context (Agricultural-context thermal event). Operational review recommended.
1382,61.0,HIGH,LOW,Agricultural-context thermal event,HIGH PRIORITY ALERT,Dispatch priority ground verification unit from the nearest operational fire service. Closest verified fire station: Fire station (unnamed) (25.4 km away).,Fire station (unnamed),25.45,True,High Risk Index (61.0) combined with high evidence reliability (Low False-Alarm Concern).
1383,13.0,LOW,HIGH,Unknown / Insufficient Evidence,NO ALERT,Routine baseline monitoring.,Fire station (unnamed),48.48,True,Low Risk Index representing routine thermal baseline.
1384,63.0,HIGH,LOW,Industrial-context thermal event,HIGH PRIORITY ALERT,Dispatch priority ground verification unit from the nearest operational fire service. Closest verified fire station: Tamil Nadu Fire and Rescue Services (24.1 km away).,Tamil Nadu Fire and Rescue Services,24.1,True,High Risk Index (63.0) combined with high evidence reliability (Low False-Alarm Concern).
1385,22.1,LOW,MEDIUM,Unknown / Insufficient Evidence,NO ALERT,Routine baseline monitoring.,No fire station within 50 km,inf,False,Low Risk Index representing routine thermal baseline.
1386,34.0,MEDIUM,MEDIUM,Agricultural-context thermal event,MONITOR / REVIEW,Monitor thermal activity for escalation.; no verified fire station identified within the search radius -- nearest district fire service should be contacted,No fire station within 50 km,inf,False,Moderate thermal risk context (Agricultural-context thermal event). Operational review recommended.
1387,28.9,LOW,MEDIUM,Unknown / Insufficient Evidence,NO ALERT,Routine baseline monitoring.,Pune Municipal Corporation Fire Station Wagholi,43.54,True,Low Risk Index representing routine thermal baseline.
1388,56.0,MEDIUM,LOW,Agricultural-context thermal event,MONITOR / REVIEW,Monitor thermal activity for escalation. Closest verified fire station: Airport Fire Station (36.4 km away).,Airport Fire Station,36.43,True,Moderate thermal risk context (Agricultural-context thermal event). Operational review recommended.
1389,35.0,MEDIUM,LOW,Industrial-context thermal event,MONITOR / REVIEW,Monitor thermal activity for escalation. Closest verified fire station: Airport Fire Station (33.5 km away).,Airport Fire Station,33.52,True,Moderate thermal risk context (Industrial-context thermal event). Operational review recommended.
1390,16.0,LOW,HIGH,Agricultural-context thermal event,NO ALERT,Routine baseline monitoring.,Tisaiyanvillai Fire Station,27.28,True,Low Risk Index representing routine thermal baseline.
1391,47.0,MEDIUM,LOW,Agricultural-context thermal event,MONITOR / REVIEW,Monitor thermal activity for escalation. Closest verified fire station: Airport Fire Station (26.3 km away).,Airport Fire Station,26.32,True,Moderate thermal risk context (Agricultural-context thermal event). Operational review recommended.
1392,13.0,LOW,HIGH,Unknown / Insufficient Evidence,NO ALERT,Routine baseline monitoring.,Airport Fire Station,25.47,True,Low Risk Index representing routine thermal baseline.
1393,13.0,LOW,HIGH,Unknown / Insufficient Evidence,NO ALERT,Routine baseline monitoring.,Surandai Fire Station,25.19,True,Low Risk Index representing routine thermal baseline.
1394,19.0,LOW,HIGH,Agricultural-context thermal event,NO ALERT,Routine baseline monitoring.,Fire station (unnamed),33.14,True,Low Risk Index representing routine thermal baseline.
1395,13.0,LOW,HIGH,Unknown / Insufficient Evidence,NO ALERT,Routine baseline monitoring.,Surandai Fire Station,28.21,True,Low Risk Index representing routine thermal baseline.
1396,9.0,LOW,HIGH,Unknown / Insufficient Evidence,NO ALERT,Routine baseline monitoring.,Surandai Fire Station,35.09,True,Low Risk Index representing routine thermal baseline.
1397,10.0,LOW,HIGH,Unknown / Insufficient Evidence,NO ALERT,Routine baseline monitoring.,Fire station (unnamed),33.65,True,Low Risk Index representing routine thermal baseline.
1398,32.3,MEDIUM,MEDIUM,Industrial-context thermal event,MONITOR / REVIEW,Monitor thermal activity for escalation. Closest verified fire station: Sattur Fire Station (17.7 km away).,Sattur Fire Station,17.66,True,Moderate thermal risk context (Industrial-context thermal event). Operational review recommended.
1399,19.0,LOW,HIGH,Agricultural-context thermal event,NO ALERT,Routine baseline monitoring.,Madurai Airport Fire Station,34.47,True,Low Risk Index representing routine thermal baseline.
1400,13.0,LOW,HIGH,Industrial-context thermal event,NO ALERT,Routine baseline monitoring.,Fire And Rescue Services Station,37.41,True,Low Risk Index representing routine thermal baseline.
1401,13.0,LOW,HIGH,Unknown / Insufficient Evidence,NO ALERT,Routine baseline monitoring.,Fire And Rescue Services Station,40.85,True,Low Risk Index representing routine thermal baseline.
1402,13.0,LOW,HIGH,Industrial-context thermal event,NO ALERT,Routine baseline monitoring.,Fire and Rescue Services Station,2.66,True,Low Risk Index representing routine thermal baseline.
1403,22.1,LOW,MEDIUM,Unknown / Insufficient Evidence,NO ALERT,Routine baseline monitoring.,No fire station within 50 km,inf,False,Low Risk Index representing routine thermal baseline.
1404,22.1,LOW,MEDIUM,Unknown / Insufficient Evidence,NO ALERT,Routine baseline monitoring.,No fire station within 50 km,inf,False,Low Risk Index representing routine thermal baseline.
1405,13.0,LOW,HIGH,Unknown / Insufficient Evidence,NO ALERT,Routine baseline monitoring.,"Fire Station, Nagarkurnool",43.86,True,Low Risk Index representing routine thermal baseline.
1406,85.0,HIGH,LOW,Industrial-context thermal event,HIGH PRIORITY ALERT,Dispatch priority ground verification unit from the nearest operational fire service.; no verified fire station identified within the search radius -- nearest district fire service should be contacted,No fire station within 50 km,inf,False,High Risk Index (85.0) combined with high evidence reliability (Low False-Alarm Concern).
1407,22.9,LOW,MEDIUM,Industrial-context thermal event,NO ALERT,Routine baseline monitoring.,Fire station (unnamed),17.16,True,Low Risk Index representing routine thermal baseline.
1408,6.0,LOW,HIGH,Unknown / Insufficient Evidence,NO ALERT,Routine baseline monitoring.,Fire station (unnamed),48.4,True,Low Risk Index representing routine thermal baseline.
1409,6.0,LOW,HIGH,Unknown / Insufficient Evidence,NO ALERT,Routine baseline monitoring.,No fire station within 50 km,inf,False,Low Risk Index representing routine thermal baseline.
1410,6.0,LOW,HIGH,Agricultural-context thermal event,NO ALERT,Routine baseline monitoring.,Fire station (unnamed),21.39,True,Low Risk Index representing routine thermal baseline.
1411,36.0,MEDIUM,LOW,Industrial-context thermal event,MONITOR / REVIEW,Monitor thermal activity for escalation. Closest verified fire station: Fire station (unnamed) (18.4 km away).,Fire station (unnamed),18.36,True,Moderate thermal risk context (Industrial-context thermal event). Operational review recommended.
1412,6.0,LOW,HIGH,Agricultural-context thermal event,NO ALERT,Routine baseline monitoring.,Fire station (unnamed),34.95,True,Low Risk Index representing routine thermal baseline.
1413,6.0,LOW,HIGH,Unknown / Insufficient Evidence,NO ALERT,Routine baseline monitoring.,No fire station within 50 km,inf,False,Low Risk Index representing routine thermal baseline.
1414,15.3,LOW,MEDIUM,Unknown / Insufficient Evidence,NO ALERT,Routine baseline monitoring.,NIT Faridabad Fire Station,6.44,True,Low Risk Index representing routine thermal baseline.
1415,9.0,LOW,HIGH,Unknown / Insufficient Evidence,NO ALERT,Routine baseline monitoring.,Fire station (unnamed),11.23,True,Low Risk Index representing routine thermal baseline.
1416,35.0,MEDIUM,LOW,Industrial-context thermal event,MONITOR / REVIEW,Monitor thermal activity for escalation. Closest verified fire station: Fire Brigade Station Safidon (22.4 km away).,Fire Brigade Station Safidon,22.37,True,Moderate thermal risk context (Industrial-context thermal event). Operational review recommended.
1417,41.0,MEDIUM,LOW,Unknown / Insufficient Evidence,MONITOR / REVIEW,"Monitor thermal activity for escalation. Closest verified fire station: Firea and Rescue Station, Nedumkandam (28.2 km away).","Firea and Rescue Station, Nedumkandam",28.24,True,Moderate thermal risk context (Unknown / Insufficient Evidence). Operational review recommended.
1418,9.0,LOW,HIGH,Unknown / Insufficient Evidence,NO ALERT,Routine baseline monitoring.,Fire station (unnamed),28.63,True,Low Risk Index representing routine thermal baseline.
1419,6.0,LOW,HIGH,Unknown / Insufficient Evidence,NO ALERT,Routine baseline monitoring.,Fire station (unnamed),40.32,True,Low Risk Index representing routine thermal baseline.
1420,17.8,LOW,MEDIUM,Industrial-context thermal event,NO ALERT,Routine baseline monitoring.,No fire station within 50 km,inf,False,Low Risk Index representing routine thermal baseline.
1421,22.9,LOW,MEDIUM,Industrial-context thermal event,NO ALERT,Routine baseline monitoring.,Thermal Plant,25.87,True,Low Risk Index representing routine thermal baseline.
1422,6.0,LOW,HIGH,Unknown / Insufficient Evidence,NO ALERT,Routine baseline monitoring.,Fire Brigade Station Safidon,29.05,True,Low Risk Index representing routine thermal baseline.
1423,6.0,LOW,HIGH,Unknown / Insufficient Evidence,NO ALERT,Routine baseline monitoring.,Tawa Delight,2.32,True,Low Risk Index representing routine thermal baseline.
1424,27.0,LOW,LOW,Industrial-context thermal event,NO ALERT,Routine baseline monitoring.,Fire station (unnamed),6.97,True,Low Risk Index representing routine thermal baseline.
1425,6.0,LOW,HIGH,Unknown / Insufficient Evidence,NO ALERT,Routine baseline monitoring.,Fire station (unnamed),2.72,True,Low Risk Index representing routine thermal baseline.
1426,45.0,MEDIUM,LOW,Agricultural-context thermal event,MONITOR / REVIEW,Monitor thermal activity for escalation.; no verified fire station identified within the search radius -- nearest district fire service should be contacted,No fire station within 50 km,inf,False,Moderate thermal risk context (Agricultural-context thermal event). Operational review recommended.
1427,13.0,LOW,HIGH,Unknown / Insufficient Evidence,NO ALERT,Routine baseline monitoring.,Fire And Rescue Service Station,27.54,True,Low Risk Index representing routine thermal baseline.
1428,16.0,LOW,HIGH,Agricultural-context thermal event,NO ALERT,Routine baseline monitoring.,Fire And Rescue Service Station,38.96,True,Low Risk Index representing routine thermal baseline.
1429,26.0,LOW,LOW,Unknown / Insufficient Evidence,NO ALERT,Routine baseline monitoring.,Koothanallur Fire  Station,32.59,True,Low Risk Index representing routine thermal baseline.
1430,9.0,LOW,HIGH,Unknown / Insufficient Evidence,NO ALERT,Routine baseline monitoring.,No fire station within 50 km,inf,False,Low Risk Index representing routine thermal baseline.
1431,6.0,LOW,HIGH,Unknown / Insufficient Evidence,NO ALERT,Routine baseline monitoring.,Asansol Fire Station,12.64,True,Low Risk Index representing routine thermal baseline.
1432,71.0,HIGH,LOW,Industrial-context thermal event,HIGH PRIORITY ALERT,Dispatch priority ground verification unit from the nearest operational fire service. Closest verified fire station: Pedda Gantyada Fore Station (6.6 km away).,Pedda Gantyada Fore Station,6.61,True,High Risk Index (71.0) combined with high evidence reliability (Low False-Alarm Concern).
1433,6.0,LOW,HIGH,Unknown / Insufficient Evidence,NO ALERT,Routine baseline monitoring.,Fire station (unnamed),31.78,True,Low Risk Index representing routine thermal baseline.
1434,6.0,LOW,HIGH,Unknown / Insufficient Evidence,NO ALERT,Routine baseline monitoring.,Fire station (unnamed),9.87,True,Low Risk Index representing routine thermal baseline.
1435,21.0,LOW,LOW,Industrial-context thermal event,NO ALERT,Routine baseline monitoring.,No fire station within 50 km,inf,False,Low Risk Index representing routine thermal baseline.
1436,56.0,MEDIUM,LOW,Agricultural-context thermal event,MONITOR / REVIEW,Monitor thermal activity for escalation. Closest verified fire station: Fire station (unnamed) (1.1 km away).,Fire station (unnamed),1.06,True,Moderate thermal risk context (Agricultural-context thermal event). Operational review recommended.
1437,35.0,MEDIUM,LOW,Industrial-context thermal event,MONITOR / REVIEW,Monitor thermal activity for escalation. Closest verified fire station: Fire station (unnamed) (34.1 km away).,Fire station (unnamed),34.06,True,Moderate thermal risk context (Industrial-context thermal event). Operational review recommended.
1438,10.0,LOW,HIGH,Industrial-context thermal event,NO ALERT,Routine baseline monitoring.,Ballari Fire Station,5.33,True,Low Risk Index representing routine thermal baseline.
1439,22.1,LOW,MEDIUM,Unknown / Insufficient Evidence,NO ALERT,Routine baseline monitoring.,No fire station within 50 km,inf,False,Low Risk Index representing routine thermal baseline.
1440,9.0,LOW,HIGH,Unknown / Insufficient Evidence,NO ALERT,Routine baseline monitoring.,Fire station (unnamed),15.8,True,Low Risk Index representing routine thermal baseline.
1441,13.0,LOW,HIGH,Unknown / Insufficient Evidence,NO ALERT,Routine baseline monitoring.,Fire station (unnamed),29.8,True,Low Risk Index representing routine thermal baseline.
1442,13.0,LOW,HIGH,Unknown / Insufficient Evidence,NO ALERT,Routine baseline monitoring.,No fire station within 50 km,inf,False,Low Risk Index representing routine thermal baseline.
1443,6.0,LOW,HIGH,Unknown / Insufficient Evidence,NO ALERT,Routine baseline monitoring.,No fire station within 50 km,inf,False,Low Risk Index representing routine thermal baseline.
1444,17.8,LOW,MEDIUM,Agricultural-context thermal event,NO ALERT,Routine baseline monitoring.,fire station,17.21,True,Low Risk Index representing routine thermal baseline.
1445,9.0,LOW,HIGH,Unknown / Insufficient Evidence,NO ALERT,Routine baseline monitoring.,Kalmeshwar Fire Station,12.41,True,Low Risk Index representing routine thermal baseline.
1446,15.3,LOW,MEDIUM,Unknown / Insufficient Evidence,NO ALERT,Routine baseline monitoring.,Airport Fire Station,21.81,True,Low Risk Index representing routine thermal baseline.
1447,6.0,LOW,HIGH,Unknown / Insufficient Evidence,NO ALERT,Routine baseline monitoring.,Airport Fire Station,25.17,True,Low Risk Index representing routine thermal baseline.
1448,6.0,LOW,HIGH,Unknown / Insufficient Evidence,NO ALERT,Routine baseline monitoring.,Fire station (unnamed),15.77,True,Low Risk Index representing routine thermal baseline.
1449,6.0,LOW,HIGH,Unknown / Insufficient Evidence,NO ALERT,Routine baseline monitoring.,No fire station within 50 km,inf,False,Low Risk Index representing routine thermal baseline.
1450,35.0,MEDIUM,LOW,Industrial-context thermal event,MONITOR / REVIEW,Monitor thermal activity for escalation. Closest verified fire station: Fire station (unnamed) (19.4 km away).,Fire station (unnamed),19.37,True,Moderate thermal risk context (Industrial-context thermal event). Operational review recommended.
1451,36.0,MEDIUM,LOW,Industrial-context thermal event,MONITOR / REVIEW,Monitor thermal activity for escalation. Closest verified fire station: Ballari Fire Station (20.4 km away).,Ballari Fire Station,20.43,True,Moderate thermal risk context (Industrial-context thermal event). Operational review recommended.
1452,6.0,LOW,HIGH,Unknown / Insufficient Evidence,NO ALERT,Routine baseline monitoring.,Ballari Fire Station,17.82,True,Low Risk Index representing routine thermal baseline.
1453,17.8,LOW,MEDIUM,Industrial-context thermal event,NO ALERT,Routine baseline monitoring.,Manohar International Airport Satellite Fire Station,16.86,True,Low Risk Index representing routine thermal baseline.
1454,9.0,LOW,HIGH,Unknown / Insufficient Evidence,NO ALERT,Routine baseline monitoring.,No fire station within 50 km,inf,False,Low Risk Index representing routine thermal baseline.
1455,17.8,LOW,MEDIUM,Agricultural-context thermal event,NO ALERT,Routine baseline monitoring.,No fire station within 50 km,inf,False,Low Risk Index representing routine thermal baseline.
1456,35.0,MEDIUM,LOW,Industrial-context thermal event,MONITOR / REVIEW,Monitor thermal activity for escalation. Closest verified fire station: Rasayani Fire Station (25.2 km away).,Rasayani Fire Station,25.19,True,Moderate thermal risk context (Industrial-context thermal event). Operational review recommended.
1457,6.0,LOW,HIGH,Unknown / Insufficient Evidence,NO ALERT,Routine baseline monitoring.,Pune Municipal Corporation Fire Station Wagholi,38.74,True,Low Risk Index representing routine thermal baseline.
1458,6.0,LOW,HIGH,Unknown / Insufficient Evidence,NO ALERT,Routine baseline monitoring.,No fire station within 50 km,inf,False,Low Risk Index representing routine thermal baseline.
1459,6.0,LOW,HIGH,Unknown / Insufficient Evidence,NO ALERT,Routine baseline monitoring.,Airport Fire Station,7.5,True,Low Risk Index representing routine thermal baseline.
1460,6.0,LOW,HIGH,Unknown / Insufficient Evidence,NO ALERT,Routine baseline monitoring.,Airport Fire Station,20.76,True,Low Risk Index representing routine thermal baseline.
1461,9.0,LOW,HIGH,Unknown / Insufficient Evidence,NO ALERT,Routine baseline monitoring.,Airport Fire Station,23.44,True,Low Risk Index representing routine thermal baseline.
1462,6.0,LOW,HIGH,Unknown / Insufficient Evidence,NO ALERT,Routine baseline monitoring.,No fire station within 50 km,inf,False,Low Risk Index representing routine thermal baseline.
1463,41.0,MEDIUM,LOW,Industrial-context thermal event,MONITOR / REVIEW,Monitor thermal activity for escalation.; no verified fire station identified within the search radius -- nearest district fire service should be contacted,No fire station within 50 km,inf,False,Moderate thermal risk context (Industrial-context thermal event). Operational review recommended.
1464,10.0,LOW,HIGH,Unknown / Insufficient Evidence,NO ALERT,Routine baseline monitoring.,No fire station within 50 km,inf,False,Low Risk Index representing routine thermal baseline.
1465,6.0,LOW,HIGH,Unknown / Insufficient Evidence,NO ALERT,Routine baseline monitoring.,BHEL Fire Station,10.25,True,Low Risk Index representing routine thermal baseline.
1466,6.0,LOW,HIGH,Unknown / Insufficient Evidence,NO ALERT,Routine baseline monitoring.,No fire station within 50 km,inf,False,Low Risk Index representing routine thermal baseline.
1467,6.0,LOW,HIGH,Unknown / Insufficient Evidence,NO ALERT,Routine baseline monitoring.,Vellore Fire station,1.5,True,Low Risk Index representing routine thermal baseline.
1468,56.0,MEDIUM,LOW,Industrial-context thermal event,MONITOR / REVIEW,Monitor thermal activity for escalation.; no verified fire station identified within the search radius -- nearest district fire service should be contacted,No fire station within 50 km,inf,False,Moderate thermal risk context (Industrial-context thermal event). Operational review recommended.
1469,24.6,LOW,MEDIUM,Industrial-context thermal event,NO ALERT,Routine baseline monitoring.,CMC fire station,16.85,True,Low Risk Index representing routine thermal baseline.
1470,27.2,LOW,MEDIUM,Agricultural-context thermal event,NO ALERT,Routine baseline monitoring.,No fire station within 50 km,inf,False,Low Risk Index representing routine thermal baseline.
1471,22.9,LOW,MEDIUM,Industrial-context thermal event,NO ALERT,Routine baseline monitoring.,Fire station (unnamed),20.88,True,Low Risk Index representing routine thermal baseline.
1472,9.0,LOW,HIGH,Unknown / Insufficient Evidence,NO ALERT,Routine baseline monitoring.,Fire station (unnamed),37.66,True,Low Risk Index representing routine thermal baseline.
1473,6.0,LOW,HIGH,Unknown / Insufficient Evidence,NO ALERT,Routine baseline monitoring.,No fire station within 50 km,inf,False,Low Risk Index representing routine thermal baseline.
1474,22.9,LOW,MEDIUM,Industrial-context thermal event,NO ALERT,Routine baseline monitoring.,Ballari Fire Station,12.5,True,Low Risk Index representing routine thermal baseline.
1475,58.0,MEDIUM,LOW,Unknown / Insufficient Evidence,MONITOR / REVIEW,Monitor thermal activity for escalation. Closest verified fire station: BMM Fire station (21.2 km away).,BMM Fire station,21.21,True,Moderate thermal risk context (Unknown / Insufficient Evidence). Operational review recommended.
1476,60.0,HIGH,LOW,Agricultural-context thermal event,HIGH PRIORITY ALERT,Dispatch priority ground verification unit from the nearest operational fire service.; no verified fire station identified within the search radius -- nearest district fire service should be contacted,No fire station within 50 km,inf,False,High Risk Index (60.0) combined with high evidence reliability (Low False-Alarm Concern).
1477,16.0,LOW,HIGH,Agricultural-context thermal event,NO ALERT,Routine baseline monitoring.,No fire station within 50 km,inf,False,Low Risk Index representing routine thermal baseline.
1478,28.9,LOW,MEDIUM,Unknown / Insufficient Evidence,NO ALERT,Routine baseline monitoring.,Kallakurichi Fire Station,3.09,True,Low Risk Index representing routine thermal baseline.
1479,10.0,LOW,HIGH,Unknown / Insufficient Evidence,NO ALERT,Routine baseline monitoring.,Kallakurichi Fire Station,11.61,True,Low Risk Index representing routine thermal baseline.
1480,27.2,LOW,MEDIUM,Agricultural-context thermal event,NO ALERT,Routine baseline monitoring.,No fire station within 50 km,inf,False,Low Risk Index representing routine thermal baseline.
1481,16.0,LOW,HIGH,Agricultural-context thermal event,NO ALERT,Routine baseline monitoring.,No fire station within 50 km,inf,False,Low Risk Index representing routine thermal baseline.
1482,22.1,LOW,MEDIUM,Unknown / Insufficient Evidence,NO ALERT,Routine baseline monitoring.,Nalgonda Fire Station,27.25,True,Low Risk Index representing routine thermal baseline.
1483,23.5,LOW,HIGH,Industrial-context thermal event,NO ALERT,Routine baseline monitoring.,No fire station within 50 km,inf,False,Low Risk Index representing routine thermal baseline.
1484,27.2,LOW,MEDIUM,Industrial-context thermal event,NO ALERT,Routine baseline monitoring.,No fire station within 50 km,inf,False,Low Risk Index representing routine thermal baseline.
1485,22.1,LOW,MEDIUM,Industrial-context thermal event,NO ALERT,Routine baseline monitoring.,No fire station within 50 km,inf,False,Low Risk Index representing routine thermal baseline.
1486,16.0,LOW,HIGH,Agricultural-context thermal event,NO ALERT,Routine baseline monitoring.,Fire Brigade,20.53,True,Low Risk Index representing routine thermal baseline.
1487,22.1,LOW,MEDIUM,Unknown / Insufficient Evidence,NO ALERT,Routine baseline monitoring.,No fire station within 50 km,inf,False,Low Risk Index representing routine thermal baseline.
1488,34.0,MEDIUM,MEDIUM,Agricultural-context thermal event,MONITOR / REVIEW,Monitor thermal activity for escalation. Closest verified fire station: Fire station (unnamed) (29.4 km away).,Fire station (unnamed),29.39,True,Moderate thermal risk context (Agricultural-context thermal event). Operational review recommended.
1489,22.1,LOW,MEDIUM,Unknown / Insufficient Evidence,NO ALERT,Routine baseline monitoring.,Madurai Airport Fire Station,9.82,True,Low Risk Index representing routine thermal baseline.
1490,70.0,HIGH,LOW,Agricultural-context thermal event,HIGH PRIORITY ALERT,Dispatch priority ground verification unit from the nearest operational fire service. Closest verified fire station: Madurai Airport Fire Station (28.5 km away).,Madurai Airport Fire Station,28.5,True,High Risk Index (70.0) combined with high evidence reliability (Low False-Alarm Concern).
1491,13.0,LOW,HIGH,Unknown / Insufficient Evidence,NO ALERT,Routine baseline monitoring.,Fire station (unnamed),18.8,True,Low Risk Index representing routine thermal baseline.
1492,10.0,LOW,HIGH,Unknown / Insufficient Evidence,NO ALERT,Routine baseline monitoring.,Fire station (unnamed),19.17,True,Low Risk Index representing routine thermal baseline.
1493,9.0,LOW,HIGH,Unknown / Insufficient Evidence,NO ALERT,Routine baseline monitoring.,Fire station (unnamed),25.58,True,Low Risk Index representing routine thermal baseline.
1494,27.2,LOW,MEDIUM,Industrial-context thermal event,NO ALERT,Routine baseline monitoring.,Erode District Fire Station,31.99,True,Low Risk Index representing routine thermal baseline.
1495,22.1,LOW,MEDIUM,Unknown / Insufficient Evidence,NO ALERT,Routine baseline monitoring.,Kallakurichi Fire Station,34.37,True,Low Risk Index representing routine thermal baseline.
1496,13.0,LOW,HIGH,Agricultural-context thermal event,NO ALERT,Routine baseline monitoring.,Fire Station Chidambaram,20.09,True,Low Risk Index representing routine thermal baseline.
1497,9.0,LOW,HIGH,Unknown / Insufficient Evidence,NO ALERT,Routine baseline monitoring.,Fire station (unnamed),31.46,True,Low Risk Index representing routine thermal baseline.
1498,6.0,LOW,HIGH,Unknown / Insufficient Evidence,NO ALERT,Routine baseline monitoring.,Saraswathipuram Fire Station,41.24,True,Low Risk Index representing routine thermal baseline.
1499,32.3,MEDIUM,MEDIUM,Agricultural-context thermal event,MONITOR / REVIEW,Monitor thermal activity for escalation. Closest verified fire station: Fire Control Room (25.4 km away).,Fire Control Room,25.42,True,Moderate thermal risk context (Agricultural-context thermal event). Operational review recommended.
1500,13.0,LOW,HIGH,Unknown / Insufficient Evidence,NO ALERT,Routine baseline monitoring.,Fire station (unnamed),31.53,True,Low Risk Index representing routine thermal baseline.
1501,6.0,LOW,HIGH,Unknown / Insufficient Evidence,NO ALERT,Routine baseline monitoring.,Fire Station,20.65,True,Low Risk Index representing routine thermal baseline.
1502,13.0,LOW,HIGH,Industrial-context thermal event,NO ALERT,Routine baseline monitoring.,Fire station (unnamed),6.13,True,Low Risk Index representing routine thermal baseline.
1503,13.0,LOW,HIGH,Unknown / Insufficient Evidence,NO ALERT,Routine baseline monitoring.,Fire Station Gudiyattam,18.18,True,Low Risk Index representing routine thermal baseline.
1504,9.0,LOW,HIGH,Unknown / Insufficient Evidence,NO ALERT,Routine baseline monitoring.,Fire Station,17.88,True,Low Risk Index representing routine thermal baseline.
1505,13.0,LOW,HIGH,Unknown / Insufficient Evidence,NO ALERT,Routine baseline monitoring.,No fire station within 50 km,inf,False,Low Risk Index representing routine thermal baseline.
1506,13.0,LOW,HIGH,Unknown / Insufficient Evidence,NO ALERT,Routine baseline monitoring.,No fire station within 50 km,inf,False,Low Risk Index representing routine thermal baseline.
1507,13.0,LOW,HIGH,Industrial-context thermal event,NO ALERT,Routine baseline monitoring.,Ballari Fire Station,19.25,True,Low Risk Index representing routine thermal baseline.
1508,27.2,LOW,MEDIUM,Agricultural-context thermal event,NO ALERT,Routine baseline monitoring.,No fire station within 50 km,inf,False,Low Risk Index representing routine thermal baseline.
1509,35.0,MEDIUM,LOW,Industrial-context thermal event,MONITOR / REVIEW,Monitor thermal activity for escalation. Closest verified fire station: Fire station (unnamed) (15.9 km away).,Fire station (unnamed),15.95,True,Moderate thermal risk context (Industrial-context thermal event). Operational review recommended.
1510,6.0,LOW,HIGH,Unknown / Insufficient Evidence,NO ALERT,Routine baseline monitoring.,Ballari Fire Station,32.46,True,Low Risk Index representing routine thermal baseline.
1511,13.0,LOW,HIGH,Unknown / Insufficient Evidence,NO ALERT,Routine baseline monitoring.,"Fire Station, Yemmiganur",35.51,True,Low Risk Index representing routine thermal baseline.
1512,13.0,LOW,HIGH,Unknown / Insufficient Evidence,NO ALERT,Routine baseline monitoring.,No fire station within 50 km,inf,False,Low Risk Index representing routine thermal baseline.
1513,22.1,LOW,MEDIUM,Industrial-context thermal event,NO ALERT,Routine baseline monitoring.,No fire station within 50 km,inf,False,Low Risk Index representing routine thermal baseline.
1514,13.0,LOW,HIGH,Unknown / Insufficient Evidence,NO ALERT,Routine baseline monitoring.,Fire station (unnamed),25.57,True,Low Risk Index representing routine thermal baseline.
1515,22.1,LOW,MEDIUM,Industrial-context thermal event,NO ALERT,Routine baseline monitoring.,No fire station within 50 km,inf,False,Low Risk Index representing routine thermal baseline.
1516,85.0,HIGH,LOW,Industrial-context thermal event,HIGH PRIORITY ALERT,Dispatch priority ground verification unit from the nearest operational fire service.; no verified fire station identified within the search radius -- nearest district fire service should be contacted,No fire station within 50 km,inf,False,High Risk Index (85.0) combined with high evidence reliability (Low False-Alarm Concern).
1517,41.0,MEDIUM,LOW,Agricultural-context thermal event,MONITOR / REVIEW,Monitor thermal activity for escalation.; no verified fire station identified within the search radius -- nearest district fire service should be contacted,No fire station within 50 km,inf,False,Moderate thermal risk context (Agricultural-context thermal event). Operational review recommended.
1518,15.3,LOW,MEDIUM,Unknown / Insufficient Evidence,NO ALERT,Routine baseline monitoring.,No fire station within 50 km,inf,False,Low Risk Index representing routine thermal baseline.
1519,26.0,LOW,LOW,Industrial-context thermal event,NO ALERT,Routine baseline monitoring.,No fire station within 50 km,inf,False,Low Risk Index representing routine thermal baseline.
1520,22.1,LOW,MEDIUM,Industrial-context thermal event,NO ALERT,Routine baseline monitoring.,No fire station within 50 km,inf,False,Low Risk Index representing routine thermal baseline.
1521,6.0,LOW,HIGH,Unknown / Insufficient Evidence,NO ALERT,Routine baseline monitoring.,No fire station within 50 km,inf,False,Low Risk Index representing routine thermal baseline.
1522,9.0,LOW,HIGH,Unknown / Insufficient Evidence,NO ALERT,Routine baseline monitoring.,No fire station within 50 km,inf,False,Low Risk Index representing routine thermal baseline.
1523,36.0,MEDIUM,LOW,Industrial-context thermal event,MONITOR / REVIEW,Monitor thermal activity for escalation. Closest verified fire station: Mettur FIre and Rescue Dept. (10.2 km away).,Mettur FIre and Rescue Dept.,10.21,True,Moderate thermal risk context (Industrial-context thermal event). Operational review recommended.
1524,22.9,LOW,MEDIUM,Industrial-context thermal event,NO ALERT,Routine baseline monitoring.,No fire station within 50 km,inf,False,Low Risk Index representing routine thermal baseline.
1525,12.0,LOW,HIGH,Agricultural-context thermal event,NO ALERT,Routine baseline monitoring.,No fire station within 50 km,inf,False,Low Risk Index representing routine thermal baseline.
1526,12.0,LOW,HIGH,Agricultural-context thermal event,NO ALERT,Routine baseline monitoring.,Fire Station,33.06,True,Low Risk Index representing routine thermal baseline.
1527,6.0,LOW,HIGH,Unknown / Insufficient Evidence,NO ALERT,Routine baseline monitoring.,Jnagareddygudem Fire Station,22.73,True,Low Risk Index representing routine thermal baseline.
1528,6.0,LOW,HIGH,Unknown / Insufficient Evidence,NO ALERT,Routine baseline monitoring.,Asansol Fire Brigade,20.49,True,Low Risk Index representing routine thermal baseline.
1529,10.0,LOW,HIGH,Industrial-context thermal event,NO ALERT,Routine baseline monitoring.,Mehsana Muncipalty fire cantrol room,36.33,True,Low Risk Index representing routine thermal baseline.
1530,6.0,LOW,HIGH,Unknown / Insufficient Evidence,NO ALERT,Routine baseline monitoring.,No fire station within 50 km,inf,False,Low Risk Index representing routine thermal baseline.
1531,13.0,LOW,HIGH,Unknown / Insufficient Evidence,NO ALERT,Routine baseline monitoring.,Chakan Fire station,21.8,True,Low Risk Index representing routine thermal baseline.
1532,10.2,LOW,MEDIUM,Unknown / Insufficient Evidence,NO ALERT,Routine baseline monitoring.,Fire station (unnamed),2.66,True,Low Risk Index representing routine thermal baseline.
1533,17.8,LOW,MEDIUM,Industrial-context thermal event,NO ALERT,Routine baseline monitoring.,Tirumala Fire Station,29.35,True,Low Risk Index representing routine thermal baseline.
1534,6.0,LOW,HIGH,Unknown / Insufficient Evidence,NO ALERT,Routine baseline monitoring.,Tirumala Fire Station,20.78,True,Low Risk Index representing routine thermal baseline.
1535,17.8,LOW,MEDIUM,Industrial-context thermal event,NO ALERT,Routine baseline monitoring.,BMM Fire station,0.33,True,Low Risk Index representing routine thermal baseline.
1536,6.0,LOW,HIGH,Unknown / Insufficient Evidence,NO ALERT,Routine baseline monitoring.,BMM Fire station,22.54,True,Low Risk Index representing routine thermal baseline.
1537,6.0,LOW,HIGH,Unknown / Insufficient Evidence,NO ALERT,Routine baseline monitoring.,BMM Fire station,22.99,True,Low Risk Index representing routine thermal baseline.
1538,12.0,LOW,HIGH,Agricultural-context thermal event,NO ALERT,Routine baseline monitoring.,No fire station within 50 km,inf,False,Low Risk Index representing routine thermal baseline.
1539,64.6,HIGH,MEDIUM,Agricultural-context thermal event,MONITOR / REVIEW,Monitor thermal activity for escalation.; no verified fire station identified within the search radius -- nearest district fire service should be contacted,No fire station within 50 km,inf,False,Moderate thermal risk context (Agricultural-context thermal event). Operational review recommended.
1540,13.0,LOW,HIGH,Unknown / Insufficient Evidence,NO ALERT,Routine baseline monitoring.,Airport Fire Station,27.95,True,Low Risk Index representing routine thermal baseline.
1541,16.0,LOW,HIGH,Agricultural-context thermal event,NO ALERT,Routine baseline monitoring.,Sattur Fire Station,27.07,True,Low Risk Index representing routine thermal baseline.
1542,16.0,LOW,HIGH,Agricultural-context thermal event,NO ALERT,Routine baseline monitoring.,Sattur Fire Station,17.94,True,Low Risk Index representing routine thermal baseline.
1543,19.0,LOW,HIGH,Agricultural-context thermal event,NO ALERT,Routine baseline monitoring.,Sattur Fire Station,10.46,True,Low Risk Index representing routine thermal baseline.
1544,16.0,LOW,HIGH,Industrial-context thermal event,NO ALERT,Routine baseline monitoring.,Virudhunagar Fire Station,32.93,True,Low Risk Index representing routine thermal baseline.
1545,9.0,LOW,HIGH,Unknown / Insufficient Evidence,NO ALERT,Routine baseline monitoring.,Fire station (unnamed),24.51,True,Low Risk Index representing routine thermal baseline.
1546,22.1,LOW,MEDIUM,Unknown / Insufficient Evidence,NO ALERT,Routine baseline monitoring.,Kangeyam Fire Station,4.12,True,Low Risk Index representing routine thermal baseline.
1547,12.0,LOW,HIGH,Agricultural-context thermal event,NO ALERT,Routine baseline monitoring.,Kallakurichi Fire Station,38.55,True,Low Risk Index representing routine thermal baseline.
1548,9.0,LOW,HIGH,Unknown / Insufficient Evidence,NO ALERT,Routine baseline monitoring.,Fire Control Room,12.84,True,Low Risk Index representing routine thermal baseline.
1549,16.0,LOW,HIGH,Agricultural-context thermal event,NO ALERT,Routine baseline monitoring.,Mettur FIre and Rescue Dept.,33.21,True,Low Risk Index representing routine thermal baseline.
1550,13.0,LOW,HIGH,Unknown / Insufficient Evidence,NO ALERT,Routine baseline monitoring.,Fire Control Room,28.73,True,Low Risk Index representing routine thermal baseline.
1551,9.0,LOW,HIGH,Unknown / Insufficient Evidence,NO ALERT,Routine baseline monitoring.,No fire station within 50 km,inf,False,Low Risk Index representing routine thermal baseline.
1552,22.1,LOW,MEDIUM,Unknown / Insufficient Evidence,NO ALERT,Routine baseline monitoring.,Fire station (unnamed),47.27,True,Low Risk Index representing routine thermal baseline.
1553,16.0,LOW,HIGH,Agricultural-context thermal event,NO ALERT,Routine baseline monitoring.,No fire station within 50 km,inf,False,Low Risk Index representing routine thermal baseline.
1554,27.2,LOW,MEDIUM,Agricultural-context thermal event,NO ALERT,Routine baseline monitoring.,No fire station within 50 km,inf,False,Low Risk Index representing routine thermal baseline.
1555,32.0,MEDIUM,LOW,Agricultural-context thermal event,MONITOR / REVIEW,Monitor thermal activity for escalation.; no verified fire station identified within the search radius -- nearest district fire service should be contacted,No fire station within 50 km,inf,False,Moderate thermal risk context (Agricultural-context thermal event). Operational review recommended.
1556,16.0,LOW,HIGH,Agricultural-context thermal event,NO ALERT,Routine baseline monitoring.,No fire station within 50 km,inf,False,Low Risk Index representing routine thermal baseline.
1557,13.0,LOW,HIGH,Unknown / Insufficient Evidence,NO ALERT,Routine baseline monitoring.,Sattur Fire Station,31.54,True,Low Risk Index representing routine thermal baseline.
1558,17.0,LOW,MEDIUM,Unknown / Insufficient Evidence,NO ALERT,Routine baseline monitoring.,Surandai Fire Station,33.96,True,Low Risk Index representing routine thermal baseline.
1559,32.0,MEDIUM,LOW,Agricultural-context thermal event,MONITOR / REVIEW,Monitor thermal activity for escalation. Closest verified fire station: Sattur Fire Station (17.6 km away).,Sattur Fire Station,17.65,True,Moderate thermal risk context (Agricultural-context thermal event). Operational review recommended.
1560,13.0,LOW,HIGH,Industrial-context thermal event,NO ALERT,Routine baseline monitoring.,Fire station (unnamed),16.36,True,Low Risk Index representing routine thermal baseline.
1561,13.0,LOW,HIGH,Industrial-context thermal event,NO ALERT,Routine baseline monitoring.,Madurai Airport Fire Station,22.36,True,Low Risk Index representing routine thermal baseline.
1562,10.0,LOW,HIGH,Unknown / Insufficient Evidence,NO ALERT,Routine baseline monitoring.,Kangeyam Fire Station,15.12,True,Low Risk Index representing routine thermal baseline.
1563,13.0,LOW,HIGH,Industrial-context thermal event,NO ALERT,Routine baseline monitoring.,Kangeyam Fire Station,18.69,True,Low Risk Index representing routine thermal baseline.
1564,15.3,LOW,MEDIUM,Unknown / Insufficient Evidence,NO ALERT,Routine baseline monitoring.,Fire Brigade Station Safidon,20.23,True,Low Risk Index representing routine thermal baseline.
1565,62.0,HIGH,LOW,Industrial-context thermal event,HIGH PRIORITY ALERT,Dispatch priority ground verification unit from the nearest operational fire service. Closest verified fire station: Fire station (unnamed) (33.7 km away).,Fire station (unnamed),33.66,True,High Risk Index (62.0) combined with high evidence reliability (Low False-Alarm Concern).
1566,6.0,LOW,HIGH,Unknown / Insufficient Evidence,NO ALERT,Routine baseline monitoring.,Fire station (unnamed),43.27,True,Low Risk Index representing routine thermal baseline.
1567,6.0,LOW,HIGH,Unknown / Insufficient Evidence,NO ALERT,Routine baseline monitoring.,Asansol Fire Station,17.63,True,Low Risk Index representing routine thermal baseline.
1568,6.0,LOW,HIGH,Agricultural-context thermal event,NO ALERT,Routine baseline monitoring.,NCTPS Fire Station,29.15,True,Low Risk Index representing routine thermal baseline.
1569,6.0,LOW,HIGH,Unknown / Insufficient Evidence,NO ALERT,Routine baseline monitoring.,Tirumala Fire Station,18.7,True,Low Risk Index representing routine thermal baseline.
1570,6.0,LOW,HIGH,Unknown / Insufficient Evidence,NO ALERT,Routine baseline monitoring.,Fire station (unnamed),47.39,True,Low Risk Index representing routine thermal baseline.
1571,9.0,LOW,HIGH,Unknown / Insufficient Evidence,NO ALERT,Routine baseline monitoring.,No fire station within 50 km,inf,False,Low Risk Index representing routine thermal baseline.
1572,27.0,LOW,LOW,Agricultural-context thermal event,NO ALERT,Routine baseline monitoring.,No fire station within 50 km,inf,False,Low Risk Index representing routine thermal baseline.
1573,6.0,LOW,HIGH,Unknown / Insufficient Evidence,NO ALERT,Routine baseline monitoring.,Islampur agnishaman,45.48,True,Low Risk Index representing routine thermal baseline.
1574,17.8,LOW,MEDIUM,Industrial-context thermal event,NO ALERT,Routine baseline monitoring.,No fire station within 50 km,inf,False,Low Risk Index representing routine thermal baseline.
1575,17.8,LOW,MEDIUM,Industrial-context thermal event,NO ALERT,Routine baseline monitoring.,No fire station within 50 km,inf,False,Low Risk Index representing routine thermal baseline.
1576,6.0,LOW,HIGH,Unknown / Insufficient Evidence,NO ALERT,Routine baseline monitoring.,fire station,38.76,True,Low Risk Index representing routine thermal baseline.
1577,9.0,LOW,HIGH,Unknown / Insufficient Evidence,NO ALERT,Routine baseline monitoring.,Tisaiyanvillai Fire Station,23.68,True,Low Risk Index representing routine thermal baseline.
1578,6.0,LOW,HIGH,Unknown / Insufficient Evidence,NO ALERT,Routine baseline monitoring.,Fire station (unnamed),2.67,True,Low Risk Index representing routine thermal baseline.
1579,6.0,LOW,HIGH,Unknown / Insufficient Evidence,NO ALERT,Routine baseline monitoring.,Kangeyam Fire Station,48.24,True,Low Risk Index representing routine thermal baseline.
1580,36.0,MEDIUM,LOW,Industrial-context thermal event,MONITOR / REVIEW,Monitor thermal activity for escalation. Closest verified fire station: Kangeyam Fire Station (46.1 km away).,Kangeyam Fire Station,46.13,True,Moderate thermal risk context (Industrial-context thermal event). Operational review recommended.
1581,6.0,LOW,HIGH,Unknown / Insufficient Evidence,NO ALERT,Routine baseline monitoring.,Erode District Fire Station,25.05,True,Low Risk Index representing routine thermal baseline.
1582,22.9,LOW,MEDIUM,Industrial-context thermal event,NO ALERT,Routine baseline monitoring.,No fire station within 50 km,inf,False,Low Risk Index representing routine thermal baseline.
1583,6.0,LOW,HIGH,Unknown / Insufficient Evidence,NO ALERT,Routine baseline monitoring.,Fire station (unnamed),6.29,True,Low Risk Index representing routine thermal baseline.
1584,6.0,LOW,HIGH,Agricultural-context thermal event,NO ALERT,Routine baseline monitoring.,Fire station (unnamed),12.19,True,Low Risk Index representing routine thermal baseline.
1585,6.0,LOW,HIGH,Unknown / Insufficient Evidence,NO ALERT,Routine baseline monitoring.,Sunkadakatte Fire Station,6.38,True,Low Risk Index representing routine thermal baseline.
1586,6.0,LOW,HIGH,Unknown / Insufficient Evidence,NO ALERT,Routine baseline monitoring.,No fire station within 50 km,inf,False,Low Risk Index representing routine thermal baseline.
1587,13.0,LOW,HIGH,Unknown / Insufficient Evidence,NO ALERT,Routine baseline monitoring.,Jonai Fire Service Station,41.37,True,Low Risk Index representing routine thermal baseline.
1588,27.2,LOW,MEDIUM,Agricultural-context thermal event,NO ALERT,Routine baseline monitoring.,Airport Fire Station,19.16,True,Low Risk Index representing routine thermal baseline.
1589,32.0,MEDIUM,LOW,Agricultural-context thermal event,MONITOR / REVIEW,Monitor thermal activity for escalation. Closest verified fire station: Airport Fire Station (5.8 km away).,Airport Fire Station,5.76,True,Moderate thermal risk context (Agricultural-context thermal event). Operational review recommended.
1590,27.2,LOW,MEDIUM,Industrial-context thermal event,NO ALERT,Routine baseline monitoring.,Airport Fire Station,9.12,True,Low Risk Index representing routine thermal baseline.
1591,9.0,LOW,HIGH,Unknown / Insufficient Evidence,NO ALERT,Routine baseline monitoring.,Fire And Rescue Service Station,4.81,True,Low Risk Index representing routine thermal baseline.
1592,9.0,LOW,HIGH,Unknown / Insufficient Evidence,NO ALERT,Routine baseline monitoring.,Airport Fire Station,13.09,True,Low Risk Index representing routine thermal baseline.
1593,22.1,LOW,MEDIUM,Unknown / Insufficient Evidence,NO ALERT,Routine baseline monitoring.,Airport Fire Station,36.66,True,Low Risk Index representing routine thermal baseline.
1594,61.0,HIGH,LOW,Agricultural-context thermal event,HIGH PRIORITY ALERT,Dispatch priority ground verification unit from the nearest operational fire service. Closest verified fire station: Sattur Fire Station (24.2 km away).,Sattur Fire Station,24.18,True,High Risk Index (61.0) combined with high evidence reliability (Low False-Alarm Concern).
1595,47.0,MEDIUM,LOW,Agricultural-context thermal event,MONITOR / REVIEW,Monitor thermal activity for escalation.; no verified fire station identified within the search radius -- nearest district fire service should be contacted,No fire station within 50 km,inf,False,Moderate thermal risk context (Agricultural-context thermal event). Operational review recommended.
1596,9.0,LOW,HIGH,Unknown / Insufficient Evidence,NO ALERT,Routine baseline monitoring.,No fire station within 50 km,inf,False,Low Risk Index representing routine thermal baseline.
1597,32.0,MEDIUM,LOW,Agricultural-context thermal event,MONITOR / REVIEW,Monitor thermal activity for escalation.; no verified fire station identified within the search radius -- nearest district fire service should be contacted,No fire station within 50 km,inf,False,Moderate thermal risk context (Agricultural-context thermal event). Operational review recommended.
1598,13.0,LOW,HIGH,Unknown / Insufficient Evidence,NO ALERT,Routine baseline monitoring.,Fire station (unnamed),42.41,True,Low Risk Index representing routine thermal baseline.
1599,32.0,MEDIUM,LOW,Agricultural-context thermal event,MONITOR / REVIEW,Monitor thermal activity for escalation. Closest verified fire station: Madurai Airport Fire Station (30.0 km away).,Madurai Airport Fire Station,29.98,True,Moderate thermal risk context (Agricultural-context thermal event). Operational review recommended.
1600,22.1,LOW,MEDIUM,Unknown / Insufficient Evidence,NO ALERT,Routine baseline monitoring.,Fire station (unnamed),39.01,True,Low Risk Index representing routine thermal baseline.
1601,16.0,LOW,HIGH,Industrial-context thermal event,NO ALERT,Routine baseline monitoring.,Madurai Airport Fire Station,10.74,True,Low Risk Index representing routine thermal baseline.
1602,9.0,LOW,HIGH,Unknown / Insufficient Evidence,NO ALERT,Routine baseline monitoring.,Madurai Airport Fire Station,15.84,True,Low Risk Index representing routine thermal baseline.
1603,10.2,LOW,MEDIUM,Unknown / Insufficient Evidence,NO ALERT,Routine baseline monitoring.,Madurai Airport Fire Station,35.88,True,Low Risk Index representing routine thermal baseline.
1604,6.0,LOW,HIGH,Unknown / Insufficient Evidence,NO ALERT,Routine baseline monitoring.,Fire station (unnamed),29.2,True,Low Risk Index representing routine thermal baseline.
1605,13.0,LOW,HIGH,Unknown / Insufficient Evidence,NO ALERT,Routine baseline monitoring.,BHEL Fire Station,20.91,True,Low Risk Index representing routine thermal baseline.
1606,13.0,LOW,HIGH,Unknown / Insufficient Evidence,NO ALERT,Routine baseline monitoring.,BHEL Fire Station,5.48,True,Low Risk Index representing routine thermal baseline.
1607,22.1,LOW,MEDIUM,Unknown / Insufficient Evidence,NO ALERT,Routine baseline monitoring.,Erode District Fire Station,10.64,True,Low Risk Index representing routine thermal baseline.
1608,22.1,LOW,MEDIUM,Agricultural-context thermal event,NO ALERT,Routine baseline monitoring.,Fire Station Chidambaram,25.47,True,Low Risk Index representing routine thermal baseline.
1609,26.0,LOW,LOW,Unknown / Insufficient Evidence,NO ALERT,Routine baseline monitoring.,Fire Control Room,6.54,True,Low Risk Index representing routine thermal baseline.
1610,6.0,LOW,HIGH,Unknown / Insufficient Evidence,NO ALERT,Routine baseline monitoring.,Fire station (unnamed),40.61,True,Low Risk Index representing routine thermal baseline.
1611,27.2,LOW,MEDIUM,Agricultural-context thermal event,NO ALERT,Routine baseline monitoring.,No fire station within 50 km,inf,False,Low Risk Index representing routine thermal baseline.
1612,9.0,LOW,HIGH,Unknown / Insufficient Evidence,NO ALERT,Routine baseline monitoring.,No fire station within 50 km,inf,False,Low Risk Index representing routine thermal baseline.
1613,76.0,HIGH,LOW,Agricultural-context thermal event,HIGH PRIORITY ALERT,Dispatch priority ground verification unit from the nearest operational fire service. Closest verified fire station: Davanagere Fire Station (37.4 km away).,Davanagere Fire Station,37.36,True,High Risk Index (76.0) combined with high evidence reliability (Low False-Alarm Concern).
1614,9.0,LOW,HIGH,Unknown / Insufficient Evidence,NO ALERT,Routine baseline monitoring.,No fire station within 50 km,inf,False,Low Risk Index representing routine thermal baseline.
1615,83.0,HIGH,LOW,Agricultural-context thermal event,HIGH PRIORITY ALERT,Dispatch priority ground verification unit from the nearest operational fire service.; no verified fire station identified within the search radius -- nearest district fire service should be contacted,No fire station within 50 km,inf,False,High Risk Index (83.0) combined with high evidence reliability (Low False-Alarm Concern).
1616,9.0,LOW,HIGH,Unknown / Insufficient Evidence,NO ALERT,Routine baseline monitoring.,Fire Station,37.7,True,Low Risk Index representing routine thermal baseline.
1617,27.2,LOW,MEDIUM,Agricultural-context thermal event,NO ALERT,Routine baseline monitoring.,No fire station within 50 km,inf,False,Low Risk Index representing routine thermal baseline.
1618,13.0,LOW,HIGH,Unknown / Insufficient Evidence,NO ALERT,Routine baseline monitoring.,Fire station (unnamed),33.19,True,Low Risk Index representing routine thermal baseline.
1619,46.0,MEDIUM,LOW,Agricultural-context thermal event,MONITOR / REVIEW,Monitor thermal activity for escalation.; no verified fire station identified within the search radius -- nearest district fire service should be contacted,No fire station within 50 km,inf,False,Moderate thermal risk context (Agricultural-context thermal event). Operational review recommended.
1620,26.0,LOW,LOW,Industrial-context thermal event,NO ALERT,Routine baseline monitoring.,No fire station within 50 km,inf,False,Low Risk Index representing routine thermal baseline.
1621,49.0,MEDIUM,LOW,Agricultural-context thermal event,MONITOR / REVIEW,Monitor thermal activity for escalation.; no verified fire station identified within the search radius -- nearest district fire service should be contacted,No fire station within 50 km,inf,False,Moderate thermal risk context (Agricultural-context thermal event). Operational review recommended.
1622,35.0,MEDIUM,LOW,Industrial-context thermal event,MONITOR / REVIEW,Monitor thermal activity for escalation. Closest verified fire station: Malik (46.5 km away).,Malik,46.49,True,Moderate thermal risk context (Industrial-context thermal event). Operational review recommended.
1623,26.0,LOW,LOW,Unknown / Insufficient Evidence,NO ALERT,Routine baseline monitoring.,No fire station within 50 km,inf,False,Low Risk Index representing routine thermal baseline.
1624,16.0,LOW,HIGH,Agricultural-context thermal event,NO ALERT,Routine baseline monitoring.,Airport Fire Station,24.58,True,Low Risk Index representing routine thermal baseline.
1625,13.0,LOW,HIGH,Unknown / Insufficient Evidence,NO ALERT,Routine baseline monitoring.,Airport Fire Station,15.17,True,Low Risk Index representing routine thermal baseline.
1626,13.0,LOW,HIGH,Unknown / Insufficient Evidence,NO ALERT,Routine baseline monitoring.,Airport Fire Station,34.22,True,Low Risk Index representing routine thermal baseline.
1627,22.1,LOW,MEDIUM,Unknown / Insufficient Evidence,NO ALERT,Routine baseline monitoring.,Surandai Fire Station,31.33,True,Low Risk Index representing routine thermal baseline.
1628,26.0,LOW,LOW,Unknown / Insufficient Evidence,NO ALERT,Routine baseline monitoring.,Surandai Fire Station,20.37,True,Low Risk Index representing routine thermal baseline.
1629,27.2,LOW,MEDIUM,Industrial-context thermal event,NO ALERT,Routine baseline monitoring.,Sattur Fire Station,10.73,True,Low Risk Index representing routine thermal baseline.
1630,27.2,LOW,MEDIUM,Agricultural-context thermal event,NO ALERT,Routine baseline monitoring.,No fire station within 50 km,inf,False,Low Risk Index representing routine thermal baseline.
1631,9.0,LOW,HIGH,Unknown / Insufficient Evidence,NO ALERT,Routine baseline monitoring.,Fire station (unnamed),19.88,True,Low Risk Index representing routine thermal baseline.
1632,22.1,LOW,MEDIUM,Unknown / Insufficient Evidence,NO ALERT,Routine baseline monitoring.,No fire station within 50 km,inf,False,Low Risk Index representing routine thermal baseline.
1633,13.0,LOW,HIGH,Unknown / Insufficient Evidence,NO ALERT,Routine baseline monitoring.,Fire station (unnamed),17.39,True,Low Risk Index representing routine thermal baseline.
1634,38.0,MEDIUM,LOW,Agricultural-context thermal event,MONITOR / REVIEW,Monitor thermal activity for escalation. Closest verified fire station: Virudhunagar Fire Station (26.3 km away).,Virudhunagar Fire Station,26.31,True,Moderate thermal risk context (Agricultural-context thermal event). Operational review recommended.
1635,75.0,HIGH,LOW,Unknown / Insufficient Evidence,HIGH PRIORITY ALERT,Dispatch priority ground verification unit from the nearest operational fire service.; no verified fire station identified within the search radius -- nearest district fire service should be contacted,No fire station within 50 km,inf,False,High Risk Index (75.0) combined with high evidence reliability (Low False-Alarm Concern).
1636,32.3,MEDIUM,MEDIUM,Agricultural-context thermal event,MONITOR / REVIEW,Monitor thermal activity for escalation. Closest verified fire station: Madurai Airport Fire Station (34.6 km away).,Madurai Airport Fire Station,34.58,True,Moderate thermal risk context (Agricultural-context thermal event). Operational review recommended.
1637,27.2,LOW,MEDIUM,Industrial-context thermal event,NO ALERT,Routine baseline monitoring.,Virudhunagar Fire Station,14.26,True,Low Risk Index representing routine thermal baseline.
1638,16.0,LOW,HIGH,Agricultural-context thermal event,NO ALERT,Routine baseline monitoring.,Madurai Airport Fire Station,5.09,True,Low Risk Index representing routine thermal baseline.
1639,16.0,LOW,HIGH,Agricultural-context thermal event,NO ALERT,Routine baseline monitoring.,Madurai Airport Fire Station,26.15,True,Low Risk Index representing routine thermal baseline.
1640,13.0,LOW,HIGH,Unknown / Insufficient Evidence,NO ALERT,Routine baseline monitoring.,Koothanallur Fire  Station,33.31,True,Low Risk Index representing routine thermal baseline.
1641,22.1,LOW,MEDIUM,Industrial-context thermal event,NO ALERT,Routine baseline monitoring.,Fire station (unnamed),36.31,True,Low Risk Index representing routine thermal baseline.
1642,13.0,LOW,HIGH,Unknown / Insufficient Evidence,NO ALERT,Routine baseline monitoring.,Erode District Fire Station,36.89,True,Low Risk Index representing routine thermal baseline.
1643,10.0,LOW,HIGH,Unknown / Insufficient Evidence,NO ALERT,Routine baseline monitoring.,No fire station within 50 km,inf,False,Low Risk Index representing routine thermal baseline.
1644,12.0,LOW,HIGH,Agricultural-context thermal event,NO ALERT,Routine baseline monitoring.,Tamilnadu fire and rescue services,5.3,True,Low Risk Index representing routine thermal baseline.
1645,22.1,LOW,MEDIUM,Unknown / Insufficient Evidence,NO ALERT,Routine baseline monitoring.,Kallakurichi Fire Station,30.05,True,Low Risk Index representing routine thermal baseline.
1646,34.0,MEDIUM,MEDIUM,Agricultural-context thermal event,MONITOR / REVIEW,Monitor thermal activity for escalation. Closest verified fire station: Fire station (unnamed) (32.0 km away).,Fire station (unnamed),31.97,True,Moderate thermal risk context (Agricultural-context thermal event). Operational review recommended.
1647,38.0,MEDIUM,LOW,Agricultural-context thermal event,MONITOR / REVIEW,Monitor thermal activity for escalation. Closest verified fire station: Fire station (unnamed) (37.6 km away).,Fire station (unnamed),37.65,True,Moderate thermal risk context (Agricultural-context thermal event). Operational review recommended.
1648,16.0,LOW,HIGH,Agricultural-context thermal event,NO ALERT,Routine baseline monitoring.,Fire station (unnamed),24.42,True,Low Risk Index representing routine thermal baseline.
1649,27.2,LOW,MEDIUM,Agricultural-context thermal event,NO ALERT,Routine baseline monitoring.,No fire station within 50 km,inf,False,Low Risk Index representing routine thermal baseline.
1650,9.0,LOW,HIGH,Unknown / Insufficient Evidence,NO ALERT,Routine baseline monitoring.,No fire station within 50 km,inf,False,Low Risk Index representing routine thermal baseline.
1651,22.1,LOW,MEDIUM,Unknown / Insufficient Evidence,NO ALERT,Routine baseline monitoring.,No fire station within 50 km,inf,False,Low Risk Index representing routine thermal baseline.
1652,9.0,LOW,HIGH,Unknown / Insufficient Evidence,NO ALERT,Routine baseline monitoring.,Fire station (unnamed),39.06,True,Low Risk Index representing routine thermal baseline.
1653,26.0,LOW,LOW,Unknown / Insufficient Evidence,NO ALERT,Routine baseline monitoring.,No fire station within 50 km,inf,False,Low Risk Index representing routine thermal baseline.
1654,13.0,LOW,HIGH,Unknown / Insufficient Evidence,NO ALERT,Routine baseline monitoring.,BMM Fire station,9.86,True,Low Risk Index representing routine thermal baseline.
1655,13.0,LOW,HIGH,Unknown / Insufficient Evidence,NO ALERT,Routine baseline monitoring.,Fire station (unnamed),17.53,True,Low Risk Index representing routine thermal baseline.
1656,13.0,LOW,HIGH,Unknown / Insufficient Evidence,NO ALERT,Routine baseline monitoring.,No fire station within 50 km,inf,False,Low Risk Index representing routine thermal baseline.
1657,22.1,LOW,MEDIUM,Unknown / Insufficient Evidence,NO ALERT,Routine baseline monitoring.,No fire station within 50 km,inf,False,Low Risk Index representing routine thermal baseline.
1658,13.0,LOW,HIGH,Unknown / Insufficient Evidence,NO ALERT,Routine baseline monitoring.,Nalgonda Fire Station,20.77,True,Low Risk Index representing routine thermal baseline.
1659,13.0,LOW,HIGH,Unknown / Insufficient Evidence,NO ALERT,Routine baseline monitoring.,No fire station within 50 km,inf,False,Low Risk Index representing routine thermal baseline.
1660,41.0,MEDIUM,LOW,Agricultural-context thermal event,MONITOR / REVIEW,Monitor thermal activity for escalation.; no verified fire station identified within the search radius -- nearest district fire service should be contacted,No fire station within 50 km,inf,False,Moderate thermal risk context (Agricultural-context thermal event). Operational review recommended.
1661,6.0,LOW,HIGH,Unknown / Insufficient Evidence,NO ALERT,Routine baseline monitoring.,No fire station within 50 km,inf,False,Low Risk Index representing routine thermal baseline.
1662,9.0,LOW,HIGH,Unknown / Insufficient Evidence,NO ALERT,Routine baseline monitoring.,Fire station (unnamed),23.29,True,Low Risk Index representing routine thermal baseline.
1663,6.0,LOW,HIGH,Unknown / Insufficient Evidence,NO ALERT,Routine baseline monitoring.,Kangeyam Fire Station,17.25,True,Low Risk Index representing routine thermal baseline.
1664,6.0,LOW,HIGH,Unknown / Insufficient Evidence,NO ALERT,Routine baseline monitoring.,Fire station (unnamed),2.96,True,Low Risk Index representing routine thermal baseline.
1665,6.0,LOW,HIGH,Unknown / Insufficient Evidence,NO ALERT,Routine baseline monitoring.,Fire station (unnamed),18.13,True,Low Risk Index representing routine thermal baseline.
1666,6.0,LOW,HIGH,Unknown / Insufficient Evidence,NO ALERT,Routine baseline monitoring.,Villupuram Fire Station,37.83,True,Low Risk Index representing routine thermal baseline.
1667,6.0,LOW,HIGH,Unknown / Insufficient Evidence,NO ALERT,Routine baseline monitoring.,No fire station within 50 km,inf,False,Low Risk Index representing routine thermal baseline.
1668,6.0,LOW,HIGH,Unknown / Insufficient Evidence,NO ALERT,Routine baseline monitoring.,Fire station (unnamed),34.61,True,Low Risk Index representing routine thermal baseline.
1669,6.0,LOW,HIGH,Unknown / Insufficient Evidence,NO ALERT,Routine baseline monitoring.,Fire station (unnamed),7.04,True,Low Risk Index representing routine thermal baseline.
1670,10.0,LOW,HIGH,Industrial-context thermal event,NO ALERT,Routine baseline monitoring.,CMC fire station,3.94,True,Low Risk Index representing routine thermal baseline.
1671,6.0,LOW,HIGH,Unknown / Insufficient Evidence,NO ALERT,Routine baseline monitoring.,No fire station within 50 km,inf,False,Low Risk Index representing routine thermal baseline.
1672,6.0,LOW,HIGH,Unknown / Insufficient Evidence,NO ALERT,Routine baseline monitoring.,Airport Fire Station,7.29,True,Low Risk Index representing routine thermal baseline.
1673,6.0,LOW,HIGH,Unknown / Insufficient Evidence,NO ALERT,Routine baseline monitoring.,Fire And Rescue Service Station,5.73,True,Low Risk Index representing routine thermal baseline.
1674,6.0,LOW,HIGH,Unknown / Insufficient Evidence,NO ALERT,Routine baseline monitoring.,Fire station (unnamed),42.84,True,Low Risk Index representing routine thermal baseline.
1675,6.0,LOW,HIGH,Unknown / Insufficient Evidence,NO ALERT,Routine baseline monitoring.,Ballari Fire Station,13.8,True,Low Risk Index representing routine thermal baseline.
1676,10.0,LOW,HIGH,Unknown / Insufficient Evidence,NO ALERT,Routine baseline monitoring.,No fire station within 50 km,inf,False,Low Risk Index representing routine thermal baseline.
1677,6.0,LOW,HIGH,Unknown / Insufficient Evidence,NO ALERT,Routine baseline monitoring.,No fire station within 50 km,inf,False,Low Risk Index representing routine thermal baseline.
1678,6.0,LOW,HIGH,Unknown / Insufficient Evidence,NO ALERT,Routine baseline monitoring.,No fire station within 50 km,inf,False,Low Risk Index representing routine thermal baseline.
1679,10.0,LOW,HIGH,Unknown / Insufficient Evidence,NO ALERT,Routine baseline monitoring.,No fire station within 50 km,inf,False,Low Risk Index representing routine thermal baseline.
1680,22.1,LOW,MEDIUM,Unknown / Insufficient Evidence,NO ALERT,Routine baseline monitoring.,No fire station within 50 km,inf,False,Low Risk Index representing routine thermal baseline.
1681,40.0,MEDIUM,LOW,Agricultural-context thermal event,MONITOR / REVIEW,Monitor thermal activity for escalation. Closest verified fire station: Koothanallur Fire  Station (34.6 km away).,Koothanallur Fire  Station,34.59,True,Moderate thermal risk context (Agricultural-context thermal event). Operational review recommended.
1682,13.0,LOW,HIGH,Unknown / Insufficient Evidence,NO ALERT,Routine baseline monitoring.,BHEL Fire Station,24.8,True,Low Risk Index representing routine thermal baseline.
1683,13.0,LOW,HIGH,Unknown / Insufficient Evidence,NO ALERT,Routine baseline monitoring.,Fire Control Room,28.83,True,Low Risk Index representing routine thermal baseline.
1684,13.0,LOW,HIGH,Unknown / Insufficient Evidence,NO ALERT,Routine baseline monitoring.,Tirumala Fire Station,28.19,True,Low Risk Index representing routine thermal baseline.
1685,34.0,MEDIUM,LOW,Unknown / Insufficient Evidence,MONITOR / REVIEW,Monitor thermal activity for escalation.; no verified fire station identified within the search radius -- nearest district fire service should be contacted,No fire station within 50 km,inf,False,Moderate thermal risk context (Unknown / Insufficient Evidence). Operational review recommended.
1686,32.0,MEDIUM,LOW,Agricultural-context thermal event,MONITOR / REVIEW,Monitor thermal activity for escalation.; no verified fire station identified within the search radius -- nearest district fire service should be contacted,No fire station within 50 km,inf,False,Moderate thermal risk context (Agricultural-context thermal event). Operational review recommended.
1687,28.9,LOW,MEDIUM,Unknown / Insufficient Evidence,NO ALERT,Routine baseline monitoring.,No fire station within 50 km,inf,False,Low Risk Index representing routine thermal baseline.
1688,16.0,LOW,HIGH,Agricultural-context thermal event,NO ALERT,Routine baseline monitoring.,No fire station within 50 km,inf,False,Low Risk Index representing routine thermal baseline.
1689,16.0,LOW,HIGH,Agricultural-context thermal event,NO ALERT,Routine baseline monitoring.,Airport Fire Station,14.66,True,Low Risk Index representing routine thermal baseline.
1690,26.0,LOW,LOW,Unknown / Insufficient Evidence,NO ALERT,Routine baseline monitoring.,Airport Fire Station,22.05,True,Low Risk Index representing routine thermal baseline.
1691,16.0,LOW,HIGH,Agricultural-context thermal event,NO ALERT,Routine baseline monitoring.,Airport Fire Station,6.95,True,Low Risk Index representing routine thermal baseline.
1692,10.0,LOW,HIGH,Unknown / Insufficient Evidence,NO ALERT,Routine baseline monitoring.,Surandai Fire Station,36.42,True,Low Risk Index representing routine thermal baseline.
1693,16.0,LOW,HIGH,Agricultural-context thermal event,NO ALERT,Routine baseline monitoring.,Airport Fire Station,16.79,True,Low Risk Index representing routine thermal baseline.
1694,13.0,LOW,HIGH,Industrial-context thermal event,NO ALERT,Routine baseline monitoring.,Airport Fire Station,29.14,True,Low Risk Index representing routine thermal baseline.
1695,13.0,LOW,HIGH,Unknown / Insufficient Evidence,NO ALERT,Routine baseline monitoring.,No fire station within 50 km,inf,False,Low Risk Index representing routine thermal baseline.
1696,28.9,LOW,MEDIUM,Unknown / Insufficient Evidence,NO ALERT,Routine baseline monitoring.,No fire station within 50 km,inf,False,Low Risk Index representing routine thermal baseline.
1697,17.0,LOW,MEDIUM,Agricultural-context thermal event,NO ALERT,Routine baseline monitoring.,No fire station within 50 km,inf,False,Low Risk Index representing routine thermal baseline.
1698,16.0,LOW,HIGH,Agricultural-context thermal event,NO ALERT,Routine baseline monitoring.,Virudhunagar Fire Station,18.36,True,Low Risk Index representing routine thermal baseline.
1699,9.0,LOW,HIGH,Unknown / Insufficient Evidence,NO ALERT,Routine baseline monitoring.,Madurai Airport Fire Station,9.93,True,Low Risk Index representing routine thermal baseline.
1700,22.1,LOW,MEDIUM,Industrial-context thermal event,NO ALERT,Routine baseline monitoring.,Madurai Airport Fire Station,15.89,True,Low Risk Index representing routine thermal baseline.
1701,27.2,LOW,MEDIUM,Agricultural-context thermal event,NO ALERT,Routine baseline monitoring.,Madurai Airport Fire Station,29.6,True,Low Risk Index representing routine thermal baseline.
1702,13.0,LOW,HIGH,Unknown / Insufficient Evidence,NO ALERT,Routine baseline monitoring.,Koothanallur Fire  Station,39.47,True,Low Risk Index representing routine thermal baseline.
1703,16.0,LOW,HIGH,Agricultural-context thermal event,NO ALERT,Routine baseline monitoring.,Koothanallur Fire  Station,27.96,True,Low Risk Index representing routine thermal baseline.
1704,13.0,LOW,HIGH,Unknown / Insufficient Evidence,NO ALERT,Routine baseline monitoring.,Koothanallur Fire  Station,28.64,True,Low Risk Index representing routine thermal baseline.
1705,27.2,LOW,MEDIUM,Industrial-context thermal event,NO ALERT,Routine baseline monitoring.,BHEL Fire Station,10.0,True,Low Risk Index representing routine thermal baseline.
1706,47.0,MEDIUM,LOW,Agricultural-context thermal event,MONITOR / REVIEW,Monitor thermal activity for escalation. Closest verified fire station: Fire station (unnamed) (33.6 km away).,Fire station (unnamed),33.62,True,Moderate thermal risk context (Agricultural-context thermal event). Operational review recommended.
1707,13.0,LOW,HIGH,Unknown / Insufficient Evidence,NO ALERT,Routine baseline monitoring.,No fire station within 50 km,inf,False,Low Risk Index representing routine thermal baseline.
1708,27.2,LOW,MEDIUM,Agricultural-context thermal event,NO ALERT,Routine baseline monitoring.,BHEL Fire Station,22.95,True,Low Risk Index representing routine thermal baseline.
1709,13.0,LOW,HIGH,Unknown / Insufficient Evidence,NO ALERT,Routine baseline monitoring.,Fire station (unnamed),29.56,True,Low Risk Index representing routine thermal baseline.
1710,27.2,LOW,MEDIUM,Industrial-context thermal event,NO ALERT,Routine baseline monitoring.,Fire station (unnamed),39.91,True,Low Risk Index representing routine thermal baseline.
1711,13.0,LOW,HIGH,Unknown / Insufficient Evidence,NO ALERT,Routine baseline monitoring.,Kallakurichi Fire Station,40.22,True,Low Risk Index representing routine thermal baseline.
1712,6.0,LOW,HIGH,Unknown / Insufficient Evidence,NO ALERT,Routine baseline monitoring.,Kallakurichi Fire Station,40.1,True,Low Risk Index representing routine thermal baseline.
1713,9.0,LOW,HIGH,Unknown / Insufficient Evidence,NO ALERT,Routine baseline monitoring.,Mettur FIre and Rescue Dept.,29.26,True,Low Risk Index representing routine thermal baseline.
1714,27.2,LOW,MEDIUM,Agricultural-context thermal event,NO ALERT,Routine baseline monitoring.,Kallakurichi Fire Station,35.84,True,Low Risk Index representing routine thermal baseline.
1715,16.0,LOW,HIGH,Agricultural-context thermal event,NO ALERT,Routine baseline monitoring.,Fire Control Room,24.59,True,Low Risk Index representing routine thermal baseline.
1716,38.0,MEDIUM,LOW,Agricultural-context thermal event,MONITOR / REVIEW,Monitor thermal activity for escalation. Closest verified fire station: Fire Control Room (26.1 km away).,Fire Control Room,26.07,True,Moderate thermal risk context (Agricultural-context thermal event). Operational review recommended.
1717,9.0,LOW,HIGH,Unknown / Insufficient Evidence,NO ALERT,Routine baseline monitoring.,No fire station within 50 km,inf,False,Low Risk Index representing routine thermal baseline.
1718,9.0,LOW,HIGH,Unknown / Insufficient Evidence,NO ALERT,Routine baseline monitoring.,Fire station (unnamed),18.71,True,Low Risk Index representing routine thermal baseline.
1719,16.0,LOW,HIGH,Agricultural-context thermal event,NO ALERT,Routine baseline monitoring.,Fire station (unnamed),16.31,True,Low Risk Index representing routine thermal baseline.
1720,9.0,LOW,HIGH,Unknown / Insufficient Evidence,NO ALERT,Routine baseline monitoring.,Fire station (unnamed),12.38,True,Low Risk Index representing routine thermal baseline.
1721,16.0,LOW,HIGH,Agricultural-context thermal event,NO ALERT,Routine baseline monitoring.,Fire station (unnamed),29.05,True,Low Risk Index representing routine thermal baseline.
1722,6.0,LOW,HIGH,Unknown / Insufficient Evidence,NO ALERT,Routine baseline monitoring.,Fire station (unnamed),24.13,True,Low Risk Index representing routine thermal baseline.
1723,22.1,LOW,MEDIUM,Unknown / Insufficient Evidence,NO ALERT,Routine baseline monitoring.,Fire station (unnamed),23.81,True,Low Risk Index representing routine thermal baseline.
1724,16.0,LOW,HIGH,Agricultural-context thermal event,NO ALERT,Routine baseline monitoring.,Fire Station,44.58,True,Low Risk Index representing routine thermal baseline.
1725,13.0,LOW,HIGH,Unknown / Insufficient Evidence,NO ALERT,Routine baseline monitoring.,Fire Station,23.93,True,Low Risk Index representing routine thermal baseline.
1726,13.0,LOW,HIGH,Unknown / Insufficient Evidence,NO ALERT,Routine baseline monitoring.,No fire station within 50 km,inf,False,Low Risk Index representing routine thermal baseline.
1727,9.0,LOW,HIGH,Unknown / Insufficient Evidence,NO ALERT,Routine baseline monitoring.,No fire station within 50 km,inf,False,Low Risk Index representing routine thermal baseline.
1728,16.0,LOW,HIGH,Agricultural-context thermal event,NO ALERT,Routine baseline monitoring.,Ballari Fire Station,19.02,True,Low Risk Index representing routine thermal baseline.
1729,16.0,LOW,HIGH,Agricultural-context thermal event,NO ALERT,Routine baseline monitoring.,No fire station within 50 km,inf,False,Low Risk Index representing routine thermal baseline.
1730,16.0,LOW,HIGH,Agricultural-context thermal event,NO ALERT,Routine baseline monitoring.,No fire station within 50 km,inf,False,Low Risk Index representing routine thermal baseline.
1731,13.0,LOW,HIGH,Unknown / Insufficient Evidence,NO ALERT,Routine baseline monitoring.,Fire station (unnamed),18.71,True,Low Risk Index representing routine thermal baseline.
1732,16.0,LOW,HIGH,Agricultural-context thermal event,NO ALERT,Routine baseline monitoring.,No fire station within 50 km,inf,False,Low Risk Index representing routine thermal baseline.
1733,13.0,LOW,HIGH,Unknown / Insufficient Evidence,NO ALERT,Routine baseline monitoring.,No fire station within 50 km,inf,False,Low Risk Index representing routine thermal baseline.
1734,16.0,LOW,HIGH,Agricultural-context thermal event,NO ALERT,Routine baseline monitoring.,No fire station within 50 km,inf,False,Low Risk Index representing routine thermal baseline.
1735,27.2,LOW,MEDIUM,Agricultural-context thermal event,NO ALERT,Routine baseline monitoring.,Nalgonda Fire Station,36.12,True,Low Risk Index representing routine thermal baseline.
1736,13.0,LOW,HIGH,Unknown / Insufficient Evidence,NO ALERT,Routine baseline monitoring.,No fire station within 50 km,inf,False,Low Risk Index representing routine thermal baseline.
1737,47.0,MEDIUM,LOW,Industrial-context thermal event,MONITOR / REVIEW,Monitor thermal activity for escalation. Closest verified fire station: Fire Brigade Station Safidon (22.2 km away).,Fire Brigade Station Safidon,22.25,True,Moderate thermal risk context (Industrial-context thermal event). Operational review recommended.
1738,33.1,MEDIUM,MEDIUM,Agricultural-context thermal event,MONITOR / REVIEW,Monitor thermal activity for escalation. Closest verified fire station: Cooch Behar Fire Service (11.1 km away).,Cooch Behar Fire Service,11.14,True,Moderate thermal risk context (Agricultural-context thermal event). Operational review recommended.
1739,9.0,LOW,HIGH,Unknown / Insufficient Evidence,NO ALERT,Routine baseline monitoring.,No fire station within 50 km,inf,False,Low Risk Index representing routine thermal baseline.
1740,9.0,LOW,HIGH,Unknown / Insufficient Evidence,NO ALERT,Routine baseline monitoring.,Fire station (unnamed),6.81,True,Low Risk Index representing routine thermal baseline.
1741,9.0,LOW,HIGH,Unknown / Insufficient Evidence,NO ALERT,Routine baseline monitoring.,Fire station (unnamed),5.6,True,Low Risk Index representing routine thermal baseline.
1742,9.0,LOW,HIGH,Unknown / Insufficient Evidence,NO ALERT,Routine baseline monitoring.,Fire station (unnamed),2.89,True,Low Risk Index representing routine thermal baseline.
1743,6.0,LOW,HIGH,Unknown / Insufficient Evidence,NO ALERT,Routine baseline monitoring.,No fire station within 50 km,inf,False,Low Risk Index representing routine thermal baseline.
1744,6.0,LOW,HIGH,Unknown / Insufficient Evidence,NO ALERT,Routine baseline monitoring.,Fire station (unnamed),30.48,True,Low Risk Index representing routine thermal baseline.
1745,6.0,LOW,HIGH,Unknown / Insufficient Evidence,NO ALERT,Routine baseline monitoring.,Fire station (unnamed),21.11,True,Low Risk Index representing routine thermal baseline.
1746,6.0,LOW,HIGH,Unknown / Insufficient Evidence,NO ALERT,Routine baseline monitoring.,Fire station (unnamed),34.45,True,Low Risk Index representing routine thermal baseline.
1747,55.0,MEDIUM,LOW,Agricultural-context thermal event,MONITOR / REVIEW,Monitor thermal activity for escalation. Closest verified fire station: Fire station (unnamed) (29.3 km away).,Fire station (unnamed),29.28,True,Moderate thermal risk context (Agricultural-context thermal event). Operational review recommended.
1748,6.0,LOW,HIGH,Unknown / Insufficient Evidence,NO ALERT,Routine baseline monitoring.,Madurai Airport Fire Station,33.32,True,Low Risk Index representing routine thermal baseline.
1749,6.0,LOW,HIGH,Unknown / Insufficient Evidence,NO ALERT,Routine baseline monitoring.,"Firea and Rescue Station, Nedumkandam",31.84,True,Low Risk Index representing routine thermal baseline.
1750,6.0,LOW,HIGH,Agricultural-context thermal event,NO ALERT,Routine baseline monitoring.,No fire station within 50 km,inf,False,Low Risk Index representing routine thermal baseline.
1751,6.0,LOW,HIGH,Unknown / Insufficient Evidence,NO ALERT,Routine baseline monitoring.,No fire station within 50 km,inf,False,Low Risk Index representing routine thermal baseline.
1752,6.0,LOW,HIGH,Unknown / Insufficient Evidence,NO ALERT,Routine baseline monitoring.,Erode District Fire Station,29.22,True,Low Risk Index representing routine thermal baseline.
1753,6.0,LOW,HIGH,Unknown / Insufficient Evidence,NO ALERT,Routine baseline monitoring.,Kallakurichi Fire Station,30.74,True,Low Risk Index representing routine thermal baseline.
1754,56.0,MEDIUM,LOW,Agricultural-context thermal event,MONITOR / REVIEW,Monitor thermal activity for escalation. Closest verified fire station: Tirumala Fire Station (17.0 km away).,Tirumala Fire Station,16.96,True,Moderate thermal risk context (Agricultural-context thermal event). Operational review recommended.
1755,6.0,LOW,HIGH,Unknown / Insufficient Evidence,NO ALERT,Routine baseline monitoring.,No fire station within 50 km,inf,False,Low Risk Index representing routine thermal baseline.
1756,6.0,LOW,HIGH,Unknown / Insufficient Evidence,NO ALERT,Routine baseline monitoring.,No fire station within 50 km,inf,False,Low Risk Index representing routine thermal baseline.
1757,6.0,LOW,HIGH,Unknown / Insufficient Evidence,NO ALERT,Routine baseline monitoring.,NIT Faridabad Fire Station,6.56,True,Low Risk Index representing routine thermal baseline.
1758,13.0,LOW,HIGH,Industrial-context thermal event,NO ALERT,Routine baseline monitoring.,NIT Faridabad Fire Station,8.0,True,Low Risk Index representing routine thermal baseline.
1759,6.0,LOW,HIGH,Unknown / Insufficient Evidence,NO ALERT,Routine baseline monitoring.,Fire station (unnamed),15.6,True,Low Risk Index representing routine thermal baseline.
1760,13.0,LOW,HIGH,Industrial-context thermal event,NO ALERT,Routine baseline monitoring.,Fire Brigade Station Safidon,32.82,True,Low Risk Index representing routine thermal baseline.
1761,6.0,LOW,HIGH,Unknown / Insufficient Evidence,NO ALERT,Routine baseline monitoring.,No fire station within 50 km,inf,False,Low Risk Index representing routine thermal baseline.
1762,6.0,LOW,HIGH,Unknown / Insufficient Evidence,NO ALERT,Routine baseline monitoring.,No fire station within 50 km,inf,False,Low Risk Index representing routine thermal baseline.
1763,6.0,LOW,HIGH,Unknown / Insufficient Evidence,NO ALERT,Routine baseline monitoring.,No fire station within 50 km,inf,False,Low Risk Index representing routine thermal baseline.
1764,6.0,LOW,HIGH,Unknown / Insufficient Evidence,NO ALERT,Routine baseline monitoring.,Erode District Fire Station,35.86,True,Low Risk Index representing routine thermal baseline.
1765,6.0,LOW,HIGH,Unknown / Insufficient Evidence,NO ALERT,Routine baseline monitoring.,Old Fire House,4.52,True,Low Risk Index representing routine thermal baseline.
1766,6.0,LOW,HIGH,Unknown / Insufficient Evidence,NO ALERT,Routine baseline monitoring.,Chakan Fire station,12.62,True,Low Risk Index representing routine thermal baseline.
1767,6.0,LOW,HIGH,Unknown / Insufficient Evidence,NO ALERT,Routine baseline monitoring.,Airport Fire Station,6.16,True,Low Risk Index representing routine thermal baseline.
1768,32.0,MEDIUM,LOW,Agricultural-context thermal event,MONITOR / REVIEW,Monitor thermal activity for escalation.; no verified fire station identified within the search radius -- nearest district fire service should be contacted,No fire station within 50 km,inf,False,Moderate thermal risk context (Agricultural-context thermal event). Operational review recommended.
1769,27.2,LOW,MEDIUM,Industrial-context thermal event,NO ALERT,Routine baseline monitoring.,Jharkhand Fire Services HQ,35.67,True,Low Risk Index representing routine thermal baseline.
1770,16.0,LOW,HIGH,Industrial-context thermal event,NO ALERT,Routine baseline monitoring.,Fire station (unnamed),47.85,True,Low Risk Index representing routine thermal baseline.
1771,16.0,LOW,HIGH,Agricultural-context thermal event,NO ALERT,Routine baseline monitoring.,No fire station within 50 km,inf,False,Low Risk Index representing routine thermal baseline.
1772,13.0,LOW,HIGH,Unknown / Insufficient Evidence,NO ALERT,Routine baseline monitoring.,Jonai Fire Service Station,41.05,True,Low Risk Index representing routine thermal baseline.
1773,55.0,MEDIUM,LOW,Agricultural-context thermal event,MONITOR / REVIEW,Monitor thermal activity for escalation. Closest verified fire station: Airport Fire Station (23.6 km away).,Airport Fire Station,23.59,True,Moderate thermal risk context (Agricultural-context thermal event). Operational review recommended.
1774,34.0,MEDIUM,LOW,Unknown / Insufficient Evidence,MONITOR / REVIEW,Monitor thermal activity for escalation. Closest verified fire station: Sattur Fire Station (31.9 km away).,Sattur Fire Station,31.93,True,Moderate thermal risk context (Unknown / Insufficient Evidence). Operational review recommended.
1775,76.0,HIGH,LOW,Agricultural-context thermal event,HIGH PRIORITY ALERT,Dispatch priority ground verification unit from the nearest operational fire service. Closest verified fire station: Fire station (unnamed) (9.0 km away).,Fire station (unnamed),9.0,True,High Risk Index (76.0) combined with high evidence reliability (Low False-Alarm Concern).
1776,32.3,MEDIUM,MEDIUM,Agricultural-context thermal event,MONITOR / REVIEW,Monitor thermal activity for escalation. Closest verified fire station: Fire station (unnamed) (17.8 km away).,Fire station (unnamed),17.82,True,Moderate thermal risk context (Agricultural-context thermal event). Operational review recommended.
1777,9.0,LOW,HIGH,Unknown / Insufficient Evidence,NO ALERT,Routine baseline monitoring.,Fire station (unnamed),17.14,True,Low Risk Index representing routine thermal baseline.
1778,16.0,LOW,HIGH,Agricultural-context thermal event,NO ALERT,Routine baseline monitoring.,No fire station within 50 km,inf,False,Low Risk Index representing routine thermal baseline.
1779,9.0,LOW,HIGH,Unknown / Insufficient Evidence,NO ALERT,Routine baseline monitoring.,No fire station within 50 km,inf,False,Low Risk Index representing routine thermal baseline.
1780,16.0,LOW,HIGH,Agricultural-context thermal event,NO ALERT,Routine baseline monitoring.,No fire station within 50 km,inf,False,Low Risk Index representing routine thermal baseline.
1781,6.0,LOW,HIGH,Unknown / Insufficient Evidence,NO ALERT,Routine baseline monitoring.,Pune Municipal Corporation Fire Station Wagholi,45.58,True,Low Risk Index representing routine thermal baseline.
1782,13.0,LOW,HIGH,Unknown / Insufficient Evidence,NO ALERT,Routine baseline monitoring.,No fire station within 50 km,inf,False,Low Risk Index representing routine thermal baseline.
1783,19.0,LOW,HIGH,Industrial-context thermal event,NO ALERT,Routine baseline monitoring.,No fire station within 50 km,inf,False,Low Risk Index representing routine thermal baseline.
1784,32.0,MEDIUM,LOW,Agricultural-context thermal event,MONITOR / REVIEW,Monitor thermal activity for escalation.; no verified fire station identified within the search radius -- nearest district fire service should be contacted,No fire station within 50 km,inf,False,Moderate thermal risk context (Agricultural-context thermal event). Operational review recommended.
1785,22.1,LOW,MEDIUM,Unknown / Insufficient Evidence,NO ALERT,Routine baseline monitoring.,No fire station within 50 km,inf,False,Low Risk Index representing routine thermal baseline.
1786,9.0,LOW,HIGH,Unknown / Insufficient Evidence,NO ALERT,Routine baseline monitoring.,Agnishaman Kendra,37.11,True,Low Risk Index representing routine thermal baseline.
1787,9.0,LOW,HIGH,Agricultural-context thermal event,NO ALERT,Routine baseline monitoring.,Firestation Pattan,30.13,True,Low Risk Index representing routine thermal baseline.
1788,10.0,LOW,HIGH,Industrial-context thermal event,NO ALERT,Routine baseline monitoring.,Airport Fire Station,31.08,True,Low Risk Index representing routine thermal baseline.
1789,34.0,MEDIUM,MEDIUM,Agricultural-context thermal event,MONITOR / REVIEW,"Monitor thermal activity for escalation. Closest verified fire station: Firea and Rescue Station, Nedumkandam (22.8 km away).","Firea and Rescue Station, Nedumkandam",22.79,True,Moderate thermal risk context (Agricultural-context thermal event). Operational review recommended.
1790,26.0,LOW,LOW,Agricultural-context thermal event,NO ALERT,Routine baseline monitoring.,No fire station within 50 km,inf,False,Low Risk Index representing routine thermal baseline.
1791,13.0,LOW,HIGH,Industrial-context thermal event,NO ALERT,Routine baseline monitoring.,Rescue 1122,42.03,True,Low Risk Index representing routine thermal baseline.
