cluster_id,observation_count,active_days,first_detection,last_detection,duration_days,mean_bright_ti4,max_bright_ti4,mean_bright_ti5,max_bright_ti5,mean_frp,max_frp,mean_confidence,persistence_score,persistence_category,bt_diff_mean,bt_diff_max,frp_mean_to_max_ratio,frp_per_observation,detection_density,active_day_ratio,is_multi_day,is_persistent_candidate,persistence_category_code,anomaly_score,anomaly_flag,abnormality_level,anomaly_characterization,explanation,contributing_factors
0,1,1,2026-08-01,2026-08-01,1,329.54,329.54,290.5,290.5,3.14,3.14,2.0,0.0333,isolated,39.04,39.04,1.0,3.14,1.0,1.0,0,0,0,-0.2096,0,NORMAL,NORMAL_THERMAL_ACTIVITY,Thermal activity falls within normal statistical bounds.,none
1,8,2,2026-08-01,2026-08-02,2,313.59,333.41,279.761,291.28,2.259,5.27,2.0,0.0667,short_lived_repeated,33.829,42.13,0.4287,0.2824,4.0,1.0,1,0,1,-0.0453,0,ELEVATED,STATISTICAL_ANOMALY,Elevated abnormality primarily associated with unusual multi-variate statistical signature.,multivariate_combination
2,3,1,2026-08-01,2026-08-01,1,337.657,341.86,285.783,286.39,6.747,8.63,2.0,0.0333,isolated,51.874,55.47,0.7818,2.249,3.0,1.0,0,0,0,-0.1037,0,NORMAL,NORMAL_THERMAL_ACTIVITY,Thermal activity falls within normal statistical bounds.,none
3,1,1,2026-08-01,2026-08-01,1,345.85,345.85,294.85,294.85,10.2,10.2,2.0,0.0333,isolated,51.0,51.0,1.0,10.2,1.0,1.0,0,0,0,-0.1611,0,NORMAL,NORMAL_THERMAL_ACTIVITY,Thermal activity falls within normal statistical bounds.,none
4,1,1,2026-08-01,2026-08-01,1,335.15,335.15,296.46,296.46,4.34,4.34,2.0,0.0333,isolated,38.69,38.69,1.0,4.34,1.0,1.0,0,0,0,-0.2163,0,NORMAL,NORMAL_THERMAL_ACTIVITY,Thermal activity falls within normal statistical bounds.,none
5,1,1,2026-08-01,2026-08-01,1,331.65,331.65,296.49,296.49,2.67,2.67,2.0,0.0333,isolated,35.16,35.16,1.0,2.67,1.0,1.0,0,0,0,-0.216,0,NORMAL,NORMAL_THERMAL_ACTIVITY,Thermal activity falls within normal statistical bounds.,none
6,1,1,2026-08-01,2026-08-01,1,331.79,331.79,291.96,291.96,2.77,2.77,2.0,0.0333,isolated,39.83,39.83,1.0,2.77,1.0,1.0,0,0,0,-0.2129,0,NORMAL,NORMAL_THERMAL_ACTIVITY,Thermal activity falls within normal statistical bounds.,none
7,1,1,2026-08-01,2026-08-01,1,331.46,331.46,297.29,297.29,2.48,2.48,2.0,0.0333,isolated,34.17,34.17,1.0,2.48,1.0,1.0,0,0,0,-0.2174,0,NORMAL,NORMAL_THERMAL_ACTIVITY,Thermal activity falls within normal statistical bounds.,none
8,1,1,2026-08-01,2026-08-01,1,332.56,332.56,297.63,297.63,1.68,1.68,2.0,0.0333,isolated,34.93,34.93,1.0,1.68,1.0,1.0,0,0,0,-0.2082,0,NORMAL,NORMAL_THERMAL_ACTIVITY,Thermal activity falls within normal statistical bounds.,none
9,1,1,2026-08-01,2026-08-01,1,341.89,341.89,298.98,298.98,10.81,10.81,2.0,0.0333,isolated,42.91,42.91,1.0,10.81,1.0,1.0,0,0,0,-0.15,0,NORMAL,NORMAL_THERMAL_ACTIVITY,Thermal activity falls within normal statistical bounds.,none
10,1,1,2026-08-01,2026-08-01,1,330.71,330.71,295.03,295.03,1.56,1.56,2.0,0.0333,isolated,35.68,35.68,1.0,1.56,1.0,1.0,0,0,0,-0.2042,0,NORMAL,NORMAL_THERMAL_ACTIVITY,Thermal activity falls within normal statistical bounds.,none
11,1,1,2026-08-01,2026-08-01,1,330.49,330.49,292.6,292.6,2.37,2.37,2.0,0.0333,isolated,37.89,37.89,1.0,2.37,1.0,1.0,0,0,0,-0.2154,0,NORMAL,NORMAL_THERMAL_ACTIVITY,Thermal activity falls within normal statistical bounds.,none
12,1,1,2026-08-01,2026-08-01,1,337.74,337.74,296.45,296.45,3.22,3.22,2.0,0.0333,isolated,41.29,41.29,1.0,3.22,1.0,1.0,0,0,0,-0.213,0,NORMAL,NORMAL_THERMAL_ACTIVITY,Thermal activity falls within normal statistical bounds.,none
13,2,1,2026-08-01,2026-08-01,1,333.69,335.48,293.655,297.07,4.515,5.38,2.0,0.0333,isolated,40.035,38.41,0.8392,2.2575,2.0,1.0,0,0,0,-0.1725,0,NORMAL,NORMAL_THERMAL_ACTIVITY,Thermal activity falls within normal statistical bounds.,none
14,1,1,2026-08-01,2026-08-01,1,333.55,333.55,294.79,294.79,4.81,4.81,2.0,0.0333,isolated,38.76,38.76,1.0,4.81,1.0,1.0,0,0,0,-0.2144,0,NORMAL,NORMAL_THERMAL_ACTIVITY,Thermal activity falls within normal statistical bounds.,none
15,1,1,2026-08-01,2026-08-01,1,332.62,332.62,298.08,298.08,2.46,2.46,2.0,0.0333,isolated,34.54,34.54,1.0,2.46,1.0,1.0,0,0,0,-0.2173,0,NORMAL,NORMAL_THERMAL_ACTIVITY,Thermal activity falls within normal statistical bounds.,none
16,1,1,2026-08-01,2026-08-01,1,337.57,337.57,296.77,296.77,9.09,9.09,2.0,0.0333,isolated,40.8,40.8,1.0,9.09,1.0,1.0,0,0,0,-0.1816,0,NORMAL,NORMAL_THERMAL_ACTIVITY,Thermal activity falls within normal statistical bounds.,none
17,1,1,2026-08-01,2026-08-01,1,335.31,335.31,299.19,299.19,2.33,2.33,2.0,0.0333,isolated,36.12,36.12,1.0,2.33,1.0,1.0,0,0,0,-0.2196,0,NORMAL,NORMAL_THERMAL_ACTIVITY,Thermal activity falls within normal statistical bounds.,none
18,1,1,2026-08-01,2026-08-01,1,335.44,335.44,296.9,296.9,7.3,7.3,2.0,0.0333,isolated,38.54,38.54,1.0,7.3,1.0,1.0,0,0,0,-0.1954,0,NORMAL,NORMAL_THERMAL_ACTIVITY,Thermal activity falls within normal statistical bounds.,none
19,1,1,2026-08-01,2026-08-01,1,332.54,332.54,292.43,292.43,3.02,3.02,2.0,0.0333,isolated,40.11,40.11,1.0,3.02,1.0,1.0,0,0,0,-0.2139,0,NORMAL,NORMAL_THERMAL_ACTIVITY,Thermal activity falls within normal statistical bounds.,none
20,6,2,2026-08-01,2026-08-02,2,320.648,337.35,290.448,294.43,3.818,8.5,2.0,0.0667,short_lived_repeated,30.2,42.92,0.4492,0.6363,3.0,1.0,1,0,1,-0.0741,0,NORMAL,NORMAL_THERMAL_ACTIVITY,Thermal activity falls within normal statistical bounds.,none
21,1,1,2026-08-01,2026-08-01,1,330.83,330.83,297.84,297.84,3.09,3.09,2.0,0.0333,isolated,32.99,32.99,1.0,3.09,1.0,1.0,0,0,0,-0.2152,0,NORMAL,NORMAL_THERMAL_ACTIVITY,Thermal activity falls within normal statistical bounds.,none
22,16,2,2026-08-01,2026-08-02,2,340.091,356.0,293.528,298.35,9.785,23.16,1.562,0.0667,short_lived_repeated,46.563,57.65,0.4225,0.6116,8.0,1.0,1,0,1,0.1445,1,HIGH,MULTI_FACTOR_ANOMALY,High abnormality primarily associated with elevated thermal intensity and elevated thermal energy (FRP).,"max_bright_ti4,bt_diff_max,max_frp"
23,1,1,2026-08-01,2026-08-01,1,343.28,343.28,290.57,290.57,3.41,3.41,2.0,0.0333,isolated,52.71,52.71,1.0,3.41,1.0,1.0,0,0,0,-0.1797,0,NORMAL,NORMAL_THERMAL_ACTIVITY,Thermal activity falls within normal statistical bounds.,none
24,8,3,2026-08-01,2026-08-04,4,333.188,345.09,287.976,297.73,4.962,8.32,1.875,0.1,short_lived_repeated,45.212,47.36,0.5964,0.6202,2.0,0.75,1,0,1,-0.0156,0,ELEVATED,HIGH_THERMAL_INTENSITY,Elevated abnormality primarily associated with elevated thermal intensity.,"max_bright_ti4,bt_diff_max"
25,3,2,2026-08-01,2026-08-03,3,319.883,333.15,286.187,296.08,3.62,5.76,2.0,0.0667,short_lived_repeated,33.696,37.07,0.6285,1.2067,1.0,0.6667,1,0,1,-0.1063,0,NORMAL,NORMAL_THERMAL_ACTIVITY,Thermal activity falls within normal statistical bounds.,none
26,2,1,2026-08-01,2026-08-01,1,321.055,332.66,287.97,290.56,2.585,2.64,2.0,0.0333,isolated,33.085,42.1,0.9792,1.2925,2.0,1.0,0,0,0,-0.1748,0,NORMAL,NORMAL_THERMAL_ACTIVITY,Thermal activity falls within normal statistical bounds.,none
27,1,1,2026-08-01,2026-08-01,1,330.26,330.26,297.37,297.37,4.02,4.02,2.0,0.0333,isolated,32.89,32.89,1.0,4.02,1.0,1.0,0,0,0,-0.2151,0,NORMAL,NORMAL_THERMAL_ACTIVITY,Thermal activity falls within normal statistical bounds.,none
28,1,1,2026-08-01,2026-08-01,1,330.04,330.04,296.39,296.39,4.87,4.87,2.0,0.0333,isolated,33.65,33.65,1.0,4.87,1.0,1.0,0,0,0,-0.212,0,NORMAL,NORMAL_THERMAL_ACTIVITY,Thermal activity falls within normal statistical bounds.,none
29,1,1,2026-08-01,2026-08-01,1,331.81,331.81,298.53,298.53,5.41,5.41,2.0,0.0333,isolated,33.28,33.28,1.0,5.41,1.0,1.0,0,0,0,-0.2126,0,NORMAL,NORMAL_THERMAL_ACTIVITY,Thermal activity falls within normal statistical bounds.,none
30,1,1,2026-08-01,2026-08-01,1,337.15,337.15,293.31,293.31,6.47,6.47,2.0,0.0333,isolated,43.84,43.84,1.0,6.47,1.0,1.0,0,0,0,-0.1952,0,NORMAL,NORMAL_THERMAL_ACTIVITY,Thermal activity falls within normal statistical bounds.,none
31,1,1,2026-08-01,2026-08-01,1,331.58,331.58,292.81,292.81,4.35,4.35,2.0,0.0333,isolated,38.77,38.77,1.0,4.35,1.0,1.0,0,0,0,-0.2138,0,NORMAL,NORMAL_THERMAL_ACTIVITY,Thermal activity falls within normal statistical bounds.,none
32,1,1,2026-08-01,2026-08-01,1,333.21,333.21,291.71,291.71,3.44,3.44,2.0,0.0333,isolated,41.5,41.5,1.0,3.44,1.0,1.0,0,0,0,-0.2131,0,NORMAL,NORMAL_THERMAL_ACTIVITY,Thermal activity falls within normal statistical bounds.,none
33,1,1,2026-08-01,2026-08-01,1,340.2,340.2,291.02,291.02,15.02,15.02,2.0,0.0333,isolated,49.18,49.18,1.0,15.02,1.0,1.0,0,0,0,-0.106,0,NORMAL,NORMAL_THERMAL_ACTIVITY,Thermal activity falls within normal statistical bounds.,none
34,1,1,2026-08-01,2026-08-01,1,330.05,330.05,290.51,290.51,1.68,1.68,2.0,0.0333,isolated,39.54,39.54,1.0,1.68,1.0,1.0,0,0,0,-0.2021,0,NORMAL,NORMAL_THERMAL_ACTIVITY,Thermal activity falls within normal statistical bounds.,none
35,2,1,2026-08-01,2026-08-01,1,333.285,333.69,291.235,291.39,2.365,2.4,2.0,0.0333,isolated,42.05,42.3,0.9854,1.1825,2.0,1.0,0,0,0,-0.1757,0,NORMAL,NORMAL_THERMAL_ACTIVITY,Thermal activity falls within normal statistical bounds.,none
36,2,1,2026-08-01,2026-08-01,1,333.455,334.67,291.045,291.39,3.22,3.22,2.0,0.0333,isolated,42.41,43.28,1.0,1.61,2.0,1.0,0,0,0,-0.1861,0,NORMAL,NORMAL_THERMAL_ACTIVITY,Thermal activity falls within normal statistical bounds.,none
37,1,1,2026-08-01,2026-08-01,1,341.51,341.51,288.58,288.58,7.9,7.9,2.0,0.0333,isolated,52.93,52.93,1.0,7.9,1.0,1.0,0,0,0,-0.1684,0,NORMAL,NORMAL_THERMAL_ACTIVITY,Thermal activity falls within normal statistical bounds.,none
38,1,1,2026-08-01,2026-08-01,1,343.41,343.41,301.17,301.17,16.12,16.12,2.0,0.0333,isolated,42.24,42.24,1.0,16.12,1.0,1.0,0,0,0,-0.1061,0,NORMAL,NORMAL_THERMAL_ACTIVITY,Thermal activity falls within normal statistical bounds.,none
39,19,3,2026-08-01,2026-08-04,4,307.875,332.4,272.451,276.01,2.285,6.33,2.0,0.1,short_lived_repeated,35.424,56.39,0.361,0.1203,4.75,0.75,1,0,1,0.0553,1,HIGH,HIGH_THERMAL_INTENSITY,High abnormality primarily associated with elevated thermal intensity.,bt_diff_max
40,7,3,2026-08-01,2026-08-03,3,322.414,347.01,282.213,293.92,4.594,9.17,2.0,0.1,short_lived_repeated,40.201,53.09,0.501,0.6563,2.3333,1.0,1,0,1,-0.0217,0,ELEVATED,HIGH_THERMAL_INTENSITY,Elevated abnormality primarily associated with elevated thermal intensity.,"max_bright_ti4,bt_diff_max"
41,3,1,2026-08-01,2026-08-01,1,306.243,310.54,285.703,290.17,1.84,3.32,2.0,0.0333,isolated,20.54,20.37,0.5542,0.6133,3.0,1.0,0,0,0,-0.0846,0,NORMAL,NORMAL_THERMAL_ACTIVITY,Thermal activity falls within normal statistical bounds.,none
42,2,1,2026-08-01,2026-08-01,1,303.69,308.07,282.945,288.51,1.205,1.77,2.0,0.0333,isolated,20.745,19.56,0.6808,0.6025,2.0,1.0,0,0,0,-0.13,0,NORMAL,NORMAL_THERMAL_ACTIVITY,Thermal activity falls within normal statistical bounds.,none
43,3,2,2026-08-01,2026-08-02,2,298.34,304.74,271.437,280.59,0.793,1.56,2.0,0.0667,short_lived_repeated,26.903,24.15,0.5083,0.2643,1.5,1.0,1,0,1,-0.0732,0,NORMAL,NORMAL_THERMAL_ACTIVITY,Thermal activity falls within normal statistical bounds.,none
44,2,1,2026-08-01,2026-08-01,1,298.725,299.15,276.805,276.84,1.64,1.78,2.0,0.0333,isolated,21.92,22.31,0.9213,0.82,2.0,1.0,0,0,0,-0.1256,0,NORMAL,NORMAL_THERMAL_ACTIVITY,Thermal activity falls within normal statistical bounds.,none
45,2,2,2026-08-01,2026-08-02,2,303.535,303.59,273.855,276.0,0.895,1.16,2.0,0.0667,short_lived_repeated,29.68,27.59,0.7716,0.4475,1.0,1.0,1,0,1,-0.1012,0,NORMAL,NORMAL_THERMAL_ACTIVITY,Thermal activity falls within normal statistical bounds.,none
46,5,1,2026-08-01,2026-08-01,1,298.024,301.39,264.608,265.7,0.604,0.94,2.0,0.0333,isolated,33.416,35.69,0.6426,0.1208,5.0,1.0,0,0,0,-0.0234,0,ELEVATED,STATISTICAL_ANOMALY,Elevated abnormality primarily associated with unusual multi-variate statistical signature.,multivariate_combination
47,2,1,2026-08-01,2026-08-01,1,297.055,298.63,264.935,265.9,0.815,0.87,2.0,0.0333,isolated,32.12,32.73,0.9368,0.4075,2.0,1.0,0,0,0,-0.1202,0,NORMAL,NORMAL_THERMAL_ACTIVITY,Thermal activity falls within normal statistical bounds.,none
48,3,1,2026-08-01,2026-08-01,1,297.733,299.53,267.573,268.11,1.19,1.59,2.0,0.0333,isolated,30.16,31.42,0.7484,0.3967,3.0,1.0,0,0,0,-0.1038,0,NORMAL,NORMAL_THERMAL_ACTIVITY,Thermal activity falls within normal statistical bounds.,none
49,10,3,2026-08-01,2026-08-03,3,302.813,330.47,270.234,295.78,1.087,2.61,2.0,0.1,short_lived_repeated,32.579,34.69,0.4165,0.1087,3.3333,1.0,1,0,1,-0.0155,0,ELEVATED,STATISTICAL_ANOMALY,Elevated abnormality primarily associated with unusual multi-variate statistical signature.,multivariate_combination
50,12,3,2026-08-01,2026-08-03,3,311.638,347.93,273.323,298.4,2.38,5.9,2.0,0.1,short_lived_repeated,38.315,49.53,0.4034,0.1983,4.0,1.0,1,0,1,-0.005,0,ELEVATED,HIGH_THERMAL_INTENSITY,Elevated abnormality primarily associated with elevated thermal intensity.,"max_bright_ti4,bt_diff_max"
51,3,1,2026-08-01,2026-08-01,1,309.18,312.65,278.57,286.19,2.183,2.23,2.0,0.0333,isolated,30.61,26.46,0.9789,0.7277,3.0,1.0,0,0,0,-0.1269,0,NORMAL,NORMAL_THERMAL_ACTIVITY,Thermal activity falls within normal statistical bounds.,none
52,2,1,2026-08-01,2026-08-01,1,306.715,311.85,276.525,277.33,1.29,1.4,2.0,0.0333,isolated,30.19,34.52,0.9214,0.645,2.0,1.0,0,0,0,-0.1509,0,NORMAL,NORMAL_THERMAL_ACTIVITY,Thermal activity falls within normal statistical bounds.,none
53,20,2,2026-08-01,2026-08-02,2,303.367,308.72,274.958,283.45,1.17,2.03,2.0,0.0667,short_lived_repeated,28.409,25.27,0.5764,0.0585,10.0,1.0,1,0,1,0.0642,1,HIGH,STATISTICAL_ANOMALY,High abnormality primarily associated with unusual multi-variate statistical signature.,multivariate_combination
54,7,2,2026-08-01,2026-08-02,2,305.159,310.82,277.497,279.94,1.199,1.63,2.0,0.0667,short_lived_repeated,27.662,30.88,0.7356,0.1713,3.5,1.0,1,0,1,-0.0351,0,ELEVATED,STATISTICAL_ANOMALY,Elevated abnormality primarily associated with unusual multi-variate statistical signature.,multivariate_combination
55,4,2,2026-08-01,2026-08-02,2,304.85,311.71,272.888,275.43,1.488,2.09,2.0,0.0667,short_lived_repeated,31.962,36.28,0.712,0.372,2.0,1.0,1,0,1,-0.1124,0,NORMAL,NORMAL_THERMAL_ACTIVITY,Thermal activity falls within normal statistical bounds.,none
56,1,1,2026-08-01,2026-08-01,1,301.25,301.25,275.98,275.98,0.69,0.69,2.0,0.0333,isolated,25.27,25.27,1.0,0.69,1.0,1.0,0,0,0,-0.1762,0,NORMAL,NORMAL_THERMAL_ACTIVITY,Thermal activity falls within normal statistical bounds.,none
57,2,1,2026-08-01,2026-08-01,1,308.465,310.45,268.915,273.46,1.565,2.08,2.0,0.0333,isolated,39.55,36.99,0.7524,0.7825,2.0,1.0,0,0,0,-0.1384,0,NORMAL,NORMAL_THERMAL_ACTIVITY,Thermal activity falls within normal statistical bounds.,none
58,16,2,2026-08-01,2026-08-02,2,308.116,324.58,275.774,287.52,1.871,3.93,2.0,0.0667,short_lived_repeated,32.342,37.06,0.4761,0.1169,8.0,1.0,1,0,1,0.0241,1,HIGH,STATISTICAL_ANOMALY,High abnormality primarily associated with unusual multi-variate statistical signature.,multivariate_combination
59,4,1,2026-08-01,2026-08-01,1,310.992,315.68,285.962,286.17,1.808,2.23,2.0,0.0333,isolated,25.03,29.51,0.8108,0.452,4.0,1.0,0,0,0,-0.1062,0,NORMAL,NORMAL_THERMAL_ACTIVITY,Thermal activity falls within normal statistical bounds.,none
60,6,1,2026-08-01,2026-08-01,1,321.247,335.43,284.973,290.58,5.528,8.97,2.0,0.0333,isolated,36.274,44.85,0.6163,0.9213,6.0,1.0,0,0,0,-0.032,0,ELEVATED,STATISTICAL_ANOMALY,Elevated abnormality primarily associated with unusual multi-variate statistical signature.,multivariate_combination
61,1,1,2026-08-01,2026-08-01,1,307.01,307.01,279.2,279.2,5.14,5.14,2.0,0.0333,isolated,27.81,27.81,1.0,5.14,1.0,1.0,0,0,0,-0.1767,0,NORMAL,NORMAL_THERMAL_ACTIVITY,Thermal activity falls within normal statistical bounds.,none
62,5,2,2026-08-01,2026-08-02,2,305.462,331.55,266.148,293.67,1.348,4.03,1.8,0.0667,short_lived_repeated,39.314,37.88,0.3345,0.2696,2.5,1.0,1,0,1,-0.0261,0,ELEVATED,STATISTICAL_ANOMALY,Elevated abnormality primarily associated with unusual multi-variate statistical signature.,multivariate_combination
63,5,2,2026-08-01,2026-08-02,2,307.662,325.52,276.81,282.96,2.508,3.14,2.0,0.0667,short_lived_repeated,30.852,42.56,0.7987,0.5016,2.5,1.0,1,0,1,-0.0869,0,NORMAL,NORMAL_THERMAL_ACTIVITY,Thermal activity falls within normal statistical bounds.,none
64,1,1,2026-08-01,2026-08-01,1,306.7,306.7,288.39,288.39,1.74,1.74,2.0,0.0333,isolated,18.31,18.31,1.0,1.74,1.0,1.0,0,0,0,-0.1939,0,NORMAL,NORMAL_THERMAL_ACTIVITY,Thermal activity falls within normal statistical bounds.,none
65,4,2,2026-08-01,2026-08-02,2,306.955,324.08,276.882,287.81,1.777,3.27,2.0,0.0667,short_lived_repeated,30.073,36.27,0.5434,0.4442,2.0,1.0,1,0,1,-0.1018,0,NORMAL,NORMAL_THERMAL_ACTIVITY,Thermal activity falls within normal statistical bounds.,none
66,4,2,2026-08-01,2026-08-02,2,305.482,316.45,276.71,287.92,2.065,3.12,2.0,0.0667,short_lived_repeated,28.772,28.53,0.6619,0.5162,2.0,1.0,1,0,1,-0.1108,0,NORMAL,NORMAL_THERMAL_ACTIVITY,Thermal activity falls within normal statistical bounds.,none
67,3,1,2026-08-01,2026-08-01,1,300.91,301.41,279.41,280.03,1.157,1.37,2.0,0.0333,isolated,21.5,21.38,0.8445,0.3857,3.0,1.0,0,0,0,-0.1024,0,NORMAL,NORMAL_THERMAL_ACTIVITY,Thermal activity falls within normal statistical bounds.,none
68,3,2,2026-08-01,2026-08-02,2,301.493,308.85,277.29,286.83,1.787,2.11,2.0,0.0667,short_lived_repeated,24.203,22.02,0.8469,0.5957,1.5,1.0,1,0,1,-0.1265,0,NORMAL,NORMAL_THERMAL_ACTIVITY,Thermal activity falls within normal statistical bounds.,none
69,1,1,2026-08-01,2026-08-01,1,297.43,297.43,275.45,275.45,1.41,1.41,2.0,0.0333,isolated,21.98,21.98,1.0,1.41,1.0,1.0,0,0,0,-0.1696,0,NORMAL,NORMAL_THERMAL_ACTIVITY,Thermal activity falls within normal statistical bounds.,none
70,4,2,2026-08-01,2026-08-02,2,310.378,319.83,275.942,285.46,1.878,2.4,2.0,0.0667,short_lived_repeated,34.436,34.37,0.7825,0.4695,2.0,1.0,1,0,1,-0.1177,0,NORMAL,NORMAL_THERMAL_ACTIVITY,Thermal activity falls within normal statistical bounds.,none
71,1,1,2026-08-01,2026-08-01,1,308.15,308.15,288.68,288.68,2.56,2.56,2.0,0.0333,isolated,19.47,19.47,1.0,2.56,1.0,1.0,0,0,0,-0.1857,0,NORMAL,NORMAL_THERMAL_ACTIVITY,Thermal activity falls within normal statistical bounds.,none
72,3,3,2026-08-01,2026-08-05,5,305.28,313.02,282.217,285.42,1.057,1.61,2.0,0.1,short_lived_repeated,23.063,27.6,0.6565,0.3523,0.6,0.6,1,0,1,-0.065,0,NORMAL,NORMAL_THERMAL_ACTIVITY,Thermal activity falls within normal statistical bounds.,none
73,2,2,2026-08-01,2026-08-02,2,303.68,306.3,278.795,280.54,1.08,1.33,2.0,0.0667,short_lived_repeated,24.885,25.76,0.812,0.54,1.0,1.0,1,0,1,-0.1155,0,NORMAL,NORMAL_THERMAL_ACTIVITY,Thermal activity falls within normal statistical bounds.,none
74,3,1,2026-08-01,2026-08-01,1,306.067,311.21,276.2,281.95,0.997,1.55,2.0,0.0333,isolated,29.867,29.26,0.6432,0.3323,3.0,1.0,0,0,0,-0.1111,0,NORMAL,NORMAL_THERMAL_ACTIVITY,Thermal activity falls within normal statistical bounds.,none
75,2,1,2026-08-01,2026-08-01,1,306.51,307.49,289.9,290.19,0.975,1.18,2.0,0.0333,isolated,16.61,17.3,0.8263,0.4875,2.0,1.0,0,0,0,-0.137,0,NORMAL,NORMAL_THERMAL_ACTIVITY,Thermal activity falls within normal statistical bounds.,none
76,16,4,2026-08-01,2026-08-04,4,317.999,338.42,287.164,296.35,3.221,8.52,2.0,0.1333,short_lived_repeated,30.835,42.07,0.3781,0.2013,4.0,1.0,1,0,1,0.0164,1,HIGH,PERSISTENT_THERMAL_ACTIVITY,High abnormality primarily associated with persistent multi-day activity.,active_days
77,2,2,2026-08-01,2026-08-03,3,319.25,330.95,293.415,298.44,2.57,4.43,2.0,0.0667,short_lived_repeated,25.835,32.51,0.5801,1.285,0.6667,0.6667,1,0,1,-0.0838,0,NORMAL,NORMAL_THERMAL_ACTIVITY,Thermal activity falls within normal statistical bounds.,none
78,1,1,2026-08-01,2026-08-01,1,303.97,303.97,289.74,289.74,1.13,1.13,2.0,0.0333,isolated,14.23,14.23,1.0,1.13,1.0,1.0,0,0,0,-0.1793,0,NORMAL,NORMAL_THERMAL_ACTIVITY,Thermal activity falls within normal statistical bounds.,none
79,6,2,2026-08-01,2026-08-04,4,308.497,323.77,285.562,292.06,1.452,1.76,2.0,0.0667,short_lived_repeated,22.935,31.71,0.825,0.242,1.5,0.5,1,0,1,-0.0544,0,NORMAL,NORMAL_THERMAL_ACTIVITY,Thermal activity falls within normal statistical bounds.,none
80,1,1,2026-08-01,2026-08-01,1,309.08,309.08,290.5,290.5,0.81,0.81,2.0,0.0333,isolated,18.58,18.58,1.0,0.81,1.0,1.0,0,0,0,-0.1856,0,NORMAL,NORMAL_THERMAL_ACTIVITY,Thermal activity falls within normal statistical bounds.,none
81,3,2,2026-08-01,2026-08-02,2,302.187,305.82,276.263,286.26,0.957,1.46,2.0,0.0667,short_lived_repeated,25.924,19.56,0.6555,0.319,1.5,1.0,1,0,1,-0.0987,0,NORMAL,NORMAL_THERMAL_ACTIVITY,Thermal activity falls within normal statistical bounds.,none
82,1,1,2026-08-01,2026-08-01,1,308.68,308.68,288.46,288.46,2.0,2.0,2.0,0.0333,isolated,20.22,20.22,1.0,2.0,1.0,1.0,0,0,0,-0.1913,0,NORMAL,NORMAL_THERMAL_ACTIVITY,Thermal activity falls within normal statistical bounds.,none
83,1,1,2026-08-01,2026-08-01,1,304.85,304.85,285.92,285.92,0.62,0.62,2.0,0.0333,isolated,18.93,18.93,1.0,0.62,1.0,1.0,0,0,0,-0.1817,0,NORMAL,NORMAL_THERMAL_ACTIVITY,Thermal activity falls within normal statistical bounds.,none
84,1,1,2026-08-01,2026-08-01,1,304.84,304.84,285.07,285.07,0.76,0.76,2.0,0.0333,isolated,19.77,19.77,1.0,0.76,1.0,1.0,0,0,0,-0.185,0,NORMAL,NORMAL_THERMAL_ACTIVITY,Thermal activity falls within normal statistical bounds.,none
85,1,1,2026-08-01,2026-08-01,1,309.17,309.17,287.7,287.7,1.78,1.78,2.0,0.0333,isolated,21.47,21.47,1.0,1.78,1.0,1.0,0,0,0,-0.1976,0,NORMAL,NORMAL_THERMAL_ACTIVITY,Thermal activity falls within normal statistical bounds.,none
86,1,1,2026-08-01,2026-08-01,1,314.24,314.24,284.48,284.48,1.63,1.63,2.0,0.0333,isolated,29.76,29.76,1.0,1.63,1.0,1.0,0,0,0,-0.1982,0,NORMAL,NORMAL_THERMAL_ACTIVITY,Thermal activity falls within normal statistical bounds.,none
87,1,1,2026-08-01,2026-08-01,1,296.12,296.12,263.96,263.96,0.25,0.25,2.0,0.0333,isolated,32.16,32.16,1.0,0.25,1.0,1.0,0,0,0,-0.1448,0,NORMAL,NORMAL_THERMAL_ACTIVITY,Thermal activity falls within normal statistical bounds.,none
88,1,1,2026-08-01,2026-08-01,1,301.63,301.63,283.49,283.49,0.32,0.32,2.0,0.0333,isolated,18.14,18.14,1.0,0.32,1.0,1.0,0,0,0,-0.1656,0,NORMAL,NORMAL_THERMAL_ACTIVITY,Thermal activity falls within normal statistical bounds.,none
89,1,1,2026-08-01,2026-08-01,1,330.43,330.43,291.41,291.41,2.43,2.43,2.0,0.0333,isolated,39.02,39.02,1.0,2.43,1.0,1.0,0,0,0,-0.2108,0,NORMAL,NORMAL_THERMAL_ACTIVITY,Thermal activity falls within normal statistical bounds.,none
90,1,1,2026-08-01,2026-08-01,1,307.7,307.7,291.34,291.34,1.81,1.81,2.0,0.0333,isolated,16.36,16.36,1.0,1.81,1.0,1.0,0,0,0,-0.1871,0,NORMAL,NORMAL_THERMAL_ACTIVITY,Thermal activity falls within normal statistical bounds.,none
91,1,1,2026-08-01,2026-08-01,1,314.74,314.74,288.05,288.05,1.15,1.15,2.0,0.0333,isolated,26.69,26.69,1.0,1.15,1.0,1.0,0,0,0,-0.1924,0,NORMAL,NORMAL_THERMAL_ACTIVITY,Thermal activity falls within normal statistical bounds.,none
92,1,1,2026-08-01,2026-08-01,1,305.33,305.33,288.14,288.14,0.63,0.63,2.0,0.0333,isolated,17.19,17.19,1.0,0.63,1.0,1.0,0,0,0,-0.1801,0,NORMAL,NORMAL_THERMAL_ACTIVITY,Thermal activity falls within normal statistical bounds.,none
93,1,1,2026-08-01,2026-08-01,1,304.57,304.57,285.98,285.98,0.82,0.82,2.0,0.0333,isolated,18.59,18.59,1.0,0.82,1.0,1.0,0,0,0,-0.1857,0,NORMAL,NORMAL_THERMAL_ACTIVITY,Thermal activity falls within normal statistical bounds.,none
94,1,1,2026-08-01,2026-08-01,1,307.6,307.6,290.26,290.26,2.89,2.89,2.0,0.0333,isolated,17.34,17.34,1.0,2.89,1.0,1.0,0,0,0,-0.1826,0,NORMAL,NORMAL_THERMAL_ACTIVITY,Thermal activity falls within normal statistical bounds.,none
95,2,2,2026-08-01,2026-08-03,3,305.635,308.68,280.83,288.17,1.36,1.57,2.0,0.0667,short_lived_repeated,24.805,20.51,0.8662,0.68,0.6667,0.6667,1,0,1,-0.0995,0,NORMAL,NORMAL_THERMAL_ACTIVITY,Thermal activity falls within normal statistical bounds.,none
96,1,1,2026-08-02,2026-08-02,1,338.06,338.06,292.15,292.15,2.93,2.93,2.0,0.0333,isolated,45.91,45.91,1.0,2.93,1.0,1.0,0,0,0,-0.2051,0,NORMAL,NORMAL_THERMAL_ACTIVITY,Thermal activity falls within normal statistical bounds.,none
97,1,1,2026-08-02,2026-08-02,1,339.26,339.26,289.72,289.72,1.48,1.48,2.0,0.0333,isolated,49.54,49.54,1.0,1.48,1.0,1.0,0,0,0,-0.1799,0,NORMAL,NORMAL_THERMAL_ACTIVITY,Thermal activity falls within normal statistical bounds.,none
98,1,1,2026-08-02,2026-08-02,1,339.3,339.3,289.3,289.3,4.2,4.2,2.0,0.0333,isolated,50.0,50.0,1.0,4.2,1.0,1.0,0,0,0,-0.2018,0,NORMAL,NORMAL_THERMAL_ACTIVITY,Thermal activity falls within normal statistical bounds.,none
99,1,1,2026-08-02,2026-08-02,1,336.33,336.33,289.83,289.83,1.63,1.63,2.0,0.0333,isolated,46.5,46.5,1.0,1.63,1.0,1.0,0,0,0,-0.1957,0,NORMAL,NORMAL_THERMAL_ACTIVITY,Thermal activity falls within normal statistical bounds.,none
100,1,1,2026-08-02,2026-08-02,1,339.59,339.59,290.41,290.41,3.37,3.37,2.0,0.0333,isolated,49.18,49.18,1.0,3.37,1.0,1.0,0,0,0,-0.1965,0,NORMAL,NORMAL_THERMAL_ACTIVITY,Thermal activity falls within normal statistical bounds.,none
101,1,1,2026-08-02,2026-08-02,1,340.49,340.49,275.31,275.31,6.1,6.1,2.0,0.0333,isolated,65.18,65.18,1.0,6.1,1.0,1.0,0,0,0,-0.1283,0,NORMAL,NORMAL_THERMAL_ACTIVITY,Thermal activity falls within normal statistical bounds.,none
102,2,1,2026-08-02,2026-08-02,1,350.99,367.0,295.385,298.31,4.925,6.24,2.5,0.0333,isolated,55.605,68.69,0.7893,2.4625,2.0,1.0,0,0,0,-0.0179,0,ELEVATED,SHORT_LIVED_EXTREME_EVENT,Elevated abnormality primarily associated with elevated thermal intensity.,"max_bright_ti4,bt_diff_max"
103,1,1,2026-08-02,2026-08-02,1,340.21,340.21,291.43,291.43,4.31,4.31,2.0,0.0333,isolated,48.78,48.78,1.0,4.31,1.0,1.0,0,0,0,-0.2023,0,NORMAL,NORMAL_THERMAL_ACTIVITY,Thermal activity falls within normal statistical bounds.,none
104,1,1,2026-08-02,2026-08-02,1,331.94,331.94,294.41,294.41,3.82,3.82,2.0,0.0333,isolated,37.53,37.53,1.0,3.82,1.0,1.0,0,0,0,-0.2162,0,NORMAL,NORMAL_THERMAL_ACTIVITY,Thermal activity falls within normal statistical bounds.,none
105,1,1,2026-08-02,2026-08-02,1,335.8,335.8,288.64,288.64,3.26,3.26,2.0,0.0333,isolated,47.16,47.16,1.0,3.26,1.0,1.0,0,0,0,-0.2058,0,NORMAL,NORMAL_THERMAL_ACTIVITY,Thermal activity falls within normal statistical bounds.,none
106,2,1,2026-08-02,2026-08-02,1,340.295,345.23,292.955,293.43,7.275,11.86,2.0,0.0333,isolated,47.34,51.8,0.6134,3.6375,2.0,1.0,0,0,0,-0.0991,0,NORMAL,NORMAL_THERMAL_ACTIVITY,Thermal activity falls within normal statistical bounds.,none
107,15,3,2026-08-02,2026-08-04,3,308.741,333.8,281.834,295.46,1.437,4.25,2.0,0.1,short_lived_repeated,26.907,38.34,0.3381,0.0958,5.0,1.0,1,0,1,0.0267,1,HIGH,STATISTICAL_ANOMALY,High abnormality primarily associated with unusual multi-variate statistical signature.,multivariate_combination
108,1,1,2026-08-02,2026-08-02,1,332.32,332.32,299.67,299.67,10.2,10.2,1.0,0.0333,isolated,32.65,32.65,1.0,10.2,1.0,1.0,0,0,0,-0.0674,0,NORMAL,NORMAL_THERMAL_ACTIVITY,Thermal activity falls within normal statistical bounds.,none
109,2,1,2026-08-02,2026-08-02,1,334.435,337.96,295.62,296.78,4.785,6.52,1.0,0.0333,isolated,38.815,41.18,0.7339,2.3925,2.0,1.0,0,0,0,-0.0593,0,NORMAL,NORMAL_THERMAL_ACTIVITY,Thermal activity falls within normal statistical bounds.,none
110,1,1,2026-08-02,2026-08-02,1,338.6,338.6,292.85,292.85,6.79,6.79,1.0,0.0333,isolated,45.75,45.75,1.0,6.79,1.0,1.0,0,0,0,-0.1013,0,NORMAL,NORMAL_THERMAL_ACTIVITY,Thermal activity falls within normal statistical bounds.,none
111,3,2,2026-08-02,2026-08-03,2,312.563,330.83,282.32,296.82,2.737,6.81,2.0,0.0667,short_lived_repeated,30.243,34.01,0.4019,0.9123,1.5,1.0,1,0,1,-0.0671,0,NORMAL,NORMAL_THERMAL_ACTIVITY,Thermal activity falls within normal statistical bounds.,none
112,3,2,2026-08-02,2026-08-04,3,322.207,331.09,285.657,294.5,3.353,6.38,2.0,0.0667,short_lived_repeated,36.55,36.59,0.5255,1.1177,1.0,0.6667,1,0,1,-0.0803,0,NORMAL,NORMAL_THERMAL_ACTIVITY,Thermal activity falls within normal statistical bounds.,none
113,1,1,2026-08-02,2026-08-02,1,333.39,333.39,288.9,288.9,1.85,1.85,2.0,0.0333,isolated,44.49,44.49,1.0,1.85,1.0,1.0,0,0,0,-0.202,0,NORMAL,NORMAL_THERMAL_ACTIVITY,Thermal activity falls within normal statistical bounds.,none
114,1,1,2026-08-02,2026-08-02,1,337.22,337.22,291.61,291.61,3.39,3.39,2.0,0.0333,isolated,45.61,45.61,1.0,3.39,1.0,1.0,0,0,0,-0.2069,0,NORMAL,NORMAL_THERMAL_ACTIVITY,Thermal activity falls within normal statistical bounds.,none
115,4,1,2026-08-02,2026-08-02,1,336.848,343.58,293.118,293.61,4.74,5.9,2.0,0.0333,isolated,43.73,49.97,0.8034,1.185,4.0,1.0,0,0,0,-0.1076,0,NORMAL,NORMAL_THERMAL_ACTIVITY,Thermal activity falls within normal statistical bounds.,none
116,1,1,2026-08-02,2026-08-02,1,334.98,334.98,290.38,290.38,4.27,4.27,2.0,0.0333,isolated,44.6,44.6,1.0,4.27,1.0,1.0,0,0,0,-0.2116,0,NORMAL,NORMAL_THERMAL_ACTIVITY,Thermal activity falls within normal statistical bounds.,none
117,1,1,2026-08-02,2026-08-02,1,344.36,344.36,292.8,292.8,2.99,2.99,2.0,0.0333,isolated,51.56,51.56,1.0,2.99,1.0,1.0,0,0,0,-0.1803,0,NORMAL,NORMAL_THERMAL_ACTIVITY,Thermal activity falls within normal statistical bounds.,none
118,1,1,2026-08-02,2026-08-02,1,335.95,335.95,285.79,285.79,6.96,6.96,2.0,0.0333,isolated,50.16,50.16,1.0,6.96,1.0,1.0,0,0,0,-0.1818,0,NORMAL,NORMAL_THERMAL_ACTIVITY,Thermal activity falls within normal statistical bounds.,none
119,1,1,2026-08-02,2026-08-02,1,331.31,331.31,282.97,282.97,4.7,4.7,2.0,0.0333,isolated,48.34,48.34,1.0,4.7,1.0,1.0,0,0,0,-0.1936,0,NORMAL,NORMAL_THERMAL_ACTIVITY,Thermal activity falls within normal statistical bounds.,none
120,3,1,2026-08-02,2026-08-02,1,335.127,337.58,296.007,296.39,6.31,9.41,2.0,0.0333,isolated,39.12,41.19,0.6706,2.1033,3.0,1.0,0,0,0,-0.1163,0,NORMAL,NORMAL_THERMAL_ACTIVITY,Thermal activity falls within normal statistical bounds.,none
121,1,1,2026-08-02,2026-08-02,1,332.43,332.43,297.9,297.9,2.19,2.19,2.0,0.0333,isolated,34.53,34.53,1.0,2.19,1.0,1.0,0,0,0,-0.2172,0,NORMAL,NORMAL_THERMAL_ACTIVITY,Thermal activity falls within normal statistical bounds.,none
122,1,1,2026-08-02,2026-08-02,1,330.87,330.87,290.7,290.7,1.65,1.65,2.0,0.0333,isolated,40.17,40.17,1.0,1.65,1.0,1.0,0,0,0,-0.2019,0,NORMAL,NORMAL_THERMAL_ACTIVITY,Thermal activity falls within normal statistical bounds.,none
123,1,1,2026-08-02,2026-08-02,1,334.73,334.73,296.14,296.14,3.16,3.16,2.0,0.0333,isolated,38.59,38.59,1.0,3.16,1.0,1.0,0,0,0,-0.2179,0,NORMAL,NORMAL_THERMAL_ACTIVITY,Thermal activity falls within normal statistical bounds.,none
124,1,1,2026-08-02,2026-08-02,1,340.84,340.84,297.22,297.22,6.94,6.94,2.0,0.0333,isolated,43.62,43.62,1.0,6.94,1.0,1.0,0,0,0,-0.1922,0,NORMAL,NORMAL_THERMAL_ACTIVITY,Thermal activity falls within normal statistical bounds.,none
125,1,1,2026-08-02,2026-08-02,1,340.31,340.31,298.79,298.79,4.65,4.65,2.0,0.0333,isolated,41.52,41.52,1.0,4.65,1.0,1.0,0,0,0,-0.2059,0,NORMAL,NORMAL_THERMAL_ACTIVITY,Thermal activity falls within normal statistical bounds.,none
126,4,1,2026-08-02,2026-08-02,1,346.657,354.81,298.1,298.61,7.135,7.82,2.0,0.0333,isolated,48.557,56.2,0.9124,1.7838,4.0,1.0,0,0,0,-0.0578,0,NORMAL,NORMAL_THERMAL_ACTIVITY,Thermal activity falls within normal statistical bounds.,none
127,8,1,2026-08-02,2026-08-02,1,343.542,355.66,296.596,297.77,5.88,7.53,1.75,0.0333,isolated,46.946,57.89,0.7809,0.735,8.0,1.0,0,0,0,0.0654,1,HIGH,SHORT_LIVED_EXTREME_EVENT,High abnormality primarily associated with elevated thermal intensity.,"max_bright_ti4,bt_diff_max"
128,1,1,2026-08-02,2026-08-02,1,345.39,345.39,297.56,297.56,6.31,6.31,2.0,0.0333,isolated,47.83,47.83,1.0,6.31,1.0,1.0,0,0,0,-0.1867,0,NORMAL,NORMAL_THERMAL_ACTIVITY,Thermal activity falls within normal statistical bounds.,none
129,8,1,2026-08-02,2026-08-02,1,346.351,355.76,296.556,298.23,8.525,11.28,1.75,0.0333,isolated,49.795,57.53,0.7558,1.0656,8.0,1.0,0,0,0,0.072,1,HIGH,SHORT_LIVED_EXTREME_EVENT,High abnormality primarily associated with elevated thermal intensity.,"max_bright_ti4,bt_diff_max"
130,1,1,2026-08-02,2026-08-02,1,335.73,335.73,301.23,301.23,3.92,3.92,2.0,0.0333,isolated,34.5,34.5,1.0,3.92,1.0,1.0,0,0,0,-0.2184,0,NORMAL,NORMAL_THERMAL_ACTIVITY,Thermal activity falls within normal statistical bounds.,none
131,1,1,2026-08-02,2026-08-02,1,337.66,337.66,301.21,301.21,5.81,5.81,2.0,0.0333,isolated,36.45,36.45,1.0,5.81,1.0,1.0,0,0,0,-0.2074,0,NORMAL,NORMAL_THERMAL_ACTIVITY,Thermal activity falls within normal statistical bounds.,none
132,1,1,2026-08-02,2026-08-02,1,334.21,334.21,299.54,299.54,2.24,2.24,2.0,0.0333,isolated,34.67,34.67,1.0,2.24,1.0,1.0,0,0,0,-0.2176,0,NORMAL,NORMAL_THERMAL_ACTIVITY,Thermal activity falls within normal statistical bounds.,none
133,180,19,2026-08-02,2026-08-30,29,310.93,342.81,284.913,302.7,2.163,8.73,1.989,0.6333,persistent,26.017,40.11,0.2478,0.012,6.2069,0.6552,1,1,2,0.197,1,HIGH,MULTI_FACTOR_ANOMALY,High abnormality primarily associated with elevated thermal intensity and persistent multi-day activity.,"max_bright_ti4,active_days"
134,1,1,2026-08-02,2026-08-02,1,335.55,335.55,297.13,297.13,4.17,4.17,2.0,0.0333,isolated,38.42,38.42,1.0,4.17,1.0,1.0,0,0,0,-0.2177,0,NORMAL,NORMAL_THERMAL_ACTIVITY,Thermal activity falls within normal statistical bounds.,none
135,1,1,2026-08-02,2026-08-02,1,339.62,339.62,287.32,287.32,2.48,2.48,2.0,0.0333,isolated,52.3,52.3,1.0,2.48,1.0,1.0,0,0,0,-0.1847,0,NORMAL,NORMAL_THERMAL_ACTIVITY,Thermal activity falls within normal statistical bounds.,none
136,1,1,2026-08-02,2026-08-02,1,331.55,331.55,290.3,290.3,1.93,1.93,2.0,0.0333,isolated,41.25,41.25,1.0,1.93,1.0,1.0,0,0,0,-0.2071,0,NORMAL,NORMAL_THERMAL_ACTIVITY,Thermal activity falls within normal statistical bounds.,none
137,1,1,2026-08-02,2026-08-02,1,330.43,330.43,300.29,300.29,5.24,5.24,2.0,0.0333,isolated,30.14,30.14,1.0,5.24,1.0,1.0,0,0,0,-0.2048,0,NORMAL,NORMAL_THERMAL_ACTIVITY,Thermal activity falls within normal statistical bounds.,none
138,1,1,2026-08-02,2026-08-02,1,330.78,330.78,300.58,300.58,7.07,7.07,2.0,0.0333,isolated,30.2,30.2,1.0,7.07,1.0,1.0,0,0,0,-0.1825,0,NORMAL,NORMAL_THERMAL_ACTIVITY,Thermal activity falls within normal statistical bounds.,none
139,4,1,2026-08-02,2026-08-02,1,305.34,309.29,274.258,275.94,1.257,2.13,2.0,0.0333,isolated,31.082,33.35,0.5901,0.3142,4.0,1.0,0,0,0,-0.0865,0,NORMAL,NORMAL_THERMAL_ACTIVITY,Thermal activity falls within normal statistical bounds.,none
140,4,2,2026-08-02,2026-08-03,2,329.102,341.89,287.328,294.76,4.522,5.62,2.0,0.0667,short_lived_repeated,41.774,47.13,0.8046,1.1305,2.0,1.0,1,0,1,-0.1134,0,NORMAL,NORMAL_THERMAL_ACTIVITY,Thermal activity falls within normal statistical bounds.,none
141,4,1,2026-08-02,2026-08-02,1,313.788,331.88,276.878,288.47,2.188,4.21,2.0,0.0333,isolated,36.91,43.41,0.5197,0.547,4.0,1.0,0,0,0,-0.0915,0,NORMAL,NORMAL_THERMAL_ACTIVITY,Thermal activity falls within normal statistical bounds.,none
142,1,1,2026-08-02,2026-08-02,1,302.68,302.68,272.26,272.26,2.71,2.71,2.0,0.0333,isolated,30.42,30.42,1.0,2.71,1.0,1.0,0,0,0,-0.1789,0,NORMAL,NORMAL_THERMAL_ACTIVITY,Thermal activity falls within normal statistical bounds.,none
143,3,2,2026-08-02,2026-08-04,3,323.937,336.85,277.25,279.86,5.657,7.04,2.0,0.0667,short_lived_repeated,46.687,56.99,0.8036,1.8857,1.0,0.6667,1,0,1,-0.0591,0,NORMAL,NORMAL_THERMAL_ACTIVITY,Thermal activity falls within normal statistical bounds.,none
144,2,2,2026-08-02,2026-08-03,2,306.76,307.49,273.68,275.51,1.69,1.77,2.0,0.0667,short_lived_repeated,33.08,31.98,0.9548,0.845,1.0,1.0,1,0,1,-0.1266,0,NORMAL,NORMAL_THERMAL_ACTIVITY,Thermal activity falls within normal statistical bounds.,none
145,1,1,2026-08-02,2026-08-02,1,303.75,303.75,278.53,278.53,0.6,0.6,2.0,0.0333,isolated,25.22,25.22,1.0,0.6,1.0,1.0,0,0,0,-0.179,0,NORMAL,NORMAL_THERMAL_ACTIVITY,Thermal activity falls within normal statistical bounds.,none
146,1,1,2026-08-02,2026-08-02,1,305.99,305.99,285.31,285.31,0.54,0.54,2.0,0.0333,isolated,20.68,20.68,1.0,0.54,1.0,1.0,0,0,0,-0.1759,0,NORMAL,NORMAL_THERMAL_ACTIVITY,Thermal activity falls within normal statistical bounds.,none
147,1,1,2026-08-02,2026-08-02,1,304.65,304.65,287.37,287.37,1.75,1.75,2.0,0.0333,isolated,17.28,17.28,1.0,1.75,1.0,1.0,0,0,0,-0.1878,0,NORMAL,NORMAL_THERMAL_ACTIVITY,Thermal activity falls within normal statistical bounds.,none
148,1,1,2026-08-02,2026-08-02,1,317.47,317.47,287.13,287.13,1.73,1.73,2.0,0.0333,isolated,30.34,30.34,1.0,1.73,1.0,1.0,0,0,0,-0.2012,0,NORMAL,NORMAL_THERMAL_ACTIVITY,Thermal activity falls within normal statistical bounds.,none
149,2,1,2026-08-02,2026-08-02,1,311.705,313.99,288.69,289.05,1.55,1.9,2.0,0.0333,isolated,23.015,24.94,0.8158,0.775,2.0,1.0,0,0,0,-0.1501,0,NORMAL,NORMAL_THERMAL_ACTIVITY,Thermal activity falls within normal statistical bounds.,none
150,1,1,2026-08-02,2026-08-02,1,306.54,306.54,281.5,281.5,0.51,0.51,2.0,0.0333,isolated,25.04,25.04,1.0,0.51,1.0,1.0,0,0,0,-0.1816,0,NORMAL,NORMAL_THERMAL_ACTIVITY,Thermal activity falls within normal statistical bounds.,none
151,1,1,2026-08-02,2026-08-02,1,308.41,308.41,278.16,278.16,1.23,1.23,2.0,0.0333,isolated,30.25,30.25,1.0,1.23,1.0,1.0,0,0,0,-0.1971,0,NORMAL,NORMAL_THERMAL_ACTIVITY,Thermal activity falls within normal statistical bounds.,none
152,1,1,2026-08-02,2026-08-02,1,303.56,303.56,279.18,279.18,0.92,0.92,2.0,0.0333,isolated,24.38,24.38,1.0,0.92,1.0,1.0,0,0,0,-0.1849,0,NORMAL,NORMAL_THERMAL_ACTIVITY,Thermal activity falls within normal statistical bounds.,none
153,1,1,2026-08-02,2026-08-02,1,310.79,310.79,278.03,278.03,1.25,1.25,2.0,0.0333,isolated,32.76,32.76,1.0,1.25,1.0,1.0,0,0,0,-0.1964,0,NORMAL,NORMAL_THERMAL_ACTIVITY,Thermal activity falls within normal statistical bounds.,none
154,1,1,2026-08-02,2026-08-02,1,303.72,303.72,281.49,281.49,1.46,1.46,2.0,0.0333,isolated,22.23,22.23,1.0,1.46,1.0,1.0,0,0,0,-0.1921,0,NORMAL,NORMAL_THERMAL_ACTIVITY,Thermal activity falls within normal statistical bounds.,none
155,2,1,2026-08-02,2026-08-02,1,305.675,308.06,279.705,280.13,1.005,1.05,2.0,0.0333,isolated,25.97,27.93,0.9571,0.5025,2.0,1.0,0,0,0,-0.1469,0,NORMAL,NORMAL_THERMAL_ACTIVITY,Thermal activity falls within normal statistical bounds.,none
156,3,1,2026-08-02,2026-08-02,1,314.263,318.56,286.91,287.78,1.927,2.23,2.0,0.0333,isolated,27.353,30.78,0.8641,0.6423,3.0,1.0,0,0,0,-0.139,0,NORMAL,NORMAL_THERMAL_ACTIVITY,Thermal activity falls within normal statistical bounds.,none
157,1,1,2026-08-02,2026-08-02,1,310.26,310.26,285.9,285.9,1.65,1.65,2.0,0.0333,isolated,24.36,24.36,1.0,1.65,1.0,1.0,0,0,0,-0.1976,0,NORMAL,NORMAL_THERMAL_ACTIVITY,Thermal activity falls within normal statistical bounds.,none
158,4,1,2026-08-02,2026-08-02,1,315.842,323.76,287.568,287.81,2.005,2.85,2.0,0.0333,isolated,28.274,35.95,0.7035,0.5012,4.0,1.0,0,0,0,-0.1027,0,NORMAL,NORMAL_THERMAL_ACTIVITY,Thermal activity falls within normal statistical bounds.,none
159,1,1,2026-08-02,2026-08-02,1,314.56,314.56,287.79,287.79,2.23,2.23,2.0,0.0333,isolated,26.77,26.77,1.0,2.23,1.0,1.0,0,0,0,-0.1994,0,NORMAL,NORMAL_THERMAL_ACTIVITY,Thermal activity falls within normal statistical bounds.,none
160,2,2,2026-08-02,2026-08-03,2,307.42,307.59,283.515,285.33,1.52,1.54,2.0,0.0667,short_lived_repeated,23.905,22.26,0.987,0.76,1.0,1.0,1,0,1,-0.1276,0,NORMAL,NORMAL_THERMAL_ACTIVITY,Thermal activity falls within normal statistical bounds.,none
161,2,2,2026-08-02,2026-08-04,3,308.67,312.46,283.15,290.35,1.785,2.73,2.0,0.0667,short_lived_repeated,25.52,22.11,0.6538,0.8925,0.6667,0.6667,1,0,1,-0.0986,0,NORMAL,NORMAL_THERMAL_ACTIVITY,Thermal activity falls within normal statistical bounds.,none
162,1,1,2026-08-02,2026-08-02,1,307.5,307.5,293.26,293.26,2.3,2.3,2.0,0.0333,isolated,14.24,14.24,1.0,2.3,1.0,1.0,0,0,0,-0.1796,0,NORMAL,NORMAL_THERMAL_ACTIVITY,Thermal activity falls within normal statistical bounds.,none
163,3,3,2026-08-02,2026-08-05,4,313.117,326.53,283.12,291.68,1.903,2.49,2.0,0.1,short_lived_repeated,29.997,34.85,0.7643,0.6343,0.75,0.75,1,0,1,-0.0741,0,NORMAL,NORMAL_THERMAL_ACTIVITY,Thermal activity falls within normal statistical bounds.,none
164,1,1,2026-08-02,2026-08-02,1,310.1,310.1,293.63,293.63,1.68,1.68,2.0,0.0333,isolated,16.47,16.47,1.0,1.68,1.0,1.0,0,0,0,-0.1921,0,NORMAL,NORMAL_THERMAL_ACTIVITY,Thermal activity falls within normal statistical bounds.,none
165,1,1,2026-08-02,2026-08-02,1,306.89,306.89,292.72,292.72,1.83,1.83,2.0,0.0333,isolated,14.17,14.17,1.0,1.83,1.0,1.0,0,0,0,-0.1793,0,NORMAL,NORMAL_THERMAL_ACTIVITY,Thermal activity falls within normal statistical bounds.,none
166,1,1,2026-08-02,2026-08-02,1,301.83,301.83,285.19,285.19,0.8,0.8,2.0,0.0333,isolated,16.64,16.64,1.0,0.8,1.0,1.0,0,0,0,-0.1777,0,NORMAL,NORMAL_THERMAL_ACTIVITY,Thermal activity falls within normal statistical bounds.,none
167,1,1,2026-08-02,2026-08-02,1,301.41,301.41,285.29,285.29,1.02,1.02,2.0,0.0333,isolated,16.12,16.12,1.0,1.02,1.0,1.0,0,0,0,-0.1802,0,NORMAL,NORMAL_THERMAL_ACTIVITY,Thermal activity falls within normal statistical bounds.,none
168,1,1,2026-08-02,2026-08-02,1,300.02,300.02,274.27,274.27,1.43,1.43,2.0,0.0333,isolated,25.75,25.75,1.0,1.43,1.0,1.0,0,0,0,-0.177,0,NORMAL,NORMAL_THERMAL_ACTIVITY,Thermal activity falls within normal statistical bounds.,none
169,1,1,2026-08-02,2026-08-02,1,296.02,296.02,260.28,260.28,1.11,1.11,2.0,0.0333,isolated,35.74,35.74,1.0,1.11,1.0,1.0,0,0,0,-0.1554,0,NORMAL,NORMAL_THERMAL_ACTIVITY,Thermal activity falls within normal statistical bounds.,none
170,1,1,2026-08-02,2026-08-02,1,301.77,301.77,270.27,270.27,0.58,0.58,2.0,0.0333,isolated,31.5,31.5,1.0,0.58,1.0,1.0,0,0,0,-0.1758,0,NORMAL,NORMAL_THERMAL_ACTIVITY,Thermal activity falls within normal statistical bounds.,none
171,1,1,2026-08-02,2026-08-02,1,305.38,305.38,288.86,288.86,1.24,1.24,2.0,0.0333,isolated,16.52,16.52,1.0,1.24,1.0,1.0,0,0,0,-0.1907,0,NORMAL,NORMAL_THERMAL_ACTIVITY,Thermal activity falls within normal statistical bounds.,none
172,1,1,2026-08-02,2026-08-02,1,306.57,306.57,281.1,281.1,1.92,1.92,2.0,0.0333,isolated,25.47,25.47,1.0,1.92,1.0,1.0,0,0,0,-0.1959,0,NORMAL,NORMAL_THERMAL_ACTIVITY,Thermal activity falls within normal statistical bounds.,none
173,2,1,2026-08-02,2026-08-02,1,306.835,307.2,283.13,285.81,0.965,1.34,2.0,0.0333,isolated,23.705,21.39,0.7201,0.4825,2.0,1.0,0,0,0,-0.1343,0,NORMAL,NORMAL_THERMAL_ACTIVITY,Thermal activity falls within normal statistical bounds.,none
174,18,9,2026-08-02,2026-08-16,15,305.132,327.93,283.116,289.37,1.256,3.1,2.0,0.3,persistent,22.016,38.56,0.4052,0.0698,1.2,0.6,1,1,2,0.1125,1,HIGH,PERSISTENT_THERMAL_ACTIVITY,High abnormality primarily associated with persistent multi-day activity.,active_days
175,1,1,2026-08-02,2026-08-02,1,304.11,304.11,287.94,287.94,0.65,0.65,2.0,0.0333,isolated,16.17,16.17,1.0,0.65,1.0,1.0,0,0,0,-0.1797,0,NORMAL,NORMAL_THERMAL_ACTIVITY,Thermal activity falls within normal statistical bounds.,none
176,1,1,2026-08-02,2026-08-02,1,304.2,304.2,288.31,288.31,1.6,1.6,2.0,0.0333,isolated,15.89,15.89,1.0,1.6,1.0,1.0,0,0,0,-0.1839,0,NORMAL,NORMAL_THERMAL_ACTIVITY,Thermal activity falls within normal statistical bounds.,none
177,1,1,2026-08-03,2026-08-03,1,328.92,328.92,286.03,286.03,3.42,3.42,2.0,0.0333,isolated,42.89,42.89,1.0,3.42,1.0,1.0,0,0,0,-0.2077,0,NORMAL,NORMAL_THERMAL_ACTIVITY,Thermal activity falls within normal statistical bounds.,none
178,1,1,2026-08-03,2026-08-03,1,335.72,335.72,292.93,292.93,6.92,6.92,2.0,0.0333,isolated,42.79,42.79,1.0,6.92,1.0,1.0,0,0,0,-0.1941,0,NORMAL,NORMAL_THERMAL_ACTIVITY,Thermal activity falls within normal statistical bounds.,none
179,1,1,2026-08-03,2026-08-03,1,334.32,334.32,298.96,298.96,9.08,9.08,1.0,0.0333,isolated,35.36,35.36,1.0,9.08,1.0,1.0,0,0,0,-0.0841,0,NORMAL,NORMAL_THERMAL_ACTIVITY,Thermal activity falls within normal statistical bounds.,none
180,1,1,2026-08-03,2026-08-03,1,334.91,334.91,299.48,299.48,2.51,2.51,1.0,0.0333,isolated,35.43,35.43,1.0,2.51,1.0,1.0,0,0,0,-0.1242,0,NORMAL,NORMAL_THERMAL_ACTIVITY,Thermal activity falls within normal statistical bounds.,none
181,1,1,2026-08-03,2026-08-03,1,333.36,333.36,298.23,298.23,4.21,4.21,2.0,0.0333,isolated,35.13,35.13,1.0,4.21,1.0,1.0,0,0,0,-0.2174,0,NORMAL,NORMAL_THERMAL_ACTIVITY,Thermal activity falls within normal statistical bounds.,none
182,1,1,2026-08-03,2026-08-03,1,334.38,334.38,292.96,292.96,3.22,3.22,2.0,0.0333,isolated,41.42,41.42,1.0,3.22,1.0,1.0,0,0,0,-0.2167,0,NORMAL,NORMAL_THERMAL_ACTIVITY,Thermal activity falls within normal statistical bounds.,none
183,1,1,2026-08-03,2026-08-03,1,332.81,332.81,293.41,293.41,3.01,3.01,2.0,0.0333,isolated,39.4,39.4,1.0,3.01,1.0,1.0,0,0,0,-0.2159,0,NORMAL,NORMAL_THERMAL_ACTIVITY,Thermal activity falls within normal statistical bounds.,none
184,1,1,2026-08-03,2026-08-03,1,332.56,332.56,294.25,294.25,2.52,2.52,2.0,0.0333,isolated,38.31,38.31,1.0,2.52,1.0,1.0,0,0,0,-0.2157,0,NORMAL,NORMAL_THERMAL_ACTIVITY,Thermal activity falls within normal statistical bounds.,none
185,1,1,2026-08-03,2026-08-03,1,334.55,334.55,294.61,294.61,4.28,4.28,2.0,0.0333,isolated,39.94,39.94,1.0,4.28,1.0,1.0,0,0,0,-0.2164,0,NORMAL,NORMAL_THERMAL_ACTIVITY,Thermal activity falls within normal statistical bounds.,none
186,1,1,2026-08-03,2026-08-03,1,333.41,333.41,294.38,294.38,4.04,4.04,2.0,0.0333,isolated,39.03,39.03,1.0,4.04,1.0,1.0,0,0,0,-0.2173,0,NORMAL,NORMAL_THERMAL_ACTIVITY,Thermal activity falls within normal statistical bounds.,none
187,1,1,2026-08-03,2026-08-03,1,331.47,331.47,295.14,295.14,5.25,5.25,2.0,0.0333,isolated,36.33,36.33,1.0,5.25,1.0,1.0,0,0,0,-0.2147,0,NORMAL,NORMAL_THERMAL_ACTIVITY,Thermal activity falls within normal statistical bounds.,none
188,13,5,2026-08-03,2026-08-09,7,328.334,354.74,287.969,298.29,6.143,17.98,2.0,0.1667,persistent,40.365,56.45,0.3417,0.4725,1.8571,0.7143,1,1,2,0.1201,1,HIGH,MULTI_FACTOR_ANOMALY,"High abnormality primarily associated with elevated thermal intensity, elevated thermal energy (FRP) and persistent multi-day activity.","max_bright_ti4,bt_diff_max,max_frp,active_days"
189,2,1,2026-08-03,2026-08-03,1,343.07,345.8,284.0,285.07,3.1,3.19,2.0,0.0333,isolated,59.07,60.73,0.9718,1.55,2.0,1.0,0,0,0,-0.1278,0,NORMAL,NORMAL_THERMAL_ACTIVITY,Thermal activity falls within normal statistical bounds.,none
190,2,1,2026-08-03,2026-08-03,1,295.975,296.76,265.35,265.38,0.99,1.3,2.0,0.0333,isolated,30.625,31.38,0.7615,0.495,2.0,1.0,0,0,0,-0.1084,0,NORMAL,NORMAL_THERMAL_ACTIVITY,Thermal activity falls within normal statistical bounds.,none
191,3,3,2026-08-03,2026-08-06,4,313.107,331.67,277.527,279.21,2.13,3.46,2.0,0.1,short_lived_repeated,35.58,52.46,0.6156,0.71,0.75,0.75,1,0,1,-0.0391,0,ELEVATED,HIGH_THERMAL_INTENSITY,Elevated abnormality primarily associated with elevated thermal intensity.,bt_diff_max
192,1,1,2026-08-03,2026-08-03,1,298.19,298.19,277.24,277.24,1.49,1.49,2.0,0.0333,isolated,20.95,20.95,1.0,1.49,1.0,1.0,0,0,0,-0.169,0,NORMAL,NORMAL_THERMAL_ACTIVITY,Thermal activity falls within normal statistical bounds.,none
193,1,1,2026-08-03,2026-08-03,1,297.77,297.77,267.63,267.63,1.32,1.32,2.0,0.0333,isolated,30.14,30.14,1.0,1.32,1.0,1.0,0,0,0,-0.1705,0,NORMAL,NORMAL_THERMAL_ACTIVITY,Thermal activity falls within normal statistical bounds.,none
194,1,1,2026-08-03,2026-08-03,1,307.32,307.32,287.88,287.88,1.27,1.27,2.0,0.0333,isolated,19.44,19.44,1.0,1.27,1.0,1.0,0,0,0,-0.1916,0,NORMAL,NORMAL_THERMAL_ACTIVITY,Thermal activity falls within normal statistical bounds.,none
195,1,1,2026-08-03,2026-08-03,1,304.26,304.26,289.21,289.21,0.82,0.82,2.0,0.0333,isolated,15.05,15.05,1.0,0.82,1.0,1.0,0,0,0,-0.1819,0,NORMAL,NORMAL_THERMAL_ACTIVITY,Thermal activity falls within normal statistical bounds.,none
196,1,1,2026-08-04,2026-08-04,1,346.79,346.79,288.05,288.05,16.78,16.78,2.0,0.0333,isolated,58.74,58.74,1.0,16.78,1.0,1.0,0,0,0,-0.0562,0,NORMAL,NORMAL_THERMAL_ACTIVITY,Thermal activity falls within normal statistical bounds.,none
197,2,1,2026-08-04,2026-08-04,1,331.18,332.06,292.575,293.23,2.035,2.1,2.0,0.0333,isolated,38.605,38.83,0.969,1.0175,2.0,1.0,0,0,0,-0.1779,0,NORMAL,NORMAL_THERMAL_ACTIVITY,Thermal activity falls within normal statistical bounds.,none
198,1,1,2026-08-04,2026-08-04,1,334.84,334.84,297.73,297.73,7.02,7.02,2.0,0.0333,isolated,37.11,37.11,1.0,7.02,1.0,1.0,0,0,0,-0.1962,0,NORMAL,NORMAL_THERMAL_ACTIVITY,Thermal activity falls within normal statistical bounds.,none
199,1,1,2026-08-04,2026-08-04,1,330.9,330.9,295.31,295.31,3.36,3.36,2.0,0.0333,isolated,35.59,35.59,1.0,3.36,1.0,1.0,0,0,0,-0.2173,0,NORMAL,NORMAL_THERMAL_ACTIVITY,Thermal activity falls within normal statistical bounds.,none
200,1,1,2026-08-04,2026-08-04,1,338.51,338.51,296.4,296.4,7.64,7.64,2.0,0.0333,isolated,42.11,42.11,1.0,7.64,1.0,1.0,0,0,0,-0.1908,0,NORMAL,NORMAL_THERMAL_ACTIVITY,Thermal activity falls within normal statistical bounds.,none
201,2,1,2026-08-04,2026-08-04,1,331.25,331.93,291.44,291.75,5.665,6.32,2.0,0.0333,isolated,39.81,40.18,0.8964,2.8325,2.0,1.0,0,0,0,-0.1634,0,NORMAL,NORMAL_THERMAL_ACTIVITY,Thermal activity falls within normal statistical bounds.,none
202,1,1,2026-08-04,2026-08-04,1,331.15,331.15,292.41,292.41,1.28,1.28,2.0,0.0333,isolated,38.74,38.74,1.0,1.28,1.0,1.0,0,0,0,-0.1953,0,NORMAL,NORMAL_THERMAL_ACTIVITY,Thermal activity falls within normal statistical bounds.,none
203,1,1,2026-08-04,2026-08-04,1,331.27,331.27,292.88,292.88,0.46,0.46,2.0,0.0333,isolated,38.39,38.39,1.0,0.46,1.0,1.0,0,0,0,-0.1804,0,NORMAL,NORMAL_THERMAL_ACTIVITY,Thermal activity falls within normal statistical bounds.,none
204,1,1,2026-08-04,2026-08-04,1,337.45,337.45,291.05,291.05,3.56,3.56,2.0,0.0333,isolated,46.4,46.4,1.0,3.56,1.0,1.0,0,0,0,-0.2051,0,NORMAL,NORMAL_THERMAL_ACTIVITY,Thermal activity falls within normal statistical bounds.,none
205,1,1,2026-08-04,2026-08-04,1,332.68,332.68,294.63,294.63,3.43,3.43,2.0,0.0333,isolated,38.05,38.05,1.0,3.43,1.0,1.0,0,0,0,-0.2162,0,NORMAL,NORMAL_THERMAL_ACTIVITY,Thermal activity falls within normal statistical bounds.,none
206,1,1,2026-08-04,2026-08-04,1,335.26,335.26,289.54,289.54,1.79,1.79,2.0,0.0333,isolated,45.72,45.72,1.0,1.79,1.0,1.0,0,0,0,-0.1985,0,NORMAL,NORMAL_THERMAL_ACTIVITY,Thermal activity falls within normal statistical bounds.,none
207,1,1,2026-08-04,2026-08-04,1,295.0,295.0,265.92,265.92,0.72,0.72,2.0,0.0333,isolated,29.08,29.08,1.0,0.72,1.0,1.0,0,0,0,-0.1533,0,NORMAL,NORMAL_THERMAL_ACTIVITY,Thermal activity falls within normal statistical bounds.,none
208,1,1,2026-08-04,2026-08-04,1,305.86,305.86,287.77,287.77,1.78,1.78,2.0,0.0333,isolated,18.09,18.09,1.0,1.78,1.0,1.0,0,0,0,-0.1936,0,NORMAL,NORMAL_THERMAL_ACTIVITY,Thermal activity falls within normal statistical bounds.,none
209,1,1,2026-08-04,2026-08-04,1,302.82,302.82,283.18,283.18,0.9,0.9,2.0,0.0333,isolated,19.64,19.64,1.0,0.9,1.0,1.0,0,0,0,-0.1831,0,NORMAL,NORMAL_THERMAL_ACTIVITY,Thermal activity falls within normal statistical bounds.,none
210,1,1,2026-08-04,2026-08-04,1,308.21,308.21,286.94,286.94,1.84,1.84,2.0,0.0333,isolated,21.27,21.27,1.0,1.84,1.0,1.0,0,0,0,-0.194,0,NORMAL,NORMAL_THERMAL_ACTIVITY,Thermal activity falls within normal statistical bounds.,none
211,3,1,2026-08-05,2026-08-05,1,341.39,349.51,293.817,306.75,10.3,16.37,2.0,0.0333,isolated,47.573,42.76,0.6292,3.4333,3.0,1.0,0,0,0,-0.0471,0,ELEVATED,MULTI_FACTOR_ANOMALY,Elevated abnormality primarily associated with elevated thermal intensity and elevated thermal energy (FRP).,"max_bright_ti4,max_frp,mean_frp"
212,2,1,2026-08-05,2026-08-05,1,342.585,342.66,297.265,306.51,11.61,17.21,2.0,0.0333,isolated,45.32,36.15,0.6746,5.805,2.0,1.0,0,0,0,-0.0676,0,NORMAL,NORMAL_THERMAL_ACTIVITY,Thermal activity falls within normal statistical bounds.,none
213,1,1,2026-08-05,2026-08-05,1,334.14,334.14,289.72,289.72,6.74,6.74,2.0,0.0333,isolated,44.42,44.42,1.0,6.74,1.0,1.0,0,0,0,-0.1961,0,NORMAL,NORMAL_THERMAL_ACTIVITY,Thermal activity falls within normal statistical bounds.,none
214,1,1,2026-08-05,2026-08-05,1,346.61,346.61,291.03,291.03,5.49,5.49,2.0,0.0333,isolated,55.58,55.58,1.0,5.49,1.0,1.0,0,0,0,-0.1707,0,NORMAL,NORMAL_THERMAL_ACTIVITY,Thermal activity falls within normal statistical bounds.,none
215,1,1,2026-08-05,2026-08-05,1,338.81,338.81,288.77,288.77,3.21,3.21,2.0,0.0333,isolated,50.04,50.04,1.0,3.21,1.0,1.0,0,0,0,-0.199,0,NORMAL,NORMAL_THERMAL_ACTIVITY,Thermal activity falls within normal statistical bounds.,none
216,1,1,2026-08-05,2026-08-05,1,337.51,337.51,285.15,285.15,3.41,3.41,2.0,0.0333,isolated,52.36,52.36,1.0,3.41,1.0,1.0,0,0,0,-0.1933,0,NORMAL,NORMAL_THERMAL_ACTIVITY,Thermal activity falls within normal statistical bounds.,none
217,1,1,2026-08-05,2026-08-05,1,335.0,335.0,284.59,284.59,1.61,1.61,2.0,0.0333,isolated,50.41,50.41,1.0,1.61,1.0,1.0,0,0,0,-0.1842,0,NORMAL,NORMAL_THERMAL_ACTIVITY,Thermal activity falls within normal statistical bounds.,none
218,1,1,2026-08-05,2026-08-05,1,331.56,331.56,285.04,285.04,3.03,3.03,2.0,0.0333,isolated,46.52,46.52,1.0,3.03,1.0,1.0,0,0,0,-0.205,0,NORMAL,NORMAL_THERMAL_ACTIVITY,Thermal activity falls within normal statistical bounds.,none
219,1,1,2026-08-05,2026-08-05,1,339.67,339.67,302.18,302.18,5.66,5.66,2.0,0.0333,isolated,37.49,37.49,1.0,5.66,1.0,1.0,0,0,0,-0.2057,0,NORMAL,NORMAL_THERMAL_ACTIVITY,Thermal activity falls within normal statistical bounds.,none
220,1,1,2026-08-05,2026-08-05,1,340.8,340.8,301.05,301.05,4.44,4.44,2.0,0.0333,isolated,39.75,39.75,1.0,4.44,1.0,1.0,0,0,0,-0.2079,0,NORMAL,NORMAL_THERMAL_ACTIVITY,Thermal activity falls within normal statistical bounds.,none
221,1,1,2026-08-05,2026-08-05,1,337.84,337.84,300.15,300.15,2.44,2.44,2.0,0.0333,isolated,37.69,37.69,1.0,2.44,1.0,1.0,0,0,0,-0.2133,0,NORMAL,NORMAL_THERMAL_ACTIVITY,Thermal activity falls within normal statistical bounds.,none
222,1,1,2026-08-05,2026-08-05,1,337.82,337.82,299.32,299.32,7.69,7.69,2.0,0.0333,isolated,38.5,38.5,1.0,7.69,1.0,1.0,0,0,0,-0.1926,0,NORMAL,NORMAL_THERMAL_ACTIVITY,Thermal activity falls within normal statistical bounds.,none
223,1,1,2026-08-05,2026-08-05,1,345.63,345.63,308.77,308.77,6.54,6.54,2.0,0.0333,isolated,36.86,36.86,1.0,6.54,1.0,1.0,0,0,0,-0.1932,0,NORMAL,NORMAL_THERMAL_ACTIVITY,Thermal activity falls within normal statistical bounds.,none
224,1,1,2026-08-05,2026-08-05,1,336.49,336.49,303.32,303.32,4.03,4.03,2.0,0.0333,isolated,33.17,33.17,1.0,4.03,1.0,1.0,0,0,0,-0.2162,0,NORMAL,NORMAL_THERMAL_ACTIVITY,Thermal activity falls within normal statistical bounds.,none
225,1,1,2026-08-05,2026-08-05,1,345.46,345.46,301.54,301.54,5.23,5.23,2.0,0.0333,isolated,43.92,43.92,1.0,5.23,1.0,1.0,0,0,0,-0.1982,0,NORMAL,NORMAL_THERMAL_ACTIVITY,Thermal activity falls within normal statistical bounds.,none
226,1,1,2026-08-05,2026-08-05,1,338.87,338.87,300.19,300.19,4.26,4.26,2.0,0.0333,isolated,38.68,38.68,1.0,4.26,1.0,1.0,0,0,0,-0.2136,0,NORMAL,NORMAL_THERMAL_ACTIVITY,Thermal activity falls within normal statistical bounds.,none
227,3,1,2026-08-05,2026-08-05,1,340.14,342.75,302.923,304.08,6.023,6.89,2.0,0.0333,isolated,37.217,38.67,0.8742,2.0077,3.0,1.0,0,0,0,-0.1351,0,NORMAL,NORMAL_THERMAL_ACTIVITY,Thermal activity falls within normal statistical bounds.,none
228,2,1,2026-08-05,2026-08-05,1,337.585,338.21,293.695,294.31,3.27,3.27,2.0,0.0333,isolated,43.89,43.9,1.0,1.635,2.0,1.0,0,0,0,-0.1813,0,NORMAL,NORMAL_THERMAL_ACTIVITY,Thermal activity falls within normal statistical bounds.,none
229,1,1,2026-08-05,2026-08-05,1,330.56,330.56,291.89,291.89,1.59,1.59,2.0,0.0333,isolated,38.67,38.67,1.0,1.59,1.0,1.0,0,0,0,-0.2055,0,NORMAL,NORMAL_THERMAL_ACTIVITY,Thermal activity falls within normal statistical bounds.,none
230,1,1,2026-08-05,2026-08-05,1,337.01,337.01,294.61,294.61,4.4,4.4,2.0,0.0333,isolated,42.4,42.4,1.0,4.4,1.0,1.0,0,0,0,-0.2101,0,NORMAL,NORMAL_THERMAL_ACTIVITY,Thermal activity falls within normal statistical bounds.,none
231,1,1,2026-08-05,2026-08-05,1,343.38,343.38,298.01,298.01,2.98,2.98,2.0,0.0333,isolated,45.37,45.37,1.0,2.98,1.0,1.0,0,0,0,-0.1944,0,NORMAL,NORMAL_THERMAL_ACTIVITY,Thermal activity falls within normal statistical bounds.,none
232,1,1,2026-08-05,2026-08-05,1,348.92,348.92,297.83,297.83,52.66,52.66,2.0,0.0333,isolated,51.09,51.09,1.0,52.66,1.0,1.0,0,0,0,0.0267,1,HIGH,MULTI_FACTOR_ANOMALY,High abnormality primarily associated with elevated thermal intensity and elevated thermal energy (FRP).,"max_bright_ti4,bt_diff_max,max_frp,mean_frp"
233,4,1,2026-08-05,2026-08-05,1,336.732,340.01,292.318,294.24,6.005,9.46,2.0,0.0333,isolated,44.414,45.77,0.6348,1.5012,4.0,1.0,0,0,0,-0.0941,0,NORMAL,NORMAL_THERMAL_ACTIVITY,Thermal activity falls within normal statistical bounds.,none
234,1,1,2026-08-05,2026-08-05,1,333.29,333.29,299.37,299.37,1.55,1.55,2.0,0.0333,isolated,33.92,33.92,1.0,1.55,1.0,1.0,0,0,0,-0.2077,0,NORMAL,NORMAL_THERMAL_ACTIVITY,Thermal activity falls within normal statistical bounds.,none
235,1,1,2026-08-05,2026-08-05,1,335.22,335.22,299.48,299.48,2.58,2.58,2.0,0.0333,isolated,35.74,35.74,1.0,2.58,1.0,1.0,0,0,0,-0.2174,0,NORMAL,NORMAL_THERMAL_ACTIVITY,Thermal activity falls within normal statistical bounds.,none
236,1,1,2026-08-05,2026-08-05,1,334.26,334.26,291.77,291.77,1.78,1.78,2.0,0.0333,isolated,42.49,42.49,1.0,1.78,1.0,1.0,0,0,0,-0.2026,0,NORMAL,NORMAL_THERMAL_ACTIVITY,Thermal activity falls within normal statistical bounds.,none
237,2,1,2026-08-05,2026-08-05,1,333.59,335.54,278.49,278.66,2.87,2.92,2.0,0.0333,isolated,55.1,56.88,0.9829,1.435,2.0,1.0,0,0,0,-0.1491,0,NORMAL,NORMAL_THERMAL_ACTIVITY,Thermal activity falls within normal statistical bounds.,none
238,2,1,2026-08-05,2026-08-05,1,339.7,342.52,299.545,299.98,4.745,5.6,2.0,0.0333,isolated,40.155,42.54,0.8473,2.3725,2.0,1.0,0,0,0,-0.1647,0,NORMAL,NORMAL_THERMAL_ACTIVITY,Thermal activity falls within normal statistical bounds.,none
239,1,1,2026-08-05,2026-08-05,1,330.65,330.65,297.58,297.58,3.31,3.31,2.0,0.0333,isolated,33.07,33.07,1.0,3.31,1.0,1.0,0,0,0,-0.2173,0,NORMAL,NORMAL_THERMAL_ACTIVITY,Thermal activity falls within normal statistical bounds.,none
240,2,1,2026-08-05,2026-08-05,1,336.75,338.14,296.95,297.33,3.11,3.11,2.0,0.0333,isolated,39.8,40.81,1.0,1.555,2.0,1.0,0,0,0,-0.1814,0,NORMAL,NORMAL_THERMAL_ACTIVITY,Thermal activity falls within normal statistical bounds.,none
241,1,1,2026-08-05,2026-08-05,1,331.57,331.57,290.97,290.97,3.82,3.82,2.0,0.0333,isolated,40.6,40.6,1.0,3.82,1.0,1.0,0,0,0,-0.2125,0,NORMAL,NORMAL_THERMAL_ACTIVITY,Thermal activity falls within normal statistical bounds.,none
242,1,1,2026-08-05,2026-08-05,1,337.23,337.23,294.87,294.87,4.31,4.31,2.0,0.0333,isolated,42.36,42.36,1.0,4.31,1.0,1.0,0,0,0,-0.2111,0,NORMAL,NORMAL_THERMAL_ACTIVITY,Thermal activity falls within normal statistical bounds.,none
243,1,1,2026-08-05,2026-08-05,1,340.08,340.08,299.21,299.21,3.99,3.99,2.0,0.0333,isolated,40.87,40.87,1.0,3.99,1.0,1.0,0,0,0,-0.2099,0,NORMAL,NORMAL_THERMAL_ACTIVITY,Thermal activity falls within normal statistical bounds.,none
244,1,1,2026-08-05,2026-08-05,1,338.5,338.5,291.61,291.61,3.23,3.23,2.0,0.0333,isolated,46.89,46.89,1.0,3.23,1.0,1.0,0,0,0,-0.2029,0,NORMAL,NORMAL_THERMAL_ACTIVITY,Thermal activity falls within normal statistical bounds.,none
245,1,1,2026-08-05,2026-08-05,1,336.41,336.41,292.61,292.61,4.61,4.61,2.0,0.0333,isolated,43.8,43.8,1.0,4.61,1.0,1.0,0,0,0,-0.2099,0,NORMAL,NORMAL_THERMAL_ACTIVITY,Thermal activity falls within normal statistical bounds.,none
246,1,1,2026-08-05,2026-08-05,1,336.04,336.04,296.46,296.46,2.61,2.61,2.0,0.0333,isolated,39.58,39.58,1.0,2.61,1.0,1.0,0,0,0,-0.214,0,NORMAL,NORMAL_THERMAL_ACTIVITY,Thermal activity falls within normal statistical bounds.,none
247,1,1,2026-08-05,2026-08-05,1,333.56,333.56,296.69,296.69,2.08,2.08,2.0,0.0333,isolated,36.87,36.87,1.0,2.08,1.0,1.0,0,0,0,-0.2187,0,NORMAL,NORMAL_THERMAL_ACTIVITY,Thermal activity falls within normal statistical bounds.,none
248,1,1,2026-08-05,2026-08-05,1,341.04,341.04,293.24,293.24,4.76,4.76,2.0,0.0333,isolated,47.8,47.8,1.0,4.76,1.0,1.0,0,0,0,-0.1979,0,NORMAL,NORMAL_THERMAL_ACTIVITY,Thermal activity falls within normal statistical bounds.,none
249,1,1,2026-08-05,2026-08-05,1,341.91,341.91,296.13,296.13,7.25,7.25,2.0,0.0333,isolated,45.78,45.78,1.0,7.25,1.0,1.0,0,0,0,-0.1877,0,NORMAL,NORMAL_THERMAL_ACTIVITY,Thermal activity falls within normal statistical bounds.,none
250,1,1,2026-08-05,2026-08-05,1,332.88,332.88,288.45,288.45,5.93,5.93,2.0,0.0333,isolated,44.43,44.43,1.0,5.93,1.0,1.0,0,0,0,-0.1974,0,NORMAL,NORMAL_THERMAL_ACTIVITY,Thermal activity falls within normal statistical bounds.,none
251,1,1,2026-08-05,2026-08-05,1,347.24,347.24,297.35,297.35,4.72,4.72,2.0,0.0333,isolated,49.89,49.89,1.0,4.72,1.0,1.0,0,0,0,-0.1861,0,NORMAL,NORMAL_THERMAL_ACTIVITY,Thermal activity falls within normal statistical bounds.,none
252,1,1,2026-08-05,2026-08-05,1,311.21,311.21,290.74,290.74,2.1,2.1,2.0,0.0333,isolated,20.47,20.47,1.0,2.1,1.0,1.0,0,0,0,-0.1938,0,NORMAL,NORMAL_THERMAL_ACTIVITY,Thermal activity falls within normal statistical bounds.,none
253,5,3,2026-08-05,2026-08-10,6,319.978,325.7,291.262,291.86,3.974,5.95,2.0,0.1,short_lived_repeated,28.716,33.84,0.6679,0.7948,0.8333,0.5,1,0,1,-0.0404,0,ELEVATED,RECURRING_THERMAL_ACTIVITY,Elevated abnormality primarily associated with recurring thermal activity over an extended duration.,duration_days
254,2,1,2026-08-05,2026-08-05,1,313.675,314.51,291.305,291.35,3.135,3.36,2.0,0.0333,isolated,22.37,23.16,0.933,1.5675,2.0,1.0,0,0,0,-0.1553,0,NORMAL,NORMAL_THERMAL_ACTIVITY,Thermal activity falls within normal statistical bounds.,none
255,1,1,2026-08-05,2026-08-05,1,305.84,305.84,290.49,290.49,2.04,2.04,2.0,0.0333,isolated,15.35,15.35,1.0,2.04,1.0,1.0,0,0,0,-0.1877,0,NORMAL,NORMAL_THERMAL_ACTIVITY,Thermal activity falls within normal statistical bounds.,none
256,5,4,2026-08-05,2026-08-12,8,314.498,335.63,289.508,291.57,2.262,4.27,2.0,0.1333,short_lived_repeated,24.99,44.06,0.5297,0.4524,0.625,0.5,1,0,1,-0.0005,0,ELEVATED,PERSISTENT_THERMAL_ACTIVITY,Elevated abnormality primarily associated with persistent multi-day activity.,active_days
257,1,1,2026-08-05,2026-08-05,1,319.4,319.4,287.01,287.01,2.72,2.72,2.0,0.0333,isolated,32.39,32.39,1.0,2.72,1.0,1.0,0,0,0,-0.2085,0,NORMAL,NORMAL_THERMAL_ACTIVITY,Thermal activity falls within normal statistical bounds.,none
258,1,1,2026-08-05,2026-08-05,1,310.6,310.6,280.63,280.63,1.55,1.55,2.0,0.0333,isolated,29.97,29.97,1.0,1.55,1.0,1.0,0,0,0,-0.1968,0,NORMAL,NORMAL_THERMAL_ACTIVITY,Thermal activity falls within normal statistical bounds.,none
259,3,2,2026-08-05,2026-08-08,4,303.077,305.33,283.487,288.65,1.067,1.56,2.0,0.0667,short_lived_repeated,19.59,16.68,0.684,0.3557,0.75,0.5,1,0,1,-0.0721,0,NORMAL,NORMAL_THERMAL_ACTIVITY,Thermal activity falls within normal statistical bounds.,none
260,1,1,2026-08-05,2026-08-05,1,305.89,305.89,289.2,289.2,0.52,0.52,2.0,0.0333,isolated,16.69,16.69,1.0,0.52,1.0,1.0,0,0,0,-0.1769,0,NORMAL,NORMAL_THERMAL_ACTIVITY,Thermal activity falls within normal statistical bounds.,none
261,1,1,2026-08-05,2026-08-05,1,305.18,305.18,290.91,290.91,0.81,0.81,2.0,0.0333,isolated,14.27,14.27,1.0,0.81,1.0,1.0,0,0,0,-0.1778,0,NORMAL,NORMAL_THERMAL_ACTIVITY,Thermal activity falls within normal statistical bounds.,none
262,1,1,2026-08-05,2026-08-05,1,306.22,306.22,282.37,282.37,0.97,0.97,2.0,0.0333,isolated,23.85,23.85,1.0,0.97,1.0,1.0,0,0,0,-0.195,0,NORMAL,NORMAL_THERMAL_ACTIVITY,Thermal activity falls within normal statistical bounds.,none
263,1,1,2026-08-05,2026-08-05,1,311.64,311.64,291.25,291.25,1.45,1.45,2.0,0.0333,isolated,20.39,20.39,1.0,1.45,1.0,1.0,0,0,0,-0.1909,0,NORMAL,NORMAL_THERMAL_ACTIVITY,Thermal activity falls within normal statistical bounds.,none
264,27,10,2026-08-05,2026-08-15,11,318.281,355.4,284.7,297.57,4.233,19.74,2.0,0.3333,persistent,33.581,57.83,0.2144,0.1568,2.4545,0.9091,1,1,2,0.1717,1,HIGH,MULTI_FACTOR_ANOMALY,"High abnormality primarily associated with elevated thermal intensity, elevated thermal energy (FRP) and persistent multi-day activity.","max_bright_ti4,bt_diff_max,max_frp,active_days"
265,4,2,2026-08-05,2026-08-06,2,306.35,308.1,288.602,290.7,1.235,1.39,2.0,0.0667,short_lived_repeated,17.748,17.4,0.8885,0.3088,2.0,1.0,1,0,1,-0.0951,0,NORMAL,NORMAL_THERMAL_ACTIVITY,Thermal activity falls within normal statistical bounds.,none
266,2,2,2026-08-05,2026-08-08,4,305.145,305.32,291.085,291.19,1.485,1.83,2.0,0.0667,short_lived_repeated,14.06,14.13,0.8115,0.7425,0.5,0.5,1,0,1,-0.064,0,NORMAL,NORMAL_THERMAL_ACTIVITY,Thermal activity falls within normal statistical bounds.,none
267,1,1,2026-08-05,2026-08-05,1,306.28,306.28,288.05,288.05,1.69,1.69,2.0,0.0333,isolated,18.23,18.23,1.0,1.69,1.0,1.0,0,0,0,-0.1933,0,NORMAL,NORMAL_THERMAL_ACTIVITY,Thermal activity falls within normal statistical bounds.,none
268,1,1,2026-08-05,2026-08-05,1,301.76,301.76,283.96,283.96,0.83,0.83,2.0,0.0333,isolated,17.8,17.8,1.0,0.83,1.0,1.0,0,0,0,-0.1777,0,NORMAL,NORMAL_THERMAL_ACTIVITY,Thermal activity falls within normal statistical bounds.,none
269,1,1,2026-08-05,2026-08-05,1,310.07,310.07,278.53,278.53,1.6,1.6,2.0,0.0333,isolated,31.54,31.54,1.0,1.6,1.0,1.0,0,0,0,-0.2005,0,NORMAL,NORMAL_THERMAL_ACTIVITY,Thermal activity falls within normal statistical bounds.,none
270,1,1,2026-08-05,2026-08-05,1,303.76,303.76,280.4,280.4,1.09,1.09,2.0,0.0333,isolated,23.36,23.36,1.0,1.09,1.0,1.0,0,0,0,-0.1912,0,NORMAL,NORMAL_THERMAL_ACTIVITY,Thermal activity falls within normal statistical bounds.,none
271,3,1,2026-08-06,2026-08-06,1,336.063,341.06,296.047,296.56,5.053,6.92,2.0,0.0333,isolated,40.016,44.5,0.7302,1.6843,3.0,1.0,0,0,0,-0.136,0,NORMAL,NORMAL_THERMAL_ACTIVITY,Thermal activity falls within normal statistical bounds.,none
272,2,2,2026-08-06,2026-08-09,4,328.27,333.34,292.91,295.16,3.195,3.82,2.0,0.0667,short_lived_repeated,35.36,38.18,0.8364,1.5975,0.5,0.5,1,0,1,-0.0797,0,NORMAL,NORMAL_THERMAL_ACTIVITY,Thermal activity falls within normal statistical bounds.,none
273,3,2,2026-08-06,2026-08-09,4,323.367,336.67,293.41,298.33,3.293,4.63,2.0,0.0667,short_lived_repeated,29.957,38.34,0.7112,1.0977,0.75,0.5,1,0,1,-0.0896,0,NORMAL,NORMAL_THERMAL_ACTIVITY,Thermal activity falls within normal statistical bounds.,none
274,1,1,2026-08-06,2026-08-06,1,337.8,337.8,298.2,298.2,5.87,5.87,2.0,0.0333,isolated,39.6,39.6,1.0,5.87,1.0,1.0,0,0,0,-0.2045,0,NORMAL,NORMAL_THERMAL_ACTIVITY,Thermal activity falls within normal statistical bounds.,none
275,4,1,2026-08-06,2026-08-06,1,296.385,297.37,285.722,286.25,2.88,5.52,2.0,0.0333,isolated,10.663,11.12,0.5217,0.72,4.0,1.0,0,0,0,-0.0104,0,ELEVATED,STATISTICAL_ANOMALY,Elevated abnormality primarily associated with unusual multi-variate statistical signature.,multivariate_combination
276,1,1,2026-08-06,2026-08-06,1,319.72,319.72,287.99,287.99,4.74,4.74,2.0,0.0333,isolated,31.73,31.73,1.0,4.74,1.0,1.0,0,0,0,-0.2037,0,NORMAL,NORMAL_THERMAL_ACTIVITY,Thermal activity falls within normal statistical bounds.,none
277,1,1,2026-08-06,2026-08-06,1,305.7,305.7,289.03,289.03,1.9,1.9,2.0,0.0333,isolated,16.67,16.67,1.0,1.9,1.0,1.0,0,0,0,-0.1866,0,NORMAL,NORMAL_THERMAL_ACTIVITY,Thermal activity falls within normal statistical bounds.,none
278,28,4,2026-08-06,2026-08-10,5,308.551,331.36,289.574,297.12,3.153,8.44,2.0,0.1333,short_lived_repeated,18.977,34.24,0.3736,0.1126,5.6,0.8,1,0,1,0.0684,1,HIGH,PERSISTENT_THERMAL_ACTIVITY,High abnormality primarily associated with persistent multi-day activity.,active_days
279,2,2,2026-08-06,2026-08-07,2,302.37,306.14,288.505,289.63,2.27,2.39,2.0,0.0667,short_lived_repeated,13.865,16.51,0.9498,1.135,1.0,1.0,1,0,1,-0.1214,0,NORMAL,NORMAL_THERMAL_ACTIVITY,Thermal activity falls within normal statistical bounds.,none
280,4,2,2026-08-06,2026-08-07,2,306.122,308.26,290.055,292.18,1.592,2.35,2.0,0.0667,short_lived_repeated,16.067,16.08,0.6774,0.398,2.0,1.0,1,0,1,-0.1042,0,NORMAL,NORMAL_THERMAL_ACTIVITY,Thermal activity falls within normal statistical bounds.,none
281,5,3,2026-08-06,2026-08-09,4,310.966,314.86,286.592,289.48,3.282,5.27,2.0,0.1,short_lived_repeated,24.374,25.38,0.6228,0.6564,1.25,0.75,1,0,1,-0.0523,0,NORMAL,NORMAL_THERMAL_ACTIVITY,Thermal activity falls within normal statistical bounds.,none
282,2,2,2026-08-06,2026-08-09,4,305.715,306.56,288.585,288.59,3.14,3.92,2.0,0.0667,short_lived_repeated,17.13,17.97,0.801,1.57,0.5,0.5,1,0,1,-0.0551,0,NORMAL,NORMAL_THERMAL_ACTIVITY,Thermal activity falls within normal statistical bounds.,none
283,67,13,2026-08-06,2026-08-23,18,310.648,336.48,283.12,291.56,2.495,9.38,2.0,0.4333,persistent,27.528,44.92,0.266,0.0372,3.7222,0.7222,1,1,2,0.1679,1,HIGH,PERSISTENT_THERMAL_ACTIVITY,High abnormality primarily associated with persistent multi-day activity.,active_days
284,40,13,2026-08-06,2026-08-23,18,310.911,339.27,284.182,298.09,2.606,9.99,2.0,0.4333,persistent,26.729,41.18,0.2609,0.0652,2.2222,0.7222,1,1,2,0.1595,1,HIGH,PERSISTENT_THERMAL_ACTIVITY,High abnormality primarily associated with persistent multi-day activity.,active_days
285,12,7,2026-08-06,2026-08-15,10,312.227,333.56,286.498,291.97,3.093,6.79,2.0,0.2333,persistent,25.729,41.59,0.4555,0.2578,1.2,0.7,1,1,2,0.0647,1,HIGH,PERSISTENT_THERMAL_ACTIVITY,High abnormality primarily associated with persistent multi-day activity.,active_days
286,5,4,2026-08-06,2026-08-11,6,309.308,311.33,291.798,292.53,1.792,2.57,2.0,0.1333,short_lived_repeated,17.51,18.8,0.6973,0.3584,0.8333,0.6667,1,0,1,-0.0315,0,ELEVATED,PERSISTENT_THERMAL_ACTIVITY,Elevated abnormality primarily associated with persistent multi-day activity.,active_days
287,6,2,2026-08-06,2026-08-08,3,302.558,312.09,276.193,287.04,1.212,1.61,2.0,0.0667,short_lived_repeated,26.365,25.05,0.7528,0.202,2.0,0.6667,1,0,1,-0.0637,0,NORMAL,NORMAL_THERMAL_ACTIVITY,Thermal activity falls within normal statistical bounds.,none
288,1,1,2026-08-06,2026-08-06,1,299.17,299.17,265.03,265.03,0.35,0.35,2.0,0.0333,isolated,34.14,34.14,1.0,0.35,1.0,1.0,0,0,0,-0.1601,0,NORMAL,NORMAL_THERMAL_ACTIVITY,Thermal activity falls within normal statistical bounds.,none
289,1,1,2026-08-06,2026-08-06,1,304.96,304.96,292.22,292.22,1.05,1.05,2.0,0.0333,isolated,12.74,12.74,1.0,1.05,1.0,1.0,0,0,0,-0.1755,0,NORMAL,NORMAL_THERMAL_ACTIVITY,Thermal activity falls within normal statistical bounds.,none
290,1,1,2026-08-06,2026-08-06,1,308.43,308.43,287.9,287.9,1.16,1.16,2.0,0.0333,isolated,20.53,20.53,1.0,1.16,1.0,1.0,0,0,0,-0.1918,0,NORMAL,NORMAL_THERMAL_ACTIVITY,Thermal activity falls within normal statistical bounds.,none
291,1,1,2026-08-06,2026-08-06,1,338.06,338.06,289.27,289.27,5.79,5.79,2.0,0.0333,isolated,48.79,48.79,1.0,5.79,1.0,1.0,0,0,0,-0.1944,0,NORMAL,NORMAL_THERMAL_ACTIVITY,Thermal activity falls within normal statistical bounds.,none
292,1,1,2026-08-07,2026-08-07,1,330.46,330.46,304.25,304.25,7.99,7.99,1.0,0.0333,isolated,26.21,26.21,1.0,7.99,1.0,1.0,0,0,0,-0.0569,0,NORMAL,NORMAL_THERMAL_ACTIVITY,Thermal activity falls within normal statistical bounds.,none
293,1,1,2026-08-07,2026-08-07,1,335.98,335.98,287.21,287.21,2.48,2.48,2.0,0.0333,isolated,48.77,48.77,1.0,2.48,1.0,1.0,0,0,0,-0.1965,0,NORMAL,NORMAL_THERMAL_ACTIVITY,Thermal activity falls within normal statistical bounds.,none
294,1,1,2026-08-07,2026-08-07,1,367.0,367.0,290.02,290.02,6.73,6.73,3.0,0.0333,isolated,76.98,76.98,1.0,6.73,1.0,1.0,0,0,0,0.0276,1,HIGH,SHORT_LIVED_EXTREME_EVENT,High abnormality primarily associated with elevated thermal intensity.,"max_bright_ti4,bt_diff_max"
295,1,1,2026-08-07,2026-08-07,1,340.05,340.05,290.99,290.99,6.1,6.1,2.0,0.0333,isolated,49.06,49.06,1.0,6.1,1.0,1.0,0,0,0,-0.1899,0,NORMAL,NORMAL_THERMAL_ACTIVITY,Thermal activity falls within normal statistical bounds.,none
296,1,1,2026-08-07,2026-08-07,1,330.31,330.31,286.9,286.9,3.77,3.77,2.0,0.0333,isolated,43.41,43.41,1.0,3.77,1.0,1.0,0,0,0,-0.2072,0,NORMAL,NORMAL_THERMAL_ACTIVITY,Thermal activity falls within normal statistical bounds.,none
297,27,6,2026-08-07,2026-08-13,7,316.594,334.95,289.944,298.43,3.448,13.01,1.926,0.2,persistent,26.65,36.52,0.265,0.1277,3.8571,0.8571,1,1,2,0.1083,1,HIGH,PERSISTENT_THERMAL_ACTIVITY,High abnormality primarily associated with persistent multi-day activity.,active_days
298,22,6,2026-08-07,2026-08-16,10,311.778,346.75,287.741,295.82,2.709,8.25,2.0,0.2,persistent,24.037,50.93,0.3284,0.1231,2.2,0.6,1,1,2,0.1078,1,HIGH,MULTI_FACTOR_ANOMALY,High abnormality primarily associated with elevated thermal intensity and persistent multi-day activity.,"max_bright_ti4,bt_diff_max,active_days"
299,1,1,2026-08-07,2026-08-07,1,337.4,337.4,298.03,298.03,6.19,6.19,2.0,0.0333,isolated,39.37,39.37,1.0,6.19,1.0,1.0,0,0,0,-0.2019,0,NORMAL,NORMAL_THERMAL_ACTIVITY,Thermal activity falls within normal statistical bounds.,none
300,3,1,2026-08-07,2026-08-07,1,343.863,346.37,293.027,293.28,14.027,20.04,2.0,0.0333,isolated,50.836,53.09,0.7,4.6757,3.0,1.0,0,0,0,-0.0172,0,ELEVATED,MULTI_FACTOR_ANOMALY,Elevated abnormality primarily associated with elevated thermal intensity and elevated thermal energy (FRP).,"max_bright_ti4,bt_diff_max,max_frp,mean_frp"
301,1,1,2026-08-07,2026-08-07,1,346.63,346.63,293.85,293.85,4.95,4.95,2.0,0.0333,isolated,52.78,52.78,1.0,4.95,1.0,1.0,0,0,0,-0.1817,0,NORMAL,NORMAL_THERMAL_ACTIVITY,Thermal activity falls within normal statistical bounds.,none
302,1,1,2026-08-07,2026-08-07,1,300.33,300.33,282.88,282.88,2.4,2.4,2.0,0.0333,isolated,17.45,17.45,1.0,2.4,1.0,1.0,0,0,0,-0.1598,0,NORMAL,NORMAL_THERMAL_ACTIVITY,Thermal activity falls within normal statistical bounds.,none
303,6,3,2026-08-07,2026-08-09,3,305.74,308.24,288.46,290.0,3.132,4.56,2.0,0.1,short_lived_repeated,17.28,18.24,0.6868,0.522,2.0,1.0,1,0,1,-0.0423,0,ELEVATED,STATISTICAL_ANOMALY,Elevated abnormality primarily associated with unusual multi-variate statistical signature.,multivariate_combination
304,106,12,2026-08-07,2026-08-23,17,311.0,342.4,283.602,296.25,2.253,7.07,2.0,0.4,persistent,27.398,46.15,0.3187,0.0213,6.2353,0.7059,1,1,2,0.1814,1,HIGH,MULTI_FACTOR_ANOMALY,High abnormality primarily associated with elevated thermal intensity and persistent multi-day activity.,"max_bright_ti4,bt_diff_max,active_days"
305,9,4,2026-08-07,2026-08-11,5,312.272,328.01,288.374,291.87,2.757,4.41,2.0,0.1333,short_lived_repeated,23.898,36.14,0.6252,0.3063,1.8,0.8,1,0,1,-0.0325,0,ELEVATED,PERSISTENT_THERMAL_ACTIVITY,Elevated abnormality primarily associated with persistent multi-day activity.,active_days
306,1,1,2026-08-07,2026-08-07,1,299.81,299.81,286.48,286.48,1.57,1.57,2.0,0.0333,isolated,13.33,13.33,1.0,1.57,1.0,1.0,0,0,0,-0.1565,0,NORMAL,NORMAL_THERMAL_ACTIVITY,Thermal activity falls within normal statistical bounds.,none
307,9,3,2026-08-07,2026-08-09,3,312.248,342.22,288.926,295.34,3.749,8.41,2.0,0.1,short_lived_repeated,23.322,46.88,0.4458,0.4166,3.0,1.0,1,0,1,-0.0229,0,ELEVATED,HIGH_THERMAL_INTENSITY,Elevated abnormality primarily associated with elevated thermal intensity.,"max_bright_ti4,bt_diff_max"
308,1,1,2026-08-07,2026-08-07,1,308.5,308.5,286.42,286.42,0.95,0.95,2.0,0.0333,isolated,22.08,22.08,1.0,0.95,1.0,1.0,0,0,0,-0.1952,0,NORMAL,NORMAL_THERMAL_ACTIVITY,Thermal activity falls within normal statistical bounds.,none
309,1,1,2026-08-07,2026-08-07,1,310.36,310.36,291.56,291.56,2.43,2.43,2.0,0.0333,isolated,18.8,18.8,1.0,2.43,1.0,1.0,0,0,0,-0.1891,0,NORMAL,NORMAL_THERMAL_ACTIVITY,Thermal activity falls within normal statistical bounds.,none
310,1,1,2026-08-07,2026-08-07,1,305.61,305.61,290.48,290.48,1.97,1.97,2.0,0.0333,isolated,15.13,15.13,1.0,1.97,1.0,1.0,0,0,0,-0.1847,0,NORMAL,NORMAL_THERMAL_ACTIVITY,Thermal activity falls within normal statistical bounds.,none
311,1,1,2026-08-07,2026-08-07,1,311.54,311.54,291.29,291.29,2.16,2.16,2.0,0.0333,isolated,20.25,20.25,1.0,2.16,1.0,1.0,0,0,0,-0.1938,0,NORMAL,NORMAL_THERMAL_ACTIVITY,Thermal activity falls within normal statistical bounds.,none
312,2,2,2026-08-07,2026-08-08,2,307.535,311.93,286.565,291.17,1.48,1.72,2.0,0.0667,short_lived_repeated,20.97,20.76,0.8605,0.74,1.0,1.0,1,0,1,-0.1275,0,NORMAL,NORMAL_THERMAL_ACTIVITY,Thermal activity falls within normal statistical bounds.,none
313,1,1,2026-08-07,2026-08-07,1,302.72,302.72,291.16,291.16,1.07,1.07,2.0,0.0333,isolated,11.56,11.56,1.0,1.07,1.0,1.0,0,0,0,-0.1706,0,NORMAL,NORMAL_THERMAL_ACTIVITY,Thermal activity falls within normal statistical bounds.,none
314,3,2,2026-08-07,2026-08-09,3,305.98,308.27,290.07,290.18,2.6,3.24,2.0,0.0667,short_lived_repeated,15.91,18.09,0.8025,0.8667,1.0,0.6667,1,0,1,-0.0999,0,NORMAL,NORMAL_THERMAL_ACTIVITY,Thermal activity falls within normal statistical bounds.,none
315,4,4,2026-08-07,2026-08-15,9,303.428,307.83,280.362,291.39,0.972,1.72,2.0,0.1333,short_lived_repeated,23.066,16.44,0.5651,0.243,0.4444,0.4444,1,0,1,0.0227,1,HIGH,PERSISTENT_THERMAL_ACTIVITY,High abnormality primarily associated with persistent multi-day activity.,active_days
316,1,1,2026-08-07,2026-08-07,1,295.89,295.89,268.46,268.46,0.81,0.81,2.0,0.0333,isolated,27.43,27.43,1.0,0.81,1.0,1.0,0,0,0,-0.1557,0,NORMAL,NORMAL_THERMAL_ACTIVITY,Thermal activity falls within normal statistical bounds.,none
317,5,3,2026-08-07,2026-08-11,5,309.494,312.24,290.718,292.36,1.868,2.82,2.0,0.1,short_lived_repeated,18.776,19.88,0.6624,0.3736,1.0,0.6,1,0,1,-0.0705,0,NORMAL,NORMAL_THERMAL_ACTIVITY,Thermal activity falls within normal statistical bounds.,none
318,4,2,2026-08-07,2026-08-08,2,306.375,307.83,285.435,287.72,2.168,3.06,2.0,0.0667,short_lived_repeated,20.94,20.11,0.7085,0.542,2.0,1.0,1,0,1,-0.1015,0,NORMAL,NORMAL_THERMAL_ACTIVITY,Thermal activity falls within normal statistical bounds.,none
319,11,6,2026-08-07,2026-08-12,6,307.725,319.52,278.941,291.33,1.933,6.27,2.0,0.2,persistent,28.784,28.19,0.3083,0.1757,1.8333,1.0,1,1,2,0.0365,1,HIGH,PERSISTENT_THERMAL_ACTIVITY,High abnormality primarily associated with persistent multi-day activity.,active_days
320,3,2,2026-08-07,2026-08-10,4,307.353,313.9,271.777,279.62,1.043,1.8,2.0,0.0667,short_lived_repeated,35.576,34.28,0.5794,0.3477,0.75,0.5,1,0,1,-0.0721,0,NORMAL,NORMAL_THERMAL_ACTIVITY,Thermal activity falls within normal statistical bounds.,none
321,5,3,2026-08-07,2026-08-10,4,308.066,315.77,290.816,291.99,2.748,3.46,2.0,0.1,short_lived_repeated,17.25,23.78,0.7942,0.5496,1.25,0.75,1,0,1,-0.0705,0,NORMAL,NORMAL_THERMAL_ACTIVITY,Thermal activity falls within normal statistical bounds.,none
322,1,1,2026-08-08,2026-08-08,1,337.22,337.22,292.26,292.26,4.71,4.71,2.0,0.0333,isolated,44.96,44.96,1.0,4.71,1.0,1.0,0,0,0,-0.2062,0,NORMAL,NORMAL_THERMAL_ACTIVITY,Thermal activity falls within normal statistical bounds.,none
323,1,1,2026-08-08,2026-08-08,1,340.7,340.7,292.68,292.68,6.34,6.34,2.0,0.0333,isolated,48.02,48.02,1.0,6.34,1.0,1.0,0,0,0,-0.1919,0,NORMAL,NORMAL_THERMAL_ACTIVITY,Thermal activity falls within normal statistical bounds.,none
324,1,1,2026-08-08,2026-08-08,1,342.2,342.2,297.51,297.51,5.81,5.81,2.0,0.0333,isolated,44.69,44.69,1.0,5.81,1.0,1.0,0,0,0,-0.1947,0,NORMAL,NORMAL_THERMAL_ACTIVITY,Thermal activity falls within normal statistical bounds.,none
325,1,1,2026-08-08,2026-08-08,1,336.02,336.02,300.3,300.3,5.2,5.2,1.0,0.0333,isolated,35.72,35.72,1.0,5.2,1.0,1.0,0,0,0,-0.1202,0,NORMAL,NORMAL_THERMAL_ACTIVITY,Thermal activity falls within normal statistical bounds.,none
326,1,1,2026-08-08,2026-08-08,1,330.57,330.57,286.83,286.83,3.71,3.71,2.0,0.0333,isolated,43.74,43.74,1.0,3.71,1.0,1.0,0,0,0,-0.2085,0,NORMAL,NORMAL_THERMAL_ACTIVITY,Thermal activity falls within normal statistical bounds.,none
327,1,1,2026-08-08,2026-08-08,1,340.03,340.03,295.6,295.6,4.38,4.38,2.0,0.0333,isolated,44.43,44.43,1.0,4.38,1.0,1.0,0,0,0,-0.2048,0,NORMAL,NORMAL_THERMAL_ACTIVITY,Thermal activity falls within normal statistical bounds.,none
328,1,1,2026-08-08,2026-08-08,1,338.07,338.07,290.01,290.01,5.33,5.33,2.0,0.0333,isolated,48.06,48.06,1.0,5.33,1.0,1.0,0,0,0,-0.2013,0,NORMAL,NORMAL_THERMAL_ACTIVITY,Thermal activity falls within normal statistical bounds.,none
329,1,1,2026-08-08,2026-08-08,1,330.41,330.41,297.29,297.29,2.95,2.95,2.0,0.0333,isolated,33.12,33.12,1.0,2.95,1.0,1.0,0,0,0,-0.2149,0,NORMAL,NORMAL_THERMAL_ACTIVITY,Thermal activity falls within normal statistical bounds.,none
330,1,1,2026-08-08,2026-08-08,1,334.67,334.67,299.14,299.14,4.18,4.18,2.0,0.0333,isolated,35.53,35.53,1.0,4.18,1.0,1.0,0,0,0,-0.2185,0,NORMAL,NORMAL_THERMAL_ACTIVITY,Thermal activity falls within normal statistical bounds.,none
331,8,5,2026-08-08,2026-08-14,7,305.441,311.28,282.355,288.82,2.056,3.86,2.0,0.1667,persistent,23.086,22.46,0.5326,0.257,1.1429,0.7143,1,1,2,0.02,1,HIGH,PERSISTENT_THERMAL_ACTIVITY,High abnormality primarily associated with persistent multi-day activity.,active_days
332,1,1,2026-08-08,2026-08-08,1,308.01,308.01,283.48,283.48,2.41,2.41,2.0,0.0333,isolated,24.53,24.53,1.0,2.41,1.0,1.0,0,0,0,-0.1958,0,NORMAL,NORMAL_THERMAL_ACTIVITY,Thermal activity falls within normal statistical bounds.,none
333,2,2,2026-08-08,2026-08-11,4,304.2,305.85,287.94,288.26,0.94,0.95,2.0,0.0667,short_lived_repeated,16.26,17.59,0.9895,0.47,0.5,0.5,1,0,1,-0.0477,0,ELEVATED,STATISTICAL_ANOMALY,Elevated abnormality primarily associated with unusual multi-variate statistical signature.,multivariate_combination
334,2,1,2026-08-08,2026-08-08,1,305.1,306.44,284.875,289.13,1.62,2.27,2.0,0.0333,isolated,20.225,17.31,0.7137,0.81,2.0,1.0,0,0,0,-0.1351,0,NORMAL,NORMAL_THERMAL_ACTIVITY,Thermal activity falls within normal statistical bounds.,none
335,2,1,2026-08-08,2026-08-08,1,312.37,318.9,285.055,285.23,1.725,2.51,2.0,0.0333,isolated,27.315,33.67,0.6873,0.8625,2.0,1.0,0,0,0,-0.1464,0,NORMAL,NORMAL_THERMAL_ACTIVITY,Thermal activity falls within normal statistical bounds.,none
336,9,1,2026-08-08,2026-08-08,1,311.789,321.15,284.198,285.03,1.733,2.36,2.0,0.0333,isolated,27.591,36.12,0.7343,0.1926,9.0,1.0,0,0,0,0.0132,1,HIGH,STATISTICAL_ANOMALY,High abnormality primarily associated with unusual multi-variate statistical signature.,multivariate_combination
337,6,2,2026-08-08,2026-08-10,3,314.38,340.15,283.703,293.77,2.645,7.15,2.0,0.0667,short_lived_repeated,30.677,46.38,0.3699,0.4408,2.0,0.6667,1,0,1,-0.0387,0,ELEVATED,SHORT_LIVED_EXTREME_EVENT,Elevated abnormality primarily associated with elevated thermal intensity.,"max_bright_ti4,bt_diff_max"
338,2,1,2026-08-08,2026-08-08,1,329.035,332.55,283.84,285.11,3.33,4.22,2.0,0.0333,isolated,45.195,47.44,0.7891,1.665,2.0,1.0,0,0,0,-0.1569,0,NORMAL,NORMAL_THERMAL_ACTIVITY,Thermal activity falls within normal statistical bounds.,none
339,24,2,2026-08-08,2026-08-11,4,311.925,328.3,285.412,289.37,2.36,5.15,2.0,0.0667,short_lived_repeated,26.513,38.93,0.4583,0.0983,6.0,0.5,1,0,1,0.0426,1,HIGH,STATISTICAL_ANOMALY,High abnormality primarily associated with unusual multi-variate statistical signature.,multivariate_combination
340,3,1,2026-08-08,2026-08-08,1,304.82,308.61,281.267,283.46,1.333,1.77,2.0,0.0333,isolated,23.553,25.15,0.7531,0.4443,3.0,1.0,0,0,0,-0.1191,0,NORMAL,NORMAL_THERMAL_ACTIVITY,Thermal activity falls within normal statistical bounds.,none
341,8,3,2026-08-08,2026-08-11,4,300.768,307.85,281.805,287.21,1.749,2.38,2.0,0.1,short_lived_repeated,18.963,20.64,0.7349,0.2186,2.0,0.75,1,0,1,-0.0439,0,ELEVATED,STATISTICAL_ANOMALY,Elevated abnormality primarily associated with unusual multi-variate statistical signature.,multivariate_combination
342,4,2,2026-08-08,2026-08-11,4,305.808,309.01,280.648,284.2,1.278,1.8,2.0,0.0667,short_lived_repeated,25.16,24.81,0.71,0.3195,1.0,0.5,1,0,1,-0.0842,0,NORMAL,NORMAL_THERMAL_ACTIVITY,Thermal activity falls within normal statistical bounds.,none
343,4,2,2026-08-08,2026-08-11,4,308.822,310.36,288.172,289.49,2.63,2.88,2.0,0.0667,short_lived_repeated,20.65,20.87,0.9132,0.6575,1.0,0.5,1,0,1,-0.0872,0,NORMAL,NORMAL_THERMAL_ACTIVITY,Thermal activity falls within normal statistical bounds.,none
344,3,2,2026-08-08,2026-08-11,4,297.327,298.38,265.81,271.38,1.287,1.78,2.0,0.0667,short_lived_repeated,31.517,27.0,0.723,0.429,0.75,0.5,1,0,1,-0.0514,0,NORMAL,NORMAL_THERMAL_ACTIVITY,Thermal activity falls within normal statistical bounds.,none
345,16,4,2026-08-08,2026-08-13,6,316.151,367.0,285.185,290.98,5.211,17.81,2.062,0.1333,short_lived_repeated,30.966,76.02,0.2926,0.3257,2.6667,0.6667,1,0,1,0.1351,1,HIGH,MULTI_FACTOR_ANOMALY,"High abnormality primarily associated with elevated thermal intensity, elevated thermal energy (FRP) and persistent multi-day activity.","max_bright_ti4,bt_diff_max,max_frp,active_days"
346,1,1,2026-08-08,2026-08-08,1,303.54,303.54,290.16,290.16,2.3,2.3,2.0,0.0333,isolated,13.38,13.38,1.0,2.3,1.0,1.0,0,0,0,-0.1702,0,NORMAL,NORMAL_THERMAL_ACTIVITY,Thermal activity falls within normal statistical bounds.,none
347,11,3,2026-08-08,2026-08-10,3,310.164,327.61,285.804,292.29,2.109,2.98,2.0,0.1,short_lived_repeated,24.36,35.32,0.7077,0.1917,3.6667,1.0,1,0,1,-0.0291,0,ELEVATED,STATISTICAL_ANOMALY,Elevated abnormality primarily associated with unusual multi-variate statistical signature.,multivariate_combination
348,1,1,2026-08-08,2026-08-08,1,299.27,299.27,281.11,281.11,0.91,0.91,2.0,0.0333,isolated,18.16,18.16,1.0,0.91,1.0,1.0,0,0,0,-0.1692,0,NORMAL,NORMAL_THERMAL_ACTIVITY,Thermal activity falls within normal statistical bounds.,none
349,2,1,2026-08-08,2026-08-08,1,311.87,312.32,291.075,291.19,2.33,2.38,2.0,0.0333,isolated,20.795,21.13,0.979,1.165,2.0,1.0,0,0,0,-0.1613,0,NORMAL,NORMAL_THERMAL_ACTIVITY,Thermal activity falls within normal statistical bounds.,none
350,5,3,2026-08-08,2026-08-10,3,306.93,308.11,289.08,291.18,1.794,2.35,2.0,0.1,short_lived_repeated,17.85,16.93,0.7634,0.3588,1.6667,1.0,1,0,1,-0.0793,0,NORMAL,NORMAL_THERMAL_ACTIVITY,Thermal activity falls within normal statistical bounds.,none
351,38,13,2026-08-08,2026-08-24,17,314.781,339.14,282.691,296.23,2.823,10.59,2.0,0.4333,persistent,32.09,42.91,0.2666,0.0743,2.2353,0.7647,1,1,2,0.1538,1,HIGH,PERSISTENT_THERMAL_ACTIVITY,High abnormality primarily associated with persistent multi-day activity.,active_days
352,4,1,2026-08-08,2026-08-08,1,307.548,309.77,289.578,290.52,0.855,1.14,2.0,0.0333,isolated,17.97,19.25,0.75,0.2138,4.0,1.0,0,0,0,-0.0844,0,NORMAL,NORMAL_THERMAL_ACTIVITY,Thermal activity falls within normal statistical bounds.,none
353,8,4,2026-08-08,2026-08-12,5,312.188,335.93,286.12,294.08,1.776,4.32,2.0,0.1333,short_lived_repeated,26.068,41.85,0.4111,0.222,1.6,0.8,1,0,1,-0.0269,0,ELEVATED,PERSISTENT_THERMAL_ACTIVITY,Elevated abnormality primarily associated with persistent multi-day activity.,active_days
354,9,4,2026-08-08,2026-08-15,8,303.78,307.32,283.544,287.66,1.566,2.4,2.0,0.1333,short_lived_repeated,20.236,19.66,0.6525,0.174,1.125,0.5,1,0,1,0.0273,1,HIGH,PERSISTENT_THERMAL_ACTIVITY,High abnormality primarily associated with persistent multi-day activity.,active_days
355,15,3,2026-08-08,2026-08-12,5,304.395,308.6,284.691,291.71,1.333,2.23,2.0,0.1,short_lived_repeated,19.704,16.89,0.5978,0.0889,3.0,0.6,1,0,1,-0.0006,0,ELEVATED,RECURRING_THERMAL_ACTIVITY,Elevated abnormality primarily associated with recurring thermal activity over an extended duration.,duration_days
356,1,1,2026-08-08,2026-08-08,1,297.17,297.17,268.48,268.48,0.91,0.91,2.0,0.0333,isolated,28.69,28.69,1.0,0.91,1.0,1.0,0,0,0,-0.1696,0,NORMAL,NORMAL_THERMAL_ACTIVITY,Thermal activity falls within normal statistical bounds.,none
357,5,3,2026-08-08,2026-08-11,4,307.584,313.7,288.394,292.96,1.634,2.51,2.0,0.1,short_lived_repeated,19.19,20.74,0.651,0.3268,1.25,0.75,1,0,1,-0.0746,0,NORMAL,NORMAL_THERMAL_ACTIVITY,Thermal activity falls within normal statistical bounds.,none
358,10,5,2026-08-08,2026-08-16,9,302.508,308.41,282.946,292.47,1.374,2.34,2.0,0.1667,persistent,19.562,15.94,0.5872,0.1374,1.1111,0.5556,1,1,2,0.0531,1,HIGH,PERSISTENT_THERMAL_ACTIVITY,High abnormality primarily associated with persistent multi-day activity.,active_days
359,3,1,2026-08-08,2026-08-08,1,306.29,318.35,274.847,275.11,1.413,1.81,2.0,0.0333,isolated,31.443,43.24,0.7807,0.471,3.0,1.0,0,0,0,-0.1148,0,NORMAL,NORMAL_THERMAL_ACTIVITY,Thermal activity falls within normal statistical bounds.,none
360,2,2,2026-08-08,2026-08-10,3,318.11,333.61,289.81,296.51,2.78,3.99,2.0,0.0667,short_lived_repeated,28.3,37.1,0.6967,1.39,0.6667,0.6667,1,0,1,-0.096,0,NORMAL,NORMAL_THERMAL_ACTIVITY,Thermal activity falls within normal statistical bounds.,none
361,9,3,2026-08-08,2026-08-11,4,319.233,344.08,289.231,299.82,3.637,7.16,2.0,0.1,short_lived_repeated,30.002,44.26,0.508,0.4041,2.25,0.75,1,0,1,-0.0405,0,ELEVATED,HIGH_THERMAL_INTENSITY,Elevated abnormality primarily associated with elevated thermal intensity.,max_bright_ti4
362,8,4,2026-08-08,2026-08-11,4,305.741,311.64,286.034,289.18,2.304,3.39,2.0,0.1333,short_lived_repeated,19.707,22.46,0.6796,0.288,2.0,1.0,1,0,1,-0.0248,0,ELEVATED,PERSISTENT_THERMAL_ACTIVITY,Elevated abnormality primarily associated with persistent multi-day activity.,active_days
363,7,3,2026-08-08,2026-08-10,3,319.254,333.44,285.403,294.92,3.646,5.84,2.0,0.1,short_lived_repeated,33.851,38.52,0.6243,0.5209,2.3333,1.0,1,0,1,-0.0656,0,NORMAL,NORMAL_THERMAL_ACTIVITY,Thermal activity falls within normal statistical bounds.,none
364,2,1,2026-08-08,2026-08-08,1,301.87,301.95,286.905,286.96,1.48,1.6,2.0,0.0333,isolated,14.965,14.99,0.925,0.74,2.0,1.0,0,0,0,-0.1311,0,NORMAL,NORMAL_THERMAL_ACTIVITY,Thermal activity falls within normal statistical bounds.,none
365,2,2,2026-08-08,2026-08-09,2,304.405,304.88,286.06,286.68,1.455,1.93,2.0,0.0667,short_lived_repeated,18.345,18.2,0.7539,0.7275,1.0,1.0,1,0,1,-0.1149,0,NORMAL,NORMAL_THERMAL_ACTIVITY,Thermal activity falls within normal statistical bounds.,none
366,1,1,2026-08-08,2026-08-08,1,304.22,304.22,291.95,291.95,2.06,2.06,2.0,0.0333,isolated,12.27,12.27,1.0,2.06,1.0,1.0,0,0,0,-0.1656,0,NORMAL,NORMAL_THERMAL_ACTIVITY,Thermal activity falls within normal statistical bounds.,none
367,1,1,2026-08-08,2026-08-08,1,309.27,309.27,288.74,288.74,1.21,1.21,2.0,0.0333,isolated,20.53,20.53,1.0,1.21,1.0,1.0,0,0,0,-0.1943,0,NORMAL,NORMAL_THERMAL_ACTIVITY,Thermal activity falls within normal statistical bounds.,none
368,1,1,2026-08-08,2026-08-08,1,308.7,308.7,288.39,288.39,1.3,1.3,2.0,0.0333,isolated,20.31,20.31,1.0,1.3,1.0,1.0,0,0,0,-0.194,0,NORMAL,NORMAL_THERMAL_ACTIVITY,Thermal activity falls within normal statistical bounds.,none
369,2,1,2026-08-08,2026-08-08,1,318.495,332.49,279.56,280.03,2.78,2.78,2.0,0.0333,isolated,38.935,52.46,1.0,1.39,2.0,1.0,0,0,0,-0.1592,0,NORMAL,NORMAL_THERMAL_ACTIVITY,Thermal activity falls within normal statistical bounds.,none
370,5,2,2026-08-08,2026-08-09,2,312.874,321.56,292.932,293.59,1.97,3.08,2.0,0.0667,short_lived_repeated,19.942,27.97,0.6396,0.394,2.5,1.0,1,0,1,-0.0861,0,NORMAL,NORMAL_THERMAL_ACTIVITY,Thermal activity falls within normal statistical bounds.,none
371,1,1,2026-08-08,2026-08-08,1,307.02,307.02,292.82,292.82,1.27,1.27,2.0,0.0333,isolated,14.2,14.2,1.0,1.27,1.0,1.0,0,0,0,-0.1805,0,NORMAL,NORMAL_THERMAL_ACTIVITY,Thermal activity falls within normal statistical bounds.,none
372,3,2,2026-08-08,2026-08-10,3,330.96,346.98,293.877,303.46,3.573,5.99,2.0,0.0667,short_lived_repeated,37.083,43.52,0.5965,1.191,1.0,0.6667,1,0,1,-0.0911,0,NORMAL,NORMAL_THERMAL_ACTIVITY,Thermal activity falls within normal statistical bounds.,none
373,2,1,2026-08-08,2026-08-08,1,298.02,299.7,268.89,268.95,0.74,0.89,2.0,0.0333,isolated,29.13,30.75,0.8315,0.37,2.0,1.0,0,0,0,-0.1139,0,NORMAL,NORMAL_THERMAL_ACTIVITY,Thermal activity falls within normal statistical bounds.,none
374,1,1,2026-08-08,2026-08-08,1,307.8,307.8,287.71,287.71,0.98,0.98,2.0,0.0333,isolated,20.09,20.09,1.0,0.98,1.0,1.0,0,0,0,-0.1918,0,NORMAL,NORMAL_THERMAL_ACTIVITY,Thermal activity falls within normal statistical bounds.,none
375,2,2,2026-08-08,2026-08-09,2,310.645,314.66,282.85,290.46,1.68,2.19,2.0,0.0667,short_lived_repeated,27.795,24.2,0.7671,0.84,1.0,1.0,1,0,1,-0.1275,0,NORMAL,NORMAL_THERMAL_ACTIVITY,Thermal activity falls within normal statistical bounds.,none
376,1,1,2026-08-08,2026-08-08,1,309.29,309.29,280.4,280.4,1.02,1.02,2.0,0.0333,isolated,28.89,28.89,1.0,1.02,1.0,1.0,0,0,0,-0.1966,0,NORMAL,NORMAL_THERMAL_ACTIVITY,Thermal activity falls within normal statistical bounds.,none
377,3,2,2026-08-09,2026-08-11,3,331.437,334.09,300.273,303.28,5.897,7.63,2.0,0.0667,short_lived_repeated,31.164,30.81,0.7729,1.9657,1.0,0.6667,1,0,1,-0.0846,0,NORMAL,NORMAL_THERMAL_ACTIVITY,Thermal activity falls within normal statistical bounds.,none
378,2,2,2026-08-09,2026-08-11,3,330.16,332.36,298.69,302.15,8.74,10.25,2.0,0.0667,short_lived_repeated,31.47,30.21,0.8527,4.37,0.6667,0.6667,1,0,1,-0.0526,0,NORMAL,NORMAL_THERMAL_ACTIVITY,Thermal activity falls within normal statistical bounds.,none
379,6,3,2026-08-09,2026-08-11,3,330.81,331.67,302.193,303.25,3.877,5.92,1.0,0.1,short_lived_repeated,28.617,28.42,0.6549,0.6462,2.0,1.0,1,0,1,0.032,1,HIGH,STATISTICAL_ANOMALY,High abnormality primarily associated with unusual multi-variate statistical signature.,multivariate_combination
380,2,1,2026-08-09,2026-08-09,1,331.645,332.72,302.25,302.66,7.305,8.53,1.5,0.0333,isolated,29.395,30.06,0.8564,3.6525,2.0,1.0,0,0,0,-0.0782,0,NORMAL,NORMAL_THERMAL_ACTIVITY,Thermal activity falls within normal statistical bounds.,none
381,1,1,2026-08-09,2026-08-09,1,339.33,339.33,298.15,298.15,5.35,5.35,2.0,0.0333,isolated,41.18,41.18,1.0,5.35,1.0,1.0,0,0,0,-0.207,0,NORMAL,NORMAL_THERMAL_ACTIVITY,Thermal activity falls within normal statistical bounds.,none
382,1,1,2026-08-09,2026-08-09,1,335.7,335.7,298.37,298.37,3.57,3.57,2.0,0.0333,isolated,37.33,37.33,1.0,3.57,1.0,1.0,0,0,0,-0.2175,0,NORMAL,NORMAL_THERMAL_ACTIVITY,Thermal activity falls within normal statistical bounds.,none
383,2,1,2026-08-09,2026-08-09,1,338.835,339.38,300.975,301.08,8.56,9.0,2.0,0.0333,isolated,37.86,38.3,0.9511,4.28,2.0,1.0,0,0,0,-0.1517,0,NORMAL,NORMAL_THERMAL_ACTIVITY,Thermal activity falls within normal statistical bounds.,none
384,1,1,2026-08-09,2026-08-09,1,331.98,331.98,295.12,295.12,2.55,2.55,2.0,0.0333,isolated,36.86,36.86,1.0,2.55,1.0,1.0,0,0,0,-0.2188,0,NORMAL,NORMAL_THERMAL_ACTIVITY,Thermal activity falls within normal statistical bounds.,none
385,1,1,2026-08-09,2026-08-09,1,343.82,343.82,301.72,301.72,10.73,10.73,2.0,0.0333,isolated,42.1,42.1,1.0,10.73,1.0,1.0,0,0,0,-0.1548,0,NORMAL,NORMAL_THERMAL_ACTIVITY,Thermal activity falls within normal statistical bounds.,none
386,2,1,2026-08-09,2026-08-09,1,332.775,334.55,294.23,295.23,2.71,2.75,2.0,0.0333,isolated,38.545,39.32,0.9855,1.355,2.0,1.0,0,0,0,-0.1819,0,NORMAL,NORMAL_THERMAL_ACTIVITY,Thermal activity falls within normal statistical bounds.,none
387,1,1,2026-08-09,2026-08-09,1,331.55,331.55,299.84,299.84,3.99,3.99,2.0,0.0333,isolated,31.71,31.71,1.0,3.99,1.0,1.0,0,0,0,-0.2172,0,NORMAL,NORMAL_THERMAL_ACTIVITY,Thermal activity falls within normal statistical bounds.,none
388,1,1,2026-08-09,2026-08-09,1,334.42,334.42,296.49,296.49,4.52,4.52,2.0,0.0333,isolated,37.93,37.93,1.0,4.52,1.0,1.0,0,0,0,-0.2169,0,NORMAL,NORMAL_THERMAL_ACTIVITY,Thermal activity falls within normal statistical bounds.,none
389,1,1,2026-08-09,2026-08-09,1,331.9,331.9,298.11,298.11,2.62,2.62,2.0,0.0333,isolated,33.79,33.79,1.0,2.62,1.0,1.0,0,0,0,-0.217,0,NORMAL,NORMAL_THERMAL_ACTIVITY,Thermal activity falls within normal statistical bounds.,none
390,1,1,2026-08-09,2026-08-09,1,341.83,341.83,301.13,301.13,8.74,8.74,2.0,0.0333,isolated,40.7,40.7,1.0,8.74,1.0,1.0,0,0,0,-0.1851,0,NORMAL,NORMAL_THERMAL_ACTIVITY,Thermal activity falls within normal statistical bounds.,none
391,1,1,2026-08-09,2026-08-09,1,341.2,341.2,303.8,303.8,5.44,5.44,2.0,0.0333,isolated,37.4,37.4,1.0,5.44,1.0,1.0,0,0,0,-0.2058,0,NORMAL,NORMAL_THERMAL_ACTIVITY,Thermal activity falls within normal statistical bounds.,none
392,1,1,2026-08-09,2026-08-09,1,334.31,334.31,299.18,299.18,4.75,4.75,2.0,0.0333,isolated,35.13,35.13,1.0,4.75,1.0,1.0,0,0,0,-0.2155,0,NORMAL,NORMAL_THERMAL_ACTIVITY,Thermal activity falls within normal statistical bounds.,none
393,3,1,2026-08-09,2026-08-09,1,342.307,348.62,300.62,300.72,8.227,12.76,2.0,0.0333,isolated,41.687,47.9,0.6447,2.7423,3.0,1.0,0,0,0,-0.0805,0,NORMAL,NORMAL_THERMAL_ACTIVITY,Thermal activity falls within normal statistical bounds.,none
394,1,1,2026-08-09,2026-08-09,1,335.63,335.63,298.8,298.8,2.54,2.54,2.0,0.0333,isolated,36.83,36.83,1.0,2.54,1.0,1.0,0,0,0,-0.2191,0,NORMAL,NORMAL_THERMAL_ACTIVITY,Thermal activity falls within normal statistical bounds.,none
395,1,1,2026-08-09,2026-08-09,1,336.89,336.89,298.4,298.4,6.5,6.5,2.0,0.0333,isolated,38.49,38.49,1.0,6.5,1.0,1.0,0,0,0,-0.1973,0,NORMAL,NORMAL_THERMAL_ACTIVITY,Thermal activity falls within normal statistical bounds.,none
396,1,1,2026-08-09,2026-08-09,1,332.08,332.08,296.85,296.85,27.03,27.03,2.0,0.0333,isolated,35.23,35.23,1.0,27.03,1.0,1.0,0,0,0,-0.0562,0,NORMAL,NORMAL_THERMAL_ACTIVITY,Thermal activity falls within normal statistical bounds.,none
397,1,1,2026-08-09,2026-08-09,1,333.21,333.21,295.24,295.24,6.97,6.97,2.0,0.0333,isolated,37.97,37.97,1.0,6.97,1.0,1.0,0,0,0,-0.1931,0,NORMAL,NORMAL_THERMAL_ACTIVITY,Thermal activity falls within normal statistical bounds.,none
398,18,3,2026-08-09,2026-08-11,3,309.599,330.24,281.883,296.14,2.886,4.86,2.0,0.1,short_lived_repeated,27.716,34.1,0.5938,0.1603,6.0,1.0,1,0,1,0.0079,1,HIGH,STATISTICAL_ANOMALY,High abnormality primarily associated with unusual multi-variate statistical signature.,multivariate_combination
399,3,1,2026-08-09,2026-08-09,1,340.24,345.75,301.507,301.87,9.15,9.47,2.0,0.0333,isolated,38.733,43.88,0.9662,3.05,3.0,1.0,0,0,0,-0.1085,0,NORMAL,NORMAL_THERMAL_ACTIVITY,Thermal activity falls within normal statistical bounds.,none
400,1,1,2026-08-09,2026-08-09,1,335.36,335.36,297.79,297.79,10.47,10.47,2.0,0.0333,isolated,37.57,37.57,1.0,10.47,1.0,1.0,0,0,0,-0.159,0,NORMAL,NORMAL_THERMAL_ACTIVITY,Thermal activity falls within normal statistical bounds.,none
401,2,1,2026-08-09,2026-08-09,1,336.025,337.59,295.395,295.53,4.795,4.92,2.0,0.0333,isolated,40.63,42.06,0.9746,2.3975,2.0,1.0,0,0,0,-0.1762,0,NORMAL,NORMAL_THERMAL_ACTIVITY,Thermal activity falls within normal statistical bounds.,none
402,1,1,2026-08-09,2026-08-09,1,339.25,339.25,295.44,295.44,10.73,10.73,2.0,0.0333,isolated,43.81,43.81,1.0,10.73,1.0,1.0,0,0,0,-0.1521,0,NORMAL,NORMAL_THERMAL_ACTIVITY,Thermal activity falls within normal statistical bounds.,none
403,1,1,2026-08-09,2026-08-09,1,334.41,334.41,295.75,295.75,2.92,2.92,2.0,0.0333,isolated,38.66,38.66,1.0,2.92,1.0,1.0,0,0,0,-0.2175,0,NORMAL,NORMAL_THERMAL_ACTIVITY,Thermal activity falls within normal statistical bounds.,none
404,1,1,2026-08-09,2026-08-09,1,352.49,352.49,297.72,297.72,11.14,11.14,2.0,0.0333,isolated,54.77,54.77,1.0,11.14,1.0,1.0,0,0,0,-0.0967,0,NORMAL,NORMAL_THERMAL_ACTIVITY,Thermal activity falls within normal statistical bounds.,none
405,1,1,2026-08-09,2026-08-09,1,367.0,367.0,293.1,293.1,12.27,12.27,3.0,0.0333,isolated,73.9,73.9,1.0,12.27,1.0,1.0,0,0,0,0.0694,1,HIGH,MULTI_FACTOR_ANOMALY,High abnormality primarily associated with elevated thermal intensity and elevated thermal energy (FRP).,"max_bright_ti4,bt_diff_max,mean_frp"
406,1,1,2026-08-09,2026-08-09,1,334.11,334.11,288.71,288.71,3.42,3.42,2.0,0.0333,isolated,45.4,45.4,1.0,3.42,1.0,1.0,0,0,0,-0.2093,0,NORMAL,NORMAL_THERMAL_ACTIVITY,Thermal activity falls within normal statistical bounds.,none
407,1,1,2026-08-09,2026-08-09,1,340.74,340.74,302.98,302.98,3.21,3.21,2.0,0.0333,isolated,37.76,37.76,1.0,3.21,1.0,1.0,0,0,0,-0.2119,0,NORMAL,NORMAL_THERMAL_ACTIVITY,Thermal activity falls within normal statistical bounds.,none
408,1,1,2026-08-09,2026-08-09,1,330.42,330.42,294.12,294.12,8.5,8.5,2.0,0.0333,isolated,36.3,36.3,1.0,8.5,1.0,1.0,0,0,0,-0.1847,0,NORMAL,NORMAL_THERMAL_ACTIVITY,Thermal activity falls within normal statistical bounds.,none
409,1,1,2026-08-09,2026-08-09,1,308.47,308.47,289.67,289.67,0.86,0.86,2.0,0.0333,isolated,18.8,18.8,1.0,0.86,1.0,1.0,0,0,0,-0.1863,0,NORMAL,NORMAL_THERMAL_ACTIVITY,Thermal activity falls within normal statistical bounds.,none
410,2,2,2026-08-09,2026-08-11,3,304.69,305.31,283.84,286.46,0.84,1.09,2.0,0.0667,short_lived_repeated,20.85,18.85,0.7706,0.42,0.6667,0.6667,1,0,1,-0.0793,0,NORMAL,NORMAL_THERMAL_ACTIVITY,Thermal activity falls within normal statistical bounds.,none
411,6,2,2026-08-09,2026-08-10,2,306.917,316.62,286.035,290.39,1.895,3.49,2.0,0.0667,short_lived_repeated,20.882,26.23,0.543,0.3158,3.0,1.0,1,0,1,-0.0542,0,NORMAL,NORMAL_THERMAL_ACTIVITY,Thermal activity falls within normal statistical bounds.,none
412,5,3,2026-08-09,2026-08-14,6,306.268,313.17,282.712,289.1,2.072,4.78,2.0,0.1,short_lived_repeated,23.556,24.07,0.4335,0.4144,0.8333,0.5,1,0,1,-0.0203,0,ELEVATED,RECURRING_THERMAL_ACTIVITY,Elevated abnormality primarily associated with recurring thermal activity over an extended duration.,duration_days
413,1,1,2026-08-09,2026-08-09,1,304.87,304.87,288.51,288.51,2.59,2.59,2.0,0.0333,isolated,16.36,16.36,1.0,2.59,1.0,1.0,0,0,0,-0.179,0,NORMAL,NORMAL_THERMAL_ACTIVITY,Thermal activity falls within normal statistical bounds.,none
414,19,3,2026-08-09,2026-08-11,3,319.218,343.27,287.467,298.58,3.802,10.29,2.0,0.1,short_lived_repeated,31.751,44.69,0.3695,0.2001,6.3333,1.0,1,0,1,0.0417,1,HIGH,HIGH_THERMAL_INTENSITY,High abnormality primarily associated with elevated thermal intensity.,max_bright_ti4
415,1,1,2026-08-09,2026-08-09,1,306.66,306.66,288.53,288.53,2.28,2.28,2.0,0.0333,isolated,18.13,18.13,1.0,2.28,1.0,1.0,0,0,0,-0.19,0,NORMAL,NORMAL_THERMAL_ACTIVITY,Thermal activity falls within normal statistical bounds.,none
416,5,2,2026-08-09,2026-08-10,2,312.24,319.98,287.598,289.44,3.186,3.82,2.0,0.0667,short_lived_repeated,24.642,30.54,0.834,0.6372,2.5,1.0,1,0,1,-0.0897,0,NORMAL,NORMAL_THERMAL_ACTIVITY,Thermal activity falls within normal statistical bounds.,none
417,12,3,2026-08-09,2026-08-11,3,308.32,315.51,289.404,292.91,1.82,2.85,2.0,0.1,short_lived_repeated,18.916,22.6,0.6386,0.1517,4.0,1.0,1,0,1,-0.0192,0,ELEVATED,STATISTICAL_ANOMALY,Elevated abnormality primarily associated with unusual multi-variate statistical signature.,multivariate_combination
418,2,2,2026-08-09,2026-08-12,4,306.48,307.88,288.26,288.87,1.575,1.82,2.0,0.0667,short_lived_repeated,18.22,19.01,0.8654,0.7875,0.5,0.5,1,0,1,-0.071,0,NORMAL,NORMAL_THERMAL_ACTIVITY,Thermal activity falls within normal statistical bounds.,none
419,1,1,2026-08-09,2026-08-09,1,311.01,311.01,286.98,286.98,2.87,2.87,2.0,0.0333,isolated,24.03,24.03,1.0,2.87,1.0,1.0,0,0,0,-0.1913,0,NORMAL,NORMAL_THERMAL_ACTIVITY,Thermal activity falls within normal statistical bounds.,none
420,15,2,2026-08-09,2026-08-12,4,325.008,345.65,291.245,296.36,5.46,13.15,2.0,0.0667,short_lived_repeated,33.763,49.29,0.4152,0.364,3.75,0.5,1,0,1,0.0212,1,HIGH,SHORT_LIVED_EXTREME_EVENT,High abnormality primarily associated with elevated thermal intensity.,"max_bright_ti4,bt_diff_max"
421,1,1,2026-08-09,2026-08-09,1,301.17,301.17,286.11,286.11,0.89,0.89,2.0,0.0333,isolated,15.06,15.06,1.0,0.89,1.0,1.0,0,0,0,-0.1759,0,NORMAL,NORMAL_THERMAL_ACTIVITY,Thermal activity falls within normal statistical bounds.,none
422,2,1,2026-08-09,2026-08-09,1,314.235,314.99,288.76,290.84,2.855,3.81,2.0,0.0333,isolated,25.475,24.15,0.7493,1.4275,2.0,1.0,0,0,0,-0.1303,0,NORMAL,NORMAL_THERMAL_ACTIVITY,Thermal activity falls within normal statistical bounds.,none
423,2,1,2026-08-09,2026-08-09,1,304.65,306.56,288.065,289.78,1.295,1.82,2.0,0.0333,isolated,16.585,16.78,0.7115,0.6475,2.0,1.0,0,0,0,-0.1316,0,NORMAL,NORMAL_THERMAL_ACTIVITY,Thermal activity falls within normal statistical bounds.,none
424,1,1,2026-08-09,2026-08-09,1,300.31,300.31,286.72,286.72,1.54,1.54,2.0,0.0333,isolated,13.59,13.59,1.0,1.54,1.0,1.0,0,0,0,-0.1593,0,NORMAL,NORMAL_THERMAL_ACTIVITY,Thermal activity falls within normal statistical bounds.,none
425,1,1,2026-08-09,2026-08-09,1,304.86,304.86,284.45,284.45,2.41,2.41,2.0,0.0333,isolated,20.41,20.41,1.0,2.41,1.0,1.0,0,0,0,-0.1862,0,NORMAL,NORMAL_THERMAL_ACTIVITY,Thermal activity falls within normal statistical bounds.,none
426,1,1,2026-08-09,2026-08-09,1,304.18,304.18,291.52,291.52,0.79,0.79,2.0,0.0333,isolated,12.66,12.66,1.0,0.79,1.0,1.0,0,0,0,-0.1679,0,NORMAL,NORMAL_THERMAL_ACTIVITY,Thermal activity falls within normal statistical bounds.,none
427,1,1,2026-08-09,2026-08-09,1,302.8,302.8,290.48,290.48,0.73,0.73,2.0,0.0333,isolated,12.32,12.32,1.0,0.73,1.0,1.0,0,0,0,-0.1665,0,NORMAL,NORMAL_THERMAL_ACTIVITY,Thermal activity falls within normal statistical bounds.,none
428,1,1,2026-08-09,2026-08-09,1,303.45,303.45,290.01,290.01,0.75,0.75,2.0,0.0333,isolated,13.44,13.44,1.0,0.75,1.0,1.0,0,0,0,-0.1726,0,NORMAL,NORMAL_THERMAL_ACTIVITY,Thermal activity falls within normal statistical bounds.,none
429,1,1,2026-08-09,2026-08-09,1,303.98,303.98,287.03,287.03,0.86,0.86,2.0,0.0333,isolated,16.95,16.95,1.0,0.86,1.0,1.0,0,0,0,-0.1868,0,NORMAL,NORMAL_THERMAL_ACTIVITY,Thermal activity falls within normal statistical bounds.,none
430,1,1,2026-08-09,2026-08-09,1,300.41,300.41,286.96,286.96,0.6,0.6,2.0,0.0333,isolated,13.45,13.45,1.0,0.6,1.0,1.0,0,0,0,-0.1538,0,NORMAL,NORMAL_THERMAL_ACTIVITY,Thermal activity falls within normal statistical bounds.,none
431,1,1,2026-08-09,2026-08-09,1,301.97,301.97,281.51,281.51,0.96,0.96,2.0,0.0333,isolated,20.46,20.46,1.0,0.96,1.0,1.0,0,0,0,-0.1837,0,NORMAL,NORMAL_THERMAL_ACTIVITY,Thermal activity falls within normal statistical bounds.,none
432,1,1,2026-08-09,2026-08-09,1,300.11,300.11,276.77,276.77,0.75,0.75,2.0,0.0333,isolated,23.34,23.34,1.0,0.75,1.0,1.0,0,0,0,-0.1704,0,NORMAL,NORMAL_THERMAL_ACTIVITY,Thermal activity falls within normal statistical bounds.,none
433,9,3,2026-08-09,2026-08-12,4,311.352,329.97,289.027,290.45,2.604,6.91,2.0,0.1,short_lived_repeated,22.325,39.52,0.3768,0.2893,2.25,0.75,1,0,1,-0.0192,0,ELEVATED,STATISTICAL_ANOMALY,Elevated abnormality primarily associated with unusual multi-variate statistical signature.,multivariate_combination
434,2,2,2026-08-09,2026-08-12,4,307.735,312.38,284.16,289.8,1.62,1.78,2.0,0.0667,short_lived_repeated,23.575,22.58,0.9101,0.81,0.5,0.5,1,0,1,-0.078,0,NORMAL,NORMAL_THERMAL_ACTIVITY,Thermal activity falls within normal statistical bounds.,none
435,3,2,2026-08-09,2026-08-12,4,307.057,311.2,286.817,290.29,1.583,2.03,2.0,0.0667,short_lived_repeated,20.24,20.91,0.7798,0.5277,0.75,0.5,1,0,1,-0.0926,0,NORMAL,NORMAL_THERMAL_ACTIVITY,Thermal activity falls within normal statistical bounds.,none
436,1,1,2026-08-09,2026-08-09,1,308.73,308.73,289.56,289.56,1.26,1.26,2.0,0.0333,isolated,19.17,19.17,1.0,1.26,1.0,1.0,0,0,0,-0.1904,0,NORMAL,NORMAL_THERMAL_ACTIVITY,Thermal activity falls within normal statistical bounds.,none
437,2,2,2026-08-09,2026-08-11,3,304.13,306.13,282.12,286.28,2.225,3.89,2.0,0.0667,short_lived_repeated,22.01,19.85,0.572,1.1125,0.6667,0.6667,1,0,1,-0.0601,0,NORMAL,NORMAL_THERMAL_ACTIVITY,Thermal activity falls within normal statistical bounds.,none
438,1,1,2026-08-09,2026-08-09,1,306.94,306.94,287.29,287.29,1.52,1.52,2.0,0.0333,isolated,19.65,19.65,1.0,1.52,1.0,1.0,0,0,0,-0.1925,0,NORMAL,NORMAL_THERMAL_ACTIVITY,Thermal activity falls within normal statistical bounds.,none
439,2,1,2026-08-09,2026-08-09,1,305.76,306.74,286.745,287.95,1.695,1.85,2.0,0.0333,isolated,19.015,18.79,0.9162,0.8475,2.0,1.0,0,0,0,-0.1532,0,NORMAL,NORMAL_THERMAL_ACTIVITY,Thermal activity falls within normal statistical bounds.,none
440,4,3,2026-08-09,2026-08-14,6,303.102,308.46,281.895,289.38,2.482,3.58,2.0,0.1,short_lived_repeated,21.207,19.08,0.6933,0.6205,0.6667,0.5,1,0,1,-0.0351,0,ELEVATED,RECURRING_THERMAL_ACTIVITY,Elevated abnormality primarily associated with recurring thermal activity over an extended duration.,duration_days
441,1,1,2026-08-09,2026-08-09,1,312.33,312.33,290.67,290.67,1.34,1.34,2.0,0.0333,isolated,21.66,21.66,1.0,1.34,1.0,1.0,0,0,0,-0.1924,0,NORMAL,NORMAL_THERMAL_ACTIVITY,Thermal activity falls within normal statistical bounds.,none
442,4,2,2026-08-09,2026-08-12,4,313.588,331.58,289.828,290.3,2.752,3.26,2.0,0.0667,short_lived_repeated,23.76,41.28,0.8442,0.688,1.0,0.5,1,0,1,-0.0951,0,NORMAL,NORMAL_THERMAL_ACTIVITY,Thermal activity falls within normal statistical bounds.,none
443,1,1,2026-08-09,2026-08-09,1,307.73,307.73,290.31,290.31,1.54,1.54,2.0,0.0333,isolated,17.42,17.42,1.0,1.54,1.0,1.0,0,0,0,-0.1936,0,NORMAL,NORMAL_THERMAL_ACTIVITY,Thermal activity falls within normal statistical bounds.,none
444,1,1,2026-08-09,2026-08-09,1,317.49,317.49,290.69,290.69,3.92,3.92,2.0,0.0333,isolated,26.8,26.8,1.0,3.92,1.0,1.0,0,0,0,-0.1908,0,NORMAL,NORMAL_THERMAL_ACTIVITY,Thermal activity falls within normal statistical bounds.,none
445,5,2,2026-08-09,2026-08-12,4,318.902,346.59,280.026,298.87,2.91,6.75,2.0,0.0667,short_lived_repeated,38.876,47.72,0.4311,0.582,1.25,0.5,1,0,1,-0.0337,0,ELEVATED,SHORT_LIVED_EXTREME_EVENT,Elevated abnormality primarily associated with elevated thermal intensity.,"max_bright_ti4,bt_diff_max"
446,2,2,2026-08-09,2026-08-11,3,304.805,310.43,284.655,290.85,2.03,2.75,2.0,0.0667,short_lived_repeated,20.15,19.58,0.7382,1.015,0.6667,0.6667,1,0,1,-0.0913,0,NORMAL,NORMAL_THERMAL_ACTIVITY,Thermal activity falls within normal statistical bounds.,none
447,1,1,2026-08-09,2026-08-09,1,306.07,306.07,290.77,290.77,1.92,1.92,2.0,0.0333,isolated,15.3,15.3,1.0,1.92,1.0,1.0,0,0,0,-0.1855,0,NORMAL,NORMAL_THERMAL_ACTIVITY,Thermal activity falls within normal statistical bounds.,none
448,1,1,2026-08-09,2026-08-09,1,307.3,307.3,290.78,290.78,2.14,2.14,2.0,0.0333,isolated,16.52,16.52,1.0,2.14,1.0,1.0,0,0,0,-0.19,0,NORMAL,NORMAL_THERMAL_ACTIVITY,Thermal activity falls within normal statistical bounds.,none
449,5,2,2026-08-09,2026-08-12,4,307.072,321.44,281.684,291.29,1.638,2.21,2.0,0.0667,short_lived_repeated,25.388,30.15,0.7412,0.3276,1.25,0.5,1,0,1,-0.0747,0,NORMAL,NORMAL_THERMAL_ACTIVITY,Thermal activity falls within normal statistical bounds.,none
450,2,1,2026-08-09,2026-08-09,1,302.05,302.47,290.1,290.15,1.08,1.08,2.0,0.0333,isolated,11.95,12.32,1.0,0.54,2.0,1.0,0,0,0,-0.1298,0,NORMAL,NORMAL_THERMAL_ACTIVITY,Thermal activity falls within normal statistical bounds.,none
451,5,3,2026-08-09,2026-08-11,3,306.404,312.52,286.498,291.11,1.584,2.07,2.0,0.1,short_lived_repeated,19.906,21.41,0.7652,0.3168,1.6667,1.0,1,0,1,-0.0826,0,NORMAL,NORMAL_THERMAL_ACTIVITY,Thermal activity falls within normal statistical bounds.,none
452,6,3,2026-08-09,2026-08-11,3,309.567,320.3,288.487,292.95,2.547,4.68,2.0,0.1,short_lived_repeated,21.08,27.35,0.5442,0.4245,2.0,1.0,1,0,1,-0.0511,0,NORMAL,NORMAL_THERMAL_ACTIVITY,Thermal activity falls within normal statistical bounds.,none
453,1,1,2026-08-09,2026-08-09,1,309.22,309.22,292.04,292.04,1.62,1.62,2.0,0.0333,isolated,17.18,17.18,1.0,1.62,1.0,1.0,0,0,0,-0.1934,0,NORMAL,NORMAL_THERMAL_ACTIVITY,Thermal activity falls within normal statistical bounds.,none
454,1,1,2026-08-09,2026-08-09,1,306.26,306.26,293.07,293.07,0.85,0.85,2.0,0.0333,isolated,13.19,13.19,1.0,0.85,1.0,1.0,0,0,0,-0.1757,0,NORMAL,NORMAL_THERMAL_ACTIVITY,Thermal activity falls within normal statistical bounds.,none
455,21,2,2026-08-09,2026-08-10,2,319.813,346.16,291.415,303.34,5.042,21.87,2.0,0.0667,short_lived_repeated,28.398,42.82,0.2305,0.2401,10.5,1.0,1,0,1,0.1014,1,HIGH,MULTI_FACTOR_ANOMALY,High abnormality primarily associated with elevated thermal intensity and elevated thermal energy (FRP).,"max_bright_ti4,max_frp"
456,1,1,2026-08-09,2026-08-09,1,306.8,306.8,292.21,292.21,1.04,1.04,2.0,0.0333,isolated,14.59,14.59,1.0,1.04,1.0,1.0,0,0,0,-0.1839,0,NORMAL,NORMAL_THERMAL_ACTIVITY,Thermal activity falls within normal statistical bounds.,none
457,4,1,2026-08-09,2026-08-09,1,304.188,313.6,284.45,285.61,0.898,1.16,2.0,0.0333,isolated,19.738,27.99,0.7741,0.2245,4.0,1.0,0,0,0,-0.0912,0,NORMAL,NORMAL_THERMAL_ACTIVITY,Thermal activity falls within normal statistical bounds.,none
458,5,3,2026-08-09,2026-08-13,5,309.924,335.58,280.79,293.11,1.664,2.99,2.0,0.1,short_lived_repeated,29.134,42.47,0.5565,0.3328,1.0,0.6,1,0,1,-0.0678,0,NORMAL,NORMAL_THERMAL_ACTIVITY,Thermal activity falls within normal statistical bounds.,none
459,1,1,2026-08-09,2026-08-09,1,309.49,309.49,283.55,283.55,0.69,0.69,2.0,0.0333,isolated,25.94,25.94,1.0,0.69,1.0,1.0,0,0,0,-0.1837,0,NORMAL,NORMAL_THERMAL_ACTIVITY,Thermal activity falls within normal statistical bounds.,none
460,1,1,2026-08-09,2026-08-09,1,302.53,302.53,289.15,289.15,0.49,0.49,2.0,0.0333,isolated,13.38,13.38,1.0,0.49,1.0,1.0,0,0,0,-0.1615,0,NORMAL,NORMAL_THERMAL_ACTIVITY,Thermal activity falls within normal statistical bounds.,none
461,1,1,2026-08-09,2026-08-09,1,302.78,302.78,289.42,289.42,1.07,1.07,2.0,0.0333,isolated,13.36,13.36,1.0,1.07,1.0,1.0,0,0,0,-0.1733,0,NORMAL,NORMAL_THERMAL_ACTIVITY,Thermal activity falls within normal statistical bounds.,none
462,1,1,2026-08-09,2026-08-09,1,301.07,301.07,285.48,285.48,0.4,0.4,2.0,0.0333,isolated,15.59,15.59,1.0,0.4,1.0,1.0,0,0,0,-0.1628,0,NORMAL,NORMAL_THERMAL_ACTIVITY,Thermal activity falls within normal statistical bounds.,none
463,2,2,2026-08-09,2026-08-11,3,309.505,313.52,288.65,290.85,1.98,2.64,2.0,0.0667,short_lived_repeated,20.855,22.67,0.75,0.99,0.6667,0.6667,1,0,1,-0.098,0,NORMAL,NORMAL_THERMAL_ACTIVITY,Thermal activity falls within normal statistical bounds.,none
464,1,1,2026-08-09,2026-08-09,1,304.91,304.91,287.7,287.7,1.13,1.13,2.0,0.0333,isolated,17.21,17.21,1.0,1.13,1.0,1.0,0,0,0,-0.1911,0,NORMAL,NORMAL_THERMAL_ACTIVITY,Thermal activity falls within normal statistical bounds.,none
465,1,1,2026-08-09,2026-08-09,1,299.54,299.54,283.89,283.89,0.65,0.65,2.0,0.0333,isolated,15.65,15.65,1.0,0.65,1.0,1.0,0,0,0,-0.1611,0,NORMAL,NORMAL_THERMAL_ACTIVITY,Thermal activity falls within normal statistical bounds.,none
466,2,1,2026-08-09,2026-08-09,1,308.82,309.21,284.34,284.42,0.77,0.86,2.0,0.0333,isolated,24.48,24.79,0.8953,0.385,2.0,1.0,0,0,0,-0.1412,0,NORMAL,NORMAL_THERMAL_ACTIVITY,Thermal activity falls within normal statistical bounds.,none
467,1,1,2026-08-09,2026-08-09,1,301.41,301.41,285.08,285.08,0.52,0.52,2.0,0.0333,isolated,16.33,16.33,1.0,0.52,1.0,1.0,0,0,0,-0.1694,0,NORMAL,NORMAL_THERMAL_ACTIVITY,Thermal activity falls within normal statistical bounds.,none
468,1,1,2026-08-09,2026-08-09,1,301.99,301.99,285.57,285.57,1.2,1.2,2.0,0.0333,isolated,16.42,16.42,1.0,1.2,1.0,1.0,0,0,0,-0.1838,0,NORMAL,NORMAL_THERMAL_ACTIVITY,Thermal activity falls within normal statistical bounds.,none
469,2,1,2026-08-09,2026-08-09,1,305.2,306.21,282.395,282.65,0.745,0.79,2.0,0.0333,isolated,22.805,23.56,0.943,0.3725,2.0,1.0,0,0,0,-0.1406,0,NORMAL,NORMAL_THERMAL_ACTIVITY,Thermal activity falls within normal statistical bounds.,none
470,1,1,2026-08-09,2026-08-09,1,301.74,301.74,281.9,281.9,1.23,1.23,2.0,0.0333,isolated,19.84,19.84,1.0,1.23,1.0,1.0,0,0,0,-0.183,0,NORMAL,NORMAL_THERMAL_ACTIVITY,Thermal activity falls within normal statistical bounds.,none
471,1,1,2026-08-09,2026-08-09,1,302.09,302.09,278.97,278.97,1.06,1.06,2.0,0.0333,isolated,23.12,23.12,1.0,1.06,1.0,1.0,0,0,0,-0.187,0,NORMAL,NORMAL_THERMAL_ACTIVITY,Thermal activity falls within normal statistical bounds.,none
472,1,1,2026-08-09,2026-08-09,1,306.64,306.64,293.75,293.75,1.21,1.21,2.0,0.0333,isolated,12.89,12.89,1.0,1.21,1.0,1.0,0,0,0,-0.1795,0,NORMAL,NORMAL_THERMAL_ACTIVITY,Thermal activity falls within normal statistical bounds.,none
473,1,1,2026-08-09,2026-08-09,1,305.87,305.87,293.75,293.75,1.26,1.26,2.0,0.0333,isolated,12.12,12.12,1.0,1.26,1.0,1.0,0,0,0,-0.1735,0,NORMAL,NORMAL_THERMAL_ACTIVITY,Thermal activity falls within normal statistical bounds.,none
474,1,1,2026-08-09,2026-08-09,1,308.19,308.19,292.91,292.91,1.26,1.26,2.0,0.0333,isolated,15.28,15.28,1.0,1.26,1.0,1.0,0,0,0,-0.1851,0,NORMAL,NORMAL_THERMAL_ACTIVITY,Thermal activity falls within normal statistical bounds.,none
475,1,1,2026-08-09,2026-08-09,1,304.66,304.66,285.12,285.12,1.12,1.12,2.0,0.0333,isolated,19.54,19.54,1.0,1.12,1.0,1.0,0,0,0,-0.1902,0,NORMAL,NORMAL_THERMAL_ACTIVITY,Thermal activity falls within normal statistical bounds.,none
476,3,2,2026-08-09,2026-08-11,3,308.597,318.43,287.547,292.77,1.61,2.14,2.0,0.0667,short_lived_repeated,21.05,25.66,0.7523,0.5367,1.0,0.6667,1,0,1,-0.1094,0,NORMAL,NORMAL_THERMAL_ACTIVITY,Thermal activity falls within normal statistical bounds.,none
477,1,1,2026-08-09,2026-08-09,1,300.48,300.48,285.3,285.3,1.32,1.32,2.0,0.0333,isolated,15.18,15.18,1.0,1.32,1.0,1.0,0,0,0,-0.1689,0,NORMAL,NORMAL_THERMAL_ACTIVITY,Thermal activity falls within normal statistical bounds.,none
478,1,1,2026-08-09,2026-08-09,1,300.48,300.48,287.6,287.6,0.75,0.75,2.0,0.0333,isolated,12.88,12.88,1.0,0.75,1.0,1.0,0,0,0,-0.1565,0,NORMAL,NORMAL_THERMAL_ACTIVITY,Thermal activity falls within normal statistical bounds.,none
479,10,2,2026-08-10,2026-08-11,2,318.686,343.35,288.703,298.33,3.586,9.22,2.0,0.0667,short_lived_repeated,29.983,45.02,0.3889,0.3586,5.0,1.0,1,0,1,-0.0092,0,ELEVATED,SHORT_LIVED_EXTREME_EVENT,Elevated abnormality primarily associated with elevated thermal intensity.,"max_bright_ti4,bt_diff_max"
480,1,1,2026-08-10,2026-08-10,1,330.95,330.95,293.21,293.21,3.77,3.77,2.0,0.0333,isolated,37.74,37.74,1.0,3.77,1.0,1.0,0,0,0,-0.2161,0,NORMAL,NORMAL_THERMAL_ACTIVITY,Thermal activity falls within normal statistical bounds.,none
481,1,1,2026-08-10,2026-08-10,1,330.23,330.23,293.63,293.63,3.82,3.82,2.0,0.0333,isolated,36.6,36.6,1.0,3.82,1.0,1.0,0,0,0,-0.2144,0,NORMAL,NORMAL_THERMAL_ACTIVITY,Thermal activity falls within normal statistical bounds.,none
482,1,1,2026-08-10,2026-08-10,1,333.44,333.44,294.26,294.26,2.84,2.84,2.0,0.0333,isolated,39.18,39.18,1.0,2.84,1.0,1.0,0,0,0,-0.2166,0,NORMAL,NORMAL_THERMAL_ACTIVITY,Thermal activity falls within normal statistical bounds.,none
483,1,1,2026-08-10,2026-08-10,1,331.44,331.44,291.8,291.8,1.86,1.86,2.0,0.0333,isolated,39.64,39.64,1.0,1.86,1.0,1.0,0,0,0,-0.2102,0,NORMAL,NORMAL_THERMAL_ACTIVITY,Thermal activity falls within normal statistical bounds.,none
484,1,1,2026-08-10,2026-08-10,1,331.55,331.55,294.26,294.26,3.31,3.31,2.0,0.0333,isolated,37.29,37.29,1.0,3.31,1.0,1.0,0,0,0,-0.2182,0,NORMAL,NORMAL_THERMAL_ACTIVITY,Thermal activity falls within normal statistical bounds.,none
485,1,1,2026-08-10,2026-08-10,1,330.94,330.94,293.01,293.01,5.81,5.81,2.0,0.0333,isolated,37.93,37.93,1.0,5.81,1.0,1.0,0,0,0,-0.2053,0,NORMAL,NORMAL_THERMAL_ACTIVITY,Thermal activity falls within normal statistical bounds.,none
486,1,1,2026-08-10,2026-08-10,1,337.35,337.35,292.2,292.2,5.76,5.76,2.0,0.0333,isolated,45.15,45.15,1.0,5.76,1.0,1.0,0,0,0,-0.1984,0,NORMAL,NORMAL_THERMAL_ACTIVITY,Thermal activity falls within normal statistical bounds.,none
487,1,1,2026-08-10,2026-08-10,1,336.01,336.01,293.72,293.72,5.35,5.35,2.0,0.0333,isolated,42.29,42.29,1.0,5.35,1.0,1.0,0,0,0,-0.2092,0,NORMAL,NORMAL_THERMAL_ACTIVITY,Thermal activity falls within normal statistical bounds.,none
488,3,1,2026-08-10,2026-08-10,1,340.953,344.62,295.33,298.99,4.047,4.29,2.0,0.0333,isolated,45.623,45.63,0.9434,1.349,3.0,1.0,0,0,0,-0.1325,0,NORMAL,NORMAL_THERMAL_ACTIVITY,Thermal activity falls within normal statistical bounds.,none
489,1,1,2026-08-10,2026-08-10,1,334.23,334.23,293.82,293.82,4.44,4.44,2.0,0.0333,isolated,40.41,40.41,1.0,4.44,1.0,1.0,0,0,0,-0.2138,0,NORMAL,NORMAL_THERMAL_ACTIVITY,Thermal activity falls within normal statistical bounds.,none
490,2,1,2026-08-10,2026-08-10,1,337.58,338.62,294.62,294.75,4.12,5.7,2.0,0.0333,isolated,42.96,43.87,0.7228,2.06,2.0,1.0,0,0,0,-0.1597,0,NORMAL,NORMAL_THERMAL_ACTIVITY,Thermal activity falls within normal statistical bounds.,none
491,2,1,2026-08-10,2026-08-10,1,336.91,339.29,297.085,298.72,15.41,22.49,2.0,0.0333,isolated,39.825,40.57,0.6852,7.705,2.0,1.0,0,0,0,-0.0519,0,NORMAL,NORMAL_THERMAL_ACTIVITY,Thermal activity falls within normal statistical bounds.,none
492,2,1,2026-08-10,2026-08-10,1,339.94,340.59,297.235,297.41,10.21,14.68,2.0,0.0333,isolated,42.705,43.18,0.6955,5.105,2.0,1.0,0,0,0,-0.0968,0,NORMAL,NORMAL_THERMAL_ACTIVITY,Thermal activity falls within normal statistical bounds.,none
493,1,1,2026-08-10,2026-08-10,1,339.64,339.64,297.91,297.91,6.42,6.42,2.0,0.0333,isolated,41.73,41.73,1.0,6.42,1.0,1.0,0,0,0,-0.1961,0,NORMAL,NORMAL_THERMAL_ACTIVITY,Thermal activity falls within normal statistical bounds.,none
494,2,1,2026-08-10,2026-08-10,1,335.06,335.94,296.285,296.34,9.075,10.14,2.0,0.0333,isolated,38.775,39.6,0.895,4.5375,2.0,1.0,0,0,0,-0.1394,0,NORMAL,NORMAL_THERMAL_ACTIVITY,Thermal activity falls within normal statistical bounds.,none
495,1,1,2026-08-10,2026-08-10,1,342.05,342.05,298.47,298.47,9.56,9.56,2.0,0.0333,isolated,43.58,43.58,1.0,9.56,1.0,1.0,0,0,0,-0.1757,0,NORMAL,NORMAL_THERMAL_ACTIVITY,Thermal activity falls within normal statistical bounds.,none
496,2,1,2026-08-10,2026-08-10,1,335.475,340.24,298.02,299.53,5.915,9.77,2.0,0.0333,isolated,37.455,40.71,0.6054,2.9575,2.0,1.0,0,0,0,-0.1232,0,NORMAL,NORMAL_THERMAL_ACTIVITY,Thermal activity falls within normal statistical bounds.,none
497,1,1,2026-08-10,2026-08-10,1,339.22,339.22,295.11,295.11,8.95,8.95,2.0,0.0333,isolated,44.11,44.11,1.0,8.95,1.0,1.0,0,0,0,-0.1829,0,NORMAL,NORMAL_THERMAL_ACTIVITY,Thermal activity falls within normal statistical bounds.,none
498,1,1,2026-08-10,2026-08-10,1,342.18,342.18,296.78,296.78,4.76,4.76,2.0,0.0333,isolated,45.4,45.4,1.0,4.76,1.0,1.0,0,0,0,-0.1989,0,NORMAL,NORMAL_THERMAL_ACTIVITY,Thermal activity falls within normal statistical bounds.,none
499,1,1,2026-08-10,2026-08-10,1,345.75,345.75,298.44,298.44,15.23,15.23,2.0,0.0333,isolated,47.31,47.31,1.0,15.23,1.0,1.0,0,0,0,-0.1082,0,NORMAL,NORMAL_THERMAL_ACTIVITY,Thermal activity falls within normal statistical bounds.,none
500,3,1,2026-08-10,2026-08-10,1,332.87,335.61,298.353,298.76,4.397,5.99,2.0,0.0333,isolated,34.517,36.85,0.7341,1.4657,3.0,1.0,0,0,0,-0.1412,0,NORMAL,NORMAL_THERMAL_ACTIVITY,Thermal activity falls within normal statistical bounds.,none
501,6,2,2026-08-10,2026-08-11,2,340.05,347.18,303.73,307.86,4.423,7.21,1.833,0.0667,short_lived_repeated,36.32,39.32,0.6135,0.7372,3.0,1.0,1,0,1,-0.0619,0,NORMAL,NORMAL_THERMAL_ACTIVITY,Thermal activity falls within normal statistical bounds.,none
502,1,1,2026-08-10,2026-08-10,1,330.0,330.0,299.92,299.92,3.53,3.53,2.0,0.0333,isolated,30.08,30.08,1.0,3.53,1.0,1.0,0,0,0,-0.2073,0,NORMAL,NORMAL_THERMAL_ACTIVITY,Thermal activity falls within normal statistical bounds.,none
503,1,1,2026-08-10,2026-08-10,1,336.63,336.63,297.38,297.38,4.22,4.22,2.0,0.0333,isolated,39.25,39.25,1.0,4.22,1.0,1.0,0,0,0,-0.2158,0,NORMAL,NORMAL_THERMAL_ACTIVITY,Thermal activity falls within normal statistical bounds.,none
504,1,1,2026-08-10,2026-08-10,1,331.15,331.15,298.52,298.52,2.85,2.85,2.0,0.0333,isolated,32.63,32.63,1.0,2.85,1.0,1.0,0,0,0,-0.2174,0,NORMAL,NORMAL_THERMAL_ACTIVITY,Thermal activity falls within normal statistical bounds.,none
505,1,1,2026-08-10,2026-08-10,1,332.49,332.49,299.57,299.57,4.51,4.51,2.0,0.0333,isolated,32.92,32.92,1.0,4.51,1.0,1.0,0,0,0,-0.2154,0,NORMAL,NORMAL_THERMAL_ACTIVITY,Thermal activity falls within normal statistical bounds.,none
506,3,1,2026-08-10,2026-08-10,1,340.293,342.14,300.353,301.59,4.98,5.44,2.0,0.0333,isolated,39.94,40.55,0.9154,1.66,3.0,1.0,0,0,0,-0.1409,0,NORMAL,NORMAL_THERMAL_ACTIVITY,Thermal activity falls within normal statistical bounds.,none
507,2,1,2026-08-10,2026-08-10,1,337.835,343.75,295.755,296.91,4.665,7.34,2.0,0.0333,isolated,42.08,46.84,0.6356,2.3325,2.0,1.0,0,0,0,-0.1411,0,NORMAL,NORMAL_THERMAL_ACTIVITY,Thermal activity falls within normal statistical bounds.,none
508,1,1,2026-08-10,2026-08-10,1,335.57,335.57,296.91,296.91,7.02,7.02,2.0,0.0333,isolated,38.66,38.66,1.0,7.02,1.0,1.0,0,0,0,-0.1953,0,NORMAL,NORMAL_THERMAL_ACTIVITY,Thermal activity falls within normal statistical bounds.,none
509,1,1,2026-08-10,2026-08-10,1,336.47,336.47,300.65,300.65,3.89,3.89,2.0,0.0333,isolated,35.82,35.82,1.0,3.89,1.0,1.0,0,0,0,-0.218,0,NORMAL,NORMAL_THERMAL_ACTIVITY,Thermal activity falls within normal statistical bounds.,none
510,4,1,2026-08-10,2026-08-10,1,341.338,354.72,300.213,301.69,5.555,12.35,2.0,0.0333,isolated,41.125,53.03,0.4498,1.3888,4.0,1.0,0,0,0,-0.0288,0,ELEVATED,SHORT_LIVED_EXTREME_EVENT,Elevated abnormality primarily associated with elevated thermal intensity.,"max_bright_ti4,bt_diff_max"
511,1,1,2026-08-10,2026-08-10,1,342.6,342.6,300.26,300.26,6.58,6.58,2.0,0.0333,isolated,42.34,42.34,1.0,6.58,1.0,1.0,0,0,0,-0.1948,0,NORMAL,NORMAL_THERMAL_ACTIVITY,Thermal activity falls within normal statistical bounds.,none
512,2,1,2026-08-10,2026-08-10,1,338.765,342.33,298.61,299.43,5.21,5.8,2.0,0.0333,isolated,40.155,42.9,0.8983,2.605,2.0,1.0,0,0,0,-0.169,0,NORMAL,NORMAL_THERMAL_ACTIVITY,Thermal activity falls within normal statistical bounds.,none
513,2,1,2026-08-10,2026-08-10,1,346.405,351.18,288.735,290.36,7.505,10.14,2.0,0.0333,isolated,57.67,60.82,0.7401,3.7525,2.0,1.0,0,0,0,-0.081,0,NORMAL,NORMAL_THERMAL_ACTIVITY,Thermal activity falls within normal statistical bounds.,none
514,2,1,2026-08-10,2026-08-10,1,342.39,353.11,292.4,296.77,9.755,15.58,2.0,0.0333,isolated,49.99,56.34,0.6261,4.8775,2.0,1.0,0,0,0,-0.0511,0,NORMAL,NORMAL_THERMAL_ACTIVITY,Thermal activity falls within normal statistical bounds.,none
515,1,1,2026-08-10,2026-08-10,1,332.53,332.53,295.18,295.18,9.04,9.04,2.0,0.0333,isolated,37.35,37.35,1.0,9.04,1.0,1.0,0,0,0,-0.1824,0,NORMAL,NORMAL_THERMAL_ACTIVITY,Thermal activity falls within normal statistical bounds.,none
516,1,1,2026-08-10,2026-08-10,1,331.4,331.4,289.89,289.89,1.76,1.76,2.0,0.0333,isolated,41.51,41.51,1.0,1.76,1.0,1.0,0,0,0,-0.2027,0,NORMAL,NORMAL_THERMAL_ACTIVITY,Thermal activity falls within normal statistical bounds.,none
517,3,2,2026-08-10,2026-08-13,4,336.903,338.08,303.483,304.07,3.397,5.11,2.0,0.0667,short_lived_repeated,33.42,34.01,0.6648,1.1323,0.75,0.5,1,0,1,-0.0876,0,NORMAL,NORMAL_THERMAL_ACTIVITY,Thermal activity falls within normal statistical bounds.,none
518,1,1,2026-08-10,2026-08-10,1,340.37,340.37,305.82,305.82,6.32,6.32,2.0,0.0333,isolated,34.55,34.55,1.0,6.32,1.0,1.0,0,0,0,-0.1988,0,NORMAL,NORMAL_THERMAL_ACTIVITY,Thermal activity falls within normal statistical bounds.,none
519,1,1,2026-08-10,2026-08-10,1,342.06,342.06,306.95,306.95,6.79,6.79,2.0,0.0333,isolated,35.11,35.11,1.0,6.79,1.0,1.0,0,0,0,-0.1931,0,NORMAL,NORMAL_THERMAL_ACTIVITY,Thermal activity falls within normal statistical bounds.,none
520,2,1,2026-08-10,2026-08-10,1,343.305,347.39,303.455,304.4,3.17,3.17,2.0,0.0333,isolated,39.85,42.99,1.0,1.585,2.0,1.0,0,0,0,-0.171,0,NORMAL,NORMAL_THERMAL_ACTIVITY,Thermal activity falls within normal statistical bounds.,none
521,2,1,2026-08-10,2026-08-10,1,335.635,335.67,300.91,300.93,3.045,3.08,2.0,0.0333,isolated,34.725,34.74,0.9886,1.5225,2.0,1.0,0,0,0,-0.1809,0,NORMAL,NORMAL_THERMAL_ACTIVITY,Thermal activity falls within normal statistical bounds.,none
522,1,1,2026-08-10,2026-08-10,1,338.78,338.78,303.7,303.7,10.42,10.42,2.0,0.0333,isolated,35.08,35.08,1.0,10.42,1.0,1.0,0,0,0,-0.1637,0,NORMAL,NORMAL_THERMAL_ACTIVITY,Thermal activity falls within normal statistical bounds.,none
523,1,1,2026-08-10,2026-08-10,1,341.53,341.53,308.24,308.24,12.57,12.57,2.0,0.0333,isolated,33.29,33.29,1.0,12.57,1.0,1.0,0,0,0,-0.1306,0,NORMAL,NORMAL_THERMAL_ACTIVITY,Thermal activity falls within normal statistical bounds.,none
524,1,1,2026-08-10,2026-08-10,1,344.8,344.8,304.54,304.54,8.88,8.88,2.0,0.0333,isolated,40.26,40.26,1.0,8.88,1.0,1.0,0,0,0,-0.185,0,NORMAL,NORMAL_THERMAL_ACTIVITY,Thermal activity falls within normal statistical bounds.,none
525,1,1,2026-08-10,2026-08-10,1,333.08,333.08,303.36,303.36,2.23,2.23,1.0,0.0333,isolated,29.72,29.72,1.0,2.23,1.0,1.0,0,0,0,-0.1192,0,NORMAL,NORMAL_THERMAL_ACTIVITY,Thermal activity falls within normal statistical bounds.,none
526,1,1,2026-08-10,2026-08-10,1,341.86,341.86,307.31,307.31,11.65,11.65,2.0,0.0333,isolated,34.55,34.55,1.0,11.65,1.0,1.0,0,0,0,-0.1457,0,NORMAL,NORMAL_THERMAL_ACTIVITY,Thermal activity falls within normal statistical bounds.,none
527,1,1,2026-08-10,2026-08-10,1,347.17,347.17,300.87,300.87,23.88,23.88,2.0,0.0333,isolated,46.3,46.3,1.0,23.88,1.0,1.0,0,0,0,-0.055,0,NORMAL,NORMAL_THERMAL_ACTIVITY,Thermal activity falls within normal statistical bounds.,none
528,1,1,2026-08-10,2026-08-10,1,337.78,337.78,300.32,300.32,4.88,4.88,2.0,0.0333,isolated,37.46,37.46,1.0,4.88,1.0,1.0,0,0,0,-0.2118,0,NORMAL,NORMAL_THERMAL_ACTIVITY,Thermal activity falls within normal statistical bounds.,none
529,1,1,2026-08-10,2026-08-10,1,339.66,339.66,303.11,303.11,6.1,6.1,2.0,0.0333,isolated,36.55,36.55,1.0,6.1,1.0,1.0,0,0,0,-0.2033,0,NORMAL,NORMAL_THERMAL_ACTIVITY,Thermal activity falls within normal statistical bounds.,none
530,1,1,2026-08-10,2026-08-10,1,331.1,331.1,300.13,300.13,3.81,3.81,2.0,0.0333,isolated,30.97,30.97,1.0,3.81,1.0,1.0,0,0,0,-0.214,0,NORMAL,NORMAL_THERMAL_ACTIVITY,Thermal activity falls within normal statistical bounds.,none
531,1,1,2026-08-10,2026-08-10,1,331.26,331.26,297.26,297.26,1.3,1.3,2.0,0.0333,isolated,34.0,34.0,1.0,1.3,1.0,1.0,0,0,0,-0.1992,0,NORMAL,NORMAL_THERMAL_ACTIVITY,Thermal activity falls within normal statistical bounds.,none
532,1,1,2026-08-10,2026-08-10,1,335.42,335.42,303.35,303.35,5.48,5.48,2.0,0.0333,isolated,32.07,32.07,1.0,5.48,1.0,1.0,0,0,0,-0.2121,0,NORMAL,NORMAL_THERMAL_ACTIVITY,Thermal activity falls within normal statistical bounds.,none
533,1,1,2026-08-10,2026-08-10,1,339.84,339.84,304.2,304.2,9.31,9.31,2.0,0.0333,isolated,35.64,35.64,1.0,9.31,1.0,1.0,0,0,0,-0.1779,0,NORMAL,NORMAL_THERMAL_ACTIVITY,Thermal activity falls within normal statistical bounds.,none
534,2,1,2026-08-10,2026-08-10,1,333.97,335.66,301.72,302.84,2.21,2.72,2.0,0.0333,isolated,32.25,32.82,0.8125,1.105,2.0,1.0,0,0,0,-0.1667,0,NORMAL,NORMAL_THERMAL_ACTIVITY,Thermal activity falls within normal statistical bounds.,none
535,1,1,2026-08-10,2026-08-10,1,336.43,336.43,301.54,301.54,6.6,6.6,2.0,0.0333,isolated,34.89,34.89,1.0,6.6,1.0,1.0,0,0,0,-0.1978,0,NORMAL,NORMAL_THERMAL_ACTIVITY,Thermal activity falls within normal statistical bounds.,none
536,1,1,2026-08-10,2026-08-10,1,338.33,338.33,298.61,298.61,4.34,4.34,2.0,0.0333,isolated,39.72,39.72,1.0,4.34,1.0,1.0,0,0,0,-0.2122,0,NORMAL,NORMAL_THERMAL_ACTIVITY,Thermal activity falls within normal statistical bounds.,none
537,1,1,2026-08-10,2026-08-10,1,336.61,336.61,300.23,300.23,3.05,3.05,2.0,0.0333,isolated,36.38,36.38,1.0,3.05,1.0,1.0,0,0,0,-0.2182,0,NORMAL,NORMAL_THERMAL_ACTIVITY,Thermal activity falls within normal statistical bounds.,none
538,1,1,2026-08-10,2026-08-10,1,335.51,335.51,299.4,299.4,3.75,3.75,2.0,0.0333,isolated,36.11,36.11,1.0,3.75,1.0,1.0,0,0,0,-0.2191,0,NORMAL,NORMAL_THERMAL_ACTIVITY,Thermal activity falls within normal statistical bounds.,none
539,1,1,2026-08-10,2026-08-10,1,334.7,334.7,299.94,299.94,2.77,2.77,2.0,0.0333,isolated,34.76,34.76,1.0,2.77,1.0,1.0,0,0,0,-0.2168,0,NORMAL,NORMAL_THERMAL_ACTIVITY,Thermal activity falls within normal statistical bounds.,none
540,1,1,2026-08-10,2026-08-10,1,330.41,330.41,298.15,298.15,3.01,3.01,2.0,0.0333,isolated,32.26,32.26,1.0,3.01,1.0,1.0,0,0,0,-0.2146,0,NORMAL,NORMAL_THERMAL_ACTIVITY,Thermal activity falls within normal statistical bounds.,none
541,1,1,2026-08-10,2026-08-10,1,334.51,334.51,299.9,299.9,5.57,5.57,2.0,0.0333,isolated,34.61,34.61,1.0,5.57,1.0,1.0,0,0,0,-0.2139,0,NORMAL,NORMAL_THERMAL_ACTIVITY,Thermal activity falls within normal statistical bounds.,none
542,1,1,2026-08-10,2026-08-10,1,332.22,332.22,298.64,298.64,2.11,2.11,2.0,0.0333,isolated,33.58,33.58,1.0,2.11,1.0,1.0,0,0,0,-0.2181,0,NORMAL,NORMAL_THERMAL_ACTIVITY,Thermal activity falls within normal statistical bounds.,none
543,1,1,2026-08-10,2026-08-10,1,335.2,335.2,299.09,299.09,3.03,3.03,2.0,0.0333,isolated,36.11,36.11,1.0,3.03,1.0,1.0,0,0,0,-0.219,0,NORMAL,NORMAL_THERMAL_ACTIVITY,Thermal activity falls within normal statistical bounds.,none
544,1,1,2026-08-10,2026-08-10,1,333.13,333.13,298.26,298.26,5.07,5.07,2.0,0.0333,isolated,34.87,34.87,1.0,5.07,1.0,1.0,0,0,0,-0.2145,0,NORMAL,NORMAL_THERMAL_ACTIVITY,Thermal activity falls within normal statistical bounds.,none
545,1,1,2026-08-10,2026-08-10,1,330.41,330.41,298.81,298.81,3.1,3.1,2.0,0.0333,isolated,31.6,31.6,1.0,3.1,1.0,1.0,0,0,0,-0.2152,0,NORMAL,NORMAL_THERMAL_ACTIVITY,Thermal activity falls within normal statistical bounds.,none
546,2,1,2026-08-10,2026-08-10,1,336.405,337.51,301.025,302.15,9.5,9.5,2.0,0.0333,isolated,35.38,35.36,1.0,4.75,2.0,1.0,0,0,0,-0.1521,0,NORMAL,NORMAL_THERMAL_ACTIVITY,Thermal activity falls within normal statistical bounds.,none
547,1,1,2026-08-10,2026-08-10,1,333.66,333.66,301.88,301.88,3.87,3.87,2.0,0.0333,isolated,31.78,31.78,1.0,3.87,1.0,1.0,0,0,0,-0.2185,0,NORMAL,NORMAL_THERMAL_ACTIVITY,Thermal activity falls within normal statistical bounds.,none
548,2,1,2026-08-10,2026-08-10,1,336.67,337.24,301.75,301.8,4.41,4.53,2.0,0.0333,isolated,34.92,35.44,0.9735,2.205,2.0,1.0,0,0,0,-0.1819,0,NORMAL,NORMAL_THERMAL_ACTIVITY,Thermal activity falls within normal statistical bounds.,none
549,1,1,2026-08-10,2026-08-10,1,332.77,332.77,301.29,301.29,3.89,3.89,2.0,0.0333,isolated,31.48,31.48,1.0,3.89,1.0,1.0,0,0,0,-0.2168,0,NORMAL,NORMAL_THERMAL_ACTIVITY,Thermal activity falls within normal statistical bounds.,none
550,5,1,2026-08-10,2026-08-10,1,341.96,349.09,300.322,300.64,4.244,4.95,2.0,0.0333,isolated,41.638,48.45,0.8574,0.8488,5.0,1.0,0,0,0,-0.0693,0,NORMAL,NORMAL_THERMAL_ACTIVITY,Thermal activity falls within normal statistical bounds.,none
551,2,1,2026-08-10,2026-08-10,1,342.81,346.62,299.78,299.95,8.525,10.0,2.0,0.0333,isolated,43.03,46.67,0.8525,4.2625,2.0,1.0,0,0,0,-0.1367,0,NORMAL,NORMAL_THERMAL_ACTIVITY,Thermal activity falls within normal statistical bounds.,none
552,3,1,2026-08-10,2026-08-10,1,335.507,338.59,301.583,302.32,4.16,5.8,2.0,0.0333,isolated,33.924,36.27,0.7172,1.3867,3.0,1.0,0,0,0,-0.1388,0,NORMAL,NORMAL_THERMAL_ACTIVITY,Thermal activity falls within normal statistical bounds.,none
553,19,1,2026-08-10,2026-08-10,1,343.285,356.07,301.755,303.21,7.132,24.5,1.895,0.0333,isolated,41.53,52.86,0.2911,0.3754,19.0,1.0,0,0,0,0.1533,1,HIGH,MULTI_FACTOR_ANOMALY,High abnormality primarily associated with elevated thermal intensity and elevated thermal energy (FRP).,"max_bright_ti4,bt_diff_max,max_frp"
554,1,1,2026-08-10,2026-08-10,1,337.25,337.25,298.3,298.3,4.54,4.54,2.0,0.0333,isolated,38.95,38.95,1.0,4.54,1.0,1.0,0,0,0,-0.2135,0,NORMAL,NORMAL_THERMAL_ACTIVITY,Thermal activity falls within normal statistical bounds.,none
555,2,1,2026-08-10,2026-08-10,1,350.195,355.06,299.245,301.16,5.09,5.09,2.0,0.0333,isolated,50.95,53.9,1.0,2.545,2.0,1.0,0,0,0,-0.1176,0,NORMAL,NORMAL_THERMAL_ACTIVITY,Thermal activity falls within normal statistical bounds.,none
556,2,1,2026-08-10,2026-08-10,1,337.98,338.34,289.625,290.59,8.99,9.38,2.0,0.0333,isolated,48.355,47.75,0.9584,4.495,2.0,1.0,0,0,0,-0.1398,0,NORMAL,NORMAL_THERMAL_ACTIVITY,Thermal activity falls within normal statistical bounds.,none
557,1,1,2026-08-10,2026-08-10,1,331.89,331.89,297.28,297.28,1.97,1.97,2.0,0.0333,isolated,34.61,34.61,1.0,1.97,1.0,1.0,0,0,0,-0.2151,0,NORMAL,NORMAL_THERMAL_ACTIVITY,Thermal activity falls within normal statistical bounds.,none
558,2,1,2026-08-10,2026-08-10,1,336.56,336.64,299.875,300.28,2.63,2.63,2.0,0.0333,isolated,36.685,36.36,1.0,1.315,2.0,1.0,0,0,0,-0.1874,0,NORMAL,NORMAL_THERMAL_ACTIVITY,Thermal activity falls within normal statistical bounds.,none
559,1,1,2026-08-10,2026-08-10,1,332.22,332.22,299.74,299.74,3.3,3.3,2.0,0.0333,isolated,32.48,32.48,1.0,3.3,1.0,1.0,0,0,0,-0.2186,0,NORMAL,NORMAL_THERMAL_ACTIVITY,Thermal activity falls within normal statistical bounds.,none
560,2,1,2026-08-10,2026-08-10,1,337.33,337.54,301.39,302.29,4.53,4.53,2.0,0.0333,isolated,35.94,35.25,1.0,2.265,2.0,1.0,0,0,0,-0.1834,0,NORMAL,NORMAL_THERMAL_ACTIVITY,Thermal activity falls within normal statistical bounds.,none
561,2,1,2026-08-10,2026-08-10,1,337.91,338.18,299.605,299.92,5.38,5.38,2.0,0.0333,isolated,38.305,38.26,1.0,2.69,2.0,1.0,0,0,0,-0.1796,0,NORMAL,NORMAL_THERMAL_ACTIVITY,Thermal activity falls within normal statistical bounds.,none
562,1,1,2026-08-10,2026-08-10,1,336.77,336.77,302.99,302.99,3.6,3.6,2.0,0.0333,isolated,33.78,33.78,1.0,3.6,1.0,1.0,0,0,0,-0.2136,0,NORMAL,NORMAL_THERMAL_ACTIVITY,Thermal activity falls within normal statistical bounds.,none
563,1,1,2026-08-10,2026-08-10,1,333.0,333.0,301.7,301.7,2.72,2.72,2.0,0.0333,isolated,31.3,31.3,1.0,2.72,1.0,1.0,0,0,0,-0.2159,0,NORMAL,NORMAL_THERMAL_ACTIVITY,Thermal activity falls within normal statistical bounds.,none
564,1,1,2026-08-10,2026-08-10,1,339.81,339.81,298.75,298.75,5.68,5.68,2.0,0.0333,isolated,41.06,41.06,1.0,5.68,1.0,1.0,0,0,0,-0.2022,0,NORMAL,NORMAL_THERMAL_ACTIVITY,Thermal activity falls within normal statistical bounds.,none
565,1,1,2026-08-10,2026-08-10,1,337.68,337.68,297.28,297.28,2.54,2.54,2.0,0.0333,isolated,40.4,40.4,1.0,2.54,1.0,1.0,0,0,0,-0.2112,0,NORMAL,NORMAL_THERMAL_ACTIVITY,Thermal activity falls within normal statistical bounds.,none
566,1,1,2026-08-10,2026-08-10,1,332.11,332.11,300.36,300.36,0.97,0.97,2.0,0.0333,isolated,31.75,31.75,1.0,0.97,1.0,1.0,0,0,0,-0.1964,0,NORMAL,NORMAL_THERMAL_ACTIVITY,Thermal activity falls within normal statistical bounds.,none
567,1,1,2026-08-10,2026-08-10,1,351.78,351.78,305.19,305.19,17.07,17.07,2.0,0.0333,isolated,46.59,46.59,1.0,17.07,1.0,1.0,0,0,0,-0.0661,0,NORMAL,NORMAL_THERMAL_ACTIVITY,Thermal activity falls within normal statistical bounds.,none
568,2,1,2026-08-10,2026-08-10,1,337.87,339.78,302.21,302.44,1.88,1.88,2.0,0.0333,isolated,35.66,37.34,1.0,0.94,2.0,1.0,0,0,0,-0.1792,0,NORMAL,NORMAL_THERMAL_ACTIVITY,Thermal activity falls within normal statistical bounds.,none
569,4,1,2026-08-10,2026-08-10,1,338.773,343.31,296.89,297.8,4.022,7.6,2.0,0.0333,isolated,41.883,45.51,0.5292,1.0055,4.0,1.0,0,0,0,-0.0961,0,NORMAL,NORMAL_THERMAL_ACTIVITY,Thermal activity falls within normal statistical bounds.,none
570,1,1,2026-08-10,2026-08-10,1,330.25,330.25,293.02,293.02,3.6,3.6,2.0,0.0333,isolated,37.23,37.23,1.0,3.6,1.0,1.0,0,0,0,-0.2118,0,NORMAL,NORMAL_THERMAL_ACTIVITY,Thermal activity falls within normal statistical bounds.,none
571,1,1,2026-08-10,2026-08-10,1,334.72,334.72,300.47,300.47,1.71,1.71,2.0,0.0333,isolated,34.25,34.25,1.0,1.71,1.0,1.0,0,0,0,-0.2088,0,NORMAL,NORMAL_THERMAL_ACTIVITY,Thermal activity falls within normal statistical bounds.,none
572,2,1,2026-08-10,2026-08-10,1,343.36,343.53,299.65,299.95,4.66,4.66,2.0,0.0333,isolated,43.71,43.58,1.0,2.33,2.0,1.0,0,0,0,-0.1734,0,NORMAL,NORMAL_THERMAL_ACTIVITY,Thermal activity falls within normal statistical bounds.,none
573,1,1,2026-08-10,2026-08-10,1,338.1,338.1,301.37,301.37,3.0,3.0,2.0,0.0333,isolated,36.73,36.73,1.0,3.0,1.0,1.0,0,0,0,-0.2155,0,NORMAL,NORMAL_THERMAL_ACTIVITY,Thermal activity falls within normal statistical bounds.,none
574,1,1,2026-08-10,2026-08-10,1,336.88,336.88,299.11,299.11,4.29,4.29,2.0,0.0333,isolated,37.77,37.77,1.0,4.29,1.0,1.0,0,0,0,-0.2152,0,NORMAL,NORMAL_THERMAL_ACTIVITY,Thermal activity falls within normal statistical bounds.,none
575,1,1,2026-08-10,2026-08-10,1,330.08,330.08,299.9,299.9,3.88,3.88,2.0,0.0333,isolated,30.18,30.18,1.0,3.88,1.0,1.0,0,0,0,-0.2108,0,NORMAL,NORMAL_THERMAL_ACTIVITY,Thermal activity falls within normal statistical bounds.,none
576,1,1,2026-08-10,2026-08-10,1,330.0,330.0,298.43,298.43,1.41,1.41,2.0,0.0333,isolated,31.57,31.57,1.0,1.41,1.0,1.0,0,0,0,-0.2005,0,NORMAL,NORMAL_THERMAL_ACTIVITY,Thermal activity falls within normal statistical bounds.,none
577,2,1,2026-08-10,2026-08-10,1,307.915,308.83,290.36,291.14,3.325,4.17,2.0,0.0333,isolated,17.555,17.69,0.7974,1.6625,2.0,1.0,0,0,0,-0.1203,0,NORMAL,NORMAL_THERMAL_ACTIVITY,Thermal activity falls within normal statistical bounds.,none
578,2,1,2026-08-10,2026-08-10,1,306.835,306.89,290.735,291.63,3.42,4.96,2.0,0.0333,isolated,16.1,15.26,0.6895,1.71,2.0,1.0,0,0,0,-0.1053,0,NORMAL,NORMAL_THERMAL_ACTIVITY,Thermal activity falls within normal statistical bounds.,none
579,1,1,2026-08-10,2026-08-10,1,308.55,308.55,288.82,288.82,3.01,3.01,2.0,0.0333,isolated,19.73,19.73,1.0,3.01,1.0,1.0,0,0,0,-0.1841,0,NORMAL,NORMAL_THERMAL_ACTIVITY,Thermal activity falls within normal statistical bounds.,none
580,3,1,2026-08-10,2026-08-10,1,305.25,310.86,281.887,291.44,1.063,1.77,2.0,0.0333,isolated,23.363,19.42,0.6006,0.3543,3.0,1.0,0,0,0,-0.0996,0,NORMAL,NORMAL_THERMAL_ACTIVITY,Thermal activity falls within normal statistical bounds.,none
581,4,2,2026-08-10,2026-08-11,2,313.855,330.24,289.758,297.51,2.69,4.55,2.0,0.0667,short_lived_repeated,24.097,32.73,0.5912,0.6725,2.0,1.0,1,0,1,-0.1176,0,NORMAL,NORMAL_THERMAL_ACTIVITY,Thermal activity falls within normal statistical bounds.,none
582,2,1,2026-08-10,2026-08-10,1,302.95,304.41,279.075,281.65,1.245,1.61,2.0,0.0333,isolated,23.875,22.76,0.7733,0.6225,2.0,1.0,0,0,0,-0.1419,0,NORMAL,NORMAL_THERMAL_ACTIVITY,Thermal activity falls within normal statistical bounds.,none
583,1,1,2026-08-10,2026-08-10,1,305.07,305.07,273.71,273.71,1.0,1.0,2.0,0.0333,isolated,31.36,31.36,1.0,1.0,1.0,1.0,0,0,0,-0.1911,0,NORMAL,NORMAL_THERMAL_ACTIVITY,Thermal activity falls within normal statistical bounds.,none
584,1,1,2026-08-10,2026-08-10,1,308.2,308.2,291.09,291.09,1.35,1.35,2.0,0.0333,isolated,17.11,17.11,1.0,1.35,1.0,1.0,0,0,0,-0.1922,0,NORMAL,NORMAL_THERMAL_ACTIVITY,Thermal activity falls within normal statistical bounds.,none
585,1,1,2026-08-10,2026-08-10,1,306.21,306.21,291.57,291.57,1.26,1.26,2.0,0.0333,isolated,14.64,14.64,1.0,1.26,1.0,1.0,0,0,0,-0.1817,0,NORMAL,NORMAL_THERMAL_ACTIVITY,Thermal activity falls within normal statistical bounds.,none
586,1,1,2026-08-10,2026-08-10,1,309.62,309.62,291.51,291.51,1.55,1.55,2.0,0.0333,isolated,18.11,18.11,1.0,1.55,1.0,1.0,0,0,0,-0.1934,0,NORMAL,NORMAL_THERMAL_ACTIVITY,Thermal activity falls within normal statistical bounds.,none
587,1,1,2026-08-10,2026-08-10,1,305.81,305.81,290.95,290.95,1.51,1.51,2.0,0.0333,isolated,14.86,14.86,1.0,1.51,1.0,1.0,0,0,0,-0.1865,0,NORMAL,NORMAL_THERMAL_ACTIVITY,Thermal activity falls within normal statistical bounds.,none
588,1,1,2026-08-10,2026-08-10,1,313.13,313.13,291.28,291.28,2.1,2.1,2.0,0.0333,isolated,21.85,21.85,1.0,2.1,1.0,1.0,0,0,0,-0.1962,0,NORMAL,NORMAL_THERMAL_ACTIVITY,Thermal activity falls within normal statistical bounds.,none
589,5,2,2026-08-10,2026-08-11,2,313.514,315.89,287.876,291.2,1.858,2.47,2.0,0.0667,short_lived_repeated,25.638,24.69,0.7522,0.3716,2.5,1.0,1,0,1,-0.0891,0,NORMAL,NORMAL_THERMAL_ACTIVITY,Thermal activity falls within normal statistical bounds.,none
590,1,1,2026-08-10,2026-08-10,1,308.54,308.54,291.59,291.59,1.38,1.38,2.0,0.0333,isolated,16.95,16.95,1.0,1.38,1.0,1.0,0,0,0,-0.1924,0,NORMAL,NORMAL_THERMAL_ACTIVITY,Thermal activity falls within normal statistical bounds.,none
591,4,2,2026-08-10,2026-08-11,2,309.77,319.06,286.73,292.16,1.69,1.98,2.0,0.0667,short_lived_repeated,23.04,26.9,0.8535,0.4225,2.0,1.0,1,0,1,-0.1164,0,NORMAL,NORMAL_THERMAL_ACTIVITY,Thermal activity falls within normal statistical bounds.,none
592,2,1,2026-08-10,2026-08-10,1,307.65,308.01,292.575,292.58,1.7,2.07,2.0,0.0333,isolated,15.075,15.43,0.8213,0.85,2.0,1.0,0,0,0,-0.1438,0,NORMAL,NORMAL_THERMAL_ACTIVITY,Thermal activity falls within normal statistical bounds.,none
593,1,1,2026-08-10,2026-08-10,1,307.63,307.63,292.56,292.56,1.5,1.5,2.0,0.0333,isolated,15.07,15.07,1.0,1.5,1.0,1.0,0,0,0,-0.1884,0,NORMAL,NORMAL_THERMAL_ACTIVITY,Thermal activity falls within normal statistical bounds.,none
594,1,1,2026-08-10,2026-08-10,1,309.16,309.16,291.99,291.99,3.66,3.66,2.0,0.0333,isolated,17.17,17.17,1.0,3.66,1.0,1.0,0,0,0,-0.1757,0,NORMAL,NORMAL_THERMAL_ACTIVITY,Thermal activity falls within normal statistical bounds.,none
595,3,1,2026-08-10,2026-08-10,1,307.517,309.08,291.027,291.85,3.44,3.9,2.0,0.0333,isolated,16.49,17.23,0.8821,1.1467,3.0,1.0,0,0,0,-0.1024,0,NORMAL,NORMAL_THERMAL_ACTIVITY,Thermal activity falls within normal statistical bounds.,none
596,8,2,2026-08-10,2026-08-11,2,317.68,347.58,290.356,292.64,3.776,10.75,2.0,0.0667,short_lived_repeated,27.324,54.94,0.3513,0.472,4.0,1.0,1,0,1,-0.0043,0,ELEVATED,SHORT_LIVED_EXTREME_EVENT,Elevated abnormality primarily associated with elevated thermal intensity.,"max_bright_ti4,bt_diff_max"
597,1,1,2026-08-10,2026-08-10,1,303.22,303.22,283.91,283.91,1.49,1.49,2.0,0.0333,isolated,19.31,19.31,1.0,1.49,1.0,1.0,0,0,0,-0.1831,0,NORMAL,NORMAL_THERMAL_ACTIVITY,Thermal activity falls within normal statistical bounds.,none
598,1,1,2026-08-10,2026-08-10,1,322.37,322.37,292.44,292.44,4.47,4.47,2.0,0.0333,isolated,29.93,29.93,1.0,4.47,1.0,1.0,0,0,0,-0.2013,0,NORMAL,NORMAL_THERMAL_ACTIVITY,Thermal activity falls within normal statistical bounds.,none
599,1,1,2026-08-10,2026-08-10,1,305.26,305.26,288.59,288.59,0.76,0.76,2.0,0.0333,isolated,16.67,16.67,1.0,0.76,1.0,1.0,0,0,0,-0.1858,0,NORMAL,NORMAL_THERMAL_ACTIVITY,Thermal activity falls within normal statistical bounds.,none
600,2,2,2026-08-10,2026-08-12,3,297.925,298.76,278.335,283.39,0.925,1.31,2.0,0.0667,short_lived_repeated,19.59,15.37,0.7061,0.4625,0.6667,0.6667,1,0,1,-0.0507,0,NORMAL,NORMAL_THERMAL_ACTIVITY,Thermal activity falls within normal statistical bounds.,none
601,1,1,2026-08-10,2026-08-10,1,296.61,296.61,266.14,266.14,0.26,0.26,2.0,0.0333,isolated,30.47,30.47,1.0,0.26,1.0,1.0,0,0,0,-0.1467,0,NORMAL,NORMAL_THERMAL_ACTIVITY,Thermal activity falls within normal statistical bounds.,none
602,3,2,2026-08-10,2026-08-13,4,303.573,304.59,284.88,288.02,0.85,1.13,2.0,0.0667,short_lived_repeated,18.693,16.57,0.7522,0.2833,0.75,0.5,1,0,1,-0.0643,0,NORMAL,NORMAL_THERMAL_ACTIVITY,Thermal activity falls within normal statistical bounds.,none
603,1,1,2026-08-10,2026-08-10,1,310.02,310.02,289.07,289.07,0.93,0.93,2.0,0.0333,isolated,20.95,20.95,1.0,0.93,1.0,1.0,0,0,0,-0.1899,0,NORMAL,NORMAL_THERMAL_ACTIVITY,Thermal activity falls within normal statistical bounds.,none
604,1,1,2026-08-10,2026-08-10,1,307.91,307.91,288.83,288.83,1.1,1.1,2.0,0.0333,isolated,19.08,19.08,1.0,1.1,1.0,1.0,0,0,0,-0.1911,0,NORMAL,NORMAL_THERMAL_ACTIVITY,Thermal activity falls within normal statistical bounds.,none
605,1,1,2026-08-10,2026-08-10,1,302.96,302.96,281.93,281.93,0.97,0.97,2.0,0.0333,isolated,21.03,21.03,1.0,0.97,1.0,1.0,0,0,0,-0.1863,0,NORMAL,NORMAL_THERMAL_ACTIVITY,Thermal activity falls within normal statistical bounds.,none
606,3,1,2026-08-11,2026-08-11,1,332.79,337.86,289.003,289.41,7.527,8.53,2.0,0.0333,isolated,43.787,48.45,0.8824,2.509,3.0,1.0,0,0,0,-0.1144,0,NORMAL,NORMAL_THERMAL_ACTIVITY,Thermal activity falls within normal statistical bounds.,none
607,1,1,2026-08-11,2026-08-11,1,331.18,331.18,301.39,301.39,6.21,6.21,1.0,0.0333,isolated,29.79,29.79,1.0,6.21,1.0,1.0,0,0,0,-0.0844,0,NORMAL,NORMAL_THERMAL_ACTIVITY,Thermal activity falls within normal statistical bounds.,none
608,1,1,2026-08-11,2026-08-11,1,329.71,329.71,302.02,302.02,4.04,4.04,1.0,0.0333,isolated,27.69,27.69,1.0,4.04,1.0,1.0,0,0,0,-0.0955,0,NORMAL,NORMAL_THERMAL_ACTIVITY,Thermal activity falls within normal statistical bounds.,none
609,6,3,2026-08-11,2026-08-15,5,330.805,331.77,302.855,304.08,9.325,13.11,1.167,0.1,short_lived_repeated,27.95,27.69,0.7113,1.5542,1.2,0.6,1,0,1,0.0549,1,HIGH,RECURRING_THERMAL_ACTIVITY,High abnormality primarily associated with recurring thermal activity over an extended duration.,duration_days
610,2,1,2026-08-11,2026-08-11,1,346.49,347.03,296.445,303.24,8.115,12.38,2.0,0.0333,isolated,50.045,43.79,0.6555,4.0575,2.0,1.0,0,0,0,-0.1094,0,NORMAL,NORMAL_THERMAL_ACTIVITY,Thermal activity falls within normal statistical bounds.,none
611,1,1,2026-08-11,2026-08-11,1,353.84,353.84,291.76,291.76,16.26,16.26,2.0,0.0333,isolated,62.08,62.08,1.0,16.26,1.0,1.0,0,0,0,-0.0186,0,ELEVATED,MULTI_FACTOR_ANOMALY,Elevated abnormality primarily associated with elevated thermal intensity and elevated thermal energy (FRP).,"max_bright_ti4,bt_diff_max,max_frp,mean_frp"
612,1,1,2026-08-11,2026-08-11,1,337.62,337.62,292.59,292.59,5.39,5.39,2.0,0.0333,isolated,45.03,45.03,1.0,5.39,1.0,1.0,0,0,0,-0.2034,0,NORMAL,NORMAL_THERMAL_ACTIVITY,Thermal activity falls within normal statistical bounds.,none
613,3,1,2026-08-11,2026-08-11,1,347.553,367.0,290.14,290.45,9.2,12.48,2.333,0.0333,isolated,57.413,76.55,0.7372,3.0667,3.0,1.0,0,0,0,0.0461,1,HIGH,SHORT_LIVED_EXTREME_EVENT,High abnormality primarily associated with elevated thermal intensity.,"max_bright_ti4,bt_diff_max"
614,2,1,2026-08-11,2026-08-11,1,334.34,337.06,295.225,301.15,5.13,5.15,2.0,0.0333,isolated,39.115,35.91,0.9961,2.565,2.0,1.0,0,0,0,-0.1785,0,NORMAL,NORMAL_THERMAL_ACTIVITY,Thermal activity falls within normal statistical bounds.,none
615,11,2,2026-08-11,2026-08-12,2,309.7,342.89,276.655,297.52,2.892,10.61,2.0,0.0667,short_lived_repeated,33.045,45.37,0.2726,0.2629,5.5,1.0,1,0,1,0.0131,1,HIGH,SHORT_LIVED_EXTREME_EVENT,High abnormality primarily associated with elevated thermal intensity.,"max_bright_ti4,bt_diff_max"
616,1,1,2026-08-11,2026-08-11,1,331.92,331.92,296.48,296.48,2.8,2.8,2.0,0.0333,isolated,35.44,35.44,1.0,2.8,1.0,1.0,0,0,0,-0.2165,0,NORMAL,NORMAL_THERMAL_ACTIVITY,Thermal activity falls within normal statistical bounds.,none
617,1,1,2026-08-11,2026-08-11,1,338.37,338.37,298.67,298.67,4.77,4.77,2.0,0.0333,isolated,39.7,39.7,1.0,4.77,1.0,1.0,0,0,0,-0.2109,0,NORMAL,NORMAL_THERMAL_ACTIVITY,Thermal activity falls within normal statistical bounds.,none
618,1,1,2026-08-11,2026-08-11,1,335.9,335.9,297.66,297.66,5.56,5.56,2.0,0.0333,isolated,38.24,38.24,1.0,5.56,1.0,1.0,0,0,0,-0.2129,0,NORMAL,NORMAL_THERMAL_ACTIVITY,Thermal activity falls within normal statistical bounds.,none
619,1,1,2026-08-11,2026-08-11,1,331.74,331.74,293.76,293.76,4.34,4.34,2.0,0.0333,isolated,37.98,37.98,1.0,4.34,1.0,1.0,0,0,0,-0.2139,0,NORMAL,NORMAL_THERMAL_ACTIVITY,Thermal activity falls within normal statistical bounds.,none
620,1,1,2026-08-11,2026-08-11,1,335.99,335.99,296.35,296.35,5.07,5.07,2.0,0.0333,isolated,39.64,39.64,1.0,5.07,1.0,1.0,0,0,0,-0.2137,0,NORMAL,NORMAL_THERMAL_ACTIVITY,Thermal activity falls within normal statistical bounds.,none
621,1,1,2026-08-11,2026-08-11,1,331.35,331.35,301.86,301.86,3.13,3.13,1.0,0.0333,isolated,29.49,29.49,1.0,3.13,1.0,1.0,0,0,0,-0.1175,0,NORMAL,NORMAL_THERMAL_ACTIVITY,Thermal activity falls within normal statistical bounds.,none
622,1,1,2026-08-11,2026-08-11,1,332.78,332.78,295.71,295.71,2.27,2.27,2.0,0.0333,isolated,37.07,37.07,1.0,2.27,1.0,1.0,0,0,0,-0.2162,0,NORMAL,NORMAL_THERMAL_ACTIVITY,Thermal activity falls within normal statistical bounds.,none
623,1,1,2026-08-11,2026-08-11,1,337.0,337.0,301.74,301.74,7.37,7.37,1.0,0.0333,isolated,35.26,35.26,1.0,7.37,1.0,1.0,0,0,0,-0.1032,0,NORMAL,NORMAL_THERMAL_ACTIVITY,Thermal activity falls within normal statistical bounds.,none
624,1,1,2026-08-11,2026-08-11,1,340.26,340.26,306.64,306.64,6.58,6.58,2.0,0.0333,isolated,33.62,33.62,1.0,6.58,1.0,1.0,0,0,0,-0.1957,0,NORMAL,NORMAL_THERMAL_ACTIVITY,Thermal activity falls within normal statistical bounds.,none
625,1,1,2026-08-11,2026-08-11,1,348.35,348.35,312.43,312.43,36.14,36.14,2.0,0.0333,isolated,35.92,35.92,1.0,36.14,1.0,1.0,0,0,0,-0.0249,0,ELEVATED,MULTI_FACTOR_ANOMALY,Elevated abnormality primarily associated with elevated thermal intensity and elevated thermal energy (FRP).,"max_bright_ti4,max_frp,mean_frp"
626,1,1,2026-08-11,2026-08-11,1,338.38,338.38,303.04,303.04,6.19,6.19,2.0,0.0333,isolated,35.34,35.34,1.0,6.19,1.0,1.0,0,0,0,-0.2023,0,NORMAL,NORMAL_THERMAL_ACTIVITY,Thermal activity falls within normal statistical bounds.,none
627,1,1,2026-08-11,2026-08-11,1,337.28,337.28,303.13,303.13,4.5,4.5,2.0,0.0333,isolated,34.15,34.15,1.0,4.5,1.0,1.0,0,0,0,-0.2143,0,NORMAL,NORMAL_THERMAL_ACTIVITY,Thermal activity falls within normal statistical bounds.,none
628,4,1,2026-08-11,2026-08-11,1,332.878,335.0,303.552,304.15,3.055,4.39,1.5,0.0333,isolated,29.326,30.85,0.6959,0.7638,4.0,1.0,0,0,0,-0.0372,0,ELEVATED,STATISTICAL_ANOMALY,Elevated abnormality primarily associated with unusual multi-variate statistical signature.,multivariate_combination
629,1,1,2026-08-11,2026-08-11,1,332.77,332.77,302.94,302.94,1.93,1.93,1.0,0.0333,isolated,29.83,29.83,1.0,1.93,1.0,1.0,0,0,0,-0.1169,0,NORMAL,NORMAL_THERMAL_ACTIVITY,Thermal activity falls within normal statistical bounds.,none
630,1,1,2026-08-11,2026-08-11,1,331.58,331.58,301.36,301.36,1.98,1.98,2.0,0.0333,isolated,30.22,30.22,1.0,1.98,1.0,1.0,0,0,0,-0.2117,0,NORMAL,NORMAL_THERMAL_ACTIVITY,Thermal activity falls within normal statistical bounds.,none
631,1,1,2026-08-11,2026-08-11,1,336.66,336.66,300.14,300.14,6.94,6.94,2.0,0.0333,isolated,36.52,36.52,1.0,6.94,1.0,1.0,0,0,0,-0.1944,0,NORMAL,NORMAL_THERMAL_ACTIVITY,Thermal activity falls within normal statistical bounds.,none
632,1,1,2026-08-11,2026-08-11,1,338.17,338.17,299.02,299.02,4.91,4.91,2.0,0.0333,isolated,39.15,39.15,1.0,4.91,1.0,1.0,0,0,0,-0.2111,0,NORMAL,NORMAL_THERMAL_ACTIVITY,Thermal activity falls within normal statistical bounds.,none
633,1,1,2026-08-11,2026-08-11,1,331.33,331.33,296.12,296.12,1.33,1.33,2.0,0.0333,isolated,35.21,35.21,1.0,1.33,1.0,1.0,0,0,0,-0.1967,0,NORMAL,NORMAL_THERMAL_ACTIVITY,Thermal activity falls within normal statistical bounds.,none
634,1,1,2026-08-11,2026-08-11,1,334.77,334.77,297.88,297.88,4.99,4.99,2.0,0.0333,isolated,36.89,36.89,1.0,4.99,1.0,1.0,0,0,0,-0.2159,0,NORMAL,NORMAL_THERMAL_ACTIVITY,Thermal activity falls within normal statistical bounds.,none
635,1,1,2026-08-11,2026-08-11,1,331.57,331.57,298.95,298.95,2.12,2.12,2.0,0.0333,isolated,32.62,32.62,1.0,2.12,1.0,1.0,0,0,0,-0.2182,0,NORMAL,NORMAL_THERMAL_ACTIVITY,Thermal activity falls within normal statistical bounds.,none
636,1,1,2026-08-11,2026-08-11,1,330.65,330.65,296.48,296.48,2.17,2.17,2.0,0.0333,isolated,34.17,34.17,1.0,2.17,1.0,1.0,0,0,0,-0.2159,0,NORMAL,NORMAL_THERMAL_ACTIVITY,Thermal activity falls within normal statistical bounds.,none
637,1,1,2026-08-11,2026-08-11,1,336.76,336.76,298.11,298.11,2.56,2.56,2.0,0.0333,isolated,38.65,38.65,1.0,2.56,1.0,1.0,0,0,0,-0.2149,0,NORMAL,NORMAL_THERMAL_ACTIVITY,Thermal activity falls within normal statistical bounds.,none
638,1,1,2026-08-11,2026-08-11,1,334.53,334.53,294.2,294.2,4.12,4.12,2.0,0.0333,isolated,40.33,40.33,1.0,4.12,1.0,1.0,0,0,0,-0.2159,0,NORMAL,NORMAL_THERMAL_ACTIVITY,Thermal activity falls within normal statistical bounds.,none
639,1,1,2026-08-11,2026-08-11,1,342.37,342.37,299.18,299.18,3.99,3.99,2.0,0.0333,isolated,43.19,43.19,1.0,3.99,1.0,1.0,0,0,0,-0.2052,0,NORMAL,NORMAL_THERMAL_ACTIVITY,Thermal activity falls within normal statistical bounds.,none
640,1,1,2026-08-11,2026-08-11,1,330.71,330.71,301.37,301.37,3.21,3.21,1.0,0.0333,isolated,29.34,29.34,1.0,3.21,1.0,1.0,0,0,0,-0.1116,0,NORMAL,NORMAL_THERMAL_ACTIVITY,Thermal activity falls within normal statistical bounds.,none
641,5,2,2026-08-11,2026-08-12,2,321.032,338.94,282.886,296.06,3.76,6.84,2.0,0.0667,short_lived_repeated,38.146,42.88,0.5497,0.752,2.5,1.0,1,0,1,-0.0933,0,NORMAL,NORMAL_THERMAL_ACTIVITY,Thermal activity falls within normal statistical bounds.,none
642,1,1,2026-08-11,2026-08-11,1,337.47,337.47,290.84,290.84,4.77,4.77,2.0,0.0333,isolated,46.63,46.63,1.0,4.77,1.0,1.0,0,0,0,-0.2032,0,NORMAL,NORMAL_THERMAL_ACTIVITY,Thermal activity falls within normal statistical bounds.,none
643,1,1,2026-08-11,2026-08-11,1,367.0,367.0,290.87,290.87,15.53,15.53,3.0,0.0333,isolated,76.13,76.13,1.0,15.53,1.0,1.0,0,0,0,0.0864,1,HIGH,MULTI_FACTOR_ANOMALY,High abnormality primarily associated with elevated thermal intensity and elevated thermal energy (FRP).,"max_bright_ti4,bt_diff_max,max_frp,mean_frp"
644,2,1,2026-08-11,2026-08-11,1,335.845,340.25,290.93,291.2,6.79,9.21,2.0,0.0333,isolated,44.915,49.05,0.7372,3.395,2.0,1.0,0,0,0,-0.1329,0,NORMAL,NORMAL_THERMAL_ACTIVITY,Thermal activity falls within normal statistical bounds.,none
645,1,1,2026-08-11,2026-08-11,1,331.24,331.24,291.88,291.88,4.88,4.88,2.0,0.0333,isolated,39.36,39.36,1.0,4.88,1.0,1.0,0,0,0,-0.21,0,NORMAL,NORMAL_THERMAL_ACTIVITY,Thermal activity falls within normal statistical bounds.,none
646,1,1,2026-08-11,2026-08-11,1,333.09,333.09,291.06,291.06,14.2,14.2,2.0,0.0333,isolated,42.03,42.03,1.0,14.2,1.0,1.0,0,0,0,-0.1181,0,NORMAL,NORMAL_THERMAL_ACTIVITY,Thermal activity falls within normal statistical bounds.,none
647,1,1,2026-08-11,2026-08-11,1,346.93,346.93,294.89,294.89,5.88,5.88,2.0,0.0333,isolated,52.04,52.04,1.0,5.88,1.0,1.0,0,0,0,-0.1803,0,NORMAL,NORMAL_THERMAL_ACTIVITY,Thermal activity falls within normal statistical bounds.,none
648,2,1,2026-08-11,2026-08-11,1,340.185,343.95,290.87,291.32,10.275,13.62,2.0,0.0333,isolated,49.315,52.63,0.7544,5.1375,2.0,1.0,0,0,0,-0.0949,0,NORMAL,NORMAL_THERMAL_ACTIVITY,Thermal activity falls within normal statistical bounds.,none
649,2,1,2026-08-11,2026-08-11,1,295.22,295.25,284.995,285.08,8.83,9.22,2.0,0.0333,isolated,10.225,10.17,0.9577,4.415,2.0,1.0,0,0,0,-0.0168,0,ELEVATED,STATISTICAL_ANOMALY,Elevated abnormality primarily associated with unusual multi-variate statistical signature.,multivariate_combination
650,1,1,2026-08-11,2026-08-11,1,302.9,302.9,283.89,283.89,1.17,1.17,2.0,0.0333,isolated,19.01,19.01,1.0,1.17,1.0,1.0,0,0,0,-0.1864,0,NORMAL,NORMAL_THERMAL_ACTIVITY,Thermal activity falls within normal statistical bounds.,none
651,1,1,2026-08-11,2026-08-11,1,313.44,313.44,294.12,294.12,1.46,1.46,2.0,0.0333,isolated,19.32,19.32,1.0,1.46,1.0,1.0,0,0,0,-0.1882,0,NORMAL,NORMAL_THERMAL_ACTIVITY,Thermal activity falls within normal statistical bounds.,none
652,3,1,2026-08-11,2026-08-11,1,296.07,296.25,285.95,286.19,2.397,3.55,2.0,0.0333,isolated,10.12,10.06,0.6752,0.799,3.0,1.0,0,0,0,-0.0404,0,ELEVATED,STATISTICAL_ANOMALY,Elevated abnormality primarily associated with unusual multi-variate statistical signature.,multivariate_combination
653,2,1,2026-08-11,2026-08-11,1,300.2,303.57,280.35,289.52,0.76,0.8,2.0,0.0333,isolated,19.85,14.05,0.95,0.38,2.0,1.0,0,0,0,-0.1159,0,NORMAL,NORMAL_THERMAL_ACTIVITY,Thermal activity falls within normal statistical bounds.,none
654,1,1,2026-08-11,2026-08-11,1,302.52,302.52,283.08,283.08,3.31,3.31,2.0,0.0333,isolated,19.44,19.44,1.0,3.31,1.0,1.0,0,0,0,-0.1619,0,NORMAL,NORMAL_THERMAL_ACTIVITY,Thermal activity falls within normal statistical bounds.,none
655,2,1,2026-08-11,2026-08-11,1,311.92,319.07,287.58,289.29,1.615,1.88,2.0,0.0333,isolated,24.34,29.78,0.859,0.8075,2.0,1.0,0,0,0,-0.16,0,NORMAL,NORMAL_THERMAL_ACTIVITY,Thermal activity falls within normal statistical bounds.,none
656,1,1,2026-08-11,2026-08-11,1,303.38,303.38,280.68,280.68,1.11,1.11,2.0,0.0333,isolated,22.7,22.7,1.0,1.11,1.0,1.0,0,0,0,-0.1887,0,NORMAL,NORMAL_THERMAL_ACTIVITY,Thermal activity falls within normal statistical bounds.,none
657,1,1,2026-08-11,2026-08-11,1,309.9,309.9,293.16,293.16,1.41,1.41,2.0,0.0333,isolated,16.74,16.74,1.0,1.41,1.0,1.0,0,0,0,-0.1922,0,NORMAL,NORMAL_THERMAL_ACTIVITY,Thermal activity falls within normal statistical bounds.,none
658,3,1,2026-08-11,2026-08-11,1,307.533,311.4,291.327,293.07,1.117,1.43,2.0,0.0333,isolated,16.206,18.33,0.7811,0.3723,3.0,1.0,0,0,0,-0.1123,0,NORMAL,NORMAL_THERMAL_ACTIVITY,Thermal activity falls within normal statistical bounds.,none
659,2,2,2026-08-11,2026-08-12,2,308.725,310.58,292.305,293.01,2.125,2.43,2.0,0.0667,short_lived_repeated,16.42,17.57,0.8745,1.0625,1.0,1.0,1,0,1,-0.1268,0,NORMAL,NORMAL_THERMAL_ACTIVITY,Thermal activity falls within normal statistical bounds.,none
660,2,2,2026-08-11,2026-08-13,3,311.435,311.79,287.795,292.87,2.225,3.12,2.0,0.0667,short_lived_repeated,23.64,18.92,0.7131,1.1125,0.6667,0.6667,1,0,1,-0.085,0,NORMAL,NORMAL_THERMAL_ACTIVITY,Thermal activity falls within normal statistical bounds.,none
661,1,1,2026-08-11,2026-08-11,1,307.62,307.62,288.67,288.67,1.19,1.19,2.0,0.0333,isolated,18.95,18.95,1.0,1.19,1.0,1.0,0,0,0,-0.1919,0,NORMAL,NORMAL_THERMAL_ACTIVITY,Thermal activity falls within normal statistical bounds.,none
662,1,1,2026-08-11,2026-08-11,1,303.75,303.75,278.56,278.56,1.01,1.01,2.0,0.0333,isolated,25.19,25.19,1.0,1.01,1.0,1.0,0,0,0,-0.191,0,NORMAL,NORMAL_THERMAL_ACTIVITY,Thermal activity falls within normal statistical bounds.,none
663,1,1,2026-08-11,2026-08-11,1,308.17,308.17,290.63,290.63,0.93,0.93,2.0,0.0333,isolated,17.54,17.54,1.0,0.93,1.0,1.0,0,0,0,-0.1872,0,NORMAL,NORMAL_THERMAL_ACTIVITY,Thermal activity falls within normal statistical bounds.,none
664,1,1,2026-08-11,2026-08-11,1,306.82,306.82,293.13,293.13,2.28,2.28,2.0,0.0333,isolated,13.69,13.69,1.0,2.28,1.0,1.0,0,0,0,-0.1796,0,NORMAL,NORMAL_THERMAL_ACTIVITY,Thermal activity falls within normal statistical bounds.,none
665,1,1,2026-08-11,2026-08-11,1,298.82,298.82,274.49,274.49,0.4,0.4,2.0,0.0333,isolated,24.33,24.33,1.0,0.4,1.0,1.0,0,0,0,-0.1605,0,NORMAL,NORMAL_THERMAL_ACTIVITY,Thermal activity falls within normal statistical bounds.,none
666,1,1,2026-08-11,2026-08-11,1,297.07,297.07,273.19,273.19,0.62,0.62,2.0,0.0333,isolated,23.88,23.88,1.0,0.62,1.0,1.0,0,0,0,-0.1609,0,NORMAL,NORMAL_THERMAL_ACTIVITY,Thermal activity falls within normal statistical bounds.,none
667,1,1,2026-08-11,2026-08-11,1,305.24,305.24,290.59,290.59,0.7,0.7,2.0,0.0333,isolated,14.65,14.65,1.0,0.7,1.0,1.0,0,0,0,-0.1753,0,NORMAL,NORMAL_THERMAL_ACTIVITY,Thermal activity falls within normal statistical bounds.,none
668,1,1,2026-08-12,2026-08-12,1,335.56,335.56,297.11,297.11,5.87,5.87,2.0,0.0333,isolated,38.45,38.45,1.0,5.87,1.0,1.0,0,0,0,-0.2084,0,NORMAL,NORMAL_THERMAL_ACTIVITY,Thermal activity falls within normal statistical bounds.,none
669,1,1,2026-08-12,2026-08-12,1,341.99,341.99,299.03,299.03,10.1,10.1,2.0,0.0333,isolated,42.96,42.96,1.0,10.1,1.0,1.0,0,0,0,-0.1716,0,NORMAL,NORMAL_THERMAL_ACTIVITY,Thermal activity falls within normal statistical bounds.,none
670,1,1,2026-08-12,2026-08-12,1,341.3,341.3,297.69,297.69,4.82,4.82,2.0,0.0333,isolated,43.61,43.61,1.0,4.82,1.0,1.0,0,0,0,-0.2028,0,NORMAL,NORMAL_THERMAL_ACTIVITY,Thermal activity falls within normal statistical bounds.,none
671,1,1,2026-08-12,2026-08-12,1,335.31,335.31,298.69,298.69,4.17,4.17,2.0,0.0333,isolated,36.62,36.62,1.0,4.17,1.0,1.0,0,0,0,-0.2187,0,NORMAL,NORMAL_THERMAL_ACTIVITY,Thermal activity falls within normal statistical bounds.,none
672,2,2,2026-08-12,2026-08-13,2,335.5,338.9,299.865,301.82,3.895,5.99,2.0,0.0667,short_lived_repeated,35.635,37.08,0.6503,1.9475,1.0,1.0,1,0,1,-0.1195,0,NORMAL,NORMAL_THERMAL_ACTIVITY,Thermal activity falls within normal statistical bounds.,none
673,1,1,2026-08-12,2026-08-12,1,331.42,331.42,296.96,296.96,2.56,2.56,2.0,0.0333,isolated,34.46,34.46,1.0,2.56,1.0,1.0,0,0,0,-0.2171,0,NORMAL,NORMAL_THERMAL_ACTIVITY,Thermal activity falls within normal statistical bounds.,none
674,1,1,2026-08-12,2026-08-12,1,333.73,333.73,295.39,295.39,2.55,2.55,2.0,0.0333,isolated,38.34,38.34,1.0,2.55,1.0,1.0,0,0,0,-0.2175,0,NORMAL,NORMAL_THERMAL_ACTIVITY,Thermal activity falls within normal statistical bounds.,none
675,3,2,2026-08-12,2026-08-13,2,337.98,343.0,298.377,299.1,4.877,6.21,2.0,0.0667,short_lived_repeated,39.603,43.9,0.7853,1.6257,1.5,1.0,1,0,1,-0.1161,0,NORMAL,NORMAL_THERMAL_ACTIVITY,Thermal activity falls within normal statistical bounds.,none
676,1,1,2026-08-12,2026-08-12,1,330.5,330.5,299.45,299.45,3.6,3.6,2.0,0.0333,isolated,31.05,31.05,1.0,3.6,1.0,1.0,0,0,0,-0.2117,0,NORMAL,NORMAL_THERMAL_ACTIVITY,Thermal activity falls within normal statistical bounds.,none
677,1,1,2026-08-12,2026-08-12,1,338.97,338.97,298.55,298.55,3.13,3.13,2.0,0.0333,isolated,40.42,40.42,1.0,3.13,1.0,1.0,0,0,0,-0.2119,0,NORMAL,NORMAL_THERMAL_ACTIVITY,Thermal activity falls within normal statistical bounds.,none
678,2,1,2026-08-12,2026-08-12,1,330.41,330.5,298.125,298.34,1.94,2.05,2.0,0.0333,isolated,32.285,32.16,0.9463,0.97,2.0,1.0,0,0,0,-0.177,0,NORMAL,NORMAL_THERMAL_ACTIVITY,Thermal activity falls within normal statistical bounds.,none
679,1,1,2026-08-12,2026-08-12,1,330.07,330.07,300.63,300.63,1.95,1.95,1.0,0.0333,isolated,29.44,29.44,1.0,1.95,1.0,1.0,0,0,0,-0.1099,0,NORMAL,NORMAL_THERMAL_ACTIVITY,Thermal activity falls within normal statistical bounds.,none
680,1,1,2026-08-12,2026-08-12,1,333.57,333.57,297.67,297.67,2.63,2.63,2.0,0.0333,isolated,35.9,35.9,1.0,2.63,1.0,1.0,0,0,0,-0.2163,0,NORMAL,NORMAL_THERMAL_ACTIVITY,Thermal activity falls within normal statistical bounds.,none
681,2,1,2026-08-12,2026-08-12,1,345.74,356.33,289.145,289.21,39.17,39.17,1.5,0.0333,isolated,56.595,67.12,1.0,19.585,2.0,1.0,0,0,0,0.1081,1,HIGH,MULTI_FACTOR_ANOMALY,High abnormality primarily associated with elevated thermal intensity and elevated thermal energy (FRP).,"max_bright_ti4,bt_diff_max,max_frp,mean_frp"
682,1,1,2026-08-12,2026-08-12,1,330.3,330.3,301.23,301.23,2.78,2.78,1.0,0.0333,isolated,29.07,29.07,1.0,2.78,1.0,1.0,0,0,0,-0.1162,0,NORMAL,NORMAL_THERMAL_ACTIVITY,Thermal activity falls within normal statistical bounds.,none
683,3,1,2026-08-12,2026-08-12,1,335.01,336.4,303.58,304.34,5.39,5.43,2.0,0.0333,isolated,31.43,32.06,0.9926,1.7967,3.0,1.0,0,0,0,-0.1438,0,NORMAL,NORMAL_THERMAL_ACTIVITY,Thermal activity falls within normal statistical bounds.,none
684,1,1,2026-08-12,2026-08-12,1,338.87,338.87,292.64,292.64,3.8,3.8,2.0,0.0333,isolated,46.23,46.23,1.0,3.8,1.0,1.0,0,0,0,-0.208,0,NORMAL,NORMAL_THERMAL_ACTIVITY,Thermal activity falls within normal statistical bounds.,none
685,1,1,2026-08-12,2026-08-12,1,332.85,332.85,303.52,303.52,5.29,5.29,1.0,0.0333,isolated,29.33,29.33,1.0,5.29,1.0,1.0,0,0,0,-0.1059,0,NORMAL,NORMAL_THERMAL_ACTIVITY,Thermal activity falls within normal statistical bounds.,none
686,1,1,2026-08-12,2026-08-12,1,330.44,330.44,301.14,301.14,5.11,5.11,1.0,0.0333,isolated,29.3,29.3,1.0,5.11,1.0,1.0,0,0,0,-0.1002,0,NORMAL,NORMAL_THERMAL_ACTIVITY,Thermal activity falls within normal statistical bounds.,none
687,1,1,2026-08-12,2026-08-12,1,343.59,343.59,304.03,304.03,48.72,48.72,2.0,0.0333,isolated,39.56,39.56,1.0,48.72,1.0,1.0,0,0,0,0.0042,1,HIGH,MULTI_FACTOR_ANOMALY,High abnormality primarily associated with elevated thermal intensity and elevated thermal energy (FRP).,"max_bright_ti4,max_frp,mean_frp"
688,2,1,2026-08-12,2026-08-12,1,341.595,343.67,302.535,303.58,7.975,9.93,2.0,0.0333,isolated,39.06,40.09,0.8031,3.9875,2.0,1.0,0,0,0,-0.1378,0,NORMAL,NORMAL_THERMAL_ACTIVITY,Thermal activity falls within normal statistical bounds.,none
689,1,1,2026-08-12,2026-08-12,1,335.97,335.97,301.96,301.96,4.5,4.5,2.0,0.0333,isolated,34.01,34.01,1.0,4.5,1.0,1.0,0,0,0,-0.2162,0,NORMAL,NORMAL_THERMAL_ACTIVITY,Thermal activity falls within normal statistical bounds.,none
690,1,1,2026-08-12,2026-08-12,1,345.29,345.29,308.58,308.58,13.05,13.05,2.0,0.0333,isolated,36.71,36.71,1.0,13.05,1.0,1.0,0,0,0,-0.1294,0,NORMAL,NORMAL_THERMAL_ACTIVITY,Thermal activity falls within normal statistical bounds.,none
691,1,1,2026-08-12,2026-08-12,1,331.89,331.89,293.96,293.96,3.39,3.39,2.0,0.0333,isolated,37.93,37.93,1.0,3.39,1.0,1.0,0,0,0,-0.2182,0,NORMAL,NORMAL_THERMAL_ACTIVITY,Thermal activity falls within normal statistical bounds.,none
692,1,1,2026-08-12,2026-08-12,1,344.86,344.86,303.59,303.59,5.23,5.23,2.0,0.0333,isolated,41.27,41.27,1.0,5.23,1.0,1.0,0,0,0,-0.2004,0,NORMAL,NORMAL_THERMAL_ACTIVITY,Thermal activity falls within normal statistical bounds.,none
693,2,1,2026-08-12,2026-08-12,1,343.955,344.37,305.83,306.16,9.105,12.36,2.0,0.0333,isolated,38.125,38.21,0.7367,4.5525,2.0,1.0,0,0,0,-0.1191,0,NORMAL,NORMAL_THERMAL_ACTIVITY,Thermal activity falls within normal statistical bounds.,none
694,1,1,2026-08-12,2026-08-12,1,341.87,341.87,305.97,305.97,9.7,9.7,2.0,0.0333,isolated,35.9,35.9,1.0,9.7,1.0,1.0,0,0,0,-0.1764,0,NORMAL,NORMAL_THERMAL_ACTIVITY,Thermal activity falls within normal statistical bounds.,none
695,1,1,2026-08-12,2026-08-12,1,334.24,334.24,298.97,298.97,3.76,3.76,2.0,0.0333,isolated,35.27,35.27,1.0,3.76,1.0,1.0,0,0,0,-0.2183,0,NORMAL,NORMAL_THERMAL_ACTIVITY,Thermal activity falls within normal statistical bounds.,none
696,1,1,2026-08-12,2026-08-12,1,334.81,334.81,298.56,298.56,6.39,6.39,2.0,0.0333,isolated,36.25,36.25,1.0,6.39,1.0,1.0,0,0,0,-0.2004,0,NORMAL,NORMAL_THERMAL_ACTIVITY,Thermal activity falls within normal statistical bounds.,none
697,1,1,2026-08-12,2026-08-12,1,342.07,342.07,299.74,299.74,5.24,5.24,2.0,0.0333,isolated,42.33,42.33,1.0,5.24,1.0,1.0,0,0,0,-0.2024,0,NORMAL,NORMAL_THERMAL_ACTIVITY,Thermal activity falls within normal statistical bounds.,none
698,1,1,2026-08-12,2026-08-12,1,336.99,336.99,301.22,301.22,2.32,2.32,2.0,0.0333,isolated,35.77,35.77,1.0,2.32,1.0,1.0,0,0,0,-0.2148,0,NORMAL,NORMAL_THERMAL_ACTIVITY,Thermal activity falls within normal statistical bounds.,none
699,1,1,2026-08-12,2026-08-12,1,342.04,342.04,300.56,300.56,8.97,8.97,2.0,0.0333,isolated,41.48,41.48,1.0,8.97,1.0,1.0,0,0,0,-0.1835,0,NORMAL,NORMAL_THERMAL_ACTIVITY,Thermal activity falls within normal statistical bounds.,none
700,1,1,2026-08-12,2026-08-12,1,341.05,341.05,300.41,300.41,11.75,11.75,2.0,0.0333,isolated,40.64,40.64,1.0,11.75,1.0,1.0,0,0,0,-0.1418,0,NORMAL,NORMAL_THERMAL_ACTIVITY,Thermal activity falls within normal statistical bounds.,none
701,1,1,2026-08-12,2026-08-12,1,331.82,331.82,289.79,289.79,3.23,3.23,2.0,0.0333,isolated,42.03,42.03,1.0,3.23,1.0,1.0,0,0,0,-0.2141,0,NORMAL,NORMAL_THERMAL_ACTIVITY,Thermal activity falls within normal statistical bounds.,none
702,1,1,2026-08-12,2026-08-12,1,330.46,330.46,287.01,287.01,2.86,2.86,2.0,0.0333,isolated,43.45,43.45,1.0,2.86,1.0,1.0,0,0,0,-0.2076,0,NORMAL,NORMAL_THERMAL_ACTIVITY,Thermal activity falls within normal statistical bounds.,none
703,1,1,2026-08-12,2026-08-12,1,340.13,340.13,291.47,291.47,3.79,3.79,2.0,0.0333,isolated,48.66,48.66,1.0,3.79,1.0,1.0,0,0,0,-0.2003,0,NORMAL,NORMAL_THERMAL_ACTIVITY,Thermal activity falls within normal statistical bounds.,none
704,2,1,2026-08-12,2026-08-12,1,337.95,339.4,300.67,301.02,6.73,6.73,2.0,0.0333,isolated,37.28,38.38,1.0,3.365,2.0,1.0,0,0,0,-0.1694,0,NORMAL,NORMAL_THERMAL_ACTIVITY,Thermal activity falls within normal statistical bounds.,none
705,1,1,2026-08-12,2026-08-12,1,301.27,301.27,284.33,284.33,1.25,1.25,2.0,0.0333,isolated,16.94,16.94,1.0,1.25,1.0,1.0,0,0,0,-0.1808,0,NORMAL,NORMAL_THERMAL_ACTIVITY,Thermal activity falls within normal statistical bounds.,none
706,1,1,2026-08-12,2026-08-12,1,298.4,298.4,275.57,275.57,2.72,2.72,2.0,0.0333,isolated,22.83,22.83,1.0,2.72,1.0,1.0,0,0,0,-0.1554,0,NORMAL,NORMAL_THERMAL_ACTIVITY,Thermal activity falls within normal statistical bounds.,none
707,1,1,2026-08-12,2026-08-12,1,304.2,304.2,283.57,283.57,0.44,0.44,2.0,0.0333,isolated,20.63,20.63,1.0,0.44,1.0,1.0,0,0,0,-0.1754,0,NORMAL,NORMAL_THERMAL_ACTIVITY,Thermal activity falls within normal statistical bounds.,none
708,2,2,2026-08-12,2026-08-13,2,309.775,312.79,285.645,291.13,1.0,1.18,2.0,0.0667,short_lived_repeated,24.13,21.66,0.8475,0.5,1.0,1.0,1,0,1,-0.1252,0,NORMAL,NORMAL_THERMAL_ACTIVITY,Thermal activity falls within normal statistical bounds.,none
709,1,1,2026-08-12,2026-08-12,1,304.49,304.49,284.63,284.63,0.51,0.51,2.0,0.0333,isolated,19.86,19.86,1.0,0.51,1.0,1.0,0,0,0,-0.1767,0,NORMAL,NORMAL_THERMAL_ACTIVITY,Thermal activity falls within normal statistical bounds.,none
710,2,1,2026-08-12,2026-08-12,1,315.49,318.72,284.185,284.41,1.39,1.39,2.0,0.0333,isolated,31.305,34.31,1.0,0.695,2.0,1.0,0,0,0,-0.1645,0,NORMAL,NORMAL_THERMAL_ACTIVITY,Thermal activity falls within normal statistical bounds.,none
711,1,1,2026-08-12,2026-08-12,1,306.78,306.78,281.66,281.66,0.97,0.97,2.0,0.0333,isolated,25.12,25.12,1.0,0.97,1.0,1.0,0,0,0,-0.198,0,NORMAL,NORMAL_THERMAL_ACTIVITY,Thermal activity falls within normal statistical bounds.,none
712,1,1,2026-08-12,2026-08-12,1,302.25,302.25,282.0,282.0,0.49,0.49,2.0,0.0333,isolated,20.25,20.25,1.0,0.49,1.0,1.0,0,0,0,-0.1697,0,NORMAL,NORMAL_THERMAL_ACTIVITY,Thermal activity falls within normal statistical bounds.,none
713,1,1,2026-08-12,2026-08-12,1,317.57,317.57,280.34,280.34,1.88,1.88,2.0,0.0333,isolated,37.23,37.23,1.0,1.88,1.0,1.0,0,0,0,-0.1979,0,NORMAL,NORMAL_THERMAL_ACTIVITY,Thermal activity falls within normal statistical bounds.,none
714,1,1,2026-08-12,2026-08-12,1,307.04,307.04,289.54,289.54,0.82,0.82,2.0,0.0333,isolated,17.5,17.5,1.0,0.82,1.0,1.0,0,0,0,-0.1877,0,NORMAL,NORMAL_THERMAL_ACTIVITY,Thermal activity falls within normal statistical bounds.,none
715,1,1,2026-08-12,2026-08-12,1,305.21,305.21,284.65,284.65,1.06,1.06,2.0,0.0333,isolated,20.56,20.56,1.0,1.06,1.0,1.0,0,0,0,-0.1921,0,NORMAL,NORMAL_THERMAL_ACTIVITY,Thermal activity falls within normal statistical bounds.,none
716,1,1,2026-08-12,2026-08-12,1,307.98,307.98,289.21,289.21,1.85,1.85,2.0,0.0333,isolated,18.77,18.77,1.0,1.85,1.0,1.0,0,0,0,-0.1903,0,NORMAL,NORMAL_THERMAL_ACTIVITY,Thermal activity falls within normal statistical bounds.,none
717,4,1,2026-08-12,2026-08-12,1,303.452,305.11,280.812,284.2,1.092,1.23,2.0,0.0333,isolated,22.64,20.91,0.8878,0.273,4.0,1.0,0,0,0,-0.0814,0,NORMAL,NORMAL_THERMAL_ACTIVITY,Thermal activity falls within normal statistical bounds.,none
718,1,1,2026-08-12,2026-08-12,1,305.98,305.98,287.1,287.1,0.81,0.81,2.0,0.0333,isolated,18.88,18.88,1.0,0.81,1.0,1.0,0,0,0,-0.1876,0,NORMAL,NORMAL_THERMAL_ACTIVITY,Thermal activity falls within normal statistical bounds.,none
719,1,1,2026-08-12,2026-08-12,1,302.49,302.49,282.99,282.99,0.67,0.67,2.0,0.0333,isolated,19.5,19.5,1.0,0.67,1.0,1.0,0,0,0,-0.1751,0,NORMAL,NORMAL_THERMAL_ACTIVITY,Thermal activity falls within normal statistical bounds.,none
720,1,1,2026-08-12,2026-08-12,1,309.86,309.86,273.82,273.82,1.13,1.13,2.0,0.0333,isolated,36.04,36.04,1.0,1.13,1.0,1.0,0,0,0,-0.1943,0,NORMAL,NORMAL_THERMAL_ACTIVITY,Thermal activity falls within normal statistical bounds.,none
721,1,1,2026-08-12,2026-08-12,1,300.01,300.01,280.39,280.39,0.58,0.58,2.0,0.0333,isolated,19.62,19.62,1.0,0.58,1.0,1.0,0,0,0,-0.1661,0,NORMAL,NORMAL_THERMAL_ACTIVITY,Thermal activity falls within normal statistical bounds.,none
722,1,1,2026-08-12,2026-08-12,1,312.44,312.44,286.71,286.71,1.96,1.96,2.0,0.0333,isolated,25.73,25.73,1.0,1.96,1.0,1.0,0,0,0,-0.1969,0,NORMAL,NORMAL_THERMAL_ACTIVITY,Thermal activity falls within normal statistical bounds.,none
723,1,1,2026-08-12,2026-08-12,1,304.22,304.22,283.63,283.63,1.2,1.2,2.0,0.0333,isolated,20.59,20.59,1.0,1.2,1.0,1.0,0,0,0,-0.1917,0,NORMAL,NORMAL_THERMAL_ACTIVITY,Thermal activity falls within normal statistical bounds.,none
724,3,1,2026-08-12,2026-08-12,1,313.053,341.34,268.323,285.65,4.173,9.3,2.0,0.0333,isolated,44.73,55.69,0.4487,1.391,3.0,1.0,0,0,0,-0.0707,0,NORMAL,NORMAL_THERMAL_ACTIVITY,Thermal activity falls within normal statistical bounds.,none
725,1,1,2026-08-12,2026-08-12,1,304.67,304.67,280.86,280.86,1.34,1.34,2.0,0.0333,isolated,23.81,23.81,1.0,1.34,1.0,1.0,0,0,0,-0.192,0,NORMAL,NORMAL_THERMAL_ACTIVITY,Thermal activity falls within normal statistical bounds.,none
726,1,1,2026-08-12,2026-08-12,1,307.02,307.02,290.56,290.56,1.13,1.13,2.0,0.0333,isolated,16.46,16.46,1.0,1.13,1.0,1.0,0,0,0,-0.1925,0,NORMAL,NORMAL_THERMAL_ACTIVITY,Thermal activity falls within normal statistical bounds.,none
727,4,3,2026-08-12,2026-08-16,5,303.917,305.34,289.695,291.42,0.967,1.43,2.0,0.1,short_lived_repeated,14.222,13.92,0.6762,0.2418,0.8,0.6,1,0,1,-0.0403,0,ELEVATED,RECURRING_THERMAL_ACTIVITY,Elevated abnormality primarily associated with recurring thermal activity over an extended duration.,duration_days
728,2,1,2026-08-12,2026-08-12,1,299.785,301.79,263.895,264.42,1.785,2.31,2.0,0.0333,isolated,35.89,37.37,0.7727,0.8925,2.0,1.0,0,0,0,-0.1235,0,NORMAL,NORMAL_THERMAL_ACTIVITY,Thermal activity falls within normal statistical bounds.,none
729,1,1,2026-08-12,2026-08-12,1,295.02,295.02,281.89,281.89,4.25,4.25,2.0,0.0333,isolated,13.13,13.13,1.0,4.25,1.0,1.0,0,0,0,-0.1123,0,NORMAL,NORMAL_THERMAL_ACTIVITY,Thermal activity falls within normal statistical bounds.,none
730,1,1,2026-08-13,2026-08-13,1,341.06,341.06,295.2,295.2,5.03,5.03,2.0,0.0333,isolated,45.86,45.86,1.0,5.03,1.0,1.0,0,0,0,-0.1992,0,NORMAL,NORMAL_THERMAL_ACTIVITY,Thermal activity falls within normal statistical bounds.,none
731,1,1,2026-08-13,2026-08-13,1,334.43,334.43,288.79,288.79,3.4,3.4,2.0,0.0333,isolated,45.64,45.64,1.0,3.4,1.0,1.0,0,0,0,-0.2098,0,NORMAL,NORMAL_THERMAL_ACTIVITY,Thermal activity falls within normal statistical bounds.,none
732,1,1,2026-08-13,2026-08-13,1,331.34,331.34,290.97,290.97,3.15,3.15,2.0,0.0333,isolated,40.37,40.37,1.0,3.15,1.0,1.0,0,0,0,-0.2129,0,NORMAL,NORMAL_THERMAL_ACTIVITY,Thermal activity falls within normal statistical bounds.,none
733,4,2,2026-08-13,2026-08-15,3,318.008,334.95,280.735,294.71,2.415,3.65,2.0,0.0667,short_lived_repeated,37.273,40.24,0.6616,0.6038,1.3333,0.6667,1,0,1,-0.1105,0,NORMAL,NORMAL_THERMAL_ACTIVITY,Thermal activity falls within normal statistical bounds.,none
734,1,1,2026-08-13,2026-08-13,1,335.42,335.42,294.09,294.09,2.39,2.39,2.0,0.0333,isolated,41.33,41.33,1.0,2.39,1.0,1.0,0,0,0,-0.2138,0,NORMAL,NORMAL_THERMAL_ACTIVITY,Thermal activity falls within normal statistical bounds.,none
735,1,1,2026-08-13,2026-08-13,1,342.38,342.38,293.88,293.88,6.64,6.64,2.0,0.0333,isolated,48.5,48.5,1.0,6.64,1.0,1.0,0,0,0,-0.1886,0,NORMAL,NORMAL_THERMAL_ACTIVITY,Thermal activity falls within normal statistical bounds.,none
736,1,1,2026-08-13,2026-08-13,1,342.18,342.18,293.5,293.5,6.62,6.62,2.0,0.0333,isolated,48.68,48.68,1.0,6.62,1.0,1.0,0,0,0,-0.1886,0,NORMAL,NORMAL_THERMAL_ACTIVITY,Thermal activity falls within normal statistical bounds.,none
737,1,1,2026-08-13,2026-08-13,1,330.18,330.18,297.26,297.26,3.85,3.85,2.0,0.0333,isolated,32.92,32.92,1.0,3.85,1.0,1.0,0,0,0,-0.2161,0,NORMAL,NORMAL_THERMAL_ACTIVITY,Thermal activity falls within normal statistical bounds.,none
738,1,1,2026-08-13,2026-08-13,1,337.3,337.3,303.26,303.26,4.93,4.93,2.0,0.0333,isolated,34.04,34.04,1.0,4.93,1.0,1.0,0,0,0,-0.2125,0,NORMAL,NORMAL_THERMAL_ACTIVITY,Thermal activity falls within normal statistical bounds.,none
739,1,1,2026-08-13,2026-08-13,1,339.89,339.89,300.79,300.79,4.71,4.71,2.0,0.0333,isolated,39.1,39.1,1.0,4.71,1.0,1.0,0,0,0,-0.208,0,NORMAL,NORMAL_THERMAL_ACTIVITY,Thermal activity falls within normal statistical bounds.,none
740,1,1,2026-08-13,2026-08-13,1,335.85,335.85,304.35,304.35,2.22,2.22,2.0,0.0333,isolated,31.5,31.5,1.0,2.22,1.0,1.0,0,0,0,-0.2152,0,NORMAL,NORMAL_THERMAL_ACTIVITY,Thermal activity falls within normal statistical bounds.,none
741,1,1,2026-08-13,2026-08-13,1,338.11,338.11,304.41,304.41,2.79,2.79,2.0,0.0333,isolated,33.7,33.7,1.0,2.79,1.0,1.0,0,0,0,-0.2134,0,NORMAL,NORMAL_THERMAL_ACTIVITY,Thermal activity falls within normal statistical bounds.,none
742,1,1,2026-08-13,2026-08-13,1,339.68,339.68,304.16,304.16,10.32,10.32,2.0,0.0333,isolated,35.52,35.52,1.0,10.32,1.0,1.0,0,0,0,-0.1669,0,NORMAL,NORMAL_THERMAL_ACTIVITY,Thermal activity falls within normal statistical bounds.,none
743,1,1,2026-08-13,2026-08-13,1,352.69,352.69,301.95,301.95,12.87,12.87,2.0,0.0333,isolated,50.74,50.74,1.0,12.87,1.0,1.0,0,0,0,-0.0901,0,NORMAL,NORMAL_THERMAL_ACTIVITY,Thermal activity falls within normal statistical bounds.,none
744,1,1,2026-08-13,2026-08-13,1,334.04,334.04,292.98,292.98,1.59,1.59,2.0,0.0333,isolated,41.06,41.06,1.0,1.59,1.0,1.0,0,0,0,-0.2035,0,NORMAL,NORMAL_THERMAL_ACTIVITY,Thermal activity falls within normal statistical bounds.,none
745,1,1,2026-08-13,2026-08-13,1,337.61,337.61,295.94,295.94,4.14,4.14,2.0,0.0333,isolated,41.67,41.67,1.0,4.14,1.0,1.0,0,0,0,-0.2129,0,NORMAL,NORMAL_THERMAL_ACTIVITY,Thermal activity falls within normal statistical bounds.,none
746,1,1,2026-08-13,2026-08-13,1,332.2,332.2,300.42,300.42,3.41,3.41,2.0,0.0333,isolated,31.78,31.78,1.0,3.41,1.0,1.0,0,0,0,-0.2186,0,NORMAL,NORMAL_THERMAL_ACTIVITY,Thermal activity falls within normal statistical bounds.,none
747,1,1,2026-08-13,2026-08-13,1,331.42,331.42,299.34,299.34,3.37,3.37,2.0,0.0333,isolated,32.08,32.08,1.0,3.37,1.0,1.0,0,0,0,-0.2186,0,NORMAL,NORMAL_THERMAL_ACTIVITY,Thermal activity falls within normal statistical bounds.,none
748,3,2,2026-08-13,2026-08-16,4,331.157,331.94,304.76,305.45,6.167,7.15,1.0,0.0667,short_lived_repeated,26.397,26.49,0.8625,2.0557,0.75,0.5,1,0,1,0.0278,1,HIGH,STATISTICAL_ANOMALY,High abnormality primarily associated with unusual multi-variate statistical signature.,multivariate_combination
749,1,1,2026-08-13,2026-08-13,1,299.86,299.86,284.89,284.89,1.37,1.37,2.0,0.0333,isolated,14.97,14.97,1.0,1.37,1.0,1.0,0,0,0,-0.1668,0,NORMAL,NORMAL_THERMAL_ACTIVITY,Thermal activity falls within normal statistical bounds.,none
750,1,1,2026-08-13,2026-08-13,1,296.17,296.17,268.56,268.56,0.29,0.29,2.0,0.0333,isolated,27.61,27.61,1.0,0.29,1.0,1.0,0,0,0,-0.1467,0,NORMAL,NORMAL_THERMAL_ACTIVITY,Thermal activity falls within normal statistical bounds.,none
751,2,1,2026-08-13,2026-08-13,1,304.16,306.93,281.3,285.54,1.575,2.33,2.0,0.0333,isolated,22.86,21.39,0.676,0.7875,2.0,1.0,0,0,0,-0.1339,0,NORMAL,NORMAL_THERMAL_ACTIVITY,Thermal activity falls within normal statistical bounds.,none
752,1,1,2026-08-13,2026-08-13,1,302.76,302.76,277.62,277.62,0.25,0.25,2.0,0.0333,isolated,25.14,25.14,1.0,0.25,1.0,1.0,0,0,0,-0.1628,0,NORMAL,NORMAL_THERMAL_ACTIVITY,Thermal activity falls within normal statistical bounds.,none
753,1,1,2026-08-13,2026-08-13,1,329.87,329.87,269.9,269.9,4.47,4.47,2.0,0.0333,isolated,59.97,59.97,1.0,4.47,1.0,1.0,0,0,0,-0.1544,0,NORMAL,NORMAL_THERMAL_ACTIVITY,Thermal activity falls within normal statistical bounds.,none
754,1,1,2026-08-13,2026-08-13,1,304.93,304.93,291.55,291.55,1.36,1.36,2.0,0.0333,isolated,13.38,13.38,1.0,1.36,1.0,1.0,0,0,0,-0.1785,0,NORMAL,NORMAL_THERMAL_ACTIVITY,Thermal activity falls within normal statistical bounds.,none
755,1,1,2026-08-13,2026-08-13,1,316.67,316.67,283.88,283.88,1.3,1.3,2.0,0.0333,isolated,32.79,32.79,1.0,1.3,1.0,1.0,0,0,0,-0.195,0,NORMAL,NORMAL_THERMAL_ACTIVITY,Thermal activity falls within normal statistical bounds.,none
756,2,2,2026-08-13,2026-08-14,2,308.135,310.57,289.015,291.49,1.365,1.66,2.0,0.0667,short_lived_repeated,19.12,19.08,0.8223,0.6825,1.0,1.0,1,0,1,-0.1277,0,NORMAL,NORMAL_THERMAL_ACTIVITY,Thermal activity falls within normal statistical bounds.,none
757,1,1,2026-08-13,2026-08-13,1,305.92,305.92,289.85,289.85,0.97,0.97,2.0,0.0333,isolated,16.07,16.07,1.0,0.97,1.0,1.0,0,0,0,-0.1923,0,NORMAL,NORMAL_THERMAL_ACTIVITY,Thermal activity falls within normal statistical bounds.,none
758,1,1,2026-08-13,2026-08-13,1,298.14,298.14,283.94,283.94,3.37,3.37,2.0,0.0333,isolated,14.2,14.2,1.0,3.37,1.0,1.0,0,0,0,-0.14,0,NORMAL,NORMAL_THERMAL_ACTIVITY,Thermal activity falls within normal statistical bounds.,none
759,1,1,2026-08-13,2026-08-13,1,305.93,305.93,289.89,289.89,1.95,1.95,2.0,0.0333,isolated,16.04,16.04,1.0,1.95,1.0,1.0,0,0,0,-0.1867,0,NORMAL,NORMAL_THERMAL_ACTIVITY,Thermal activity falls within normal statistical bounds.,none
760,3,2,2026-08-13,2026-08-16,4,306.203,314.56,283.63,291.08,1.34,2.43,2.0,0.0667,short_lived_repeated,22.573,23.48,0.5514,0.4467,0.75,0.5,1,0,1,-0.07,0,NORMAL,NORMAL_THERMAL_ACTIVITY,Thermal activity falls within normal statistical bounds.,none
761,1,1,2026-08-13,2026-08-13,1,302.22,302.22,286.57,286.57,0.5,0.5,2.0,0.0333,isolated,15.65,15.65,1.0,0.5,1.0,1.0,0,0,0,-0.1669,0,NORMAL,NORMAL_THERMAL_ACTIVITY,Thermal activity falls within normal statistical bounds.,none
762,2,1,2026-08-14,2026-08-14,1,347.39,347.64,293.99,294.3,5.62,5.98,2.0,0.0333,isolated,53.4,53.34,0.9398,2.81,2.0,1.0,0,0,0,-0.1469,0,NORMAL,NORMAL_THERMAL_ACTIVITY,Thermal activity falls within normal statistical bounds.,none
763,1,1,2026-08-14,2026-08-14,1,334.78,334.78,293.55,293.55,3.11,3.11,2.0,0.0333,isolated,41.23,41.23,1.0,3.11,1.0,1.0,0,0,0,-0.2148,0,NORMAL,NORMAL_THERMAL_ACTIVITY,Thermal activity falls within normal statistical bounds.,none
764,1,1,2026-08-14,2026-08-14,1,333.86,333.86,297.44,297.44,2.67,2.67,2.0,0.0333,isolated,36.42,36.42,1.0,2.67,1.0,1.0,0,0,0,-0.2181,0,NORMAL,NORMAL_THERMAL_ACTIVITY,Thermal activity falls within normal statistical bounds.,none
765,1,1,2026-08-14,2026-08-14,1,332.42,332.42,297.05,297.05,3.28,3.28,2.0,0.0333,isolated,35.37,35.37,1.0,3.28,1.0,1.0,0,0,0,-0.2187,0,NORMAL,NORMAL_THERMAL_ACTIVITY,Thermal activity falls within normal statistical bounds.,none
766,1,1,2026-08-14,2026-08-14,1,346.08,346.08,291.52,291.52,6.19,6.19,2.0,0.0333,isolated,54.56,54.56,1.0,6.19,1.0,1.0,0,0,0,-0.1705,0,NORMAL,NORMAL_THERMAL_ACTIVITY,Thermal activity falls within normal statistical bounds.,none
767,1,1,2026-08-14,2026-08-14,1,334.57,334.57,297.43,297.43,1.74,1.74,2.0,0.0333,isolated,37.14,37.14,1.0,1.74,1.0,1.0,0,0,0,-0.2086,0,NORMAL,NORMAL_THERMAL_ACTIVITY,Thermal activity falls within normal statistical bounds.,none
768,1,1,2026-08-14,2026-08-14,1,331.99,331.99,299.06,299.06,2.92,2.92,2.0,0.0333,isolated,32.93,32.93,1.0,2.92,1.0,1.0,0,0,0,-0.2162,0,NORMAL,NORMAL_THERMAL_ACTIVITY,Thermal activity falls within normal statistical bounds.,none
769,1,1,2026-08-14,2026-08-14,1,343.81,343.81,302.12,302.12,11.29,11.29,2.0,0.0333,isolated,41.69,41.69,1.0,11.29,1.0,1.0,0,0,0,-0.1494,0,NORMAL,NORMAL_THERMAL_ACTIVITY,Thermal activity falls within normal statistical bounds.,none
770,1,1,2026-08-14,2026-08-14,1,334.2,334.2,299.74,299.74,4.26,4.26,2.0,0.0333,isolated,34.46,34.46,1.0,4.26,1.0,1.0,0,0,0,-0.2176,0,NORMAL,NORMAL_THERMAL_ACTIVITY,Thermal activity falls within normal statistical bounds.,none
771,1,1,2026-08-14,2026-08-14,1,338.52,338.52,302.49,302.49,4.93,4.93,2.0,0.0333,isolated,36.03,36.03,1.0,4.93,1.0,1.0,0,0,0,-0.2129,0,NORMAL,NORMAL_THERMAL_ACTIVITY,Thermal activity falls within normal statistical bounds.,none
772,1,1,2026-08-14,2026-08-14,1,337.53,337.53,301.74,301.74,7.25,7.25,2.0,0.0333,isolated,35.79,35.79,1.0,7.25,1.0,1.0,0,0,0,-0.1923,0,NORMAL,NORMAL_THERMAL_ACTIVITY,Thermal activity falls within normal statistical bounds.,none
773,1,1,2026-08-14,2026-08-14,1,336.21,336.21,301.61,301.61,12.14,12.14,2.0,0.0333,isolated,34.6,34.6,1.0,12.14,1.0,1.0,0,0,0,-0.1332,0,NORMAL,NORMAL_THERMAL_ACTIVITY,Thermal activity falls within normal statistical bounds.,none
774,1,1,2026-08-14,2026-08-14,1,332.95,332.95,293.65,293.65,4.88,4.88,2.0,0.0333,isolated,39.3,39.3,1.0,4.88,1.0,1.0,0,0,0,-0.2125,0,NORMAL,NORMAL_THERMAL_ACTIVITY,Thermal activity falls within normal statistical bounds.,none
775,1,1,2026-08-14,2026-08-14,1,334.35,334.35,297.64,297.64,3.12,3.12,2.0,0.0333,isolated,36.71,36.71,1.0,3.12,1.0,1.0,0,0,0,-0.2189,0,NORMAL,NORMAL_THERMAL_ACTIVITY,Thermal activity falls within normal statistical bounds.,none
776,1,1,2026-08-14,2026-08-14,1,335.27,335.27,298.04,298.04,5.02,5.02,2.0,0.0333,isolated,37.23,37.23,1.0,5.02,1.0,1.0,0,0,0,-0.2147,0,NORMAL,NORMAL_THERMAL_ACTIVITY,Thermal activity falls within normal statistical bounds.,none
777,1,1,2026-08-14,2026-08-14,1,334.7,334.7,298.81,298.81,6.63,6.63,2.0,0.0333,isolated,35.89,35.89,1.0,6.63,1.0,1.0,0,0,0,-0.1989,0,NORMAL,NORMAL_THERMAL_ACTIVITY,Thermal activity falls within normal statistical bounds.,none
778,1,1,2026-08-14,2026-08-14,1,333.71,333.71,282.62,282.62,2.92,2.92,2.0,0.0333,isolated,51.09,51.09,1.0,2.92,1.0,1.0,0,0,0,-0.1903,0,NORMAL,NORMAL_THERMAL_ACTIVITY,Thermal activity falls within normal statistical bounds.,none
779,1,1,2026-08-14,2026-08-14,1,338.91,338.91,291.54,291.54,9.67,9.67,2.0,0.0333,isolated,47.37,47.37,1.0,9.67,1.0,1.0,0,0,0,-0.1704,0,NORMAL,NORMAL_THERMAL_ACTIVITY,Thermal activity falls within normal statistical bounds.,none
780,1,1,2026-08-14,2026-08-14,1,347.59,347.59,291.12,291.12,4.36,4.36,2.0,0.0333,isolated,56.47,56.47,1.0,4.36,1.0,1.0,0,0,0,-0.1638,0,NORMAL,NORMAL_THERMAL_ACTIVITY,Thermal activity falls within normal statistical bounds.,none
781,1,1,2026-08-14,2026-08-14,1,341.75,341.75,292.3,292.3,4.27,4.27,2.0,0.0333,isolated,49.45,49.45,1.0,4.27,1.0,1.0,0,0,0,-0.1964,0,NORMAL,NORMAL_THERMAL_ACTIVITY,Thermal activity falls within normal statistical bounds.,none
782,1,1,2026-08-14,2026-08-14,1,351.98,351.98,292.67,292.67,7.47,7.47,2.0,0.0333,isolated,59.31,59.31,1.0,7.47,1.0,1.0,0,0,0,-0.126,0,NORMAL,NORMAL_THERMAL_ACTIVITY,Thermal activity falls within normal statistical bounds.,none
783,1,1,2026-08-14,2026-08-14,1,330.73,330.73,294.45,294.45,1.82,1.82,2.0,0.0333,isolated,36.28,36.28,1.0,1.82,1.0,1.0,0,0,0,-0.2121,0,NORMAL,NORMAL_THERMAL_ACTIVITY,Thermal activity falls within normal statistical bounds.,none
784,1,1,2026-08-14,2026-08-14,1,340.87,340.87,295.56,295.56,5.27,5.27,2.0,0.0333,isolated,45.31,45.31,1.0,5.27,1.0,1.0,0,0,0,-0.1997,0,NORMAL,NORMAL_THERMAL_ACTIVITY,Thermal activity falls within normal statistical bounds.,none
785,2,1,2026-08-14,2026-08-14,1,336.505,338.34,294.4,294.46,5.23,6.82,2.0,0.0333,isolated,42.105,43.88,0.7669,2.615,2.0,1.0,0,0,0,-0.1541,0,NORMAL,NORMAL_THERMAL_ACTIVITY,Thermal activity falls within normal statistical bounds.,none
786,1,1,2026-08-14,2026-08-14,1,350.48,350.48,294.89,294.89,4.18,4.18,2.0,0.0333,isolated,55.59,55.59,1.0,4.18,1.0,1.0,0,0,0,-0.1605,0,NORMAL,NORMAL_THERMAL_ACTIVITY,Thermal activity falls within normal statistical bounds.,none
787,2,1,2026-08-14,2026-08-14,1,336.835,338.71,288.16,288.42,4.325,4.51,2.0,0.0333,isolated,48.675,50.29,0.959,2.1625,2.0,1.0,0,0,0,-0.1714,0,NORMAL,NORMAL_THERMAL_ACTIVITY,Thermal activity falls within normal statistical bounds.,none
788,1,1,2026-08-14,2026-08-14,1,297.18,297.18,287.16,287.16,4.28,4.28,2.0,0.0333,isolated,10.02,10.02,1.0,4.28,1.0,1.0,0,0,0,-0.1114,0,NORMAL,NORMAL_THERMAL_ACTIVITY,Thermal activity falls within normal statistical bounds.,none
789,1,1,2026-08-14,2026-08-14,1,299.67,299.67,288.13,288.13,3.16,3.16,2.0,0.0333,isolated,11.54,11.54,1.0,3.16,1.0,1.0,0,0,0,-0.1427,0,NORMAL,NORMAL_THERMAL_ACTIVITY,Thermal activity falls within normal statistical bounds.,none
790,1,1,2026-08-14,2026-08-14,1,295.11,295.11,264.71,264.71,0.46,0.46,2.0,0.0333,isolated,30.4,30.4,1.0,0.46,1.0,1.0,0,0,0,-0.1475,0,NORMAL,NORMAL_THERMAL_ACTIVITY,Thermal activity falls within normal statistical bounds.,none
791,3,2,2026-08-14,2026-08-15,2,300.623,305.22,272.6,276.88,0.627,0.9,2.0,0.0667,short_lived_repeated,28.023,28.34,0.6967,0.209,1.5,1.0,1,0,1,-0.0897,0,NORMAL,NORMAL_THERMAL_ACTIVITY,Thermal activity falls within normal statistical bounds.,none
792,1,1,2026-08-14,2026-08-14,1,301.56,301.56,281.85,281.85,1.24,1.24,2.0,0.0333,isolated,19.71,19.71,1.0,1.24,1.0,1.0,0,0,0,-0.1826,0,NORMAL,NORMAL_THERMAL_ACTIVITY,Thermal activity falls within normal statistical bounds.,none
793,1,1,2026-08-14,2026-08-14,1,296.28,296.28,278.56,278.56,1.04,1.04,2.0,0.0333,isolated,17.72,17.72,1.0,1.04,1.0,1.0,0,0,0,-0.1572,0,NORMAL,NORMAL_THERMAL_ACTIVITY,Thermal activity falls within normal statistical bounds.,none
794,2,1,2026-08-14,2026-08-14,1,309.58,309.9,283.875,283.92,1.17,1.33,2.0,0.0333,isolated,25.705,25.98,0.8797,0.585,2.0,1.0,0,0,0,-0.1543,0,NORMAL,NORMAL_THERMAL_ACTIVITY,Thermal activity falls within normal statistical bounds.,none
795,1,1,2026-08-14,2026-08-14,1,301.26,301.26,281.92,281.92,0.63,0.63,2.0,0.0333,isolated,19.34,19.34,1.0,0.63,1.0,1.0,0,0,0,-0.1737,0,NORMAL,NORMAL_THERMAL_ACTIVITY,Thermal activity falls within normal statistical bounds.,none
796,2,2,2026-08-14,2026-08-16,3,302.045,302.25,281.315,283.63,0.94,1.09,2.0,0.0667,short_lived_repeated,20.73,18.62,0.8624,0.47,0.6667,0.6667,1,0,1,-0.073,0,NORMAL,NORMAL_THERMAL_ACTIVITY,Thermal activity falls within normal statistical bounds.,none
797,1,1,2026-08-14,2026-08-14,1,301.63,301.63,287.78,287.78,2.08,2.08,2.0,0.0333,isolated,13.85,13.85,1.0,2.08,1.0,1.0,0,0,0,-0.1616,0,NORMAL,NORMAL_THERMAL_ACTIVITY,Thermal activity falls within normal statistical bounds.,none
798,1,1,2026-08-14,2026-08-14,1,307.6,307.6,276.07,276.07,1.16,1.16,2.0,0.0333,isolated,31.53,31.53,1.0,1.16,1.0,1.0,0,0,0,-0.1943,0,NORMAL,NORMAL_THERMAL_ACTIVITY,Thermal activity falls within normal statistical bounds.,none
799,1,1,2026-08-14,2026-08-14,1,304.21,304.21,287.39,287.39,1.78,1.78,2.0,0.0333,isolated,16.82,16.82,1.0,1.78,1.0,1.0,0,0,0,-0.1878,0,NORMAL,NORMAL_THERMAL_ACTIVITY,Thermal activity falls within normal statistical bounds.,none
800,1,1,2026-08-14,2026-08-14,1,304.01,304.01,290.34,290.34,0.75,0.75,2.0,0.0333,isolated,13.67,13.67,1.0,0.75,1.0,1.0,0,0,0,-0.1743,0,NORMAL,NORMAL_THERMAL_ACTIVITY,Thermal activity falls within normal statistical bounds.,none
801,5,3,2026-08-14,2026-08-17,4,306.652,319.58,281.61,290.51,1.028,1.54,2.0,0.1,short_lived_repeated,25.042,29.07,0.6675,0.2056,1.25,0.75,1,0,1,-0.0613,0,NORMAL,NORMAL_THERMAL_ACTIVITY,Thermal activity falls within normal statistical bounds.,none
802,1,1,2026-08-14,2026-08-14,1,314.96,314.96,290.03,290.03,1.87,1.87,2.0,0.0333,isolated,24.93,24.93,1.0,1.87,1.0,1.0,0,0,0,-0.1969,0,NORMAL,NORMAL_THERMAL_ACTIVITY,Thermal activity falls within normal statistical bounds.,none
803,2,2,2026-08-14,2026-08-15,2,308.4,312.98,286.525,288.2,2.23,2.25,2.0,0.0667,short_lived_repeated,21.875,24.78,0.9911,1.115,1.0,1.0,1,0,1,-0.1311,0,NORMAL,NORMAL_THERMAL_ACTIVITY,Thermal activity falls within normal statistical bounds.,none
804,1,1,2026-08-15,2026-08-15,1,334.27,334.27,297.59,297.59,4.13,4.13,2.0,0.0333,isolated,36.68,36.68,1.0,4.13,1.0,1.0,0,0,0,-0.2189,0,NORMAL,NORMAL_THERMAL_ACTIVITY,Thermal activity falls within normal statistical bounds.,none
805,2,1,2026-08-15,2026-08-15,1,340.96,347.52,290.875,295.37,13.84,23.76,2.0,0.0333,isolated,50.085,52.15,0.5825,6.92,2.0,1.0,0,0,0,-0.0182,0,ELEVATED,MULTI_FACTOR_ANOMALY,Elevated abnormality primarily associated with elevated thermal intensity and elevated thermal energy (FRP).,"max_bright_ti4,bt_diff_max,max_frp,mean_frp"
806,1,1,2026-08-15,2026-08-15,1,330.59,330.59,287.88,287.88,6.52,6.52,2.0,0.0333,isolated,42.71,42.71,1.0,6.52,1.0,1.0,0,0,0,-0.1925,0,NORMAL,NORMAL_THERMAL_ACTIVITY,Thermal activity falls within normal statistical bounds.,none
807,1,1,2026-08-15,2026-08-15,1,332.09,332.09,291.7,291.7,4.17,4.17,2.0,0.0333,isolated,40.39,40.39,1.0,4.17,1.0,1.0,0,0,0,-0.2123,0,NORMAL,NORMAL_THERMAL_ACTIVITY,Thermal activity falls within normal statistical bounds.,none
808,2,1,2026-08-15,2026-08-15,1,332.16,333.24,293.83,293.94,4.355,4.98,2.0,0.0333,isolated,38.33,39.3,0.8745,2.1775,2.0,1.0,0,0,0,-0.1702,0,NORMAL,NORMAL_THERMAL_ACTIVITY,Thermal activity falls within normal statistical bounds.,none
809,1,1,2026-08-15,2026-08-15,1,329.65,329.65,290.17,290.17,1.72,1.72,2.0,0.0333,isolated,39.48,39.48,1.0,1.72,1.0,1.0,0,0,0,-0.2018,0,NORMAL,NORMAL_THERMAL_ACTIVITY,Thermal activity falls within normal statistical bounds.,none
810,2,1,2026-08-15,2026-08-15,1,338.705,342.4,299.085,305.48,5.015,6.81,2.0,0.0333,isolated,39.62,36.92,0.7364,2.5075,2.0,1.0,0,0,0,-0.1582,0,NORMAL,NORMAL_THERMAL_ACTIVITY,Thermal activity falls within normal statistical bounds.,none
811,1,1,2026-08-15,2026-08-15,1,330.16,330.16,300.21,300.21,2.86,2.86,1.0,0.0333,isolated,29.95,29.95,1.0,2.86,1.0,1.0,0,0,0,-0.1153,0,NORMAL,NORMAL_THERMAL_ACTIVITY,Thermal activity falls within normal statistical bounds.,none
812,2,1,2026-08-15,2026-08-15,1,332.26,332.27,299.05,299.1,2.78,3.01,2.0,0.0333,isolated,33.21,33.17,0.9236,1.39,2.0,1.0,0,0,0,-0.1758,0,NORMAL,NORMAL_THERMAL_ACTIVITY,Thermal activity falls within normal statistical bounds.,none
813,2,1,2026-08-15,2026-08-15,1,332.445,333.46,295.14,295.32,2.045,2.34,2.0,0.0333,isolated,37.305,38.14,0.8739,1.0225,2.0,1.0,0,0,0,-0.1731,0,NORMAL,NORMAL_THERMAL_ACTIVITY,Thermal activity falls within normal statistical bounds.,none
814,1,1,2026-08-15,2026-08-15,1,332.02,332.02,291.9,291.9,1.8,1.8,2.0,0.0333,isolated,40.12,40.12,1.0,1.8,1.0,1.0,0,0,0,-0.2042,0,NORMAL,NORMAL_THERMAL_ACTIVITY,Thermal activity falls within normal statistical bounds.,none
815,1,1,2026-08-15,2026-08-15,1,331.28,331.28,288.1,288.1,2.1,2.1,2.0,0.0333,isolated,43.18,43.18,1.0,2.1,1.0,1.0,0,0,0,-0.2067,0,NORMAL,NORMAL_THERMAL_ACTIVITY,Thermal activity falls within normal statistical bounds.,none
816,1,1,2026-08-15,2026-08-15,1,337.67,337.67,286.37,286.37,8.23,8.23,2.0,0.0333,isolated,51.3,51.3,1.0,8.23,1.0,1.0,0,0,0,-0.1695,0,NORMAL,NORMAL_THERMAL_ACTIVITY,Thermal activity falls within normal statistical bounds.,none
817,1,1,2026-08-15,2026-08-15,1,334.12,334.12,282.0,282.0,4.02,4.02,2.0,0.0333,isolated,52.12,52.12,1.0,4.02,1.0,1.0,0,0,0,-0.1938,0,NORMAL,NORMAL_THERMAL_ACTIVITY,Thermal activity falls within normal statistical bounds.,none
818,1,1,2026-08-15,2026-08-15,1,330.76,330.76,283.42,283.42,2.19,2.19,2.0,0.0333,isolated,47.34,47.34,1.0,2.19,1.0,1.0,0,0,0,-0.1922,0,NORMAL,NORMAL_THERMAL_ACTIVITY,Thermal activity falls within normal statistical bounds.,none
819,2,1,2026-08-15,2026-08-15,1,337.245,340.3,279.375,280.15,6.49,7.64,2.0,0.0333,isolated,57.87,60.15,0.8495,3.245,2.0,1.0,0,0,0,-0.113,0,NORMAL,NORMAL_THERMAL_ACTIVITY,Thermal activity falls within normal statistical bounds.,none
820,2,1,2026-08-15,2026-08-15,1,346.155,346.45,296.795,296.88,5.3,5.3,2.0,0.0333,isolated,49.36,49.57,1.0,2.65,2.0,1.0,0,0,0,-0.164,0,NORMAL,NORMAL_THERMAL_ACTIVITY,Thermal activity falls within normal statistical bounds.,none
821,1,1,2026-08-15,2026-08-15,1,331.98,331.98,300.09,300.09,2.31,2.31,2.0,0.0333,isolated,31.89,31.89,1.0,2.31,1.0,1.0,0,0,0,-0.218,0,NORMAL,NORMAL_THERMAL_ACTIVITY,Thermal activity falls within normal statistical bounds.,none
822,1,1,2026-08-15,2026-08-15,1,332.53,332.53,292.7,292.7,13.54,13.54,2.0,0.0333,isolated,39.83,39.83,1.0,13.54,1.0,1.0,0,0,0,-0.1217,0,NORMAL,NORMAL_THERMAL_ACTIVITY,Thermal activity falls within normal statistical bounds.,none
823,1,1,2026-08-15,2026-08-15,1,332.58,332.58,295.15,295.15,3.22,3.22,2.0,0.0333,isolated,37.43,37.43,1.0,3.22,1.0,1.0,0,0,0,-0.2182,0,NORMAL,NORMAL_THERMAL_ACTIVITY,Thermal activity falls within normal statistical bounds.,none
824,2,1,2026-08-15,2026-08-15,1,341.14,350.57,285.11,285.43,8.135,12.56,2.0,0.0333,isolated,56.03,65.14,0.6477,4.0675,2.0,1.0,0,0,0,-0.0435,0,ELEVATED,SHORT_LIVED_EXTREME_EVENT,Elevated abnormality primarily associated with elevated thermal intensity.,"max_bright_ti4,bt_diff_max"
825,1,1,2026-08-15,2026-08-15,1,330.16,330.16,291.92,291.92,5.63,5.63,2.0,0.0333,isolated,38.24,38.24,1.0,5.63,1.0,1.0,0,0,0,-0.2034,0,NORMAL,NORMAL_THERMAL_ACTIVITY,Thermal activity falls within normal statistical bounds.,none
826,1,1,2026-08-15,2026-08-15,1,332.5,332.5,285.98,285.98,1.69,1.69,2.0,0.0333,isolated,46.52,46.52,1.0,1.69,1.0,1.0,0,0,0,-0.1943,0,NORMAL,NORMAL_THERMAL_ACTIVITY,Thermal activity falls within normal statistical bounds.,none
827,1,1,2026-08-15,2026-08-15,1,331.63,331.63,290.83,290.83,1.73,1.73,2.0,0.0333,isolated,40.8,40.8,1.0,1.73,1.0,1.0,0,0,0,-0.2014,0,NORMAL,NORMAL_THERMAL_ACTIVITY,Thermal activity falls within normal statistical bounds.,none
828,1,1,2026-08-15,2026-08-15,1,330.84,330.84,299.77,299.77,5.34,5.34,2.0,0.0333,isolated,31.07,31.07,1.0,5.34,1.0,1.0,0,0,0,-0.2074,0,NORMAL,NORMAL_THERMAL_ACTIVITY,Thermal activity falls within normal statistical bounds.,none
829,1,1,2026-08-15,2026-08-15,1,340.29,340.29,301.53,301.53,3.27,3.27,2.0,0.0333,isolated,38.76,38.76,1.0,3.27,1.0,1.0,0,0,0,-0.2123,0,NORMAL,NORMAL_THERMAL_ACTIVITY,Thermal activity falls within normal statistical bounds.,none
830,1,1,2026-08-15,2026-08-15,1,297.48,297.48,274.23,274.23,0.85,0.85,2.0,0.0333,isolated,23.25,23.25,1.0,0.85,1.0,1.0,0,0,0,-0.1672,0,NORMAL,NORMAL_THERMAL_ACTIVITY,Thermal activity falls within normal statistical bounds.,none
831,28,6,2026-08-15,2026-08-25,11,310.622,339.22,287.062,295.98,2.754,8.88,1.964,0.2,persistent,23.56,43.24,0.3101,0.0984,2.5455,0.5455,1,1,2,0.1215,1,HIGH,PERSISTENT_THERMAL_ACTIVITY,High abnormality primarily associated with persistent multi-day activity.,active_days
832,5,2,2026-08-15,2026-08-16,2,307.258,337.89,269.408,270.33,1.202,1.94,2.0,0.0667,short_lived_repeated,37.85,67.56,0.6196,0.2404,2.5,1.0,1,0,1,-0.0423,0,ELEVATED,SHORT_LIVED_EXTREME_EVENT,Elevated abnormality primarily associated with elevated thermal intensity.,bt_diff_max
833,6,2,2026-08-15,2026-08-16,2,304.653,311.53,267.045,268.92,1.278,2.18,2.0,0.0667,short_lived_repeated,37.608,42.61,0.5862,0.213,3.0,1.0,1,0,1,-0.0603,0,NORMAL,NORMAL_THERMAL_ACTIVITY,Thermal activity falls within normal statistical bounds.,none
834,3,1,2026-08-15,2026-08-15,1,310.2,318.53,274.847,275.81,1.727,2.82,2.0,0.0333,isolated,35.353,42.72,0.6124,0.5757,3.0,1.0,0,0,0,-0.1089,0,NORMAL,NORMAL_THERMAL_ACTIVITY,Thermal activity falls within normal statistical bounds.,none
835,11,1,2026-08-15,2026-08-15,1,302.472,311.83,274.93,281.6,0.741,1.2,2.0,0.0333,isolated,27.542,30.23,0.6175,0.0674,11.0,1.0,0,0,0,0.0603,1,HIGH,STATISTICAL_ANOMALY,High abnormality primarily associated with unusual multi-variate statistical signature.,multivariate_combination
836,1,1,2026-08-15,2026-08-15,1,305.4,305.4,286.7,286.7,1.28,1.28,2.0,0.0333,isolated,18.7,18.7,1.0,1.28,1.0,1.0,0,0,0,-0.1909,0,NORMAL,NORMAL_THERMAL_ACTIVITY,Thermal activity falls within normal statistical bounds.,none
837,1,1,2026-08-15,2026-08-15,1,303.87,303.87,286.49,286.49,0.99,0.99,2.0,0.0333,isolated,17.38,17.38,1.0,0.99,1.0,1.0,0,0,0,-0.1904,0,NORMAL,NORMAL_THERMAL_ACTIVITY,Thermal activity falls within normal statistical bounds.,none
838,1,1,2026-08-15,2026-08-15,1,304.71,304.71,278.59,278.59,1.16,1.16,2.0,0.0333,isolated,26.12,26.12,1.0,1.16,1.0,1.0,0,0,0,-0.1894,0,NORMAL,NORMAL_THERMAL_ACTIVITY,Thermal activity falls within normal statistical bounds.,none
839,2,2,2026-08-15,2026-08-16,2,309.08,314.02,280.525,285.76,1.75,1.94,2.0,0.0667,short_lived_repeated,28.555,28.26,0.9021,0.875,1.0,1.0,1,0,1,-0.1399,0,NORMAL,NORMAL_THERMAL_ACTIVITY,Thermal activity falls within normal statistical bounds.,none
840,2,1,2026-08-15,2026-08-15,1,302.92,307.29,274.665,274.98,0.89,0.92,2.0,0.0333,isolated,28.255,32.31,0.9674,0.445,2.0,1.0,0,0,0,-0.1518,0,NORMAL,NORMAL_THERMAL_ACTIVITY,Thermal activity falls within normal statistical bounds.,none
841,1,1,2026-08-15,2026-08-15,1,297.12,297.12,266.94,266.94,0.48,0.48,2.0,0.0333,isolated,30.18,30.18,1.0,0.48,1.0,1.0,0,0,0,-0.1604,0,NORMAL,NORMAL_THERMAL_ACTIVITY,Thermal activity falls within normal statistical bounds.,none
842,2,2,2026-08-15,2026-08-16,2,302.855,306.72,273.995,277.76,1.255,1.31,2.0,0.0667,short_lived_repeated,28.86,28.96,0.958,0.6275,1.0,1.0,1,0,1,-0.1224,0,NORMAL,NORMAL_THERMAL_ACTIVITY,Thermal activity falls within normal statistical bounds.,none
843,1,1,2026-08-15,2026-08-15,1,301.4,301.4,269.38,269.38,1.02,1.02,2.0,0.0333,isolated,32.02,32.02,1.0,1.02,1.0,1.0,0,0,0,-0.1832,0,NORMAL,NORMAL_THERMAL_ACTIVITY,Thermal activity falls within normal statistical bounds.,none
844,1,1,2026-08-15,2026-08-15,1,302.16,302.16,275.11,275.11,1.08,1.08,2.0,0.0333,isolated,27.05,27.05,1.0,1.08,1.0,1.0,0,0,0,-0.1852,0,NORMAL,NORMAL_THERMAL_ACTIVITY,Thermal activity falls within normal statistical bounds.,none
845,1,1,2026-08-15,2026-08-15,1,307.39,307.39,283.07,283.07,1.16,1.16,2.0,0.0333,isolated,24.32,24.32,1.0,1.16,1.0,1.0,0,0,0,-0.1946,0,NORMAL,NORMAL_THERMAL_ACTIVITY,Thermal activity falls within normal statistical bounds.,none
846,1,1,2026-08-15,2026-08-15,1,298.68,298.68,279.2,279.2,0.43,0.43,2.0,0.0333,isolated,19.48,19.48,1.0,0.43,1.0,1.0,0,0,0,-0.159,0,NORMAL,NORMAL_THERMAL_ACTIVITY,Thermal activity falls within normal statistical bounds.,none
847,2,2,2026-08-15,2026-08-17,3,306.94,315.9,277.13,288.07,1.58,2.22,2.0,0.0667,short_lived_repeated,29.81,27.83,0.7117,0.79,0.6667,0.6667,1,0,1,-0.0981,0,NORMAL,NORMAL_THERMAL_ACTIVITY,Thermal activity falls within normal statistical bounds.,none
848,2,1,2026-08-15,2026-08-15,1,307.93,310.28,287.325,287.37,1.51,1.63,2.0,0.0333,isolated,20.605,22.91,0.9264,0.755,2.0,1.0,0,0,0,-0.1571,0,NORMAL,NORMAL_THERMAL_ACTIVITY,Thermal activity falls within normal statistical bounds.,none
849,2,1,2026-08-15,2026-08-15,1,319.645,324.75,288.74,289.93,3.58,5.13,2.0,0.0333,isolated,30.905,34.82,0.6979,1.79,2.0,1.0,0,0,0,-0.141,0,NORMAL,NORMAL_THERMAL_ACTIVITY,Thermal activity falls within normal statistical bounds.,none
850,1,1,2026-08-15,2026-08-15,1,301.57,301.57,278.13,278.13,0.4,0.4,2.0,0.0333,isolated,23.44,23.44,1.0,0.4,1.0,1.0,0,0,0,-0.171,0,NORMAL,NORMAL_THERMAL_ACTIVITY,Thermal activity falls within normal statistical bounds.,none
851,1,1,2026-08-15,2026-08-15,1,312.96,312.96,277.63,277.63,0.99,0.99,2.0,0.0333,isolated,35.33,35.33,1.0,0.99,1.0,1.0,0,0,0,-0.1934,0,NORMAL,NORMAL_THERMAL_ACTIVITY,Thermal activity falls within normal statistical bounds.,none
852,2,1,2026-08-15,2026-08-15,1,302.015,303.54,273.88,276.8,0.61,0.64,2.0,0.0333,isolated,28.135,26.74,0.9531,0.305,2.0,1.0,0,0,0,-0.1307,0,NORMAL,NORMAL_THERMAL_ACTIVITY,Thermal activity falls within normal statistical bounds.,none
853,1,1,2026-08-15,2026-08-15,1,330.62,330.62,269.35,269.35,4.52,4.52,2.0,0.0333,isolated,61.27,61.27,1.0,4.52,1.0,1.0,0,0,0,-0.1458,0,NORMAL,NORMAL_THERMAL_ACTIVITY,Thermal activity falls within normal statistical bounds.,none
854,1,1,2026-08-15,2026-08-15,1,303.95,303.95,278.72,278.72,0.53,0.53,2.0,0.0333,isolated,25.23,25.23,1.0,0.53,1.0,1.0,0,0,0,-0.1797,0,NORMAL,NORMAL_THERMAL_ACTIVITY,Thermal activity falls within normal statistical bounds.,none
855,2,2,2026-08-15,2026-08-16,2,304.29,306.06,288.185,291.11,0.755,0.92,2.0,0.0667,short_lived_repeated,16.105,14.95,0.8207,0.3775,1.0,1.0,1,0,1,-0.1086,0,NORMAL,NORMAL_THERMAL_ACTIVITY,Thermal activity falls within normal statistical bounds.,none
856,11,9,2026-08-15,2026-08-29,15,305.653,312.82,290.094,294.46,1.508,2.18,2.0,0.3,persistent,15.559,18.36,0.6917,0.1371,0.7333,0.6,1,1,2,0.0955,1,HIGH,PERSISTENT_THERMAL_ACTIVITY,High abnormality primarily associated with persistent multi-day activity.,active_days
857,8,6,2026-08-15,2026-08-26,12,310.292,341.77,288.242,293.84,2.851,11.04,2.0,0.2,persistent,22.05,47.93,0.2582,0.3564,0.6667,0.5,1,1,2,0.0995,1,HIGH,MULTI_FACTOR_ANOMALY,High abnormality primarily associated with elevated thermal intensity and persistent multi-day activity.,"max_bright_ti4,bt_diff_max,active_days"
858,95,15,2026-08-15,2026-08-30,16,318.929,367.0,288.782,302.32,4.001,12.56,2.011,0.5,persistent,30.147,64.68,0.3186,0.0421,5.9375,0.9375,1,1,2,0.2082,1,HIGH,MULTI_FACTOR_ANOMALY,High abnormality primarily associated with elevated thermal intensity and persistent multi-day activity.,"max_bright_ti4,bt_diff_max,active_days"
859,1,1,2026-08-15,2026-08-15,1,302.62,302.62,288.23,288.23,0.99,0.99,2.0,0.0333,isolated,14.39,14.39,1.0,0.99,1.0,1.0,0,0,0,-0.1759,0,NORMAL,NORMAL_THERMAL_ACTIVITY,Thermal activity falls within normal statistical bounds.,none
860,1,1,2026-08-15,2026-08-15,1,297.11,297.11,270.39,270.39,0.42,0.42,2.0,0.0333,isolated,26.72,26.72,1.0,0.42,1.0,1.0,0,0,0,-0.1564,0,NORMAL,NORMAL_THERMAL_ACTIVITY,Thermal activity falls within normal statistical bounds.,none
861,2,1,2026-08-15,2026-08-15,1,301.315,302.58,269.285,269.3,1.34,1.43,2.0,0.0333,isolated,32.03,33.28,0.9371,0.67,2.0,1.0,0,0,0,-0.1371,0,NORMAL,NORMAL_THERMAL_ACTIVITY,Thermal activity falls within normal statistical bounds.,none
862,2,2,2026-08-15,2026-08-17,3,303.205,304.07,284.635,287.6,2.835,3.98,2.0,0.0667,short_lived_repeated,18.57,16.47,0.7123,1.4175,0.6667,0.6667,1,0,1,-0.0641,0,NORMAL,NORMAL_THERMAL_ACTIVITY,Thermal activity falls within normal statistical bounds.,none
863,2,1,2026-08-15,2026-08-15,1,295.33,295.51,284.135,284.39,3.81,3.81,2.0,0.0333,isolated,11.195,11.12,1.0,1.905,2.0,1.0,0,0,0,-0.0903,0,NORMAL,NORMAL_THERMAL_ACTIVITY,Thermal activity falls within normal statistical bounds.,none
864,2,1,2026-08-16,2026-08-16,1,332.115,333.34,299.13,304.85,2.46,2.99,1.5,0.0333,isolated,32.985,28.49,0.8227,1.23,2.0,1.0,0,0,0,-0.1033,0,NORMAL,NORMAL_THERMAL_ACTIVITY,Thermal activity falls within normal statistical bounds.,none
865,1,1,2026-08-16,2026-08-16,1,332.84,332.84,291.18,291.18,2.73,2.73,2.0,0.0333,isolated,41.66,41.66,1.0,2.73,1.0,1.0,0,0,0,-0.2116,0,NORMAL,NORMAL_THERMAL_ACTIVITY,Thermal activity falls within normal statistical bounds.,none
866,2,1,2026-08-16,2026-08-16,1,332.915,335.32,295.175,300.7,3.23,4.09,2.0,0.0333,isolated,37.74,34.62,0.7897,1.615,2.0,1.0,0,0,0,-0.1652,0,NORMAL,NORMAL_THERMAL_ACTIVITY,Thermal activity falls within normal statistical bounds.,none
867,1,1,2026-08-16,2026-08-16,1,336.03,336.03,298.85,298.85,1.83,1.83,1.0,0.0333,isolated,37.18,37.18,1.0,1.83,1.0,1.0,0,0,0,-0.112,0,NORMAL,NORMAL_THERMAL_ACTIVITY,Thermal activity falls within normal statistical bounds.,none
868,1,1,2026-08-16,2026-08-16,1,346.29,346.29,307.51,307.51,10.08,10.08,2.0,0.0333,isolated,38.78,38.78,1.0,10.08,1.0,1.0,0,0,0,-0.1748,0,NORMAL,NORMAL_THERMAL_ACTIVITY,Thermal activity falls within normal statistical bounds.,none
869,1,1,2026-08-16,2026-08-16,1,340.48,340.48,304.38,304.38,2.78,2.78,2.0,0.0333,isolated,36.1,36.1,1.0,2.78,1.0,1.0,0,0,0,-0.2103,0,NORMAL,NORMAL_THERMAL_ACTIVITY,Thermal activity falls within normal statistical bounds.,none
870,1,1,2026-08-16,2026-08-16,1,347.16,347.16,307.88,307.88,21.89,21.89,2.0,0.0333,isolated,39.28,39.28,1.0,21.89,1.0,1.0,0,0,0,-0.0736,0,NORMAL,NORMAL_THERMAL_ACTIVITY,Thermal activity falls within normal statistical bounds.,none
871,2,1,2026-08-16,2026-08-16,1,334.71,338.78,302.21,305.03,3.9,3.9,2.0,0.0333,isolated,32.5,33.75,1.0,1.95,2.0,1.0,0,0,0,-0.1866,0,NORMAL,NORMAL_THERMAL_ACTIVITY,Thermal activity falls within normal statistical bounds.,none
872,1,1,2026-08-16,2026-08-16,1,330.5,330.5,301.8,301.8,1.54,1.54,1.0,0.0333,isolated,28.7,28.7,1.0,1.54,1.0,1.0,0,0,0,-0.1036,0,NORMAL,NORMAL_THERMAL_ACTIVITY,Thermal activity falls within normal statistical bounds.,none
873,1,1,2026-08-16,2026-08-16,1,335.18,335.18,304.39,304.39,2.48,2.48,2.0,0.0333,isolated,30.79,30.79,1.0,2.48,1.0,1.0,0,0,0,-0.2145,0,NORMAL,NORMAL_THERMAL_ACTIVITY,Thermal activity falls within normal statistical bounds.,none
874,1,1,2026-08-16,2026-08-16,1,336.49,336.49,303.39,303.39,1.51,1.51,2.0,0.0333,isolated,33.1,33.1,1.0,1.51,1.0,1.0,0,0,0,-0.2035,0,NORMAL,NORMAL_THERMAL_ACTIVITY,Thermal activity falls within normal statistical bounds.,none
875,1,1,2026-08-16,2026-08-16,1,330.82,330.82,304.13,304.13,3.21,3.21,2.0,0.0333,isolated,26.69,26.69,1.0,3.21,1.0,1.0,0,0,0,-0.1994,0,NORMAL,NORMAL_THERMAL_ACTIVITY,Thermal activity falls within normal statistical bounds.,none
876,1,1,2026-08-16,2026-08-16,1,346.37,346.37,305.63,305.63,5.9,5.9,2.0,0.0333,isolated,40.74,40.74,1.0,5.9,1.0,1.0,0,0,0,-0.1947,0,NORMAL,NORMAL_THERMAL_ACTIVITY,Thermal activity falls within normal statistical bounds.,none
877,1,1,2026-08-16,2026-08-16,1,338.86,338.86,307.42,307.42,3.28,3.28,2.0,0.0333,isolated,31.44,31.44,1.0,3.28,1.0,1.0,0,0,0,-0.2137,0,NORMAL,NORMAL_THERMAL_ACTIVITY,Thermal activity falls within normal statistical bounds.,none
878,1,1,2026-08-16,2026-08-16,1,335.52,335.52,303.15,303.15,2.48,2.48,2.0,0.0333,isolated,32.37,32.37,1.0,2.48,1.0,1.0,0,0,0,-0.2175,0,NORMAL,NORMAL_THERMAL_ACTIVITY,Thermal activity falls within normal statistical bounds.,none
879,1,1,2026-08-16,2026-08-16,1,332.83,332.83,306.72,306.72,2.22,2.22,1.0,0.0333,isolated,26.11,26.11,1.0,2.22,1.0,1.0,0,0,0,-0.1124,0,NORMAL,NORMAL_THERMAL_ACTIVITY,Thermal activity falls within normal statistical bounds.,none
880,1,1,2026-08-16,2026-08-16,1,337.89,337.89,304.16,304.16,3.28,3.28,2.0,0.0333,isolated,33.73,33.73,1.0,3.28,1.0,1.0,0,0,0,-0.215,0,NORMAL,NORMAL_THERMAL_ACTIVITY,Thermal activity falls within normal statistical bounds.,none
881,1,1,2026-08-16,2026-08-16,1,336.37,336.37,303.34,303.34,3.33,3.33,2.0,0.0333,isolated,33.03,33.03,1.0,3.33,1.0,1.0,0,0,0,-0.2168,0,NORMAL,NORMAL_THERMAL_ACTIVITY,Thermal activity falls within normal statistical bounds.,none
882,1,1,2026-08-16,2026-08-16,1,339.61,339.61,306.59,306.59,4.33,4.33,2.0,0.0333,isolated,33.02,33.02,1.0,4.33,1.0,1.0,0,0,0,-0.2111,0,NORMAL,NORMAL_THERMAL_ACTIVITY,Thermal activity falls within normal statistical bounds.,none
883,1,1,2026-08-16,2026-08-16,1,331.42,331.42,303.77,303.77,1.2,1.2,1.0,0.0333,isolated,27.65,27.65,1.0,1.2,1.0,1.0,0,0,0,-0.0967,0,NORMAL,NORMAL_THERMAL_ACTIVITY,Thermal activity falls within normal statistical bounds.,none
884,1,1,2026-08-16,2026-08-16,1,333.28,333.28,306.16,306.16,2.52,2.52,1.0,0.0333,isolated,27.12,27.12,1.0,2.52,1.0,1.0,0,0,0,-0.1164,0,NORMAL,NORMAL_THERMAL_ACTIVITY,Thermal activity falls within normal statistical bounds.,none
885,2,1,2026-08-16,2026-08-16,1,330.985,331.85,303.06,304.45,6.365,7.94,1.5,0.0333,isolated,27.925,27.4,0.8016,3.1825,2.0,1.0,0,0,0,-0.0655,0,NORMAL,NORMAL_THERMAL_ACTIVITY,Thermal activity falls within normal statistical bounds.,none
886,1,1,2026-08-16,2026-08-16,1,342.84,342.84,305.46,305.46,6.83,6.83,2.0,0.0333,isolated,37.38,37.38,1.0,6.83,1.0,1.0,0,0,0,-0.1921,0,NORMAL,NORMAL_THERMAL_ACTIVITY,Thermal activity falls within normal statistical bounds.,none
887,1,1,2026-08-16,2026-08-16,1,336.82,336.82,302.91,302.91,3.27,3.27,2.0,0.0333,isolated,33.91,33.91,1.0,3.27,1.0,1.0,0,0,0,-0.2173,0,NORMAL,NORMAL_THERMAL_ACTIVITY,Thermal activity falls within normal statistical bounds.,none
888,1,1,2026-08-16,2026-08-16,1,337.4,337.4,301.82,301.82,3.09,3.09,2.0,0.0333,isolated,35.58,35.58,1.0,3.09,1.0,1.0,0,0,0,-0.2141,0,NORMAL,NORMAL_THERMAL_ACTIVITY,Thermal activity falls within normal statistical bounds.,none
889,1,1,2026-08-16,2026-08-16,1,335.41,335.41,303.58,303.58,3.68,3.68,2.0,0.0333,isolated,31.83,31.83,1.0,3.68,1.0,1.0,0,0,0,-0.2168,0,NORMAL,NORMAL_THERMAL_ACTIVITY,Thermal activity falls within normal statistical bounds.,none
890,1,1,2026-08-16,2026-08-16,1,336.81,336.81,278.73,278.73,3.36,3.36,2.0,0.0333,isolated,58.08,58.08,1.0,3.36,1.0,1.0,0,0,0,-0.1675,0,NORMAL,NORMAL_THERMAL_ACTIVITY,Thermal activity falls within normal statistical bounds.,none
891,1,1,2026-08-16,2026-08-16,1,337.61,337.61,297.22,297.22,5.44,5.44,2.0,0.0333,isolated,40.39,40.39,1.0,5.44,1.0,1.0,0,0,0,-0.2079,0,NORMAL,NORMAL_THERMAL_ACTIVITY,Thermal activity falls within normal statistical bounds.,none
892,1,1,2026-08-16,2026-08-16,1,334.9,334.9,296.56,296.56,3.04,3.04,2.0,0.0333,isolated,38.34,38.34,1.0,3.04,1.0,1.0,0,0,0,-0.2182,0,NORMAL,NORMAL_THERMAL_ACTIVITY,Thermal activity falls within normal statistical bounds.,none
893,1,1,2026-08-16,2026-08-16,1,340.04,340.04,294.95,294.95,3.9,3.9,2.0,0.0333,isolated,45.09,45.09,1.0,3.9,1.0,1.0,0,0,0,-0.206,0,NORMAL,NORMAL_THERMAL_ACTIVITY,Thermal activity falls within normal statistical bounds.,none
894,1,1,2026-08-16,2026-08-16,1,334.89,334.89,290.55,290.55,1.91,1.91,2.0,0.0333,isolated,44.34,44.34,1.0,1.91,1.0,1.0,0,0,0,-0.2034,0,NORMAL,NORMAL_THERMAL_ACTIVITY,Thermal activity falls within normal statistical bounds.,none
895,1,1,2026-08-16,2026-08-16,1,330.48,330.48,295.32,295.32,3.02,3.02,2.0,0.0333,isolated,35.16,35.16,1.0,3.02,1.0,1.0,0,0,0,-0.2156,0,NORMAL,NORMAL_THERMAL_ACTIVITY,Thermal activity falls within normal statistical bounds.,none
896,39,12,2026-08-16,2026-08-29,14,316.325,342.9,284.309,295.02,3.639,10.47,2.0,0.4,persistent,32.016,47.88,0.3476,0.0933,2.7857,0.8571,1,1,2,0.1512,1,HIGH,MULTI_FACTOR_ANOMALY,High abnormality primarily associated with elevated thermal intensity and persistent multi-day activity.,"max_bright_ti4,bt_diff_max,active_days"
897,1,1,2026-08-16,2026-08-16,1,334.22,334.22,300.67,300.67,2.36,2.36,2.0,0.0333,isolated,33.55,33.55,1.0,2.36,1.0,1.0,0,0,0,-0.219,0,NORMAL,NORMAL_THERMAL_ACTIVITY,Thermal activity falls within normal statistical bounds.,none
898,2,1,2026-08-16,2026-08-16,1,330.96,331.68,304.52,304.88,5.775,6.56,1.0,0.0333,isolated,26.44,26.8,0.8803,2.8875,2.0,1.0,0,0,0,-0.0478,0,ELEVATED,STATISTICAL_ANOMALY,Elevated abnormality primarily associated with unusual multi-variate statistical signature.,multivariate_combination
899,1,1,2026-08-16,2026-08-16,1,330.12,330.12,304.14,304.14,5.03,5.03,1.0,0.0333,isolated,25.98,25.98,1.0,5.03,1.0,1.0,0,0,0,-0.0892,0,NORMAL,NORMAL_THERMAL_ACTIVITY,Thermal activity falls within normal statistical bounds.,none
900,1,1,2026-08-16,2026-08-16,1,338.05,338.05,296.34,296.34,2.13,2.13,2.0,0.0333,isolated,41.71,41.71,1.0,2.13,1.0,1.0,0,0,0,-0.2073,0,NORMAL,NORMAL_THERMAL_ACTIVITY,Thermal activity falls within normal statistical bounds.,none
901,1,1,2026-08-16,2026-08-16,1,336.21,336.21,293.09,293.09,5.02,5.02,2.0,0.0333,isolated,43.12,43.12,1.0,5.02,1.0,1.0,0,0,0,-0.2103,0,NORMAL,NORMAL_THERMAL_ACTIVITY,Thermal activity falls within normal statistical bounds.,none
902,4,2,2026-08-16,2026-08-18,3,333.645,336.14,294.108,302.12,6.397,10.84,2.0,0.0667,short_lived_repeated,39.537,34.02,0.5901,1.5992,1.3333,0.6667,1,0,1,-0.0683,0,NORMAL,NORMAL_THERMAL_ACTIVITY,Thermal activity falls within normal statistical bounds.,none
903,1,1,2026-08-16,2026-08-16,1,332.97,332.97,293.54,293.54,3.62,3.62,2.0,0.0333,isolated,39.43,39.43,1.0,3.62,1.0,1.0,0,0,0,-0.2146,0,NORMAL,NORMAL_THERMAL_ACTIVITY,Thermal activity falls within normal statistical bounds.,none
904,3,1,2026-08-16,2026-08-16,1,352.857,367.0,291.793,291.89,19.967,25.54,2.333,0.0333,isolated,61.064,75.11,0.7818,6.6557,3.0,1.0,0,0,0,0.1091,1,HIGH,MULTI_FACTOR_ANOMALY,High abnormality primarily associated with elevated thermal intensity and elevated thermal energy (FRP).,"max_bright_ti4,bt_diff_max,max_frp,mean_frp"
905,1,1,2026-08-16,2026-08-16,1,339.72,339.72,267.37,267.37,9.27,9.27,2.0,0.0333,isolated,72.35,72.35,1.0,9.27,1.0,1.0,0,0,0,-0.0831,0,NORMAL,NORMAL_THERMAL_ACTIVITY,Thermal activity falls within normal statistical bounds.,none
906,1,1,2026-08-16,2026-08-16,1,342.67,342.67,293.11,293.11,4.49,4.49,2.0,0.0333,isolated,49.56,49.56,1.0,4.49,1.0,1.0,0,0,0,-0.194,0,NORMAL,NORMAL_THERMAL_ACTIVITY,Thermal activity falls within normal statistical bounds.,none
907,1,1,2026-08-16,2026-08-16,1,331.95,331.95,297.31,297.31,1.24,1.24,2.0,0.0333,isolated,34.64,34.64,1.0,1.24,1.0,1.0,0,0,0,-0.1941,0,NORMAL,NORMAL_THERMAL_ACTIVITY,Thermal activity falls within normal statistical bounds.,none
908,1,1,2026-08-16,2026-08-16,1,305.35,305.35,288.02,288.02,2.55,2.55,2.0,0.0333,isolated,17.33,17.33,1.0,2.55,1.0,1.0,0,0,0,-0.1848,0,NORMAL,NORMAL_THERMAL_ACTIVITY,Thermal activity falls within normal statistical bounds.,none
909,4,2,2026-08-16,2026-08-18,3,307.26,310.42,287.175,290.42,1.17,1.4,2.0,0.0667,short_lived_repeated,20.085,20.0,0.8357,0.2925,1.3333,0.6667,1,0,1,-0.0971,0,NORMAL,NORMAL_THERMAL_ACTIVITY,Thermal activity falls within normal statistical bounds.,none
910,2,2,2026-08-16,2026-08-19,4,301.06,302.4,282.165,288.57,0.85,1.22,2.0,0.0667,short_lived_repeated,18.895,13.83,0.6967,0.425,0.5,0.5,1,0,1,-0.0388,0,ELEVATED,STATISTICAL_ANOMALY,Elevated abnormality primarily associated with unusual multi-variate statistical signature.,multivariate_combination
911,4,3,2026-08-16,2026-08-22,7,304.722,306.4,284.37,285.48,1.182,1.5,2.0,0.1,short_lived_repeated,20.352,20.92,0.788,0.2955,0.5714,0.4286,1,0,1,-0.0227,0,ELEVATED,RECURRING_THERMAL_ACTIVITY,Elevated abnormality primarily associated with recurring thermal activity over an extended duration.,duration_days
912,1,1,2026-08-16,2026-08-16,1,303.6,303.6,275.99,275.99,0.56,0.56,2.0,0.0333,isolated,27.61,27.61,1.0,0.56,1.0,1.0,0,0,0,-0.1786,0,NORMAL,NORMAL_THERMAL_ACTIVITY,Thermal activity falls within normal statistical bounds.,none
913,1,1,2026-08-16,2026-08-16,1,299.67,299.67,273.95,273.95,1.0,1.0,2.0,0.0333,isolated,25.72,25.72,1.0,1.0,1.0,1.0,0,0,0,-0.1769,0,NORMAL,NORMAL_THERMAL_ACTIVITY,Thermal activity falls within normal statistical bounds.,none
914,1,1,2026-08-16,2026-08-16,1,300.77,300.77,278.71,278.71,0.81,0.81,2.0,0.0333,isolated,22.06,22.06,1.0,0.81,1.0,1.0,0,0,0,-0.1733,0,NORMAL,NORMAL_THERMAL_ACTIVITY,Thermal activity falls within normal statistical bounds.,none
915,1,1,2026-08-16,2026-08-16,1,302.03,302.03,277.42,277.42,0.79,0.79,2.0,0.0333,isolated,24.61,24.61,1.0,0.79,1.0,1.0,0,0,0,-0.1767,0,NORMAL,NORMAL_THERMAL_ACTIVITY,Thermal activity falls within normal statistical bounds.,none
916,3,1,2026-08-16,2026-08-16,1,303.563,307.66,274.81,278.76,1.737,2.79,2.0,0.0333,isolated,28.753,28.9,0.6226,0.579,3.0,1.0,0,0,0,-0.1079,0,NORMAL,NORMAL_THERMAL_ACTIVITY,Thermal activity falls within normal statistical bounds.,none
917,1,1,2026-08-16,2026-08-16,1,304.0,304.0,281.01,281.01,1.29,1.29,2.0,0.0333,isolated,22.99,22.99,1.0,1.29,1.0,1.0,0,0,0,-0.1933,0,NORMAL,NORMAL_THERMAL_ACTIVITY,Thermal activity falls within normal statistical bounds.,none
918,4,3,2026-08-16,2026-08-20,5,301.285,306.79,280.955,291.13,1.26,2.3,2.0,0.1,short_lived_repeated,20.33,15.66,0.5478,0.315,0.8,0.6,1,0,1,-0.0455,0,ELEVATED,RECURRING_THERMAL_ACTIVITY,Elevated abnormality primarily associated with recurring thermal activity over an extended duration.,duration_days
919,1,1,2026-08-16,2026-08-16,1,298.61,298.61,277.82,277.82,1.1,1.1,2.0,0.0333,isolated,20.79,20.79,1.0,1.1,1.0,1.0,0,0,0,-0.1709,0,NORMAL,NORMAL_THERMAL_ACTIVITY,Thermal activity falls within normal statistical bounds.,none
920,2,1,2026-08-16,2026-08-16,1,299.89,303.98,270.155,276.06,0.55,0.88,2.0,0.0333,isolated,29.735,27.92,0.625,0.275,2.0,1.0,0,0,0,-0.1096,0,NORMAL,NORMAL_THERMAL_ACTIVITY,Thermal activity falls within normal statistical bounds.,none
921,12,4,2026-08-16,2026-08-22,7,307.722,315.83,284.137,288.72,1.46,2.21,2.0,0.1333,short_lived_repeated,23.585,27.11,0.6606,0.1217,1.7143,0.5714,1,0,1,0.0071,1,HIGH,PERSISTENT_THERMAL_ACTIVITY,High abnormality primarily associated with persistent multi-day activity.,active_days
922,1,1,2026-08-16,2026-08-16,1,306.75,306.75,278.08,278.08,1.15,1.15,2.0,0.0333,isolated,28.67,28.67,1.0,1.15,1.0,1.0,0,0,0,-0.1964,0,NORMAL,NORMAL_THERMAL_ACTIVITY,Thermal activity falls within normal statistical bounds.,none
923,2,1,2026-08-16,2026-08-16,1,309.25,313.98,280.86,281.01,1.92,1.92,2.0,0.0333,isolated,28.39,32.97,1.0,0.96,2.0,1.0,0,0,0,-0.1719,0,NORMAL,NORMAL_THERMAL_ACTIVITY,Thermal activity falls within normal statistical bounds.,none
924,2,1,2026-08-16,2026-08-16,1,315.33,315.86,291.51,291.54,5.095,5.24,2.0,0.0333,isolated,23.82,24.32,0.9723,2.5475,2.0,1.0,0,0,0,-0.1455,0,NORMAL,NORMAL_THERMAL_ACTIVITY,Thermal activity falls within normal statistical bounds.,none
925,1,1,2026-08-16,2026-08-16,1,306.2,306.2,282.12,282.12,0.94,0.94,2.0,0.0333,isolated,24.08,24.08,1.0,0.94,1.0,1.0,0,0,0,-0.1925,0,NORMAL,NORMAL_THERMAL_ACTIVITY,Thermal activity falls within normal statistical bounds.,none
926,1,1,2026-08-16,2026-08-16,1,296.97,296.97,274.77,274.77,0.41,0.41,2.0,0.0333,isolated,22.2,22.2,1.0,0.41,1.0,1.0,0,0,0,-0.158,0,NORMAL,NORMAL_THERMAL_ACTIVITY,Thermal activity falls within normal statistical bounds.,none
927,2,1,2026-08-16,2026-08-16,1,307.255,307.79,294.205,295.03,1.27,1.35,2.0,0.0333,isolated,13.05,12.76,0.9407,0.635,2.0,1.0,0,0,0,-0.1278,0,NORMAL,NORMAL_THERMAL_ACTIVITY,Thermal activity falls within normal statistical bounds.,none
928,1,1,2026-08-16,2026-08-16,1,304.76,304.76,280.78,280.78,0.45,0.45,2.0,0.0333,isolated,23.98,23.98,1.0,0.45,1.0,1.0,0,0,0,-0.1776,0,NORMAL,NORMAL_THERMAL_ACTIVITY,Thermal activity falls within normal statistical bounds.,none
929,3,3,2026-08-16,2026-08-21,6,307.013,308.88,292.117,294.07,0.973,1.11,2.0,0.1,short_lived_repeated,14.896,14.81,0.8766,0.3243,0.5,0.5,1,0,1,-0.0252,0,ELEVATED,RECURRING_THERMAL_ACTIVITY,Elevated abnormality primarily associated with recurring thermal activity over an extended duration.,duration_days
930,6,4,2026-08-16,2026-08-21,6,307.232,322.52,285.148,289.63,1.415,2.12,2.0,0.1333,short_lived_repeated,22.084,32.89,0.6675,0.2358,1.0,0.6667,1,0,1,-0.028,0,ELEVATED,PERSISTENT_THERMAL_ACTIVITY,Elevated abnormality primarily associated with persistent multi-day activity.,active_days
931,1,1,2026-08-16,2026-08-16,1,304.85,304.85,278.33,278.33,0.71,0.71,2.0,0.0333,isolated,26.52,26.52,1.0,0.71,1.0,1.0,0,0,0,-0.1834,0,NORMAL,NORMAL_THERMAL_ACTIVITY,Thermal activity falls within normal statistical bounds.,none
932,1,1,2026-08-16,2026-08-16,1,301.78,301.78,283.4,283.4,0.97,0.97,2.0,0.0333,isolated,18.38,18.38,1.0,0.97,1.0,1.0,0,0,0,-0.1828,0,NORMAL,NORMAL_THERMAL_ACTIVITY,Thermal activity falls within normal statistical bounds.,none
933,1,1,2026-08-16,2026-08-16,1,317.34,317.34,289.71,289.71,1.71,1.71,2.0,0.0333,isolated,27.63,27.63,1.0,1.71,1.0,1.0,0,0,0,-0.1985,0,NORMAL,NORMAL_THERMAL_ACTIVITY,Thermal activity falls within normal statistical bounds.,none
934,1,1,2026-08-16,2026-08-16,1,305.87,305.87,269.63,269.63,1.28,1.28,2.0,0.0333,isolated,36.24,36.24,1.0,1.28,1.0,1.0,0,0,0,-0.191,0,NORMAL,NORMAL_THERMAL_ACTIVITY,Thermal activity falls within normal statistical bounds.,none
935,1,1,2026-08-16,2026-08-16,1,299.08,299.08,277.5,277.5,1.21,1.21,2.0,0.0333,isolated,21.58,21.58,1.0,1.21,1.0,1.0,0,0,0,-0.1763,0,NORMAL,NORMAL_THERMAL_ACTIVITY,Thermal activity falls within normal statistical bounds.,none
936,1,1,2026-08-16,2026-08-16,1,302.06,302.06,283.55,283.55,0.38,0.38,2.0,0.0333,isolated,18.51,18.51,1.0,0.38,1.0,1.0,0,0,0,-0.1648,0,NORMAL,NORMAL_THERMAL_ACTIVITY,Thermal activity falls within normal statistical bounds.,none
937,1,1,2026-08-16,2026-08-16,1,306.1,306.1,289.66,289.66,0.76,0.76,2.0,0.0333,isolated,16.44,16.44,1.0,0.76,1.0,1.0,0,0,0,-0.1863,0,NORMAL,NORMAL_THERMAL_ACTIVITY,Thermal activity falls within normal statistical bounds.,none
938,1,1,2026-08-17,2026-08-17,1,333.78,333.78,292.85,292.85,1.97,1.97,2.0,0.0333,isolated,40.93,40.93,1.0,1.97,1.0,1.0,0,0,0,-0.2082,0,NORMAL,NORMAL_THERMAL_ACTIVITY,Thermal activity falls within normal statistical bounds.,none
939,1,1,2026-08-17,2026-08-17,1,334.52,334.52,297.66,297.66,7.84,7.84,2.0,0.0333,isolated,36.86,36.86,1.0,7.84,1.0,1.0,0,0,0,-0.1924,0,NORMAL,NORMAL_THERMAL_ACTIVITY,Thermal activity falls within normal statistical bounds.,none
940,1,1,2026-08-17,2026-08-17,1,333.92,333.92,293.47,293.47,1.5,1.5,2.0,0.0333,isolated,40.45,40.45,1.0,1.5,1.0,1.0,0,0,0,-0.1984,0,NORMAL,NORMAL_THERMAL_ACTIVITY,Thermal activity falls within normal statistical bounds.,none
941,1,1,2026-08-17,2026-08-17,1,335.1,335.1,291.53,291.53,3.04,3.04,2.0,0.0333,isolated,43.57,43.57,1.0,3.04,1.0,1.0,0,0,0,-0.213,0,NORMAL,NORMAL_THERMAL_ACTIVITY,Thermal activity falls within normal statistical bounds.,none
942,1,1,2026-08-17,2026-08-17,1,343.99,343.99,295.37,295.37,9.93,9.93,2.0,0.0333,isolated,48.62,48.62,1.0,9.93,1.0,1.0,0,0,0,-0.1643,0,NORMAL,NORMAL_THERMAL_ACTIVITY,Thermal activity falls within normal statistical bounds.,none
943,1,1,2026-08-17,2026-08-17,1,331.37,331.37,298.36,298.36,1.59,1.59,2.0,0.0333,isolated,33.01,33.01,1.0,1.59,1.0,1.0,0,0,0,-0.2112,0,NORMAL,NORMAL_THERMAL_ACTIVITY,Thermal activity falls within normal statistical bounds.,none
944,1,1,2026-08-17,2026-08-17,1,343.24,343.24,296.8,296.8,6.23,6.23,2.0,0.0333,isolated,46.44,46.44,1.0,6.23,1.0,1.0,0,0,0,-0.1893,0,NORMAL,NORMAL_THERMAL_ACTIVITY,Thermal activity falls within normal statistical bounds.,none
945,1,1,2026-08-17,2026-08-17,1,343.7,343.7,299.3,299.3,2.61,2.61,2.0,0.0333,isolated,44.4,44.4,1.0,2.61,1.0,1.0,0,0,0,-0.1951,0,NORMAL,NORMAL_THERMAL_ACTIVITY,Thermal activity falls within normal statistical bounds.,none
946,1,1,2026-08-17,2026-08-17,1,336.11,336.11,298.8,298.8,4.04,4.04,2.0,0.0333,isolated,37.31,37.31,1.0,4.04,1.0,1.0,0,0,0,-0.2176,0,NORMAL,NORMAL_THERMAL_ACTIVITY,Thermal activity falls within normal statistical bounds.,none
947,1,1,2026-08-17,2026-08-17,1,335.92,335.92,298.88,298.88,5.01,5.01,2.0,0.0333,isolated,37.04,37.04,1.0,5.01,1.0,1.0,0,0,0,-0.2152,0,NORMAL,NORMAL_THERMAL_ACTIVITY,Thermal activity falls within normal statistical bounds.,none
948,1,1,2026-08-17,2026-08-17,1,343.71,343.71,291.32,291.32,7.74,7.74,2.0,0.0333,isolated,52.39,52.39,1.0,7.74,1.0,1.0,0,0,0,-0.1726,0,NORMAL,NORMAL_THERMAL_ACTIVITY,Thermal activity falls within normal statistical bounds.,none
949,1,1,2026-08-17,2026-08-17,1,341.82,341.82,296.61,296.61,5.09,5.09,2.0,0.0333,isolated,45.21,45.21,1.0,5.09,1.0,1.0,0,0,0,-0.1987,0,NORMAL,NORMAL_THERMAL_ACTIVITY,Thermal activity falls within normal statistical bounds.,none
950,1,1,2026-08-17,2026-08-17,1,337.73,337.73,298.43,298.43,6.1,6.1,2.0,0.0333,isolated,39.3,39.3,1.0,6.1,1.0,1.0,0,0,0,-0.2019,0,NORMAL,NORMAL_THERMAL_ACTIVITY,Thermal activity falls within normal statistical bounds.,none
951,3,2,2026-08-17,2026-08-18,2,333.56,337.36,286.11,298.07,3.687,4.55,2.0,0.0667,short_lived_repeated,47.45,39.29,0.8103,1.229,1.5,1.0,1,0,1,-0.1373,0,NORMAL,NORMAL_THERMAL_ACTIVITY,Thermal activity falls within normal statistical bounds.,none
952,1,1,2026-08-17,2026-08-17,1,353.64,353.64,282.12,282.12,9.85,9.85,2.0,0.0333,isolated,71.52,71.52,1.0,9.85,1.0,1.0,0,0,0,-0.061,0,NORMAL,NORMAL_THERMAL_ACTIVITY,Thermal activity falls within normal statistical bounds.,none
953,1,1,2026-08-17,2026-08-17,1,336.46,336.46,300.52,300.52,7.37,7.37,2.0,0.0333,isolated,35.94,35.94,1.0,7.37,1.0,1.0,0,0,0,-0.1955,0,NORMAL,NORMAL_THERMAL_ACTIVITY,Thermal activity falls within normal statistical bounds.,none
954,1,1,2026-08-17,2026-08-17,1,309.57,309.57,289.41,289.41,1.18,1.18,2.0,0.0333,isolated,20.16,20.16,1.0,1.18,1.0,1.0,0,0,0,-0.1938,0,NORMAL,NORMAL_THERMAL_ACTIVITY,Thermal activity falls within normal statistical bounds.,none
955,4,1,2026-08-17,2026-08-17,1,316.395,327.12,286.915,290.47,5.205,6.91,2.0,0.0333,isolated,29.48,36.65,0.7533,1.3012,4.0,1.0,0,0,0,-0.0953,0,NORMAL,NORMAL_THERMAL_ACTIVITY,Thermal activity falls within normal statistical bounds.,none
956,1,1,2026-08-17,2026-08-17,1,304.87,304.87,284.16,284.16,0.89,0.89,2.0,0.0333,isolated,20.71,20.71,1.0,0.89,1.0,1.0,0,0,0,-0.1892,0,NORMAL,NORMAL_THERMAL_ACTIVITY,Thermal activity falls within normal statistical bounds.,none
957,1,1,2026-08-17,2026-08-17,1,309.85,309.85,292.85,292.85,2.76,2.76,2.0,0.0333,isolated,17.0,17.0,1.0,2.76,1.0,1.0,0,0,0,-0.1829,0,NORMAL,NORMAL_THERMAL_ACTIVITY,Thermal activity falls within normal statistical bounds.,none
958,1,1,2026-08-17,2026-08-17,1,325.39,325.39,293.08,293.08,3.69,3.69,2.0,0.0333,isolated,32.31,32.31,1.0,3.69,1.0,1.0,0,0,0,-0.2103,0,NORMAL,NORMAL_THERMAL_ACTIVITY,Thermal activity falls within normal statistical bounds.,none
959,1,1,2026-08-17,2026-08-17,1,304.11,304.11,291.46,291.46,0.57,0.57,2.0,0.0333,isolated,12.65,12.65,1.0,0.57,1.0,1.0,0,0,0,-0.1644,0,NORMAL,NORMAL_THERMAL_ACTIVITY,Thermal activity falls within normal statistical bounds.,none
960,1,1,2026-08-17,2026-08-17,1,307.67,307.67,291.45,291.45,1.06,1.06,2.0,0.0333,isolated,16.22,16.22,1.0,1.06,1.0,1.0,0,0,0,-0.1907,0,NORMAL,NORMAL_THERMAL_ACTIVITY,Thermal activity falls within normal statistical bounds.,none
961,1,1,2026-08-17,2026-08-17,1,312.9,312.9,291.84,291.84,3.61,3.61,2.0,0.0333,isolated,21.06,21.06,1.0,3.61,1.0,1.0,0,0,0,-0.1813,0,NORMAL,NORMAL_THERMAL_ACTIVITY,Thermal activity falls within normal statistical bounds.,none
962,1,1,2026-08-17,2026-08-17,1,309.79,309.79,292.95,292.95,2.88,2.88,2.0,0.0333,isolated,16.84,16.84,1.0,2.88,1.0,1.0,0,0,0,-0.183,0,NORMAL,NORMAL_THERMAL_ACTIVITY,Thermal activity falls within normal statistical bounds.,none
963,11,4,2026-08-17,2026-08-22,6,313.255,343.83,290.921,307.15,1.723,3.37,2.0,0.1333,short_lived_repeated,22.334,36.68,0.5113,0.1566,1.8333,0.6667,1,0,1,-0.0137,0,ELEVATED,MULTI_FACTOR_ANOMALY,Elevated abnormality primarily associated with elevated thermal intensity and persistent multi-day activity.,"max_bright_ti4,active_days"
964,2,2,2026-08-17,2026-08-20,4,309.24,311.39,287.615,289.02,1.21,1.3,2.0,0.0667,short_lived_repeated,21.625,22.37,0.9308,0.605,0.5,0.5,1,0,1,-0.0666,0,NORMAL,NORMAL_THERMAL_ACTIVITY,Thermal activity falls within normal statistical bounds.,none
965,1,1,2026-08-17,2026-08-17,1,314.08,314.08,292.69,292.69,3.28,3.28,2.0,0.0333,isolated,21.39,21.39,1.0,3.28,1.0,1.0,0,0,0,-0.1881,0,NORMAL,NORMAL_THERMAL_ACTIVITY,Thermal activity falls within normal statistical bounds.,none
966,2,2,2026-08-17,2026-08-20,4,312.785,313.52,292.79,293.14,2.835,2.93,2.0,0.0667,short_lived_repeated,19.995,20.38,0.9676,1.4175,0.5,0.5,1,0,1,-0.0644,0,NORMAL,NORMAL_THERMAL_ACTIVITY,Thermal activity falls within normal statistical bounds.,none
967,1,1,2026-08-17,2026-08-17,1,297.19,297.19,270.52,270.52,0.61,0.61,2.0,0.0333,isolated,26.67,26.67,1.0,0.61,1.0,1.0,0,0,0,-0.1614,0,NORMAL,NORMAL_THERMAL_ACTIVITY,Thermal activity falls within normal statistical bounds.,none
968,2,2,2026-08-17,2026-08-18,2,311.315,313.03,293.01,294.47,1.175,1.66,2.0,0.0667,short_lived_repeated,18.305,18.56,0.7078,0.5875,1.0,1.0,1,0,1,-0.1153,0,NORMAL,NORMAL_THERMAL_ACTIVITY,Thermal activity falls within normal statistical bounds.,none
969,1,1,2026-08-17,2026-08-17,1,307.69,307.69,294.48,294.48,0.61,0.61,2.0,0.0333,isolated,13.21,13.21,1.0,0.61,1.0,1.0,0,0,0,-0.1666,0,NORMAL,NORMAL_THERMAL_ACTIVITY,Thermal activity falls within normal statistical bounds.,none
970,1,1,2026-08-17,2026-08-17,1,298.79,298.79,286.3,286.3,1.59,1.59,2.0,0.0333,isolated,12.49,12.49,1.0,1.59,1.0,1.0,0,0,0,-0.1522,0,NORMAL,NORMAL_THERMAL_ACTIVITY,Thermal activity falls within normal statistical bounds.,none
971,1,1,2026-08-17,2026-08-17,1,303.84,303.84,292.14,292.14,1.37,1.37,2.0,0.0333,isolated,11.7,11.7,1.0,1.37,1.0,1.0,0,0,0,-0.1688,0,NORMAL,NORMAL_THERMAL_ACTIVITY,Thermal activity falls within normal statistical bounds.,none
972,1,1,2026-08-17,2026-08-17,1,305.8,305.8,286.35,286.35,1.36,1.36,2.0,0.0333,isolated,19.45,19.45,1.0,1.36,1.0,1.0,0,0,0,-0.1928,0,NORMAL,NORMAL_THERMAL_ACTIVITY,Thermal activity falls within normal statistical bounds.,none
973,1,1,2026-08-17,2026-08-17,1,317.44,317.44,284.94,284.94,4.07,4.07,2.0,0.0333,isolated,32.5,32.5,1.0,4.07,1.0,1.0,0,0,0,-0.2051,0,NORMAL,NORMAL_THERMAL_ACTIVITY,Thermal activity falls within normal statistical bounds.,none
974,2,1,2026-08-18,2026-08-18,1,332.775,333.36,296.215,296.37,4.105,4.54,2.0,0.0333,isolated,36.56,36.99,0.9042,2.0525,2.0,1.0,0,0,0,-0.179,0,NORMAL,NORMAL_THERMAL_ACTIVITY,Thermal activity falls within normal statistical bounds.,none
975,1,1,2026-08-18,2026-08-18,1,367.0,367.0,297.1,297.1,8.71,8.71,3.0,0.0333,isolated,69.9,69.9,1.0,8.71,1.0,1.0,0,0,0,0.0201,1,HIGH,SHORT_LIVED_EXTREME_EVENT,High abnormality primarily associated with elevated thermal intensity.,"max_bright_ti4,bt_diff_max"
976,2,1,2026-08-18,2026-08-18,1,338.635,346.42,303.1,309.68,8.29,14.99,2.0,0.0333,isolated,35.535,36.74,0.553,4.145,2.0,1.0,0,0,0,-0.078,0,NORMAL,NORMAL_THERMAL_ACTIVITY,Thermal activity falls within normal statistical bounds.,none
977,2,1,2026-08-18,2026-08-18,1,338.425,339.7,294.86,295.17,3.34,4.49,2.0,0.0333,isolated,43.565,44.53,0.7439,1.67,2.0,1.0,0,0,0,-0.1626,0,NORMAL,NORMAL_THERMAL_ACTIVITY,Thermal activity falls within normal statistical bounds.,none
978,1,1,2026-08-18,2026-08-18,1,333.52,333.52,298.23,298.23,3.71,3.71,2.0,0.0333,isolated,35.29,35.29,1.0,3.71,1.0,1.0,0,0,0,-0.2182,0,NORMAL,NORMAL_THERMAL_ACTIVITY,Thermal activity falls within normal statistical bounds.,none
979,1,1,2026-08-18,2026-08-18,1,330.19,330.19,295.92,295.92,0.99,0.99,2.0,0.0333,isolated,34.27,34.27,1.0,0.99,1.0,1.0,0,0,0,-0.1904,0,NORMAL,NORMAL_THERMAL_ACTIVITY,Thermal activity falls within normal statistical bounds.,none
980,1,1,2026-08-18,2026-08-18,1,334.23,334.23,294.11,294.11,2.48,2.48,2.0,0.0333,isolated,40.12,40.12,1.0,2.48,1.0,1.0,0,0,0,-0.2147,0,NORMAL,NORMAL_THERMAL_ACTIVITY,Thermal activity falls within normal statistical bounds.,none
981,3,1,2026-08-18,2026-08-18,1,338.963,341.94,307.23,313.03,6.127,8.24,2.0,0.0333,isolated,31.733,28.91,0.7436,2.0423,3.0,1.0,0,0,0,-0.1169,0,NORMAL,NORMAL_THERMAL_ACTIVITY,Thermal activity falls within normal statistical bounds.,none
982,2,1,2026-08-18,2026-08-18,1,345.235,345.28,302.02,309.38,7.61,9.49,2.0,0.0333,isolated,43.215,35.9,0.8019,3.805,2.0,1.0,0,0,0,-0.1395,0,NORMAL,NORMAL_THERMAL_ACTIVITY,Thermal activity falls within normal statistical bounds.,none
983,1,1,2026-08-18,2026-08-18,1,349.04,349.04,298.06,298.06,8.05,8.05,2.0,0.0333,isolated,50.98,50.98,1.0,8.05,1.0,1.0,0,0,0,-0.1649,0,NORMAL,NORMAL_THERMAL_ACTIVITY,Thermal activity falls within normal statistical bounds.,none
984,1,1,2026-08-18,2026-08-18,1,334.45,334.45,295.68,295.68,2.85,2.85,2.0,0.0333,isolated,38.77,38.77,1.0,2.85,1.0,1.0,0,0,0,-0.2175,0,NORMAL,NORMAL_THERMAL_ACTIVITY,Thermal activity falls within normal statistical bounds.,none
985,2,1,2026-08-18,2026-08-18,1,335.395,336.33,296.69,297.01,2.85,2.85,2.0,0.0333,isolated,38.705,39.32,1.0,1.425,2.0,1.0,0,0,0,-0.187,0,NORMAL,NORMAL_THERMAL_ACTIVITY,Thermal activity falls within normal statistical bounds.,none
986,1,1,2026-08-18,2026-08-18,1,336.63,336.63,292.6,292.6,2.67,2.67,2.0,0.0333,isolated,44.03,44.03,1.0,2.67,1.0,1.0,0,0,0,-0.2077,0,NORMAL,NORMAL_THERMAL_ACTIVITY,Thermal activity falls within normal statistical bounds.,none
987,1,1,2026-08-18,2026-08-18,1,340.25,340.25,296.01,296.01,1.94,1.94,2.0,0.0333,isolated,44.24,44.24,1.0,1.94,1.0,1.0,0,0,0,-0.1967,0,NORMAL,NORMAL_THERMAL_ACTIVITY,Thermal activity falls within normal statistical bounds.,none
988,1,1,2026-08-18,2026-08-18,1,330.88,330.88,297.13,297.13,3.58,3.58,2.0,0.0333,isolated,33.75,33.75,1.0,3.58,1.0,1.0,0,0,0,-0.2154,0,NORMAL,NORMAL_THERMAL_ACTIVITY,Thermal activity falls within normal statistical bounds.,none
989,3,1,2026-08-18,2026-08-18,1,334.57,337.07,296.047,300.46,1.447,1.61,1.667,0.0333,isolated,38.523,36.61,0.8988,0.4823,3.0,1.0,0,0,0,-0.089,0,NORMAL,NORMAL_THERMAL_ACTIVITY,Thermal activity falls within normal statistical bounds.,none
990,2,1,2026-08-18,2026-08-18,1,334.57,334.6,296.21,296.45,2.265,2.3,2.0,0.0333,isolated,38.36,38.15,0.9848,1.1325,2.0,1.0,0,0,0,-0.1822,0,NORMAL,NORMAL_THERMAL_ACTIVITY,Thermal activity falls within normal statistical bounds.,none
991,3,1,2026-08-18,2026-08-18,1,339.46,342.0,299.013,303.88,6.577,9.6,2.0,0.0333,isolated,40.447,38.12,0.6851,2.1923,3.0,1.0,0,0,0,-0.1191,0,NORMAL,NORMAL_THERMAL_ACTIVITY,Thermal activity falls within normal statistical bounds.,none
992,1,1,2026-08-18,2026-08-18,1,332.07,332.07,295.78,295.78,1.86,1.86,2.0,0.0333,isolated,36.29,36.29,1.0,1.86,1.0,1.0,0,0,0,-0.2151,0,NORMAL,NORMAL_THERMAL_ACTIVITY,Thermal activity falls within normal statistical bounds.,none
993,3,1,2026-08-18,2026-08-18,1,334.71,336.51,299.613,303.52,2.92,3.94,2.0,0.0333,isolated,35.097,32.99,0.7411,0.9733,3.0,1.0,0,0,0,-0.1419,0,NORMAL,NORMAL_THERMAL_ACTIVITY,Thermal activity falls within normal statistical bounds.,none
994,2,1,2026-08-18,2026-08-18,1,335.12,338.59,297.255,301.43,2.55,3.77,2.0,0.0333,isolated,37.865,37.16,0.6764,1.275,2.0,1.0,0,0,0,-0.1613,0,NORMAL,NORMAL_THERMAL_ACTIVITY,Thermal activity falls within normal statistical bounds.,none
995,2,1,2026-08-18,2026-08-18,1,337.2,338.95,298.225,303.35,4.925,7.09,2.0,0.0333,isolated,38.975,35.6,0.6946,2.4625,2.0,1.0,0,0,0,-0.1507,0,NORMAL,NORMAL_THERMAL_ACTIVITY,Thermal activity falls within normal statistical bounds.,none
996,1,1,2026-08-18,2026-08-18,1,333.48,333.48,294.0,294.0,1.7,1.7,2.0,0.0333,isolated,39.48,39.48,1.0,1.7,1.0,1.0,0,0,0,-0.2068,0,NORMAL,NORMAL_THERMAL_ACTIVITY,Thermal activity falls within normal statistical bounds.,none
997,2,1,2026-08-18,2026-08-18,1,339.115,343.39,298.885,303.98,4.255,6.13,2.0,0.0333,isolated,40.23,39.41,0.6941,2.1275,2.0,1.0,0,0,0,-0.1583,0,NORMAL,NORMAL_THERMAL_ACTIVITY,Thermal activity falls within normal statistical bounds.,none
998,1,1,2026-08-18,2026-08-18,1,335.07,335.07,294.06,294.06,4.04,4.04,2.0,0.0333,isolated,41.01,41.01,1.0,4.04,1.0,1.0,0,0,0,-0.2156,0,NORMAL,NORMAL_THERMAL_ACTIVITY,Thermal activity falls within normal statistical bounds.,none
999,1,1,2026-08-18,2026-08-18,1,335.23,335.23,294.08,294.08,4.37,4.37,2.0,0.0333,isolated,41.15,41.15,1.0,4.37,1.0,1.0,0,0,0,-0.2136,0,NORMAL,NORMAL_THERMAL_ACTIVITY,Thermal activity falls within normal statistical bounds.,none
1000,1,1,2026-08-18,2026-08-18,1,333.76,333.76,291.29,291.29,5.26,5.26,2.0,0.0333,isolated,42.47,42.47,1.0,5.26,1.0,1.0,0,0,0,-0.2109,0,NORMAL,NORMAL_THERMAL_ACTIVITY,Thermal activity falls within normal statistical bounds.,none
1001,4,1,2026-08-18,2026-08-18,1,338.518,343.53,294.665,297.0,4.96,6.83,2.0,0.0333,isolated,43.853,46.53,0.7262,1.24,4.0,1.0,0,0,0,-0.1177,0,NORMAL,NORMAL_THERMAL_ACTIVITY,Thermal activity falls within normal statistical bounds.,none
1002,1,1,2026-08-18,2026-08-18,1,330.52,330.52,282.57,282.57,3.9,3.9,2.0,0.0333,isolated,47.95,47.95,1.0,3.9,1.0,1.0,0,0,0,-0.1964,0,NORMAL,NORMAL_THERMAL_ACTIVITY,Thermal activity falls within normal statistical bounds.,none
1003,2,1,2026-08-18,2026-08-18,1,336.78,341.1,287.03,287.87,5.85,7.28,2.0,0.0333,isolated,49.75,53.23,0.8036,2.925,2.0,1.0,0,0,0,-0.1342,0,NORMAL,NORMAL_THERMAL_ACTIVITY,Thermal activity falls within normal statistical bounds.,none
1004,2,1,2026-08-18,2026-08-18,1,337.405,339.53,290.79,293.83,3.195,3.76,2.0,0.0333,isolated,46.615,45.7,0.8497,1.5975,2.0,1.0,0,0,0,-0.1667,0,NORMAL,NORMAL_THERMAL_ACTIVITY,Thermal activity falls within normal statistical bounds.,none
1005,3,1,2026-08-18,2026-08-18,1,340.12,346.03,294.443,297.64,9.213,12.42,2.0,0.0333,isolated,45.677,48.39,0.7418,3.071,3.0,1.0,0,0,0,-0.0886,0,NORMAL,NORMAL_THERMAL_ACTIVITY,Thermal activity falls within normal statistical bounds.,none
1006,1,1,2026-08-18,2026-08-18,1,337.62,337.62,286.19,286.19,4.01,4.01,2.0,0.0333,isolated,51.43,51.43,1.0,4.01,1.0,1.0,0,0,0,-0.1968,0,NORMAL,NORMAL_THERMAL_ACTIVITY,Thermal activity falls within normal statistical bounds.,none
1007,2,1,2026-08-18,2026-08-18,1,332.475,333.71,294.85,295.24,4.08,4.7,2.0,0.0333,isolated,37.625,38.47,0.8681,2.04,2.0,1.0,0,0,0,-0.1731,0,NORMAL,NORMAL_THERMAL_ACTIVITY,Thermal activity falls within normal statistical bounds.,none
1008,2,1,2026-08-18,2026-08-18,1,339.66,342.22,293.02,294.02,5.655,6.66,2.0,0.0333,isolated,46.64,48.2,0.8491,2.8275,2.0,1.0,0,0,0,-0.158,0,NORMAL,NORMAL_THERMAL_ACTIVITY,Thermal activity falls within normal statistical bounds.,none
1009,1,1,2026-08-18,2026-08-18,1,339.94,339.94,311.27,311.27,14.87,14.87,1.0,0.0333,isolated,28.67,28.67,1.0,14.87,1.0,1.0,0,0,0,-0.0146,0,ELEVATED,HIGH_THERMAL_ENERGY,Elevated abnormality primarily associated with elevated thermal energy (FRP).,mean_frp
1010,1,1,2026-08-18,2026-08-18,1,334.1,334.1,307.95,307.95,3.37,3.37,1.0,0.0333,isolated,26.15,26.15,1.0,3.37,1.0,1.0,0,0,0,-0.1097,0,NORMAL,NORMAL_THERMAL_ACTIVITY,Thermal activity falls within normal statistical bounds.,none
1011,1,1,2026-08-18,2026-08-18,1,338.98,338.98,310.04,310.04,8.91,8.91,1.0,0.0333,isolated,28.94,28.94,1.0,8.91,1.0,1.0,0,0,0,-0.0737,0,NORMAL,NORMAL_THERMAL_ACTIVITY,Thermal activity falls within normal statistical bounds.,none
1012,1,1,2026-08-18,2026-08-18,1,335.69,335.69,307.87,307.87,3.22,3.22,1.0,0.0333,isolated,27.82,27.82,1.0,3.22,1.0,1.0,0,0,0,-0.1085,0,NORMAL,NORMAL_THERMAL_ACTIVITY,Thermal activity falls within normal statistical bounds.,none
1013,1,1,2026-08-18,2026-08-18,1,339.91,339.91,309.78,309.78,2.07,2.07,2.0,0.0333,isolated,30.13,30.13,1.0,2.07,1.0,1.0,0,0,0,-0.2061,0,NORMAL,NORMAL_THERMAL_ACTIVITY,Thermal activity falls within normal statistical bounds.,none
1014,1,1,2026-08-18,2026-08-18,1,337.3,337.3,306.47,306.47,2.98,2.98,2.0,0.0333,isolated,30.83,30.83,1.0,2.98,1.0,1.0,0,0,0,-0.2102,0,NORMAL,NORMAL_THERMAL_ACTIVITY,Thermal activity falls within normal statistical bounds.,none
1015,1,1,2026-08-18,2026-08-18,1,336.8,336.8,306.04,306.04,6.09,6.09,2.0,0.0333,isolated,30.76,30.76,1.0,6.09,1.0,1.0,0,0,0,-0.1965,0,NORMAL,NORMAL_THERMAL_ACTIVITY,Thermal activity falls within normal statistical bounds.,none
1016,2,1,2026-08-18,2026-08-18,1,338.185,339.88,308.26,308.69,3.06,3.06,1.5,0.0333,isolated,29.925,31.19,1.0,1.53,2.0,1.0,0,0,0,-0.1157,0,NORMAL,NORMAL_THERMAL_ACTIVITY,Thermal activity falls within normal statistical bounds.,none
1017,1,1,2026-08-18,2026-08-18,1,336.85,336.85,306.51,306.51,2.49,2.49,2.0,0.0333,isolated,30.34,30.34,1.0,2.49,1.0,1.0,0,0,0,-0.2112,0,NORMAL,NORMAL_THERMAL_ACTIVITY,Thermal activity falls within normal statistical bounds.,none
1018,1,1,2026-08-18,2026-08-18,1,337.96,337.96,303.79,303.79,10.25,10.25,2.0,0.0333,isolated,34.17,34.17,1.0,10.25,1.0,1.0,0,0,0,-0.1706,0,NORMAL,NORMAL_THERMAL_ACTIVITY,Thermal activity falls within normal statistical bounds.,none
1019,1,1,2026-08-18,2026-08-18,1,338.38,338.38,304.73,304.73,4.59,4.59,2.0,0.0333,isolated,33.65,33.65,1.0,4.59,1.0,1.0,0,0,0,-0.2122,0,NORMAL,NORMAL_THERMAL_ACTIVITY,Thermal activity falls within normal statistical bounds.,none
1020,1,1,2026-08-18,2026-08-18,1,339.11,339.11,309.76,309.76,5.64,5.64,1.0,0.0333,isolated,29.35,29.35,1.0,5.64,1.0,1.0,0,0,0,-0.1029,0,NORMAL,NORMAL_THERMAL_ACTIVITY,Thermal activity falls within normal statistical bounds.,none
1021,1,1,2026-08-18,2026-08-18,1,345.42,345.42,312.7,312.7,20.06,20.06,2.0,0.0333,isolated,32.72,32.72,1.0,20.06,1.0,1.0,0,0,0,-0.0862,0,NORMAL,NORMAL_THERMAL_ACTIVITY,Thermal activity falls within normal statistical bounds.,none
1022,1,1,2026-08-18,2026-08-18,1,334.97,334.97,307.68,307.68,3.29,3.29,1.0,0.0333,isolated,27.29,27.29,1.0,3.29,1.0,1.0,0,0,0,-0.1124,0,NORMAL,NORMAL_THERMAL_ACTIVITY,Thermal activity falls within normal statistical bounds.,none
1023,9,1,2026-08-18,2026-08-18,1,346.05,355.27,308.587,309.9,4.212,5.78,1.889,0.0333,isolated,37.463,45.37,0.7287,0.468,9.0,1.0,0,0,0,0.0337,1,HIGH,SHORT_LIVED_EXTREME_EVENT,High abnormality primarily associated with elevated thermal intensity.,"max_bright_ti4,bt_diff_max"
1024,8,2,2026-08-18,2026-08-21,4,341.013,346.04,305.62,307.25,5.371,8.2,2.0,0.0667,short_lived_repeated,35.393,38.79,0.655,0.6714,2.0,0.5,1,0,1,-0.0496,0,ELEVATED,SHORT_LIVED_EXTREME_EVENT,Elevated abnormality primarily associated with elevated thermal intensity.,max_bright_ti4
1025,1,1,2026-08-18,2026-08-18,1,336.28,336.28,302.95,302.95,3.48,3.48,2.0,0.0333,isolated,33.33,33.33,1.0,3.48,1.0,1.0,0,0,0,-0.2156,0,NORMAL,NORMAL_THERMAL_ACTIVITY,Thermal activity falls within normal statistical bounds.,none
1026,3,1,2026-08-18,2026-08-18,1,342.527,345.34,303.42,303.91,3.75,3.75,2.0,0.0333,isolated,39.107,41.43,1.0,1.25,3.0,1.0,0,0,0,-0.1405,0,NORMAL,NORMAL_THERMAL_ACTIVITY,Thermal activity falls within normal statistical bounds.,none
1027,1,1,2026-08-18,2026-08-18,1,334.38,334.38,302.78,302.78,2.89,2.89,2.0,0.0333,isolated,31.6,31.6,1.0,2.89,1.0,1.0,0,0,0,-0.217,0,NORMAL,NORMAL_THERMAL_ACTIVITY,Thermal activity falls within normal statistical bounds.,none
1028,1,1,2026-08-18,2026-08-18,1,337.5,337.5,301.04,301.04,1.42,1.42,2.0,0.0333,isolated,36.46,36.46,1.0,1.42,1.0,1.0,0,0,0,-0.2009,0,NORMAL,NORMAL_THERMAL_ACTIVITY,Thermal activity falls within normal statistical bounds.,none
1029,1,1,2026-08-18,2026-08-18,1,339.1,339.1,307.49,307.49,5.2,5.2,2.0,0.0333,isolated,31.61,31.61,1.0,5.2,1.0,1.0,0,0,0,-0.2102,0,NORMAL,NORMAL_THERMAL_ACTIVITY,Thermal activity falls within normal statistical bounds.,none
1030,1,1,2026-08-18,2026-08-18,1,337.66,337.66,304.58,304.58,4.38,4.38,2.0,0.0333,isolated,33.08,33.08,1.0,4.38,1.0,1.0,0,0,0,-0.2135,0,NORMAL,NORMAL_THERMAL_ACTIVITY,Thermal activity falls within normal statistical bounds.,none
1031,1,1,2026-08-18,2026-08-18,1,343.44,343.44,305.52,305.52,11.17,11.17,2.0,0.0333,isolated,37.92,37.92,1.0,11.17,1.0,1.0,0,0,0,-0.1527,0,NORMAL,NORMAL_THERMAL_ACTIVITY,Thermal activity falls within normal statistical bounds.,none
1032,1,1,2026-08-18,2026-08-18,1,335.82,335.82,302.42,302.42,3.8,3.8,2.0,0.0333,isolated,33.4,33.4,1.0,3.8,1.0,1.0,0,0,0,-0.2169,0,NORMAL,NORMAL_THERMAL_ACTIVITY,Thermal activity falls within normal statistical bounds.,none
1033,1,1,2026-08-18,2026-08-18,1,337.46,337.46,308.95,308.95,6.96,6.96,1.0,0.0333,isolated,28.51,28.51,1.0,6.96,1.0,1.0,0,0,0,-0.0828,0,NORMAL,NORMAL_THERMAL_ACTIVITY,Thermal activity falls within normal statistical bounds.,none
1034,1,1,2026-08-18,2026-08-18,1,336.57,336.57,305.2,305.2,5.11,5.11,2.0,0.0333,isolated,31.37,31.37,1.0,5.11,1.0,1.0,0,0,0,-0.2105,0,NORMAL,NORMAL_THERMAL_ACTIVITY,Thermal activity falls within normal statistical bounds.,none
1035,1,1,2026-08-18,2026-08-18,1,337.6,337.6,302.37,302.37,4.35,4.35,2.0,0.0333,isolated,35.23,35.23,1.0,4.35,1.0,1.0,0,0,0,-0.2143,0,NORMAL,NORMAL_THERMAL_ACTIVITY,Thermal activity falls within normal statistical bounds.,none
1036,1,1,2026-08-18,2026-08-18,1,345.72,345.72,306.56,306.56,8.8,8.8,2.0,0.0333,isolated,39.16,39.16,1.0,8.8,1.0,1.0,0,0,0,-0.187,0,NORMAL,NORMAL_THERMAL_ACTIVITY,Thermal activity falls within normal statistical bounds.,none
1037,1,1,2026-08-18,2026-08-18,1,339.79,339.79,303.18,303.18,9.65,9.65,2.0,0.0333,isolated,36.61,36.61,1.0,9.65,1.0,1.0,0,0,0,-0.1806,0,NORMAL,NORMAL_THERMAL_ACTIVITY,Thermal activity falls within normal statistical bounds.,none
1038,1,1,2026-08-18,2026-08-18,1,339.14,339.14,303.16,303.16,7.34,7.34,2.0,0.0333,isolated,35.98,35.98,1.0,7.34,1.0,1.0,0,0,0,-0.194,0,NORMAL,NORMAL_THERMAL_ACTIVITY,Thermal activity falls within normal statistical bounds.,none
1039,1,1,2026-08-18,2026-08-18,1,347.67,347.67,304.61,304.61,16.8,16.8,2.0,0.0333,isolated,43.06,43.06,1.0,16.8,1.0,1.0,0,0,0,-0.0957,0,NORMAL,NORMAL_THERMAL_ACTIVITY,Thermal activity falls within normal statistical bounds.,none
1040,1,1,2026-08-18,2026-08-18,1,339.71,339.71,305.43,305.43,12.0,12.0,2.0,0.0333,isolated,34.28,34.28,1.0,12.0,1.0,1.0,0,0,0,-0.1392,0,NORMAL,NORMAL_THERMAL_ACTIVITY,Thermal activity falls within normal statistical bounds.,none
1041,1,1,2026-08-18,2026-08-18,1,337.91,337.91,301.98,301.98,3.94,3.94,2.0,0.0333,isolated,35.93,35.93,1.0,3.94,1.0,1.0,0,0,0,-0.2164,0,NORMAL,NORMAL_THERMAL_ACTIVITY,Thermal activity falls within normal statistical bounds.,none
1042,1,1,2026-08-18,2026-08-18,1,342.43,342.43,300.87,300.87,7.58,7.58,2.0,0.0333,isolated,41.56,41.56,1.0,7.58,1.0,1.0,0,0,0,-0.191,0,NORMAL,NORMAL_THERMAL_ACTIVITY,Thermal activity falls within normal statistical bounds.,none
1043,1,1,2026-08-18,2026-08-18,1,338.42,338.42,303.11,303.11,5.07,5.07,2.0,0.0333,isolated,35.31,35.31,1.0,5.07,1.0,1.0,0,0,0,-0.2119,0,NORMAL,NORMAL_THERMAL_ACTIVITY,Thermal activity falls within normal statistical bounds.,none
1044,2,1,2026-08-18,2026-08-18,1,334.74,334.94,299.795,299.87,3.385,4.0,2.0,0.0333,isolated,34.945,35.07,0.8462,1.6925,2.0,1.0,0,0,0,-0.1763,0,NORMAL,NORMAL_THERMAL_ACTIVITY,Thermal activity falls within normal statistical bounds.,none
1045,1,1,2026-08-18,2026-08-18,1,339.64,339.64,299.45,299.45,6.18,6.18,2.0,0.0333,isolated,40.19,40.19,1.0,6.18,1.0,1.0,0,0,0,-0.1996,0,NORMAL,NORMAL_THERMAL_ACTIVITY,Thermal activity falls within normal statistical bounds.,none
1046,2,2,2026-08-18,2026-08-21,4,346.64,347.55,302.535,302.89,6.595,8.44,2.0,0.0667,short_lived_repeated,44.105,44.66,0.7814,3.2975,0.5,0.5,1,0,1,-0.0574,0,NORMAL,NORMAL_THERMAL_ACTIVITY,Thermal activity falls within normal statistical bounds.,none
1047,2,2,2026-08-18,2026-08-21,4,340.69,341.71,306.67,309.33,9.345,11.37,2.0,0.0667,short_lived_repeated,34.02,32.38,0.8219,4.6725,0.5,0.5,1,0,1,-0.0407,0,ELEVATED,SHORT_LIVED_EXTREME_EVENT,Elevated abnormality primarily associated with elevated thermal intensity.,max_bright_ti4
1048,1,1,2026-08-18,2026-08-18,1,331.52,331.52,296.73,296.73,3.13,3.13,2.0,0.0333,isolated,34.79,34.79,1.0,3.13,1.0,1.0,0,0,0,-0.2164,0,NORMAL,NORMAL_THERMAL_ACTIVITY,Thermal activity falls within normal statistical bounds.,none
1049,1,1,2026-08-18,2026-08-18,1,342.98,342.98,306.1,306.1,13.42,13.42,2.0,0.0333,isolated,36.88,36.88,1.0,13.42,1.0,1.0,0,0,0,-0.128,0,NORMAL,NORMAL_THERMAL_ACTIVITY,Thermal activity falls within normal statistical bounds.,none
1050,1,1,2026-08-18,2026-08-18,1,340.72,340.72,303.19,303.19,8.73,8.73,2.0,0.0333,isolated,37.53,37.53,1.0,8.73,1.0,1.0,0,0,0,-0.1884,0,NORMAL,NORMAL_THERMAL_ACTIVITY,Thermal activity falls within normal statistical bounds.,none
1051,1,1,2026-08-18,2026-08-18,1,333.17,333.17,299.03,299.03,3.69,3.69,2.0,0.0333,isolated,34.14,34.14,1.0,3.69,1.0,1.0,0,0,0,-0.2178,0,NORMAL,NORMAL_THERMAL_ACTIVITY,Thermal activity falls within normal statistical bounds.,none
1052,1,1,2026-08-18,2026-08-18,1,336.52,336.52,301.87,301.87,2.9,2.9,2.0,0.0333,isolated,34.65,34.65,1.0,2.9,1.0,1.0,0,0,0,-0.216,0,NORMAL,NORMAL_THERMAL_ACTIVITY,Thermal activity falls within normal statistical bounds.,none
1053,1,1,2026-08-18,2026-08-18,1,330.36,330.36,299.96,299.96,2.0,2.0,2.0,0.0333,isolated,30.4,30.4,1.0,2.0,1.0,1.0,0,0,0,-0.2103,0,NORMAL,NORMAL_THERMAL_ACTIVITY,Thermal activity falls within normal statistical bounds.,none
1054,2,1,2026-08-18,2026-08-18,1,334.955,339.28,294.055,294.82,28.745,46.2,2.0,0.0333,isolated,40.9,44.46,0.6222,14.3725,2.0,1.0,0,0,0,0.0217,1,HIGH,HIGH_THERMAL_ENERGY,High abnormality primarily associated with elevated thermal energy (FRP).,"max_frp,mean_frp"
1055,1,1,2026-08-18,2026-08-18,1,335.6,335.6,292.23,292.23,3.63,3.63,2.0,0.0333,isolated,43.37,43.37,1.0,3.63,1.0,1.0,0,0,0,-0.2123,0,NORMAL,NORMAL_THERMAL_ACTIVITY,Thermal activity falls within normal statistical bounds.,none
1056,1,1,2026-08-18,2026-08-18,1,342.68,342.68,297.23,297.23,15.32,15.32,2.0,0.0333,isolated,45.45,45.45,1.0,15.32,1.0,1.0,0,0,0,-0.1062,0,NORMAL,NORMAL_THERMAL_ACTIVITY,Thermal activity falls within normal statistical bounds.,none
1057,1,1,2026-08-18,2026-08-18,1,333.62,333.62,293.64,293.64,6.83,6.83,2.0,0.0333,isolated,39.98,39.98,1.0,6.83,1.0,1.0,0,0,0,-0.1946,0,NORMAL,NORMAL_THERMAL_ACTIVITY,Thermal activity falls within normal statistical bounds.,none
1058,1,1,2026-08-18,2026-08-18,1,333.1,333.1,297.22,297.22,2.57,2.57,2.0,0.0333,isolated,35.88,35.88,1.0,2.57,1.0,1.0,0,0,0,-0.2171,0,NORMAL,NORMAL_THERMAL_ACTIVITY,Thermal activity falls within normal statistical bounds.,none
1059,1,1,2026-08-18,2026-08-18,1,332.83,332.83,296.83,296.83,1.72,1.72,2.0,0.0333,isolated,36.0,36.0,1.0,1.72,1.0,1.0,0,0,0,-0.2095,0,NORMAL,NORMAL_THERMAL_ACTIVITY,Thermal activity falls within normal statistical bounds.,none
1060,1,1,2026-08-18,2026-08-18,1,334.66,334.66,296.79,296.79,3.38,3.38,2.0,0.0333,isolated,37.87,37.87,1.0,3.38,1.0,1.0,0,0,0,-0.22,0,NORMAL,NORMAL_THERMAL_ACTIVITY,Thermal activity falls within normal statistical bounds.,none
1061,1,1,2026-08-18,2026-08-18,1,336.42,336.42,295.43,295.43,4.91,4.91,2.0,0.0333,isolated,40.99,40.99,1.0,4.91,1.0,1.0,0,0,0,-0.2114,0,NORMAL,NORMAL_THERMAL_ACTIVITY,Thermal activity falls within normal statistical bounds.,none
1062,1,1,2026-08-18,2026-08-18,1,334.04,334.04,296.73,296.73,3.01,3.01,2.0,0.0333,isolated,37.31,37.31,1.0,3.01,1.0,1.0,0,0,0,-0.2181,0,NORMAL,NORMAL_THERMAL_ACTIVITY,Thermal activity falls within normal statistical bounds.,none
1063,1,1,2026-08-18,2026-08-18,1,334.54,334.54,296.18,296.18,4.26,4.26,2.0,0.0333,isolated,38.36,38.36,1.0,4.26,1.0,1.0,0,0,0,-0.2175,0,NORMAL,NORMAL_THERMAL_ACTIVITY,Thermal activity falls within normal statistical bounds.,none
1064,1,1,2026-08-18,2026-08-18,1,336.3,336.3,299.45,299.45,3.37,3.37,2.0,0.0333,isolated,36.85,36.85,1.0,3.37,1.0,1.0,0,0,0,-0.2193,0,NORMAL,NORMAL_THERMAL_ACTIVITY,Thermal activity falls within normal statistical bounds.,none
1065,1,1,2026-08-18,2026-08-18,1,332.38,332.38,296.52,296.52,2.67,2.67,2.0,0.0333,isolated,35.86,35.86,1.0,2.67,1.0,1.0,0,0,0,-0.216,0,NORMAL,NORMAL_THERMAL_ACTIVITY,Thermal activity falls within normal statistical bounds.,none
1066,1,1,2026-08-18,2026-08-18,1,330.75,330.75,296.39,296.39,3.56,3.56,2.0,0.0333,isolated,34.36,34.36,1.0,3.56,1.0,1.0,0,0,0,-0.2152,0,NORMAL,NORMAL_THERMAL_ACTIVITY,Thermal activity falls within normal statistical bounds.,none
1067,1,1,2026-08-18,2026-08-18,1,336.75,336.75,299.91,299.91,2.08,2.08,2.0,0.0333,isolated,36.84,36.84,1.0,2.08,1.0,1.0,0,0,0,-0.2162,0,NORMAL,NORMAL_THERMAL_ACTIVITY,Thermal activity falls within normal statistical bounds.,none
1068,6,1,2026-08-18,2026-08-18,1,338.883,344.31,299.338,299.78,3.883,5.29,2.0,0.0333,isolated,39.545,44.53,0.734,0.6472,6.0,1.0,0,0,0,-0.0545,0,NORMAL,NORMAL_THERMAL_ACTIVITY,Thermal activity falls within normal statistical bounds.,none
1069,2,1,2026-08-18,2026-08-18,1,334.475,336.91,290.96,291.53,3.4,3.48,2.0,0.0333,isolated,43.515,45.38,0.977,1.7,2.0,1.0,0,0,0,-0.1766,0,NORMAL,NORMAL_THERMAL_ACTIVITY,Thermal activity falls within normal statistical bounds.,none
1070,2,1,2026-08-18,2026-08-18,1,340.55,342.89,300.09,300.56,6.07,6.07,2.0,0.0333,isolated,40.46,42.33,1.0,3.035,2.0,1.0,0,0,0,-0.1674,0,NORMAL,NORMAL_THERMAL_ACTIVITY,Thermal activity falls within normal statistical bounds.,none
1071,1,1,2026-08-18,2026-08-18,1,340.33,340.33,297.94,297.94,7.33,7.33,2.0,0.0333,isolated,42.39,42.39,1.0,7.33,1.0,1.0,0,0,0,-0.1926,0,NORMAL,NORMAL_THERMAL_ACTIVITY,Thermal activity falls within normal statistical bounds.,none
1072,1,1,2026-08-18,2026-08-18,1,330.19,330.19,282.24,282.24,3.58,3.58,2.0,0.0333,isolated,47.95,47.95,1.0,3.58,1.0,1.0,0,0,0,-0.1904,0,NORMAL,NORMAL_THERMAL_ACTIVITY,Thermal activity falls within normal statistical bounds.,none
1073,1,1,2026-08-18,2026-08-18,1,331.41,331.41,296.3,296.3,2.09,2.09,2.0,0.0333,isolated,35.11,35.11,1.0,2.09,1.0,1.0,0,0,0,-0.2173,0,NORMAL,NORMAL_THERMAL_ACTIVITY,Thermal activity falls within normal statistical bounds.,none
1074,1,1,2026-08-18,2026-08-18,1,333.29,333.29,298.87,298.87,3.92,3.92,2.0,0.0333,isolated,34.42,34.42,1.0,3.92,1.0,1.0,0,0,0,-0.2183,0,NORMAL,NORMAL_THERMAL_ACTIVITY,Thermal activity falls within normal statistical bounds.,none
1075,2,1,2026-08-18,2026-08-18,1,328.1,328.15,287.56,287.71,4.36,4.74,2.0,0.0333,isolated,40.54,40.44,0.9198,2.18,2.0,1.0,0,0,0,-0.1619,0,NORMAL,NORMAL_THERMAL_ACTIVITY,Thermal activity falls within normal statistical bounds.,none
1076,6,5,2026-08-18,2026-08-23,6,307.668,313.61,283.42,291.0,2.033,3.36,2.0,0.1667,persistent,24.248,22.61,0.6051,0.3388,1.0,0.8333,1,1,2,-0.0121,0,ELEVATED,PERSISTENT_THERMAL_ACTIVITY,Elevated abnormality primarily associated with persistent multi-day activity.,active_days
1077,1,1,2026-08-18,2026-08-18,1,309.32,309.32,290.29,290.29,1.64,1.64,2.0,0.0333,isolated,19.03,19.03,1.0,1.64,1.0,1.0,0,0,0,-0.1932,0,NORMAL,NORMAL_THERMAL_ACTIVITY,Thermal activity falls within normal statistical bounds.,none
1078,1,1,2026-08-18,2026-08-18,1,306.82,306.82,290.68,290.68,0.58,0.58,2.0,0.0333,isolated,16.14,16.14,1.0,0.58,1.0,1.0,0,0,0,-0.1779,0,NORMAL,NORMAL_THERMAL_ACTIVITY,Thermal activity falls within normal statistical bounds.,none
1079,1,1,2026-08-18,2026-08-18,1,305.31,305.31,288.15,288.15,1.69,1.69,2.0,0.0333,isolated,17.16,17.16,1.0,1.69,1.0,1.0,0,0,0,-0.19,0,NORMAL,NORMAL_THERMAL_ACTIVITY,Thermal activity falls within normal statistical bounds.,none
1080,4,4,2026-08-18,2026-08-23,6,305.968,311.22,282.332,289.96,1.762,2.89,2.0,0.1333,short_lived_repeated,23.636,21.26,0.6097,0.4405,0.6667,0.6667,1,0,1,-0.0307,0,ELEVATED,PERSISTENT_THERMAL_ACTIVITY,Elevated abnormality primarily associated with persistent multi-day activity.,active_days
1081,4,4,2026-08-18,2026-08-23,6,306.773,311.58,283.22,290.56,1.3,2.1,2.0,0.1333,short_lived_repeated,23.553,21.02,0.619,0.325,0.6667,0.6667,1,0,1,-0.0366,0,ELEVATED,PERSISTENT_THERMAL_ACTIVITY,Elevated abnormality primarily associated with persistent multi-day activity.,active_days
1082,2,1,2026-08-18,2026-08-18,1,330.62,331.65,290.03,291.77,4.625,6.28,2.0,0.0333,isolated,40.59,39.88,0.7365,2.3125,2.0,1.0,0,0,0,-0.1541,0,NORMAL,NORMAL_THERMAL_ACTIVITY,Thermal activity falls within normal statistical bounds.,none
1083,2,1,2026-08-18,2026-08-18,1,307.8,309.32,288.54,291.63,1.4,2.47,2.0,0.0333,isolated,19.26,17.69,0.5668,0.7,2.0,1.0,0,0,0,-0.1111,0,NORMAL,NORMAL_THERMAL_ACTIVITY,Thermal activity falls within normal statistical bounds.,none
1084,1,1,2026-08-18,2026-08-18,1,308.89,308.89,282.13,282.13,2.04,2.04,2.0,0.0333,isolated,26.76,26.76,1.0,2.04,1.0,1.0,0,0,0,-0.197,0,NORMAL,NORMAL_THERMAL_ACTIVITY,Thermal activity falls within normal statistical bounds.,none
1085,1,1,2026-08-18,2026-08-18,1,306.41,306.41,285.71,285.71,1.07,1.07,2.0,0.0333,isolated,20.7,20.7,1.0,1.07,1.0,1.0,0,0,0,-0.1931,0,NORMAL,NORMAL_THERMAL_ACTIVITY,Thermal activity falls within normal statistical bounds.,none
1086,3,1,2026-08-18,2026-08-18,1,311.563,314.49,292.163,293.05,2.067,4.48,2.0,0.0333,isolated,19.4,21.44,0.4614,0.689,3.0,1.0,0,0,0,-0.0728,0,NORMAL,NORMAL_THERMAL_ACTIVITY,Thermal activity falls within normal statistical bounds.,none
1087,2,1,2026-08-18,2026-08-18,1,315.75,322.7,290.0,290.09,3.07,3.84,2.0,0.0333,isolated,25.75,32.61,0.7995,1.535,2.0,1.0,0,0,0,-0.1554,0,NORMAL,NORMAL_THERMAL_ACTIVITY,Thermal activity falls within normal statistical bounds.,none
1088,1,1,2026-08-18,2026-08-18,1,303.89,303.89,289.28,289.28,1.33,1.33,2.0,0.0333,isolated,14.61,14.61,1.0,1.33,1.0,1.0,0,0,0,-0.1819,0,NORMAL,NORMAL_THERMAL_ACTIVITY,Thermal activity falls within normal statistical bounds.,none
1089,2,1,2026-08-18,2026-08-18,1,312.415,316.92,281.545,286.09,1.45,1.58,2.0,0.0333,isolated,30.87,30.83,0.9177,0.725,2.0,1.0,0,0,0,-0.1621,0,NORMAL,NORMAL_THERMAL_ACTIVITY,Thermal activity falls within normal statistical bounds.,none
1090,2,1,2026-08-18,2026-08-18,1,303.43,305.3,283.02,284.35,1.42,1.9,2.0,0.0333,isolated,20.41,20.95,0.7474,0.71,2.0,1.0,0,0,0,-0.136,0,NORMAL,NORMAL_THERMAL_ACTIVITY,Thermal activity falls within normal statistical bounds.,none
1091,3,3,2026-08-18,2026-08-23,6,307.117,308.69,293.89,294.12,1.077,1.14,2.0,0.1,short_lived_repeated,13.227,14.57,0.9447,0.359,0.5,0.5,1,0,1,-0.0068,0,ELEVATED,RECURRING_THERMAL_ACTIVITY,Elevated abnormality primarily associated with recurring thermal activity over an extended duration.,duration_days
1092,1,1,2026-08-18,2026-08-18,1,302.42,302.42,288.35,288.35,0.69,0.69,2.0,0.0333,isolated,14.07,14.07,1.0,0.69,1.0,1.0,0,0,0,-0.164,0,NORMAL,NORMAL_THERMAL_ACTIVITY,Thermal activity falls within normal statistical bounds.,none
1093,1,1,2026-08-18,2026-08-18,1,309.81,309.81,285.72,285.72,1.1,1.1,2.0,0.0333,isolated,24.09,24.09,1.0,1.1,1.0,1.0,0,0,0,-0.1951,0,NORMAL,NORMAL_THERMAL_ACTIVITY,Thermal activity falls within normal statistical bounds.,none
1094,9,6,2026-08-18,2026-08-24,7,304.448,310.07,288.374,293.61,0.907,1.3,2.0,0.2,persistent,16.074,16.46,0.6977,0.1008,1.2857,0.8571,1,1,2,0.0437,1,HIGH,PERSISTENT_THERMAL_ACTIVITY,High abnormality primarily associated with persistent multi-day activity.,active_days
1095,1,1,2026-08-19,2026-08-19,1,332.09,332.09,289.61,289.61,4.27,4.27,2.0,0.0333,isolated,42.48,42.48,1.0,4.27,1.0,1.0,0,0,0,-0.2098,0,NORMAL,NORMAL_THERMAL_ACTIVITY,Thermal activity falls within normal statistical bounds.,none
1096,10,2,2026-08-19,2026-08-20,2,323.621,342.63,291.443,296.34,5.206,11.08,2.0,0.0667,short_lived_repeated,32.178,46.29,0.4699,0.5206,5.0,1.0,1,0,1,-0.0126,0,ELEVATED,SHORT_LIVED_EXTREME_EVENT,Elevated abnormality primarily associated with elevated thermal intensity.,"max_bright_ti4,bt_diff_max"
1097,34,8,2026-08-19,2026-08-29,11,309.571,339.31,285.07,297.24,2.052,8.62,2.0,0.2667,persistent,24.501,42.07,0.2381,0.0604,3.0909,0.7273,1,1,2,0.1262,1,HIGH,PERSISTENT_THERMAL_ACTIVITY,High abnormality primarily associated with persistent multi-day activity.,active_days
1098,2,1,2026-08-19,2026-08-19,1,336.095,336.28,302.805,303.21,8.405,9.25,1.0,0.0333,isolated,33.29,33.07,0.9086,4.2025,2.0,1.0,0,0,0,-0.0441,0,ELEVATED,STATISTICAL_ANOMALY,Elevated abnormality primarily associated with unusual multi-variate statistical signature.,multivariate_combination
1099,3,2,2026-08-19,2026-08-21,3,340.03,340.59,306.777,308.73,7.087,8.62,1.667,0.0667,short_lived_repeated,33.253,31.86,0.8222,2.3623,1.0,0.6667,1,0,1,-0.0426,0,ELEVATED,SHORT_LIVED_EXTREME_EVENT,Elevated abnormality primarily associated with elevated thermal intensity.,max_bright_ti4
1100,1,1,2026-08-19,2026-08-19,1,337.2,337.2,302.15,302.15,4.57,4.57,1.0,0.0333,isolated,35.05,35.05,1.0,4.57,1.0,1.0,0,0,0,-0.1242,0,NORMAL,NORMAL_THERMAL_ACTIVITY,Thermal activity falls within normal statistical bounds.,none
1101,1,1,2026-08-19,2026-08-19,1,342.19,342.19,304.09,304.09,14.71,14.71,1.0,0.0333,isolated,38.1,38.1,1.0,14.71,1.0,1.0,0,0,0,-0.0289,0,ELEVATED,MULTI_FACTOR_ANOMALY,Elevated abnormality primarily associated with elevated thermal intensity and elevated thermal energy (FRP).,"max_bright_ti4,mean_frp"
1102,2,1,2026-08-19,2026-08-19,1,331.745,331.84,295.915,296.12,5.91,5.99,2.0,0.0333,isolated,35.83,35.72,0.9866,2.955,2.0,1.0,0,0,0,-0.1662,0,NORMAL,NORMAL_THERMAL_ACTIVITY,Thermal activity falls within normal statistical bounds.,none
1103,15,3,2026-08-19,2026-08-22,4,313.207,341.73,284.172,291.67,2.423,7.16,2.0,0.1,short_lived_repeated,29.035,50.06,0.3384,0.1615,3.75,0.75,1,0,1,0.0244,1,HIGH,HIGH_THERMAL_INTENSITY,High abnormality primarily associated with elevated thermal intensity.,"max_bright_ti4,bt_diff_max"
1104,4,1,2026-08-19,2026-08-19,1,337.962,344.29,293.895,294.71,5.388,6.62,2.0,0.0333,isolated,44.067,49.58,0.8139,1.347,4.0,1.0,0,0,0,-0.1107,0,NORMAL,NORMAL_THERMAL_ACTIVITY,Thermal activity falls within normal statistical bounds.,none
1105,21,5,2026-08-19,2026-08-23,5,329.588,367.0,287.038,305.11,19.434,239.09,2.048,0.1667,persistent,42.55,61.89,0.0813,0.9254,4.2,1.0,1,1,2,0.1968,1,HIGH,MULTI_FACTOR_ANOMALY,"High abnormality primarily associated with elevated thermal intensity, elevated thermal energy (FRP) and persistent multi-day activity.","max_bright_ti4,bt_diff_max,max_frp,mean_frp,active_days"
1106,1,1,2026-08-19,2026-08-19,1,341.98,341.98,285.98,285.98,5.93,5.93,2.0,0.0333,isolated,56.0,56.0,1.0,5.93,1.0,1.0,0,0,0,-0.1666,0,NORMAL,NORMAL_THERMAL_ACTIVITY,Thermal activity falls within normal statistical bounds.,none
1107,1,1,2026-08-19,2026-08-19,1,334.31,334.31,290.91,290.91,5.39,5.39,2.0,0.0333,isolated,43.4,43.4,1.0,5.39,1.0,1.0,0,0,0,-0.2101,0,NORMAL,NORMAL_THERMAL_ACTIVITY,Thermal activity falls within normal statistical bounds.,none
1108,1,1,2026-08-19,2026-08-19,1,330.44,330.44,292.35,292.35,1.95,1.95,2.0,0.0333,isolated,38.09,38.09,1.0,1.95,1.0,1.0,0,0,0,-0.2101,0,NORMAL,NORMAL_THERMAL_ACTIVITY,Thermal activity falls within normal statistical bounds.,none
1109,1,1,2026-08-19,2026-08-19,1,332.42,332.42,292.47,292.47,4.21,4.21,2.0,0.0333,isolated,39.95,39.95,1.0,4.21,1.0,1.0,0,0,0,-0.2135,0,NORMAL,NORMAL_THERMAL_ACTIVITY,Thermal activity falls within normal statistical bounds.,none
1110,1,1,2026-08-19,2026-08-19,1,308.8,308.8,287.51,287.51,1.52,1.52,2.0,0.0333,isolated,21.29,21.29,1.0,1.52,1.0,1.0,0,0,0,-0.1941,0,NORMAL,NORMAL_THERMAL_ACTIVITY,Thermal activity falls within normal statistical bounds.,none
1111,5,2,2026-08-19,2026-08-20,2,313.624,332.16,290.572,295.81,2.71,5.65,2.0,0.0667,short_lived_repeated,23.052,36.35,0.4796,0.542,2.5,1.0,1,0,1,-0.0969,0,NORMAL,NORMAL_THERMAL_ACTIVITY,Thermal activity falls within normal statistical bounds.,none
1112,8,2,2026-08-19,2026-08-22,4,311.082,319.0,285.601,289.71,2.391,3.47,2.0,0.0667,short_lived_repeated,25.481,29.29,0.689,0.2989,2.0,0.5,1,0,1,-0.0512,0,NORMAL,NORMAL_THERMAL_ACTIVITY,Thermal activity falls within normal statistical bounds.,none
1113,7,1,2026-08-19,2026-08-19,1,319.554,342.42,288.51,289.76,3.729,7.56,2.0,0.0333,isolated,31.044,52.66,0.4933,0.5327,7.0,1.0,0,0,0,0.0021,1,HIGH,SHORT_LIVED_EXTREME_EVENT,High abnormality primarily associated with elevated thermal intensity.,"max_bright_ti4,bt_diff_max"
1114,9,3,2026-08-19,2026-08-22,4,312.414,324.64,283.676,291.37,2.137,4.28,2.0,0.1,short_lived_repeated,28.738,33.27,0.4993,0.2374,2.25,0.75,1,0,1,-0.0423,0,ELEVATED,STATISTICAL_ANOMALY,Elevated abnormality primarily associated with unusual multi-variate statistical signature.,multivariate_combination
1115,28,2,2026-08-19,2026-08-20,2,316.604,342.47,289.023,290.15,3.576,8.27,2.0,0.0667,short_lived_repeated,27.581,52.32,0.4324,0.1277,14.0,1.0,1,0,1,0.1012,1,HIGH,SHORT_LIVED_EXTREME_EVENT,High abnormality primarily associated with elevated thermal intensity.,"max_bright_ti4,bt_diff_max"
1116,1,1,2026-08-19,2026-08-19,1,315.65,315.65,290.81,290.81,2.26,2.26,2.0,0.0333,isolated,24.84,24.84,1.0,2.26,1.0,1.0,0,0,0,-0.2001,0,NORMAL,NORMAL_THERMAL_ACTIVITY,Thermal activity falls within normal statistical bounds.,none
1117,3,1,2026-08-19,2026-08-19,1,310.46,313.09,288.953,289.72,3.957,5.2,2.0,0.0333,isolated,21.507,23.37,0.761,1.319,3.0,1.0,0,0,0,-0.1127,0,NORMAL,NORMAL_THERMAL_ACTIVITY,Thermal activity falls within normal statistical bounds.,none
1118,1,1,2026-08-19,2026-08-19,1,304.83,304.83,289.36,289.36,1.05,1.05,2.0,0.0333,isolated,15.47,15.47,1.0,1.05,1.0,1.0,0,0,0,-0.1872,0,NORMAL,NORMAL_THERMAL_ACTIVITY,Thermal activity falls within normal statistical bounds.,none
1119,8,2,2026-08-19,2026-08-22,4,308.008,322.16,287.195,290.98,1.469,2.25,2.0,0.0667,short_lived_repeated,20.813,31.18,0.6529,0.1836,2.0,0.5,1,0,1,-0.0526,0,NORMAL,NORMAL_THERMAL_ACTIVITY,Thermal activity falls within normal statistical bounds.,none
1120,4,1,2026-08-19,2026-08-19,1,307.858,310.25,289.88,290.37,2.135,2.71,2.0,0.0333,isolated,17.978,19.88,0.7878,0.5337,4.0,1.0,0,0,0,-0.0912,0,NORMAL,NORMAL_THERMAL_ACTIVITY,Thermal activity falls within normal statistical bounds.,none
1121,7,3,2026-08-19,2026-08-23,5,310.82,313.71,286.044,291.41,2.309,3.45,2.0,0.1,short_lived_repeated,24.776,22.3,0.6693,0.3299,1.4,0.6,1,0,1,-0.0525,0,NORMAL,NORMAL_THERMAL_ACTIVITY,Thermal activity falls within normal statistical bounds.,none
1122,1,1,2026-08-19,2026-08-19,1,301.37,301.37,287.23,287.23,0.59,0.59,2.0,0.0333,isolated,14.14,14.14,1.0,0.59,1.0,1.0,0,0,0,-0.1644,0,NORMAL,NORMAL_THERMAL_ACTIVITY,Thermal activity falls within normal statistical bounds.,none
1123,2,2,2026-08-19,2026-08-22,4,300.185,304.05,281.125,289.31,0.76,1.02,2.0,0.0667,short_lived_repeated,19.06,14.74,0.7451,0.38,0.5,0.5,1,0,1,-0.0459,0,ELEVATED,STATISTICAL_ANOMALY,Elevated abnormality primarily associated with unusual multi-variate statistical signature.,multivariate_combination
1124,13,4,2026-08-19,2026-08-24,6,307.665,313.65,283.428,291.33,1.453,2.41,2.0,0.1333,short_lived_repeated,24.237,22.32,0.6029,0.1118,2.1667,0.6667,1,0,1,-0.0041,0,ELEVATED,PERSISTENT_THERMAL_ACTIVITY,Elevated abnormality primarily associated with persistent multi-day activity.,active_days
1125,5,2,2026-08-19,2026-08-22,4,307.118,310.24,287.88,291.29,1.97,3.17,2.0,0.0667,short_lived_repeated,19.238,18.95,0.6215,0.394,1.25,0.5,1,0,1,-0.0706,0,NORMAL,NORMAL_THERMAL_ACTIVITY,Thermal activity falls within normal statistical bounds.,none
1126,1,1,2026-08-19,2026-08-19,1,306.4,306.4,290.52,290.52,1.7,1.7,2.0,0.0333,isolated,15.88,15.88,1.0,1.7,1.0,1.0,0,0,0,-0.1897,0,NORMAL,NORMAL_THERMAL_ACTIVITY,Thermal activity falls within normal statistical bounds.,none
1127,5,3,2026-08-19,2026-08-22,4,307.558,310.39,283.878,289.8,2.03,4.38,2.0,0.1,short_lived_repeated,23.68,20.59,0.4635,0.406,1.25,0.75,1,0,1,-0.047,0,ELEVATED,STATISTICAL_ANOMALY,Elevated abnormality primarily associated with unusual multi-variate statistical signature.,multivariate_combination
1128,13,6,2026-08-19,2026-08-25,7,314.106,340.74,285.652,298.79,2.735,6.29,2.0,0.2,persistent,28.454,41.95,0.4348,0.2104,1.8571,0.8571,1,1,2,0.0357,1,HIGH,MULTI_FACTOR_ANOMALY,High abnormality primarily associated with elevated thermal intensity and persistent multi-day activity.,"max_bright_ti4,active_days"
1129,45,5,2026-08-19,2026-08-23,5,311.487,342.21,282.382,297.15,2.462,8.98,2.0,0.1667,persistent,29.105,45.06,0.2742,0.0547,9.0,1.0,1,1,2,0.1187,1,HIGH,MULTI_FACTOR_ANOMALY,High abnormality primarily associated with elevated thermal intensity and persistent multi-day activity.,"max_bright_ti4,bt_diff_max,active_days"
1130,22,5,2026-08-19,2026-08-29,11,308.207,331.22,287.943,295.74,2.345,3.81,2.0,0.1667,persistent,20.264,35.48,0.6155,0.1066,2.0,0.4545,1,1,2,0.0865,1,HIGH,PERSISTENT_THERMAL_ACTIVITY,High abnormality primarily associated with persistent multi-day activity.,active_days
1131,13,4,2026-08-19,2026-08-23,5,305.688,310.37,283.382,290.44,1.985,4.23,2.0,0.1333,short_lived_repeated,22.306,19.93,0.4693,0.1527,2.6,0.8,1,0,1,0.0018,1,HIGH,PERSISTENT_THERMAL_ACTIVITY,High abnormality primarily associated with persistent multi-day activity.,active_days
1132,39,5,2026-08-19,2026-08-23,5,310.129,337.91,280.612,294.67,2.192,6.75,2.0,0.1667,persistent,29.517,43.24,0.3247,0.0562,7.8,1.0,1,1,2,0.1025,1,HIGH,PERSISTENT_THERMAL_ACTIVITY,High abnormality primarily associated with persistent multi-day activity.,active_days
1133,17,5,2026-08-19,2026-08-23,5,311.615,339.02,281.781,293.0,1.924,5.67,2.0,0.1667,persistent,29.834,46.02,0.3393,0.1132,3.4,1.0,1,1,2,0.0441,1,HIGH,MULTI_FACTOR_ANOMALY,High abnormality primarily associated with elevated thermal intensity and persistent multi-day activity.,"bt_diff_max,active_days"
1134,4,3,2026-08-19,2026-08-21,3,305.772,309.65,287.635,291.57,2.138,3.33,2.0,0.1,short_lived_repeated,18.137,18.08,0.642,0.5345,1.3333,1.0,1,0,1,-0.0812,0,NORMAL,NORMAL_THERMAL_ACTIVITY,Thermal activity falls within normal statistical bounds.,none
1135,1,1,2026-08-19,2026-08-19,1,302.36,302.36,286.6,286.6,0.86,0.86,2.0,0.0333,isolated,15.76,15.76,1.0,0.86,1.0,1.0,0,0,0,-0.176,0,NORMAL,NORMAL_THERMAL_ACTIVITY,Thermal activity falls within normal statistical bounds.,none
1136,1,1,2026-08-19,2026-08-19,1,308.24,308.24,276.11,276.11,1.12,1.12,2.0,0.0333,isolated,32.13,32.13,1.0,1.12,1.0,1.0,0,0,0,-0.1977,0,NORMAL,NORMAL_THERMAL_ACTIVITY,Thermal activity falls within normal statistical bounds.,none
1137,2,1,2026-08-19,2026-08-19,1,309.77,313.76,288.355,288.45,1.075,1.08,2.0,0.0333,isolated,21.415,25.31,0.9954,0.5375,2.0,1.0,0,0,0,-0.1596,0,NORMAL,NORMAL_THERMAL_ACTIVITY,Thermal activity falls within normal statistical bounds.,none
1138,1,1,2026-08-19,2026-08-19,1,305.05,305.05,289.04,289.04,0.76,0.76,2.0,0.0333,isolated,16.01,16.01,1.0,0.76,1.0,1.0,0,0,0,-0.1831,0,NORMAL,NORMAL_THERMAL_ACTIVITY,Thermal activity falls within normal statistical bounds.,none
1139,8,5,2026-08-19,2026-08-29,11,310.05,331.95,280.979,292.07,1.949,5.3,2.0,0.1667,persistent,29.071,39.88,0.3677,0.2436,0.7273,0.4545,1,1,2,0.0703,1,HIGH,PERSISTENT_THERMAL_ACTIVITY,High abnormality primarily associated with persistent multi-day activity.,active_days
1140,1,1,2026-08-19,2026-08-19,1,305.73,305.73,287.18,287.18,3.24,3.24,2.0,0.0333,isolated,18.55,18.55,1.0,3.24,1.0,1.0,0,0,0,-0.1793,0,NORMAL,NORMAL_THERMAL_ACTIVITY,Thermal activity falls within normal statistical bounds.,none
1141,4,3,2026-08-19,2026-08-21,3,307.912,315.95,283.888,290.18,2.615,3.93,2.0,0.1,short_lived_repeated,24.024,25.77,0.6654,0.6538,1.3333,1.0,1,0,1,-0.0805,0,NORMAL,NORMAL_THERMAL_ACTIVITY,Thermal activity falls within normal statistical bounds.,none
1142,10,3,2026-08-19,2026-08-22,4,311.776,328.11,285.59,292.7,2.082,5.74,2.0,0.1,short_lived_repeated,26.186,35.41,0.3627,0.2082,2.5,0.75,1,0,1,-0.0171,0,ELEVATED,STATISTICAL_ANOMALY,Elevated abnormality primarily associated with unusual multi-variate statistical signature.,multivariate_combination
1143,5,4,2026-08-19,2026-08-23,5,302.528,307.39,277.042,287.44,1.344,2.27,2.0,0.1333,short_lived_repeated,25.486,19.95,0.5921,0.2688,1.0,0.8,1,0,1,-0.0362,0,ELEVATED,PERSISTENT_THERMAL_ACTIVITY,Elevated abnormality primarily associated with persistent multi-day activity.,active_days
1144,9,5,2026-08-19,2026-08-23,5,307.617,321.86,278.566,287.49,1.926,4.0,2.0,0.1667,persistent,29.051,34.37,0.4815,0.214,1.8,1.0,1,1,2,-0.0125,0,ELEVATED,PERSISTENT_THERMAL_ACTIVITY,Elevated abnormality primarily associated with persistent multi-day activity.,active_days
1145,8,2,2026-08-19,2026-08-20,2,318.27,330.42,287.896,289.71,3.014,5.58,2.0,0.0667,short_lived_repeated,30.374,40.71,0.5401,0.3767,4.0,1.0,1,0,1,-0.0517,0,NORMAL,NORMAL_THERMAL_ACTIVITY,Thermal activity falls within normal statistical bounds.,none
1146,2,2,2026-08-19,2026-08-20,2,305.435,305.75,286.855,286.92,1.665,2.23,2.0,0.0667,short_lived_repeated,18.58,18.83,0.7466,0.8325,1.0,1.0,1,0,1,-0.1186,0,NORMAL,NORMAL_THERMAL_ACTIVITY,Thermal activity falls within normal statistical bounds.,none
1147,1,1,2026-08-19,2026-08-19,1,304.47,304.47,287.66,287.66,2.05,2.05,2.0,0.0333,isolated,16.81,16.81,1.0,2.05,1.0,1.0,0,0,0,-0.1829,0,NORMAL,NORMAL_THERMAL_ACTIVITY,Thermal activity falls within normal statistical bounds.,none
1148,1,1,2026-08-19,2026-08-19,1,308.23,308.23,288.16,288.16,2.12,2.12,2.0,0.0333,isolated,20.07,20.07,1.0,2.12,1.0,1.0,0,0,0,-0.1934,0,NORMAL,NORMAL_THERMAL_ACTIVITY,Thermal activity falls within normal statistical bounds.,none
1149,1,1,2026-08-19,2026-08-19,1,304.77,304.77,277.28,277.28,1.06,1.06,2.0,0.0333,isolated,27.49,27.49,1.0,1.06,1.0,1.0,0,0,0,-0.1933,0,NORMAL,NORMAL_THERMAL_ACTIVITY,Thermal activity falls within normal statistical bounds.,none
1150,15,7,2026-08-19,2026-08-29,11,309.963,338.76,290.825,297.7,3.013,11.47,1.933,0.2333,persistent,19.138,41.06,0.2627,0.2009,1.3636,0.6364,1,1,2,0.1139,1,HIGH,PERSISTENT_THERMAL_ACTIVITY,High abnormality primarily associated with persistent multi-day activity.,active_days
1151,1,1,2026-08-20,2026-08-20,1,331.64,331.64,291.51,291.51,2.87,2.87,2.0,0.0333,isolated,40.13,40.13,1.0,2.87,1.0,1.0,0,0,0,-0.2126,0,NORMAL,NORMAL_THERMAL_ACTIVITY,Thermal activity falls within normal statistical bounds.,none
1152,3,1,2026-08-20,2026-08-20,1,343.217,345.56,297.58,301.81,9.483,13.45,2.0,0.0333,isolated,45.637,43.75,0.7051,3.161,3.0,1.0,0,0,0,-0.0861,0,NORMAL,NORMAL_THERMAL_ACTIVITY,Thermal activity falls within normal statistical bounds.,none
1153,2,1,2026-08-20,2026-08-20,1,334.535,335.88,293.91,294.16,4.96,6.2,2.0,0.0333,isolated,40.625,41.72,0.8,2.48,2.0,1.0,0,0,0,-0.1556,0,NORMAL,NORMAL_THERMAL_ACTIVITY,Thermal activity falls within normal statistical bounds.,none
1154,1,1,2026-08-20,2026-08-20,1,339.8,339.8,290.86,290.86,5.61,5.61,2.0,0.0333,isolated,48.94,48.94,1.0,5.61,1.0,1.0,0,0,0,-0.1957,0,NORMAL,NORMAL_THERMAL_ACTIVITY,Thermal activity falls within normal statistical bounds.,none
1155,1,1,2026-08-20,2026-08-20,1,330.17,330.17,295.34,295.34,3.18,3.18,2.0,0.0333,isolated,34.83,34.83,1.0,3.18,1.0,1.0,0,0,0,-0.2132,0,NORMAL,NORMAL_THERMAL_ACTIVITY,Thermal activity falls within normal statistical bounds.,none
1156,3,1,2026-08-20,2026-08-20,1,352.537,367.0,295.403,299.58,11.487,17.21,2.0,0.0333,isolated,57.134,67.42,0.6675,3.829,3.0,1.0,0,0,0,0.0562,1,HIGH,MULTI_FACTOR_ANOMALY,High abnormality primarily associated with elevated thermal intensity and elevated thermal energy (FRP).,"max_bright_ti4,bt_diff_max,max_frp,mean_frp"
1157,1,1,2026-08-20,2026-08-20,1,330.1,330.1,300.25,300.25,3.38,3.38,1.0,0.0333,isolated,29.85,29.85,1.0,3.38,1.0,1.0,0,0,0,-0.1137,0,NORMAL,NORMAL_THERMAL_ACTIVITY,Thermal activity falls within normal statistical bounds.,none
1158,1,1,2026-08-20,2026-08-20,1,332.41,332.41,298.32,298.32,5.91,5.91,2.0,0.0333,isolated,34.09,34.09,1.0,5.91,1.0,1.0,0,0,0,-0.2064,0,NORMAL,NORMAL_THERMAL_ACTIVITY,Thermal activity falls within normal statistical bounds.,none
1159,1,1,2026-08-20,2026-08-20,1,340.74,340.74,293.78,293.78,4.3,4.3,2.0,0.0333,isolated,46.96,46.96,1.0,4.3,1.0,1.0,0,0,0,-0.202,0,NORMAL,NORMAL_THERMAL_ACTIVITY,Thermal activity falls within normal statistical bounds.,none
1160,1,1,2026-08-20,2026-08-20,1,331.16,331.16,298.43,298.43,2.27,2.27,2.0,0.0333,isolated,32.73,32.73,1.0,2.27,1.0,1.0,0,0,0,-0.2174,0,NORMAL,NORMAL_THERMAL_ACTIVITY,Thermal activity falls within normal statistical bounds.,none
1161,1,1,2026-08-20,2026-08-20,1,333.92,333.92,299.67,299.67,1.92,1.92,2.0,0.0333,isolated,34.25,34.25,1.0,1.92,1.0,1.0,0,0,0,-0.2155,0,NORMAL,NORMAL_THERMAL_ACTIVITY,Thermal activity falls within normal statistical bounds.,none
1162,2,1,2026-08-20,2026-08-20,1,343.48,343.95,302.83,303.01,3.97,4.05,2.0,0.0333,isolated,40.65,40.94,0.9802,1.985,2.0,1.0,0,0,0,-0.1751,0,NORMAL,NORMAL_THERMAL_ACTIVITY,Thermal activity falls within normal statistical bounds.,none
1163,1,1,2026-08-20,2026-08-20,1,342.36,342.36,301.08,301.08,9.86,9.86,2.0,0.0333,isolated,41.28,41.28,1.0,9.86,1.0,1.0,0,0,0,-0.172,0,NORMAL,NORMAL_THERMAL_ACTIVITY,Thermal activity falls within normal statistical bounds.,none
1164,1,1,2026-08-20,2026-08-20,1,333.84,333.84,292.22,292.22,3.09,3.09,2.0,0.0333,isolated,41.62,41.62,1.0,3.09,1.0,1.0,0,0,0,-0.2143,0,NORMAL,NORMAL_THERMAL_ACTIVITY,Thermal activity falls within normal statistical bounds.,none
1165,1,1,2026-08-20,2026-08-20,1,333.73,333.73,297.5,297.5,1.71,1.71,2.0,0.0333,isolated,36.23,36.23,1.0,1.71,1.0,1.0,0,0,0,-0.21,0,NORMAL,NORMAL_THERMAL_ACTIVITY,Thermal activity falls within normal statistical bounds.,none
1166,1,1,2026-08-20,2026-08-20,1,336.28,336.28,292.14,292.14,6.71,6.71,2.0,0.0333,isolated,44.14,44.14,1.0,6.71,1.0,1.0,0,0,0,-0.1962,0,NORMAL,NORMAL_THERMAL_ACTIVITY,Thermal activity falls within normal statistical bounds.,none
1167,1,1,2026-08-20,2026-08-20,1,336.72,336.72,290.81,290.81,4.74,4.74,2.0,0.0333,isolated,45.91,45.91,1.0,4.74,1.0,1.0,0,0,0,-0.2059,0,NORMAL,NORMAL_THERMAL_ACTIVITY,Thermal activity falls within normal statistical bounds.,none
1168,1,1,2026-08-20,2026-08-20,1,332.49,332.49,291.52,291.52,2.44,2.44,2.0,0.0333,isolated,40.97,40.97,1.0,2.44,1.0,1.0,0,0,0,-0.2125,0,NORMAL,NORMAL_THERMAL_ACTIVITY,Thermal activity falls within normal statistical bounds.,none
1169,1,1,2026-08-20,2026-08-20,1,330.16,330.16,297.19,297.19,2.5,2.5,2.0,0.0333,isolated,32.97,32.97,1.0,2.5,1.0,1.0,0,0,0,-0.2171,0,NORMAL,NORMAL_THERMAL_ACTIVITY,Thermal activity falls within normal statistical bounds.,none
1170,1,1,2026-08-20,2026-08-20,1,331.69,331.69,292.84,292.84,3.58,3.58,2.0,0.0333,isolated,38.85,38.85,1.0,3.58,1.0,1.0,0,0,0,-0.2149,0,NORMAL,NORMAL_THERMAL_ACTIVITY,Thermal activity falls within normal statistical bounds.,none
1171,1,1,2026-08-20,2026-08-20,1,332.05,332.05,299.1,299.1,4.22,4.22,2.0,0.0333,isolated,32.95,32.95,1.0,4.22,1.0,1.0,0,0,0,-0.2163,0,NORMAL,NORMAL_THERMAL_ACTIVITY,Thermal activity falls within normal statistical bounds.,none
1172,1,1,2026-08-20,2026-08-20,1,337.63,337.63,293.35,293.35,5.12,5.12,2.0,0.0333,isolated,44.28,44.28,1.0,5.12,1.0,1.0,0,0,0,-0.207,0,NORMAL,NORMAL_THERMAL_ACTIVITY,Thermal activity falls within normal statistical bounds.,none
1173,1,1,2026-08-20,2026-08-20,1,334.34,334.34,300.19,300.19,4.39,4.39,2.0,0.0333,isolated,34.15,34.15,1.0,4.39,1.0,1.0,0,0,0,-0.2171,0,NORMAL,NORMAL_THERMAL_ACTIVITY,Thermal activity falls within normal statistical bounds.,none
1174,1,1,2026-08-20,2026-08-20,1,337.93,337.93,294.31,294.31,3.01,3.01,2.0,0.0333,isolated,43.62,43.62,1.0,3.01,1.0,1.0,0,0,0,-0.2093,0,NORMAL,NORMAL_THERMAL_ACTIVITY,Thermal activity falls within normal statistical bounds.,none
1175,1,1,2026-08-20,2026-08-20,1,330.09,330.09,301.2,301.2,5.84,5.84,1.0,0.0333,isolated,28.89,28.89,1.0,5.84,1.0,1.0,0,0,0,-0.0913,0,NORMAL,NORMAL_THERMAL_ACTIVITY,Thermal activity falls within normal statistical bounds.,none
1176,1,1,2026-08-20,2026-08-20,1,308.31,308.31,287.21,287.21,3.33,3.33,2.0,0.0333,isolated,21.1,21.1,1.0,3.33,1.0,1.0,0,0,0,-0.1837,0,NORMAL,NORMAL_THERMAL_ACTIVITY,Thermal activity falls within normal statistical bounds.,none
1177,18,6,2026-08-20,2026-08-30,11,310.981,343.58,281.134,291.53,2.577,14.28,2.0,0.2,persistent,29.847,52.05,0.1805,0.1432,1.6364,0.5455,1,1,2,0.1242,1,HIGH,MULTI_FACTOR_ANOMALY,High abnormality primarily associated with elevated thermal intensity and persistent multi-day activity.,"max_bright_ti4,bt_diff_max,active_days"
1178,11,3,2026-08-20,2026-08-22,3,320.012,332.83,285.752,290.76,2.97,8.73,2.0,0.1,short_lived_repeated,34.26,42.07,0.3402,0.27,3.6667,1.0,1,0,1,0.0006,1,HIGH,STATISTICAL_ANOMALY,High abnormality primarily associated with unusual multi-variate statistical signature.,multivariate_combination
1179,6,4,2026-08-20,2026-08-24,5,304.007,315.01,283.808,289.07,1.06,1.53,2.0,0.1333,short_lived_repeated,20.199,25.94,0.6928,0.1767,1.2,0.8,1,0,1,-0.0352,0,ELEVATED,PERSISTENT_THERMAL_ACTIVITY,Elevated abnormality primarily associated with persistent multi-day activity.,active_days
1180,6,3,2026-08-20,2026-08-24,5,305.462,307.31,285.208,288.81,1.138,1.88,2.0,0.1,short_lived_repeated,20.254,18.5,0.6053,0.1897,1.2,0.6,1,0,1,-0.0462,0,ELEVATED,RECURRING_THERMAL_ACTIVITY,Elevated abnormality primarily associated with recurring thermal activity over an extended duration.,duration_days
1181,2,1,2026-08-20,2026-08-20,1,304.16,305.14,286.51,286.53,1.07,1.4,2.0,0.0333,isolated,17.65,18.61,0.7643,0.535,2.0,1.0,0,0,0,-0.1349,0,NORMAL,NORMAL_THERMAL_ACTIVITY,Thermal activity falls within normal statistical bounds.,none
1182,3,2,2026-08-20,2026-08-22,3,310.903,322.14,283.88,291.01,1.537,2.69,2.0,0.0667,short_lived_repeated,27.023,31.13,0.5714,0.5123,1.0,0.6667,1,0,1,-0.0915,0,NORMAL,NORMAL_THERMAL_ACTIVITY,Thermal activity falls within normal statistical bounds.,none
1183,2,1,2026-08-20,2026-08-20,1,303.9,305.57,287.745,289.87,0.64,0.87,2.0,0.0333,isolated,16.155,15.7,0.7356,0.32,2.0,1.0,0,0,0,-0.1163,0,NORMAL,NORMAL_THERMAL_ACTIVITY,Thermal activity falls within normal statistical bounds.,none
1184,3,2,2026-08-20,2026-08-22,3,302.263,311.53,278.617,287.23,0.963,1.73,2.0,0.0667,short_lived_repeated,23.646,24.3,0.5566,0.321,1.0,0.6667,1,0,1,-0.0818,0,NORMAL,NORMAL_THERMAL_ACTIVITY,Thermal activity falls within normal statistical bounds.,none
1185,7,3,2026-08-20,2026-08-23,4,308.437,315.62,282.254,288.75,1.699,3.36,2.0,0.1,short_lived_repeated,26.183,26.87,0.5057,0.2427,1.75,0.75,1,0,1,-0.05,0,ELEVATED,STATISTICAL_ANOMALY,Elevated abnormality primarily associated with unusual multi-variate statistical signature.,multivariate_combination
1186,1,1,2026-08-20,2026-08-20,1,314.35,314.35,290.32,290.32,2.32,2.32,2.0,0.0333,isolated,24.03,24.03,1.0,2.32,1.0,1.0,0,0,0,-0.1977,0,NORMAL,NORMAL_THERMAL_ACTIVITY,Thermal activity falls within normal statistical bounds.,none
1187,2,1,2026-08-20,2026-08-20,1,306.75,307.28,285.185,285.65,2.9,2.91,2.0,0.0333,isolated,21.565,21.63,0.9966,1.45,2.0,1.0,0,0,0,-0.1535,0,NORMAL,NORMAL_THERMAL_ACTIVITY,Thermal activity falls within normal statistical bounds.,none
1188,1,1,2026-08-20,2026-08-20,1,300.29,300.29,283.07,283.07,0.27,0.27,2.0,0.0333,isolated,17.22,17.22,1.0,0.27,1.0,1.0,0,0,0,-0.1526,0,NORMAL,NORMAL_THERMAL_ACTIVITY,Thermal activity falls within normal statistical bounds.,none
1189,1,1,2026-08-20,2026-08-20,1,296.81,296.81,280.96,280.96,1.43,1.43,2.0,0.0333,isolated,15.85,15.85,1.0,1.43,1.0,1.0,0,0,0,-0.1578,0,NORMAL,NORMAL_THERMAL_ACTIVITY,Thermal activity falls within normal statistical bounds.,none
1190,4,1,2026-08-20,2026-08-20,1,308.085,314.69,281.76,282.0,6.195,8.66,2.0,0.0333,isolated,26.325,32.69,0.7154,1.5488,4.0,1.0,0,0,0,-0.0806,0,NORMAL,NORMAL_THERMAL_ACTIVITY,Thermal activity falls within normal statistical bounds.,none
1191,1,1,2026-08-20,2026-08-20,1,303.84,303.84,280.28,280.28,1.13,1.13,2.0,0.0333,isolated,23.56,23.56,1.0,1.13,1.0,1.0,0,0,0,-0.1924,0,NORMAL,NORMAL_THERMAL_ACTIVITY,Thermal activity falls within normal statistical bounds.,none
1192,1,1,2026-08-20,2026-08-20,1,307.03,307.03,287.76,287.76,0.92,0.92,2.0,0.0333,isolated,19.27,19.27,1.0,0.92,1.0,1.0,0,0,0,-0.1894,0,NORMAL,NORMAL_THERMAL_ACTIVITY,Thermal activity falls within normal statistical bounds.,none
1193,2,1,2026-08-20,2026-08-20,1,302.53,303.17,285.835,286.02,1.945,2.32,2.0,0.0333,isolated,16.695,17.15,0.8384,0.9725,2.0,1.0,0,0,0,-0.1351,0,NORMAL,NORMAL_THERMAL_ACTIVITY,Thermal activity falls within normal statistical bounds.,none
1194,2,1,2026-08-20,2026-08-20,1,306.17,310.37,288.785,289.47,2.945,3.42,2.0,0.0333,isolated,17.385,20.9,0.8611,1.4725,2.0,1.0,0,0,0,-0.146,0,NORMAL,NORMAL_THERMAL_ACTIVITY,Thermal activity falls within normal statistical bounds.,none
1195,23,3,2026-08-20,2026-08-23,4,332.595,367.0,291.677,297.42,14.728,52.02,2.087,0.1,short_lived_repeated,40.918,69.58,0.2831,0.6403,5.75,0.75,1,0,1,0.1861,1,HIGH,MULTI_FACTOR_ANOMALY,High abnormality primarily associated with elevated thermal intensity and elevated thermal energy (FRP).,"max_bright_ti4,bt_diff_max,max_frp,mean_frp"
1196,1,1,2026-08-20,2026-08-20,1,302.75,302.75,281.21,281.21,1.48,1.48,2.0,0.0333,isolated,21.54,21.54,1.0,1.48,1.0,1.0,0,0,0,-0.1867,0,NORMAL,NORMAL_THERMAL_ACTIVITY,Thermal activity falls within normal statistical bounds.,none
1197,1,1,2026-08-20,2026-08-20,1,303.53,303.53,287.62,287.62,0.63,0.63,2.0,0.0333,isolated,15.91,15.91,1.0,0.63,1.0,1.0,0,0,0,-0.1741,0,NORMAL,NORMAL_THERMAL_ACTIVITY,Thermal activity falls within normal statistical bounds.,none
1198,18,5,2026-08-20,2026-08-28,9,323.983,346.9,287.077,293.22,4.581,11.6,2.0,0.1667,persistent,36.906,53.68,0.3949,0.2545,2.0,0.5556,1,1,2,0.0955,1,HIGH,MULTI_FACTOR_ANOMALY,High abnormality primarily associated with elevated thermal intensity and persistent multi-day activity.,"max_bright_ti4,bt_diff_max,active_days"
1199,2,1,2026-08-20,2026-08-20,1,302.865,304.85,290.5,290.56,1.705,1.82,2.0,0.0333,isolated,12.365,14.29,0.9368,0.8525,2.0,1.0,0,0,0,-0.136,0,NORMAL,NORMAL_THERMAL_ACTIVITY,Thermal activity falls within normal statistical bounds.,none
1200,1,1,2026-08-20,2026-08-20,1,305.66,305.66,291.11,291.11,1.61,1.61,2.0,0.0333,isolated,14.55,14.55,1.0,1.61,1.0,1.0,0,0,0,-0.1835,0,NORMAL,NORMAL_THERMAL_ACTIVITY,Thermal activity falls within normal statistical bounds.,none
1201,2,1,2026-08-20,2026-08-20,1,305.545,305.92,289.505,290.04,1.31,1.43,2.0,0.0333,isolated,16.04,15.88,0.9161,0.655,2.0,1.0,0,0,0,-0.1452,0,NORMAL,NORMAL_THERMAL_ACTIVITY,Thermal activity falls within normal statistical bounds.,none
1202,1,1,2026-08-20,2026-08-20,1,304.7,304.7,291.23,291.23,1.31,1.31,2.0,0.0333,isolated,13.47,13.47,1.0,1.31,1.0,1.0,0,0,0,-0.1794,0,NORMAL,NORMAL_THERMAL_ACTIVITY,Thermal activity falls within normal statistical bounds.,none
1203,1,1,2026-08-20,2026-08-20,1,306.73,306.73,288.21,288.21,0.97,0.97,2.0,0.0333,isolated,18.52,18.52,1.0,0.97,1.0,1.0,0,0,0,-0.1924,0,NORMAL,NORMAL_THERMAL_ACTIVITY,Thermal activity falls within normal statistical bounds.,none
1204,2,2,2026-08-20,2026-08-22,3,307.155,308.83,286.885,287.74,1.74,1.78,2.0,0.0667,short_lived_repeated,20.27,21.09,0.9775,0.87,0.6667,0.6667,1,0,1,-0.0995,0,NORMAL,NORMAL_THERMAL_ACTIVITY,Thermal activity falls within normal statistical bounds.,none
1205,3,1,2026-08-20,2026-08-20,1,308.653,312.31,289.903,290.15,1.547,1.63,2.0,0.0333,isolated,18.75,22.16,0.9491,0.5157,3.0,1.0,0,0,0,-0.118,0,NORMAL,NORMAL_THERMAL_ACTIVITY,Thermal activity falls within normal statistical bounds.,none
1206,1,1,2026-08-20,2026-08-20,1,313.22,313.22,289.64,289.64,1.34,1.34,2.0,0.0333,isolated,23.58,23.58,1.0,1.34,1.0,1.0,0,0,0,-0.1922,0,NORMAL,NORMAL_THERMAL_ACTIVITY,Thermal activity falls within normal statistical bounds.,none
1207,4,3,2026-08-20,2026-08-23,4,302.097,305.74,284.63,286.48,1.525,2.72,2.0,0.1,short_lived_repeated,17.467,19.26,0.5607,0.3812,1.0,0.75,1,0,1,-0.0589,0,NORMAL,NORMAL_THERMAL_ACTIVITY,Thermal activity falls within normal statistical bounds.,none
1208,1,1,2026-08-20,2026-08-20,1,305.72,305.72,290.82,290.82,1.52,1.52,2.0,0.0333,isolated,14.9,14.9,1.0,1.52,1.0,1.0,0,0,0,-0.186,0,NORMAL,NORMAL_THERMAL_ACTIVITY,Thermal activity falls within normal statistical bounds.,none
1209,1,1,2026-08-20,2026-08-20,1,309.68,309.68,287.72,287.72,2.82,2.82,2.0,0.0333,isolated,21.96,21.96,1.0,2.82,1.0,1.0,0,0,0,-0.1914,0,NORMAL,NORMAL_THERMAL_ACTIVITY,Thermal activity falls within normal statistical bounds.,none
1210,2,1,2026-08-20,2026-08-20,1,306.195,307.33,291.1,291.26,1.385,1.44,2.0,0.0333,isolated,15.095,16.07,0.9618,0.6925,2.0,1.0,0,0,0,-0.1457,0,NORMAL,NORMAL_THERMAL_ACTIVITY,Thermal activity falls within normal statistical bounds.,none
1211,2,2,2026-08-20,2026-08-22,3,304.62,305.36,285.535,288.22,0.84,0.94,2.0,0.0667,short_lived_repeated,19.085,17.14,0.8936,0.42,0.6667,0.6667,1,0,1,-0.0797,0,NORMAL,NORMAL_THERMAL_ACTIVITY,Thermal activity falls within normal statistical bounds.,none
1212,2,2,2026-08-20,2026-08-22,3,308.57,310.68,286.055,288.69,1.945,1.97,2.0,0.0667,short_lived_repeated,22.515,21.99,0.9873,0.9725,0.6667,0.6667,1,0,1,-0.0986,0,NORMAL,NORMAL_THERMAL_ACTIVITY,Thermal activity falls within normal statistical bounds.,none
1213,10,4,2026-08-20,2026-08-24,5,310.286,331.17,287.898,298.73,2.56,9.23,1.9,0.1333,short_lived_repeated,22.388,32.44,0.2774,0.256,2.0,0.8,1,0,1,0.0263,1,HIGH,PERSISTENT_THERMAL_ACTIVITY,High abnormality primarily associated with persistent multi-day activity.,active_days
1214,3,3,2026-08-20,2026-08-22,3,318.95,331.56,288.557,297.75,3.023,5.91,1.667,0.1,short_lived_repeated,30.393,33.81,0.5115,1.0077,1.0,1.0,1,0,1,-0.034,0,ELEVATED,STATISTICAL_ANOMALY,Elevated abnormality primarily associated with unusual multi-variate statistical signature.,multivariate_combination
1215,1,1,2026-08-20,2026-08-20,1,303.92,303.92,287.55,287.55,0.98,0.98,2.0,0.0333,isolated,16.37,16.37,1.0,0.98,1.0,1.0,0,0,0,-0.1896,0,NORMAL,NORMAL_THERMAL_ACTIVITY,Thermal activity falls within normal statistical bounds.,none
1216,5,1,2026-08-20,2026-08-20,1,304.018,305.53,285.22,286.16,0.95,1.07,2.0,0.0333,isolated,18.798,19.37,0.8879,0.19,5.0,1.0,0,0,0,-0.0475,0,ELEVATED,STATISTICAL_ANOMALY,Elevated abnormality primarily associated with unusual multi-variate statistical signature.,multivariate_combination
1217,4,3,2026-08-20,2026-08-22,3,304.612,309.22,285.438,291.91,0.995,1.66,2.0,0.1,short_lived_repeated,19.174,17.31,0.5994,0.2488,1.3333,1.0,1,0,1,-0.0724,0,NORMAL,NORMAL_THERMAL_ACTIVITY,Thermal activity falls within normal statistical bounds.,none
1218,6,2,2026-08-20,2026-08-21,2,303.3,306.65,287.82,291.4,1.16,2.0,2.0,0.0667,short_lived_repeated,15.48,15.25,0.58,0.1933,3.0,1.0,1,0,1,-0.0439,0,ELEVATED,STATISTICAL_ANOMALY,Elevated abnormality primarily associated with unusual multi-variate statistical signature.,multivariate_combination
1219,9,2,2026-08-20,2026-08-21,2,305.757,319.07,286.333,290.18,1.217,1.93,2.0,0.0667,short_lived_repeated,19.424,28.89,0.6306,0.1352,4.5,1.0,1,0,1,-0.0212,0,ELEVATED,STATISTICAL_ANOMALY,Elevated abnormality primarily associated with unusual multi-variate statistical signature.,multivariate_combination
1220,1,1,2026-08-20,2026-08-20,1,312.12,312.12,291.7,291.7,2.97,2.97,2.0,0.0333,isolated,20.42,20.42,1.0,2.97,1.0,1.0,0,0,0,-0.1834,0,NORMAL,NORMAL_THERMAL_ACTIVITY,Thermal activity falls within normal statistical bounds.,none
1221,1,1,2026-08-20,2026-08-20,1,305.94,305.94,276.75,276.75,0.86,0.86,2.0,0.0333,isolated,29.19,29.19,1.0,0.86,1.0,1.0,0,0,0,-0.1944,0,NORMAL,NORMAL_THERMAL_ACTIVITY,Thermal activity falls within normal statistical bounds.,none
1222,1,1,2026-08-20,2026-08-20,1,296.42,296.42,276.78,276.78,0.65,0.65,2.0,0.0333,isolated,19.64,19.64,1.0,0.65,1.0,1.0,0,0,0,-0.1542,0,NORMAL,NORMAL_THERMAL_ACTIVITY,Thermal activity falls within normal statistical bounds.,none
1223,1,1,2026-08-20,2026-08-20,1,307.8,307.8,277.73,277.73,1.4,1.4,2.0,0.0333,isolated,30.07,30.07,1.0,1.4,1.0,1.0,0,0,0,-0.1956,0,NORMAL,NORMAL_THERMAL_ACTIVITY,Thermal activity falls within normal statistical bounds.,none
1224,1,1,2026-08-20,2026-08-20,1,311.27,311.27,282.46,282.46,1.91,1.91,2.0,0.0333,isolated,28.81,28.81,1.0,1.91,1.0,1.0,0,0,0,-0.1977,0,NORMAL,NORMAL_THERMAL_ACTIVITY,Thermal activity falls within normal statistical bounds.,none
1225,1,1,2026-08-20,2026-08-20,1,301.72,301.72,288.99,288.99,0.65,0.65,2.0,0.0333,isolated,12.73,12.73,1.0,0.65,1.0,1.0,0,0,0,-0.1641,0,NORMAL,NORMAL_THERMAL_ACTIVITY,Thermal activity falls within normal statistical bounds.,none
1226,13,7,2026-08-20,2026-08-29,10,308.625,337.43,291.178,303.78,1.495,4.28,2.0,0.2333,persistent,17.447,33.65,0.3493,0.115,1.3,0.7,1,1,2,0.0782,1,HIGH,PERSISTENT_THERMAL_ACTIVITY,High abnormality primarily associated with persistent multi-day activity.,active_days
1227,1,1,2026-08-20,2026-08-20,1,305.3,305.3,293.19,293.19,1.38,1.38,2.0,0.0333,isolated,12.11,12.11,1.0,1.38,1.0,1.0,0,0,0,-0.1711,0,NORMAL,NORMAL_THERMAL_ACTIVITY,Thermal activity falls within normal statistical bounds.,none
1228,5,1,2026-08-20,2026-08-20,1,320.02,329.68,289.012,292.35,3.61,4.68,2.0,0.0333,isolated,31.008,37.33,0.7714,0.722,5.0,1.0,0,0,0,-0.0747,0,NORMAL,NORMAL_THERMAL_ACTIVITY,Thermal activity falls within normal statistical bounds.,none
1229,1,1,2026-08-20,2026-08-20,1,306.98,306.98,291.71,291.71,3.38,3.38,2.0,0.0333,isolated,15.27,15.27,1.0,3.38,1.0,1.0,0,0,0,-0.1768,0,NORMAL,NORMAL_THERMAL_ACTIVITY,Thermal activity falls within normal statistical bounds.,none
1230,2,1,2026-08-20,2026-08-20,1,303.455,303.93,287.835,288.05,0.61,0.61,2.0,0.0333,isolated,15.62,15.88,1.0,0.305,2.0,1.0,0,0,0,-0.137,0,NORMAL,NORMAL_THERMAL_ACTIVITY,Thermal activity falls within normal statistical bounds.,none
1231,1,1,2026-08-20,2026-08-20,1,297.2,297.2,272.73,272.73,1.03,1.03,2.0,0.0333,isolated,24.47,24.47,1.0,1.03,1.0,1.0,0,0,0,-0.1679,0,NORMAL,NORMAL_THERMAL_ACTIVITY,Thermal activity falls within normal statistical bounds.,none
1232,1,1,2026-08-20,2026-08-20,1,299.97,299.97,285.67,285.67,0.44,0.44,2.0,0.0333,isolated,14.3,14.3,1.0,0.44,1.0,1.0,0,0,0,-0.1523,0,NORMAL,NORMAL_THERMAL_ACTIVITY,Thermal activity falls within normal statistical bounds.,none
1233,2,1,2026-08-20,2026-08-20,1,305.52,305.74,287.235,287.29,1.19,1.19,2.0,0.0333,isolated,18.285,18.45,1.0,0.595,2.0,1.0,0,0,0,-0.1595,0,NORMAL,NORMAL_THERMAL_ACTIVITY,Thermal activity falls within normal statistical bounds.,none
1234,4,2,2026-08-20,2026-08-21,2,304.84,308.41,289.308,290.44,0.69,0.9,2.0,0.0667,short_lived_repeated,15.532,17.97,0.7667,0.1725,2.0,1.0,1,0,1,-0.0904,0,NORMAL,NORMAL_THERMAL_ACTIVITY,Thermal activity falls within normal statistical bounds.,none
1235,1,1,2026-08-20,2026-08-20,1,311.46,311.46,287.59,287.59,0.7,0.7,2.0,0.0333,isolated,23.87,23.87,1.0,0.7,1.0,1.0,0,0,0,-0.1808,0,NORMAL,NORMAL_THERMAL_ACTIVITY,Thermal activity falls within normal statistical bounds.,none
1236,4,1,2026-08-21,2026-08-21,1,338.597,345.08,300.355,304.15,3.928,5.13,2.0,0.0333,isolated,38.242,40.93,0.7657,0.982,4.0,1.0,0,0,0,-0.1239,0,NORMAL,NORMAL_THERMAL_ACTIVITY,Thermal activity falls within normal statistical bounds.,none
1237,2,1,2026-08-21,2026-08-21,1,339.615,348.21,297.23,310.48,5.675,8.67,2.0,0.0333,isolated,42.385,37.73,0.6546,2.8375,2.0,1.0,0,0,0,-0.1393,0,NORMAL,NORMAL_THERMAL_ACTIVITY,Thermal activity falls within normal statistical bounds.,none
1238,2,1,2026-08-21,2026-08-21,1,335.445,340.62,302.9,308.69,5.045,5.53,2.0,0.0333,isolated,32.545,31.93,0.9123,2.5225,2.0,1.0,0,0,0,-0.1729,0,NORMAL,NORMAL_THERMAL_ACTIVITY,Thermal activity falls within normal statistical bounds.,none
1239,2,1,2026-08-21,2026-08-21,1,346.785,350.54,297.205,297.52,15.355,17.06,2.0,0.0333,isolated,49.58,53.02,0.9001,7.6775,2.0,1.0,0,0,0,-0.0435,0,ELEVATED,MULTI_FACTOR_ANOMALY,Elevated abnormality primarily associated with elevated thermal intensity and elevated thermal energy (FRP).,"max_bright_ti4,bt_diff_max,max_frp,mean_frp"
1240,6,1,2026-08-21,2026-08-21,1,334.372,367.0,292.568,305.64,6.273,13.76,2.0,0.0333,isolated,41.804,61.36,0.4559,1.0455,6.0,1.0,0,0,0,0.0623,1,HIGH,SHORT_LIVED_EXTREME_EVENT,High abnormality primarily associated with elevated thermal intensity.,"max_bright_ti4,bt_diff_max"
1241,2,1,2026-08-21,2026-08-21,1,338.635,340.67,295.175,298.48,3.645,3.91,2.0,0.0333,isolated,43.46,42.19,0.9322,1.8225,2.0,1.0,0,0,0,-0.1782,0,NORMAL,NORMAL_THERMAL_ACTIVITY,Thermal activity falls within normal statistical bounds.,none
1242,3,1,2026-08-21,2026-08-21,1,338.477,348.21,301.703,307.85,15.55,30.85,2.0,0.0333,isolated,36.774,40.36,0.5041,5.1833,3.0,1.0,0,0,0,0.0142,1,HIGH,MULTI_FACTOR_ANOMALY,High abnormality primarily associated with elevated thermal intensity and elevated thermal energy (FRP).,"max_bright_ti4,max_frp,mean_frp"
1243,2,1,2026-08-21,2026-08-21,1,342.72,345.59,291.36,291.44,6.325,6.7,2.0,0.0333,isolated,51.36,54.15,0.944,3.1625,2.0,1.0,0,0,0,-0.1398,0,NORMAL,NORMAL_THERMAL_ACTIVITY,Thermal activity falls within normal statistical bounds.,none
1244,1,1,2026-08-21,2026-08-21,1,331.79,331.79,291.55,291.55,2.32,2.32,2.0,0.0333,isolated,40.24,40.24,1.0,2.32,1.0,1.0,0,0,0,-0.2134,0,NORMAL,NORMAL_THERMAL_ACTIVITY,Thermal activity falls within normal statistical bounds.,none
1245,1,1,2026-08-21,2026-08-21,1,330.46,330.46,284.92,284.92,3.1,3.1,2.0,0.0333,isolated,45.54,45.54,1.0,3.1,1.0,1.0,0,0,0,-0.2041,0,NORMAL,NORMAL_THERMAL_ACTIVITY,Thermal activity falls within normal statistical bounds.,none
1246,2,1,2026-08-21,2026-08-21,1,338.43,342.95,294.025,294.46,5.99,6.46,2.0,0.0333,isolated,44.405,48.49,0.9272,2.995,2.0,1.0,0,0,0,-0.1553,0,NORMAL,NORMAL_THERMAL_ACTIVITY,Thermal activity falls within normal statistical bounds.,none
1247,1,1,2026-08-21,2026-08-21,1,330.08,330.08,293.88,293.88,2.82,2.82,2.0,0.0333,isolated,36.2,36.2,1.0,2.82,1.0,1.0,0,0,0,-0.215,0,NORMAL,NORMAL_THERMAL_ACTIVITY,Thermal activity falls within normal statistical bounds.,none
1248,3,1,2026-08-21,2026-08-21,1,336.36,336.96,295.303,301.35,2.853,3.61,2.0,0.0333,isolated,41.057,35.61,0.7903,0.951,3.0,1.0,0,0,0,-0.1447,0,NORMAL,NORMAL_THERMAL_ACTIVITY,Thermal activity falls within normal statistical bounds.,none
1249,1,1,2026-08-21,2026-08-21,1,332.97,332.97,291.83,291.83,3.81,3.81,2.0,0.0333,isolated,41.14,41.14,1.0,3.81,1.0,1.0,0,0,0,-0.2139,0,NORMAL,NORMAL_THERMAL_ACTIVITY,Thermal activity falls within normal statistical bounds.,none
1250,1,1,2026-08-21,2026-08-21,1,334.18,334.18,294.46,294.46,2.91,2.91,2.0,0.0333,isolated,39.72,39.72,1.0,2.91,1.0,1.0,0,0,0,-0.2159,0,NORMAL,NORMAL_THERMAL_ACTIVITY,Thermal activity falls within normal statistical bounds.,none
1251,3,1,2026-08-21,2026-08-21,1,347.15,367.0,294.46,301.68,9.403,15.67,2.333,0.0333,isolated,52.69,65.32,0.6001,3.1343,3.0,1.0,0,0,0,0.0598,1,HIGH,MULTI_FACTOR_ANOMALY,High abnormality primarily associated with elevated thermal intensity and elevated thermal energy (FRP).,"max_bright_ti4,bt_diff_max,max_frp"
1252,2,1,2026-08-21,2026-08-21,1,343.345,344.85,296.37,301.9,11.49,16.95,2.0,0.0333,isolated,46.975,42.95,0.6779,5.745,2.0,1.0,0,0,0,-0.0686,0,NORMAL,NORMAL_THERMAL_ACTIVITY,Thermal activity falls within normal statistical bounds.,none
1253,1,1,2026-08-21,2026-08-21,1,350.7,350.7,296.12,296.12,7.04,7.04,2.0,0.0333,isolated,54.58,54.58,1.0,7.04,1.0,1.0,0,0,0,-0.1539,0,NORMAL,NORMAL_THERMAL_ACTIVITY,Thermal activity falls within normal statistical bounds.,none
1254,1,1,2026-08-21,2026-08-21,1,330.86,330.86,294.34,294.34,2.83,2.83,2.0,0.0333,isolated,36.52,36.52,1.0,2.83,1.0,1.0,0,0,0,-0.2171,0,NORMAL,NORMAL_THERMAL_ACTIVITY,Thermal activity falls within normal statistical bounds.,none
1255,1,1,2026-08-21,2026-08-21,1,332.67,332.67,295.56,295.56,2.15,2.15,2.0,0.0333,isolated,37.11,37.11,1.0,2.15,1.0,1.0,0,0,0,-0.2164,0,NORMAL,NORMAL_THERMAL_ACTIVITY,Thermal activity falls within normal statistical bounds.,none
1256,1,1,2026-08-21,2026-08-21,1,333.05,333.05,294.1,294.1,2.64,2.64,2.0,0.0333,isolated,38.95,38.95,1.0,2.64,1.0,1.0,0,0,0,-0.2143,0,NORMAL,NORMAL_THERMAL_ACTIVITY,Thermal activity falls within normal statistical bounds.,none
1257,1,1,2026-08-21,2026-08-21,1,339.61,339.61,295.66,295.66,3.86,3.86,2.0,0.0333,isolated,43.95,43.95,1.0,3.86,1.0,1.0,0,0,0,-0.2081,0,NORMAL,NORMAL_THERMAL_ACTIVITY,Thermal activity falls within normal statistical bounds.,none
1258,1,1,2026-08-21,2026-08-21,1,337.08,337.08,297.47,297.47,5.06,5.06,2.0,0.0333,isolated,39.61,39.61,1.0,5.06,1.0,1.0,0,0,0,-0.2117,0,NORMAL,NORMAL_THERMAL_ACTIVITY,Thermal activity falls within normal statistical bounds.,none
1259,1,1,2026-08-21,2026-08-21,1,330.64,330.64,292.82,292.82,5.49,5.49,2.0,0.0333,isolated,37.82,37.82,1.0,5.49,1.0,1.0,0,0,0,-0.2093,0,NORMAL,NORMAL_THERMAL_ACTIVITY,Thermal activity falls within normal statistical bounds.,none
1260,1,1,2026-08-21,2026-08-21,1,335.23,335.23,294.36,294.36,2.79,2.79,2.0,0.0333,isolated,40.87,40.87,1.0,2.79,1.0,1.0,0,0,0,-0.213,0,NORMAL,NORMAL_THERMAL_ACTIVITY,Thermal activity falls within normal statistical bounds.,none
1261,1,1,2026-08-21,2026-08-21,1,349.66,349.66,291.73,291.73,6.91,6.91,2.0,0.0333,isolated,57.93,57.93,1.0,6.91,1.0,1.0,0,0,0,-0.1394,0,NORMAL,NORMAL_THERMAL_ACTIVITY,Thermal activity falls within normal statistical bounds.,none
1262,1,1,2026-08-21,2026-08-21,1,340.22,340.22,305.0,305.0,2.79,2.79,2.0,0.0333,isolated,35.22,35.22,1.0,2.79,1.0,1.0,0,0,0,-0.2093,0,NORMAL,NORMAL_THERMAL_ACTIVITY,Thermal activity falls within normal statistical bounds.,none
1263,2,1,2026-08-21,2026-08-21,1,344.595,345.55,308.255,309.19,6.08,6.08,2.0,0.0333,isolated,36.34,36.36,1.0,3.04,2.0,1.0,0,0,0,-0.1704,0,NORMAL,NORMAL_THERMAL_ACTIVITY,Thermal activity falls within normal statistical bounds.,none
1264,1,1,2026-08-21,2026-08-21,1,334.22,334.22,305.01,305.01,1.97,1.97,1.0,0.0333,isolated,29.21,29.21,1.0,1.97,1.0,1.0,0,0,0,-0.1181,0,NORMAL,NORMAL_THERMAL_ACTIVITY,Thermal activity falls within normal statistical bounds.,none
1265,1,1,2026-08-21,2026-08-21,1,335.88,335.88,299.0,299.0,5.18,5.18,2.0,0.0333,isolated,36.88,36.88,1.0,5.18,1.0,1.0,0,0,0,-0.2155,0,NORMAL,NORMAL_THERMAL_ACTIVITY,Thermal activity falls within normal statistical bounds.,none
1266,1,1,2026-08-21,2026-08-21,1,340.17,340.17,311.74,311.74,7.12,7.12,1.0,0.0333,isolated,28.43,28.43,1.0,7.12,1.0,1.0,0,0,0,-0.0801,0,NORMAL,NORMAL_THERMAL_ACTIVITY,Thermal activity falls within normal statistical bounds.,none
1267,1,1,2026-08-21,2026-08-21,1,334.47,334.47,306.88,306.88,1.97,1.97,1.0,0.0333,isolated,27.59,27.59,1.0,1.97,1.0,1.0,0,0,0,-0.1157,0,NORMAL,NORMAL_THERMAL_ACTIVITY,Thermal activity falls within normal statistical bounds.,none
1268,1,1,2026-08-21,2026-08-21,1,330.57,330.57,300.74,300.74,2.45,2.45,1.0,0.0333,isolated,29.83,29.83,1.0,2.45,1.0,1.0,0,0,0,-0.12,0,NORMAL,NORMAL_THERMAL_ACTIVITY,Thermal activity falls within normal statistical bounds.,none
1269,1,1,2026-08-21,2026-08-21,1,343.05,343.05,303.09,303.09,3.79,3.79,2.0,0.0333,isolated,39.96,39.96,1.0,3.79,1.0,1.0,0,0,0,-0.2055,0,NORMAL,NORMAL_THERMAL_ACTIVITY,Thermal activity falls within normal statistical bounds.,none
1270,1,1,2026-08-21,2026-08-21,1,333.92,333.92,302.13,302.13,1.93,1.93,2.0,0.0333,isolated,31.79,31.79,1.0,1.93,1.0,1.0,0,0,0,-0.2165,0,NORMAL,NORMAL_THERMAL_ACTIVITY,Thermal activity falls within normal statistical bounds.,none
1271,1,1,2026-08-21,2026-08-21,1,338.99,338.99,303.92,303.92,3.52,3.52,2.0,0.0333,isolated,35.07,35.07,1.0,3.52,1.0,1.0,0,0,0,-0.2146,0,NORMAL,NORMAL_THERMAL_ACTIVITY,Thermal activity falls within normal statistical bounds.,none
1272,1,1,2026-08-21,2026-08-21,1,331.05,331.05,295.84,295.84,1.0,1.0,2.0,0.0333,isolated,35.21,35.21,1.0,1.0,1.0,1.0,0,0,0,-0.1929,0,NORMAL,NORMAL_THERMAL_ACTIVITY,Thermal activity falls within normal statistical bounds.,none
1273,1,1,2026-08-21,2026-08-21,1,336.57,336.57,306.1,306.1,2.3,2.3,2.0,0.0333,isolated,30.47,30.47,1.0,2.3,1.0,1.0,0,0,0,-0.2114,0,NORMAL,NORMAL_THERMAL_ACTIVITY,Thermal activity falls within normal statistical bounds.,none
1274,1,1,2026-08-21,2026-08-21,1,341.73,341.73,308.81,308.81,7.37,7.37,2.0,0.0333,isolated,32.92,32.92,1.0,7.37,1.0,1.0,0,0,0,-0.189,0,NORMAL,NORMAL_THERMAL_ACTIVITY,Thermal activity falls within normal statistical bounds.,none
1275,1,1,2026-08-21,2026-08-21,1,340.48,340.48,309.96,309.96,4.65,4.65,2.0,0.0333,isolated,30.52,30.52,1.0,4.65,1.0,1.0,0,0,0,-0.2027,0,NORMAL,NORMAL_THERMAL_ACTIVITY,Thermal activity falls within normal statistical bounds.,none
1276,1,1,2026-08-21,2026-08-21,1,333.02,333.02,305.17,305.17,2.64,2.64,1.0,0.0333,isolated,27.85,27.85,1.0,2.64,1.0,1.0,0,0,0,-0.1144,0,NORMAL,NORMAL_THERMAL_ACTIVITY,Thermal activity falls within normal statistical bounds.,none
1277,1,1,2026-08-21,2026-08-21,1,340.99,340.99,311.62,311.62,4.7,4.7,1.0,0.0333,isolated,29.37,29.37,1.0,4.7,1.0,1.0,0,0,0,-0.1075,0,NORMAL,NORMAL_THERMAL_ACTIVITY,Thermal activity falls within normal statistical bounds.,none
1278,1,1,2026-08-21,2026-08-21,1,337.08,337.08,303.04,303.04,1.88,1.88,2.0,0.0333,isolated,34.04,34.04,1.0,1.88,1.0,1.0,0,0,0,-0.2103,0,NORMAL,NORMAL_THERMAL_ACTIVITY,Thermal activity falls within normal statistical bounds.,none
1279,1,1,2026-08-21,2026-08-21,1,335.58,335.58,306.96,306.96,5.59,5.59,1.0,0.0333,isolated,28.62,28.62,1.0,5.59,1.0,1.0,0,0,0,-0.1041,0,NORMAL,NORMAL_THERMAL_ACTIVITY,Thermal activity falls within normal statistical bounds.,none
1280,1,1,2026-08-21,2026-08-21,1,336.22,336.22,306.77,306.77,3.04,3.04,1.0,0.0333,isolated,29.45,29.45,1.0,3.04,1.0,1.0,0,0,0,-0.1167,0,NORMAL,NORMAL_THERMAL_ACTIVITY,Thermal activity falls within normal statistical bounds.,none
1281,1,1,2026-08-21,2026-08-21,1,337.1,337.1,308.57,308.57,3.79,3.79,1.0,0.0333,isolated,28.53,28.53,1.0,3.79,1.0,1.0,0,0,0,-0.1143,0,NORMAL,NORMAL_THERMAL_ACTIVITY,Thermal activity falls within normal statistical bounds.,none
1282,3,1,2026-08-21,2026-08-21,1,338.823,340.59,304.183,304.54,2.483,3.81,2.0,0.0333,isolated,34.64,36.05,0.6517,0.8277,3.0,1.0,0,0,0,-0.1285,0,NORMAL,NORMAL_THERMAL_ACTIVITY,Thermal activity falls within normal statistical bounds.,none
1283,1,1,2026-08-21,2026-08-21,1,331.84,331.84,302.16,302.16,3.47,3.47,1.0,0.0333,isolated,29.68,29.68,1.0,3.47,1.0,1.0,0,0,0,-0.116,0,NORMAL,NORMAL_THERMAL_ACTIVITY,Thermal activity falls within normal statistical bounds.,none
1284,1,1,2026-08-21,2026-08-21,1,338.37,338.37,308.71,308.71,4.34,4.34,1.0,0.0333,isolated,29.66,29.66,1.0,4.34,1.0,1.0,0,0,0,-0.1153,0,NORMAL,NORMAL_THERMAL_ACTIVITY,Thermal activity falls within normal statistical bounds.,none
1285,1,1,2026-08-21,2026-08-21,1,338.94,338.94,306.19,306.19,4.97,4.97,2.0,0.0333,isolated,32.75,32.75,1.0,4.97,1.0,1.0,0,0,0,-0.2105,0,NORMAL,NORMAL_THERMAL_ACTIVITY,Thermal activity falls within normal statistical bounds.,none
1286,1,1,2026-08-21,2026-08-21,1,335.42,335.42,304.54,304.54,2.44,2.44,2.0,0.0333,isolated,30.88,30.88,1.0,2.44,1.0,1.0,0,0,0,-0.2151,0,NORMAL,NORMAL_THERMAL_ACTIVITY,Thermal activity falls within normal statistical bounds.,none
1287,1,1,2026-08-21,2026-08-21,1,339.77,339.77,303.7,303.7,3.96,3.96,2.0,0.0333,isolated,36.07,36.07,1.0,3.96,1.0,1.0,0,0,0,-0.2138,0,NORMAL,NORMAL_THERMAL_ACTIVITY,Thermal activity falls within normal statistical bounds.,none
1288,1,1,2026-08-21,2026-08-21,1,337.5,337.5,308.16,308.16,3.7,3.7,1.0,0.0333,isolated,29.34,29.34,1.0,3.7,1.0,1.0,0,0,0,-0.114,0,NORMAL,NORMAL_THERMAL_ACTIVITY,Thermal activity falls within normal statistical bounds.,none
1289,2,1,2026-08-21,2026-08-21,1,338.745,339.7,307.155,307.36,5.725,5.77,2.0,0.0333,isolated,31.59,32.34,0.9922,2.8625,2.0,1.0,0,0,0,-0.1724,0,NORMAL,NORMAL_THERMAL_ACTIVITY,Thermal activity falls within normal statistical bounds.,none
1290,1,1,2026-08-21,2026-08-21,1,343.91,343.91,301.8,301.8,5.05,5.05,2.0,0.0333,isolated,42.11,42.11,1.0,5.05,1.0,1.0,0,0,0,-0.2003,0,NORMAL,NORMAL_THERMAL_ACTIVITY,Thermal activity falls within normal statistical bounds.,none
1291,1,1,2026-08-21,2026-08-21,1,331.42,331.42,300.53,300.53,2.61,2.61,2.0,0.0333,isolated,30.89,30.89,1.0,2.61,1.0,1.0,0,0,0,-0.2144,0,NORMAL,NORMAL_THERMAL_ACTIVITY,Thermal activity falls within normal statistical bounds.,none
1292,1,1,2026-08-21,2026-08-21,1,335.43,335.43,298.23,298.23,3.63,3.63,2.0,0.0333,isolated,37.2,37.2,1.0,3.63,1.0,1.0,0,0,0,-0.2168,0,NORMAL,NORMAL_THERMAL_ACTIVITY,Thermal activity falls within normal statistical bounds.,none
1293,1,1,2026-08-21,2026-08-21,1,332.75,332.75,296.99,296.99,2.83,2.83,2.0,0.0333,isolated,35.76,35.76,1.0,2.83,1.0,1.0,0,0,0,-0.217,0,NORMAL,NORMAL_THERMAL_ACTIVITY,Thermal activity falls within normal statistical bounds.,none
1294,2,1,2026-08-21,2026-08-21,1,335.42,336.55,297.965,298.09,5.615,8.07,2.0,0.0333,isolated,37.455,38.46,0.6958,2.8075,2.0,1.0,0,0,0,-0.1509,0,NORMAL,NORMAL_THERMAL_ACTIVITY,Thermal activity falls within normal statistical bounds.,none
1295,1,1,2026-08-21,2026-08-21,1,334.14,334.14,298.91,298.91,2.67,2.67,2.0,0.0333,isolated,35.23,35.23,1.0,2.67,1.0,1.0,0,0,0,-0.2163,0,NORMAL,NORMAL_THERMAL_ACTIVITY,Thermal activity falls within normal statistical bounds.,none
1296,1,1,2026-08-21,2026-08-21,1,341.7,341.7,300.35,300.35,19.62,19.62,2.0,0.0333,isolated,41.35,41.35,1.0,19.62,1.0,1.0,0,0,0,-0.081,0,NORMAL,NORMAL_THERMAL_ACTIVITY,Thermal activity falls within normal statistical bounds.,none
1297,2,1,2026-08-21,2026-08-21,1,342.92,344.78,303.175,303.28,7.215,7.5,2.0,0.0333,isolated,39.745,41.5,0.962,3.6075,2.0,1.0,0,0,0,-0.1577,0,NORMAL,NORMAL_THERMAL_ACTIVITY,Thermal activity falls within normal statistical bounds.,none
1298,1,1,2026-08-21,2026-08-21,1,336.1,336.1,299.34,299.34,3.0,3.0,2.0,0.0333,isolated,36.76,36.76,1.0,3.0,1.0,1.0,0,0,0,-0.2178,0,NORMAL,NORMAL_THERMAL_ACTIVITY,Thermal activity falls within normal statistical bounds.,none
1299,2,1,2026-08-21,2026-08-21,1,336.375,336.47,298.26,299.45,3.95,3.95,2.0,0.0333,isolated,38.115,37.02,1.0,1.975,2.0,1.0,0,0,0,-0.1909,0,NORMAL,NORMAL_THERMAL_ACTIVITY,Thermal activity falls within normal statistical bounds.,none
1300,2,1,2026-08-21,2026-08-21,1,336.37,337.37,295.025,295.13,3.45,4.21,2.0,0.0333,isolated,41.345,42.24,0.8195,1.725,2.0,1.0,0,0,0,-0.1736,0,NORMAL,NORMAL_THERMAL_ACTIVITY,Thermal activity falls within normal statistical bounds.,none
1301,1,1,2026-08-21,2026-08-21,1,334.52,334.52,300.52,300.52,3.09,3.09,2.0,0.0333,isolated,34.0,34.0,1.0,3.09,1.0,1.0,0,0,0,-0.2171,0,NORMAL,NORMAL_THERMAL_ACTIVITY,Thermal activity falls within normal statistical bounds.,none
1302,1,1,2026-08-21,2026-08-21,1,334.57,334.57,302.75,302.75,6.67,6.67,2.0,0.0333,isolated,31.82,31.82,1.0,6.67,1.0,1.0,0,0,0,-0.1988,0,NORMAL,NORMAL_THERMAL_ACTIVITY,Thermal activity falls within normal statistical bounds.,none
1303,3,1,2026-08-21,2026-08-21,1,266.463,337.78,296.593,297.41,122.447,135.46,1.0,0.0333,isolated,-30.13,40.37,0.9039,40.8157,3.0,1.0,0,0,0,0.132,1,HIGH,HIGH_THERMAL_ENERGY,High abnormality primarily associated with elevated thermal energy (FRP).,"max_frp,mean_frp"
1304,1,1,2026-08-21,2026-08-21,1,340.5,340.5,305.68,305.68,14.67,14.67,2.0,0.0333,isolated,34.82,34.82,1.0,14.67,1.0,1.0,0,0,0,-0.1165,0,NORMAL,NORMAL_THERMAL_ACTIVITY,Thermal activity falls within normal statistical bounds.,none
1305,1,1,2026-08-21,2026-08-21,1,332.2,332.2,302.9,302.9,4.95,4.95,1.0,0.0333,isolated,29.3,29.3,1.0,4.95,1.0,1.0,0,0,0,-0.1073,0,NORMAL,NORMAL_THERMAL_ACTIVITY,Thermal activity falls within normal statistical bounds.,none
1306,1,1,2026-08-21,2026-08-21,1,339.73,339.73,300.01,300.01,10.58,10.58,2.0,0.0333,isolated,39.72,39.72,1.0,10.58,1.0,1.0,0,0,0,-0.1623,0,NORMAL,NORMAL_THERMAL_ACTIVITY,Thermal activity falls within normal statistical bounds.,none
1307,1,1,2026-08-21,2026-08-21,1,338.7,338.7,302.96,302.96,4.21,4.21,2.0,0.0333,isolated,35.74,35.74,1.0,4.21,1.0,1.0,0,0,0,-0.2139,0,NORMAL,NORMAL_THERMAL_ACTIVITY,Thermal activity falls within normal statistical bounds.,none
1308,1,1,2026-08-21,2026-08-21,1,336.18,336.18,300.5,300.5,3.14,3.14,2.0,0.0333,isolated,35.68,35.68,1.0,3.14,1.0,1.0,0,0,0,-0.2163,0,NORMAL,NORMAL_THERMAL_ACTIVITY,Thermal activity falls within normal statistical bounds.,none
1309,1,1,2026-08-21,2026-08-21,1,334.6,334.6,298.72,298.72,1.71,1.71,2.0,0.0333,isolated,35.88,35.88,1.0,1.71,1.0,1.0,0,0,0,-0.2088,0,NORMAL,NORMAL_THERMAL_ACTIVITY,Thermal activity falls within normal statistical bounds.,none
1310,1,1,2026-08-21,2026-08-21,1,338.95,338.95,303.23,303.23,3.81,3.81,2.0,0.0333,isolated,35.72,35.72,1.0,3.81,1.0,1.0,0,0,0,-0.2157,0,NORMAL,NORMAL_THERMAL_ACTIVITY,Thermal activity falls within normal statistical bounds.,none
1311,1,1,2026-08-21,2026-08-21,1,338.78,338.78,302.8,302.8,3.8,3.8,2.0,0.0333,isolated,35.98,35.98,1.0,3.8,1.0,1.0,0,0,0,-0.2166,0,NORMAL,NORMAL_THERMAL_ACTIVITY,Thermal activity falls within normal statistical bounds.,none
1312,1,1,2026-08-21,2026-08-21,1,336.74,336.74,294.6,294.6,4.11,4.11,2.0,0.0333,isolated,42.14,42.14,1.0,4.11,1.0,1.0,0,0,0,-0.2139,0,NORMAL,NORMAL_THERMAL_ACTIVITY,Thermal activity falls within normal statistical bounds.,none
1313,1,1,2026-08-21,2026-08-21,1,330.62,330.62,299.31,299.31,1.89,1.89,2.0,0.0333,isolated,31.31,31.31,1.0,1.89,1.0,1.0,0,0,0,-0.2122,0,NORMAL,NORMAL_THERMAL_ACTIVITY,Thermal activity falls within normal statistical bounds.,none
1314,1,1,2026-08-21,2026-08-21,1,330.16,330.16,294.38,294.38,2.65,2.65,2.0,0.0333,isolated,35.78,35.78,1.0,2.65,1.0,1.0,0,0,0,-0.2123,0,NORMAL,NORMAL_THERMAL_ACTIVITY,Thermal activity falls within normal statistical bounds.,none
1315,1,1,2026-08-21,2026-08-21,1,345.55,345.55,300.8,300.8,3.58,3.58,2.0,0.0333,isolated,44.75,44.75,1.0,3.58,1.0,1.0,0,0,0,-0.1959,0,NORMAL,NORMAL_THERMAL_ACTIVITY,Thermal activity falls within normal statistical bounds.,none
1316,3,2,2026-08-21,2026-08-22,2,301.65,306.25,284.45,287.63,0.82,1.3,2.0,0.0667,short_lived_repeated,17.2,18.62,0.6308,0.2733,1.5,1.0,1,0,1,-0.09,0,NORMAL,NORMAL_THERMAL_ACTIVITY,Thermal activity falls within normal statistical bounds.,none
1317,2,2,2026-08-21,2026-08-22,2,306.345,309.03,286.08,290.14,2.115,3.18,2.0,0.0667,short_lived_repeated,20.265,18.89,0.6651,1.0575,1.0,1.0,1,0,1,-0.1083,0,NORMAL,NORMAL_THERMAL_ACTIVITY,Thermal activity falls within normal statistical bounds.,none
1318,1,1,2026-08-21,2026-08-21,1,310.06,310.06,284.01,284.01,2.1,2.1,2.0,0.0333,isolated,26.05,26.05,1.0,2.1,1.0,1.0,0,0,0,-0.1977,0,NORMAL,NORMAL_THERMAL_ACTIVITY,Thermal activity falls within normal statistical bounds.,none
1319,1,1,2026-08-21,2026-08-21,1,300.25,300.25,277.53,277.53,1.25,1.25,2.0,0.0333,isolated,22.72,22.72,1.0,1.25,1.0,1.0,0,0,0,-0.1769,0,NORMAL,NORMAL_THERMAL_ACTIVITY,Thermal activity falls within normal statistical bounds.,none
1320,3,2,2026-08-21,2026-08-22,2,303.327,309.23,280.27,290.14,1.46,2.28,2.0,0.0667,short_lived_repeated,23.057,19.09,0.6404,0.4867,1.5,1.0,1,0,1,-0.1132,0,NORMAL,NORMAL_THERMAL_ACTIVITY,Thermal activity falls within normal statistical bounds.,none
1321,1,1,2026-08-21,2026-08-21,1,298.19,298.19,283.77,283.77,1.99,1.99,2.0,0.0333,isolated,14.42,14.42,1.0,1.99,1.0,1.0,0,0,0,-0.1441,0,NORMAL,NORMAL_THERMAL_ACTIVITY,Thermal activity falls within normal statistical bounds.,none
1322,1,1,2026-08-21,2026-08-21,1,299.72,299.72,280.11,280.11,0.81,0.81,2.0,0.0333,isolated,19.61,19.61,1.0,0.81,1.0,1.0,0,0,0,-0.1691,0,NORMAL,NORMAL_THERMAL_ACTIVITY,Thermal activity falls within normal statistical bounds.,none
1323,3,1,2026-08-21,2026-08-21,1,304.867,306.23,285.393,288.0,1.46,1.89,2.0,0.0333,isolated,19.474,18.23,0.7725,0.4867,3.0,1.0,0,0,0,-0.1149,0,NORMAL,NORMAL_THERMAL_ACTIVITY,Thermal activity falls within normal statistical bounds.,none
1324,2,1,2026-08-21,2026-08-21,1,304.275,304.88,289.82,290.77,1.285,1.57,2.0,0.0333,isolated,14.455,14.11,0.8185,0.6425,2.0,1.0,0,0,0,-0.1312,0,NORMAL,NORMAL_THERMAL_ACTIVITY,Thermal activity falls within normal statistical bounds.,none
1325,8,2,2026-08-21,2026-08-22,2,311.266,335.92,277.532,288.38,2.85,6.03,2.0,0.0667,short_lived_repeated,33.734,47.54,0.4726,0.3562,4.0,1.0,1,0,1,-0.0496,0,ELEVATED,SHORT_LIVED_EXTREME_EVENT,Elevated abnormality primarily associated with elevated thermal intensity.,bt_diff_max
1326,13,2,2026-08-21,2026-08-22,2,310.1,338.27,274.703,279.32,2.055,4.27,2.0,0.0667,short_lived_repeated,35.397,58.95,0.4813,0.1581,6.5,1.0,1,0,1,0.0365,1,HIGH,SHORT_LIVED_EXTREME_EVENT,High abnormality primarily associated with elevated thermal intensity.,bt_diff_max
1327,6,4,2026-08-21,2026-08-26,6,306.872,308.92,293.67,294.43,1.802,2.75,2.0,0.1333,short_lived_repeated,13.202,14.49,0.6553,0.3003,1.0,0.6667,1,0,1,-0.0247,0,ELEVATED,PERSISTENT_THERMAL_ACTIVITY,Elevated abnormality primarily associated with persistent multi-day activity.,active_days
1328,4,3,2026-08-21,2026-08-23,3,308.502,311.44,290.43,292.86,1.305,1.44,2.0,0.1,short_lived_repeated,18.072,18.58,0.9062,0.3262,1.3333,1.0,1,0,1,-0.0767,0,NORMAL,NORMAL_THERMAL_ACTIVITY,Thermal activity falls within normal statistical bounds.,none
1329,1,1,2026-08-21,2026-08-21,1,305.83,305.83,291.23,291.23,0.72,0.72,2.0,0.0333,isolated,14.6,14.6,1.0,0.72,1.0,1.0,0,0,0,-0.179,0,NORMAL,NORMAL_THERMAL_ACTIVITY,Thermal activity falls within normal statistical bounds.,none
1330,1,1,2026-08-21,2026-08-21,1,306.6,306.6,290.31,290.31,2.46,2.46,2.0,0.0333,isolated,16.29,16.29,1.0,2.46,1.0,1.0,0,0,0,-0.1883,0,NORMAL,NORMAL_THERMAL_ACTIVITY,Thermal activity falls within normal statistical bounds.,none
1331,1,1,2026-08-21,2026-08-21,1,307.97,307.97,289.78,289.78,0.63,0.63,2.0,0.0333,isolated,18.19,18.19,1.0,0.63,1.0,1.0,0,0,0,-0.181,0,NORMAL,NORMAL_THERMAL_ACTIVITY,Thermal activity falls within normal statistical bounds.,none
1332,1,1,2026-08-21,2026-08-21,1,303.3,303.3,290.53,290.53,1.08,1.08,2.0,0.0333,isolated,12.77,12.77,1.0,1.08,1.0,1.0,0,0,0,-0.172,0,NORMAL,NORMAL_THERMAL_ACTIVITY,Thermal activity falls within normal statistical bounds.,none
1333,2,1,2026-08-21,2026-08-21,1,320.395,328.2,283.025,283.36,2.05,2.05,2.0,0.0333,isolated,37.37,44.84,1.0,1.025,2.0,1.0,0,0,0,-0.167,0,NORMAL,NORMAL_THERMAL_ACTIVITY,Thermal activity falls within normal statistical bounds.,none
1334,2,1,2026-08-21,2026-08-21,1,307.1,309.94,290.085,290.14,0.8,1.05,2.0,0.0333,isolated,17.015,19.8,0.7619,0.4,2.0,1.0,0,0,0,-0.128,0,NORMAL,NORMAL_THERMAL_ACTIVITY,Thermal activity falls within normal statistical bounds.,none
1335,1,1,2026-08-21,2026-08-21,1,311.57,311.57,289.8,289.8,2.21,2.21,2.0,0.0333,isolated,21.77,21.77,1.0,2.21,1.0,1.0,0,0,0,-0.1957,0,NORMAL,NORMAL_THERMAL_ACTIVITY,Thermal activity falls within normal statistical bounds.,none
1336,1,1,2026-08-21,2026-08-21,1,314.41,314.41,286.96,286.96,1.85,1.85,2.0,0.0333,isolated,27.45,27.45,1.0,1.85,1.0,1.0,0,0,0,-0.1982,0,NORMAL,NORMAL_THERMAL_ACTIVITY,Thermal activity falls within normal statistical bounds.,none
1337,1,1,2026-08-21,2026-08-21,1,298.11,298.11,285.78,285.78,0.84,0.84,2.0,0.0333,isolated,12.33,12.33,1.0,0.84,1.0,1.0,0,0,0,-0.1528,0,NORMAL,NORMAL_THERMAL_ACTIVITY,Thermal activity falls within normal statistical bounds.,none
1338,1,1,2026-08-21,2026-08-21,1,303.14,303.14,289.48,289.48,0.74,0.74,2.0,0.0333,isolated,13.66,13.66,1.0,0.74,1.0,1.0,0,0,0,-0.1695,0,NORMAL,NORMAL_THERMAL_ACTIVITY,Thermal activity falls within normal statistical bounds.,none
1339,4,3,2026-08-21,2026-08-24,4,304.985,315.29,286.615,294.73,1.052,1.72,2.0,0.1,short_lived_repeated,18.37,20.56,0.6116,0.263,1.0,0.75,1,0,1,-0.0665,0,NORMAL,NORMAL_THERMAL_ACTIVITY,Thermal activity falls within normal statistical bounds.,none
1340,1,1,2026-08-22,2026-08-22,1,340.92,340.92,295.38,295.38,5.8,5.8,2.0,0.0333,isolated,45.54,45.54,1.0,5.8,1.0,1.0,0,0,0,-0.1949,0,NORMAL,NORMAL_THERMAL_ACTIVITY,Thermal activity falls within normal statistical bounds.,none
1341,1,1,2026-08-22,2026-08-22,1,333.68,333.68,302.82,302.82,1.62,1.62,2.0,0.0333,isolated,30.86,30.86,1.0,1.62,1.0,1.0,0,0,0,-0.2073,0,NORMAL,NORMAL_THERMAL_ACTIVITY,Thermal activity falls within normal statistical bounds.,none
1342,2,1,2026-08-22,2026-08-22,1,338.39,345.97,293.98,294.58,11.89,17.53,2.0,0.0333,isolated,44.41,51.39,0.6783,5.945,2.0,1.0,0,0,0,-0.0494,0,ELEVATED,MULTI_FACTOR_ANOMALY,Elevated abnormality primarily associated with elevated thermal intensity and elevated thermal energy (FRP).,"max_bright_ti4,bt_diff_max,max_frp,mean_frp"
1343,1,1,2026-08-22,2026-08-22,1,336.47,336.47,293.93,293.93,11.93,11.93,2.0,0.0333,isolated,42.54,42.54,1.0,11.93,1.0,1.0,0,0,0,-0.1377,0,NORMAL,NORMAL_THERMAL_ACTIVITY,Thermal activity falls within normal statistical bounds.,none
1344,1,1,2026-08-22,2026-08-22,1,337.3,337.3,294.32,294.32,5.79,5.79,2.0,0.0333,isolated,42.98,42.98,1.0,5.79,1.0,1.0,0,0,0,-0.2022,0,NORMAL,NORMAL_THERMAL_ACTIVITY,Thermal activity falls within normal statistical bounds.,none
1345,1,1,2026-08-22,2026-08-22,1,331.47,331.47,290.59,290.59,2.18,2.18,2.0,0.0333,isolated,40.88,40.88,1.0,2.18,1.0,1.0,0,0,0,-0.2094,0,NORMAL,NORMAL_THERMAL_ACTIVITY,Thermal activity falls within normal statistical bounds.,none
1346,1,1,2026-08-22,2026-08-22,1,334.58,334.58,297.03,297.03,10.39,10.39,2.0,0.0333,isolated,37.55,37.55,1.0,10.39,1.0,1.0,0,0,0,-0.1616,0,NORMAL,NORMAL_THERMAL_ACTIVITY,Thermal activity falls within normal statistical bounds.,none
1347,1,1,2026-08-22,2026-08-22,1,333.28,333.28,299.04,299.04,3.48,3.48,2.0,0.0333,isolated,34.24,34.24,1.0,3.48,1.0,1.0,0,0,0,-0.2171,0,NORMAL,NORMAL_THERMAL_ACTIVITY,Thermal activity falls within normal statistical bounds.,none
1348,1,1,2026-08-22,2026-08-22,1,330.79,330.79,296.19,296.19,3.48,3.48,1.0,0.0333,isolated,34.6,34.6,1.0,3.48,1.0,1.0,0,0,0,-0.1137,0,NORMAL,NORMAL_THERMAL_ACTIVITY,Thermal activity falls within normal statistical bounds.,none
1349,1,1,2026-08-22,2026-08-22,1,334.18,334.18,305.99,305.99,3.62,3.62,1.0,0.0333,isolated,28.19,28.19,1.0,3.62,1.0,1.0,0,0,0,-0.116,0,NORMAL,NORMAL_THERMAL_ACTIVITY,Thermal activity falls within normal statistical bounds.,none
1350,3,1,2026-08-22,2026-08-22,1,338.543,342.71,296.663,297.27,10.047,11.1,1.333,0.0333,isolated,41.88,45.44,0.9051,3.349,3.0,1.0,0,0,0,-0.019,0,ELEVATED,MULTI_FACTOR_ANOMALY,Elevated abnormality primarily associated with elevated thermal intensity and elevated thermal energy (FRP).,"max_bright_ti4,bt_diff_max,mean_frp"
1351,1,1,2026-08-22,2026-08-22,1,342.23,342.23,303.25,303.25,4.14,4.14,2.0,0.0333,isolated,38.98,38.98,1.0,4.14,1.0,1.0,0,0,0,-0.209,0,NORMAL,NORMAL_THERMAL_ACTIVITY,Thermal activity falls within normal statistical bounds.,none
1352,2,1,2026-08-22,2026-08-22,1,338.265,340.31,304.33,305.64,3.72,4.25,2.0,0.0333,isolated,33.935,34.67,0.8753,1.86,2.0,1.0,0,0,0,-0.1767,0,NORMAL,NORMAL_THERMAL_ACTIVITY,Thermal activity falls within normal statistical bounds.,none
1353,1,1,2026-08-22,2026-08-22,1,335.64,335.64,295.68,295.68,1.39,1.39,2.0,0.0333,isolated,39.96,39.96,1.0,1.39,1.0,1.0,0,0,0,-0.1972,0,NORMAL,NORMAL_THERMAL_ACTIVITY,Thermal activity falls within normal statistical bounds.,none
1354,1,1,2026-08-22,2026-08-22,1,331.47,331.47,272.12,272.12,2.79,2.79,2.0,0.0333,isolated,59.35,59.35,1.0,2.79,1.0,1.0,0,0,0,-0.1594,0,NORMAL,NORMAL_THERMAL_ACTIVITY,Thermal activity falls within normal statistical bounds.,none
1355,1,1,2026-08-22,2026-08-22,1,336.06,336.06,295.17,295.17,3.0,3.0,2.0,0.0333,isolated,40.89,40.89,1.0,3.0,1.0,1.0,0,0,0,-0.2138,0,NORMAL,NORMAL_THERMAL_ACTIVITY,Thermal activity falls within normal statistical bounds.,none
1356,1,1,2026-08-22,2026-08-22,1,352.32,352.32,298.5,298.5,5.93,5.93,2.0,0.0333,isolated,53.82,53.82,1.0,5.93,1.0,1.0,0,0,0,-0.1492,0,NORMAL,NORMAL_THERMAL_ACTIVITY,Thermal activity falls within normal statistical bounds.,none
1357,1,1,2026-08-22,2026-08-22,1,303.96,303.96,277.22,277.22,0.75,0.75,2.0,0.0333,isolated,26.74,26.74,1.0,0.75,1.0,1.0,0,0,0,-0.1838,0,NORMAL,NORMAL_THERMAL_ACTIVITY,Thermal activity falls within normal statistical bounds.,none
1358,1,1,2026-08-22,2026-08-22,1,307.39,307.39,292.62,292.62,3.67,3.67,2.0,0.0333,isolated,14.77,14.77,1.0,3.67,1.0,1.0,0,0,0,-0.1713,0,NORMAL,NORMAL_THERMAL_ACTIVITY,Thermal activity falls within normal statistical bounds.,none
1359,1,1,2026-08-22,2026-08-22,1,295.89,295.89,270.98,270.98,0.5,0.5,2.0,0.0333,isolated,24.91,24.91,1.0,0.5,1.0,1.0,0,0,0,-0.1513,0,NORMAL,NORMAL_THERMAL_ACTIVITY,Thermal activity falls within normal statistical bounds.,none
1360,4,3,2026-08-22,2026-08-27,6,313.038,332.6,282.16,290.28,2.212,2.85,2.0,0.1,short_lived_repeated,30.878,42.32,0.7761,0.553,0.6667,0.5,1,0,1,-0.0436,0,ELEVATED,RECURRING_THERMAL_ACTIVITY,Elevated abnormality primarily associated with recurring thermal activity over an extended duration.,duration_days
1361,1,1,2026-08-22,2026-08-22,1,295.4,295.4,268.0,268.0,0.82,0.82,2.0,0.0333,isolated,27.4,27.4,1.0,0.82,1.0,1.0,0,0,0,-0.1555,0,NORMAL,NORMAL_THERMAL_ACTIVITY,Thermal activity falls within normal statistical bounds.,none
1362,1,1,2026-08-22,2026-08-22,1,308.07,308.07,288.38,288.38,1.01,1.01,2.0,0.0333,isolated,19.69,19.69,1.0,1.01,1.0,1.0,0,0,0,-0.1914,0,NORMAL,NORMAL_THERMAL_ACTIVITY,Thermal activity falls within normal statistical bounds.,none
1363,1,1,2026-08-22,2026-08-22,1,300.38,300.38,282.62,282.62,0.61,0.61,2.0,0.0333,isolated,17.76,17.76,1.0,0.61,1.0,1.0,0,0,0,-0.165,0,NORMAL,NORMAL_THERMAL_ACTIVITY,Thermal activity falls within normal statistical bounds.,none
1364,1,1,2026-08-22,2026-08-22,1,303.87,303.87,283.87,283.87,1.9,1.9,2.0,0.0333,isolated,20.0,20.0,1.0,1.9,1.0,1.0,0,0,0,-0.1846,0,NORMAL,NORMAL_THERMAL_ACTIVITY,Thermal activity falls within normal statistical bounds.,none
1365,2,1,2026-08-22,2026-08-22,1,299.96,301.62,270.935,271.16,0.68,0.68,2.0,0.0333,isolated,29.025,30.46,1.0,0.34,2.0,1.0,0,0,0,-0.1404,0,NORMAL,NORMAL_THERMAL_ACTIVITY,Thermal activity falls within normal statistical bounds.,none
1366,1,1,2026-08-22,2026-08-22,1,300.12,300.12,274.38,274.38,0.42,0.42,2.0,0.0333,isolated,25.74,25.74,1.0,0.42,1.0,1.0,0,0,0,-0.164,0,NORMAL,NORMAL_THERMAL_ACTIVITY,Thermal activity falls within normal statistical bounds.,none
1367,4,2,2026-08-22,2026-08-23,2,302.75,307.91,289.407,292.76,1.345,2.01,2.0,0.0667,short_lived_repeated,13.343,15.15,0.6692,0.3362,2.0,1.0,1,0,1,-0.1003,0,NORMAL,NORMAL_THERMAL_ACTIVITY,Thermal activity falls within normal statistical bounds.,none
1368,1,1,2026-08-22,2026-08-22,1,317.51,317.51,290.36,290.36,2.05,2.05,2.0,0.0333,isolated,27.15,27.15,1.0,2.05,1.0,1.0,0,0,0,-0.2006,0,NORMAL,NORMAL_THERMAL_ACTIVITY,Thermal activity falls within normal statistical bounds.,none
1369,1,1,2026-08-22,2026-08-22,1,308.25,308.25,293.57,293.57,0.95,0.95,2.0,0.0333,isolated,14.68,14.68,1.0,0.95,1.0,1.0,0,0,0,-0.1827,0,NORMAL,NORMAL_THERMAL_ACTIVITY,Thermal activity falls within normal statistical bounds.,none
1370,1,1,2026-08-22,2026-08-22,1,312.86,312.86,293.28,293.28,1.24,1.24,2.0,0.0333,isolated,19.58,19.58,1.0,1.24,1.0,1.0,0,0,0,-0.1879,0,NORMAL,NORMAL_THERMAL_ACTIVITY,Thermal activity falls within normal statistical bounds.,none
1371,2,1,2026-08-22,2026-08-22,1,305.195,307.27,291.87,292.05,0.565,0.81,2.0,0.0333,isolated,13.325,15.22,0.6975,0.2825,2.0,1.0,0,0,0,-0.1135,0,NORMAL,NORMAL_THERMAL_ACTIVITY,Thermal activity falls within normal statistical bounds.,none
1372,1,1,2026-08-22,2026-08-22,1,303.85,303.85,286.39,286.39,0.93,0.93,2.0,0.0333,isolated,17.46,17.46,1.0,0.93,1.0,1.0,0,0,0,-0.1874,0,NORMAL,NORMAL_THERMAL_ACTIVITY,Thermal activity falls within normal statistical bounds.,none
1373,1,1,2026-08-22,2026-08-22,1,301.2,301.2,277.19,277.19,0.33,0.33,2.0,0.0333,isolated,24.01,24.01,1.0,0.33,1.0,1.0,0,0,0,-0.1664,0,NORMAL,NORMAL_THERMAL_ACTIVITY,Thermal activity falls within normal statistical bounds.,none
1374,2,2,2026-08-22,2026-08-23,2,306.735,309.35,293.735,294.33,1.165,1.25,2.0,0.0667,short_lived_repeated,13.0,15.02,0.932,0.5825,1.0,1.0,1,0,1,-0.1202,0,NORMAL,NORMAL_THERMAL_ACTIVITY,Thermal activity falls within normal statistical bounds.,none
1375,2,1,2026-08-22,2026-08-22,1,308.86,310.47,291.695,291.75,1.865,2.15,2.0,0.0333,isolated,17.165,18.72,0.8674,0.9325,2.0,1.0,0,0,0,-0.1547,0,NORMAL,NORMAL_THERMAL_ACTIVITY,Thermal activity falls within normal statistical bounds.,none
1376,1,1,2026-08-22,2026-08-22,1,303.37,303.37,292.03,292.03,0.72,0.72,2.0,0.0333,isolated,11.34,11.34,1.0,0.72,1.0,1.0,0,0,0,-0.1661,0,NORMAL,NORMAL_THERMAL_ACTIVITY,Thermal activity falls within normal statistical bounds.,none
1377,1,1,2026-08-22,2026-08-22,1,295.09,295.09,280.75,280.75,3.12,3.12,2.0,0.0333,isolated,14.34,14.34,1.0,3.12,1.0,1.0,0,0,0,-0.124,0,NORMAL,NORMAL_THERMAL_ACTIVITY,Thermal activity falls within normal statistical bounds.,none
1378,1,1,2026-08-23,2026-08-23,1,331.24,331.24,296.94,296.94,10.19,10.19,2.0,0.0333,isolated,34.3,34.3,1.0,10.19,1.0,1.0,0,0,0,-0.1702,0,NORMAL,NORMAL_THERMAL_ACTIVITY,Thermal activity falls within normal statistical bounds.,none
1379,1,1,2026-08-23,2026-08-23,1,337.37,337.37,296.07,296.07,3.99,3.99,2.0,0.0333,isolated,41.3,41.3,1.0,3.99,1.0,1.0,0,0,0,-0.2132,0,NORMAL,NORMAL_THERMAL_ACTIVITY,Thermal activity falls within normal statistical bounds.,none
1380,2,1,2026-08-23,2026-08-23,1,339.545,340.55,305.67,309.99,4.38,6.03,1.5,0.0333,isolated,33.875,30.56,0.7264,2.19,2.0,1.0,0,0,0,-0.0873,0,NORMAL,NORMAL_THERMAL_ACTIVITY,Thermal activity falls within normal statistical bounds.,none
1381,3,1,2026-08-23,2026-08-23,1,338.847,341.27,299.61,302.38,10.91,14.59,2.0,0.0333,isolated,39.237,38.89,0.7478,3.6367,3.0,1.0,0,0,0,-0.0663,0,NORMAL,NORMAL_THERMAL_ACTIVITY,Thermal activity falls within normal statistical bounds.,none
1382,3,1,2026-08-23,2026-08-23,1,342.787,345.92,291.793,292.03,13.42,19.65,2.0,0.0333,isolated,50.994,53.89,0.683,4.4733,3.0,1.0,0,0,0,-0.0141,0,ELEVATED,MULTI_FACTOR_ANOMALY,Elevated abnormality primarily associated with elevated thermal intensity and elevated thermal energy (FRP).,"max_bright_ti4,bt_diff_max,max_frp,mean_frp"
1383,1,1,2026-08-23,2026-08-23,1,333.57,333.57,295.51,295.51,3.51,3.51,2.0,0.0333,isolated,38.06,38.06,1.0,3.51,1.0,1.0,0,0,0,-0.2177,0,NORMAL,NORMAL_THERMAL_ACTIVITY,Thermal activity falls within normal statistical bounds.,none
1384,2,2,2026-08-23,2026-08-26,4,330.375,330.38,300.655,301.2,4.96,7.06,1.5,0.0667,short_lived_repeated,29.72,29.18,0.7025,2.48,0.5,0.5,1,0,1,0.0066,1,HIGH,STATISTICAL_ANOMALY,High abnormality primarily associated with unusual multi-variate statistical signature.,multivariate_combination
1385,1,1,2026-08-23,2026-08-23,1,332.19,332.19,286.74,286.74,3.87,3.87,2.0,0.0333,isolated,45.45,45.45,1.0,3.87,1.0,1.0,0,0,0,-0.2056,0,NORMAL,NORMAL_THERMAL_ACTIVITY,Thermal activity falls within normal statistical bounds.,none
1386,1,1,2026-08-23,2026-08-23,1,339.76,339.76,281.51,281.51,7.16,7.16,2.0,0.0333,isolated,58.25,58.25,1.0,7.16,1.0,1.0,0,0,0,-0.1472,0,NORMAL,NORMAL_THERMAL_ACTIVITY,Thermal activity falls within normal statistical bounds.,none
1387,1,1,2026-08-23,2026-08-23,1,342.67,342.67,289.28,289.28,4.53,4.53,2.0,0.0333,isolated,53.39,53.39,1.0,4.53,1.0,1.0,0,0,0,-0.1839,0,NORMAL,NORMAL_THERMAL_ACTIVITY,Thermal activity falls within normal statistical bounds.,none
1388,7,2,2026-08-23,2026-08-25,3,311.516,334.02,289.464,292.62,2.776,6.9,1.857,0.0667,short_lived_repeated,22.052,41.4,0.4023,0.3966,2.3333,0.6667,1,0,1,-0.0225,0,ELEVATED,STATISTICAL_ANOMALY,Elevated abnormality primarily associated with unusual multi-variate statistical signature.,multivariate_combination
1389,4,2,2026-08-23,2026-08-25,3,320.725,330.6,286.45,293.15,3.008,4.41,1.75,0.0667,short_lived_repeated,34.275,37.45,0.6821,0.752,1.3333,0.6667,1,0,1,-0.0619,0,NORMAL,NORMAL_THERMAL_ACTIVITY,Thermal activity falls within normal statistical bounds.,none
1390,1,1,2026-08-23,2026-08-23,1,336.79,336.79,307.22,307.22,8.42,8.42,1.0,0.0333,isolated,29.57,29.57,1.0,8.42,1.0,1.0,0,0,0,-0.0805,0,NORMAL,NORMAL_THERMAL_ACTIVITY,Thermal activity falls within normal statistical bounds.,none
1391,7,1,2026-08-23,2026-08-23,1,345.907,349.93,302.816,303.44,6.33,9.02,2.0,0.0333,isolated,43.091,46.49,0.7018,0.9043,7.0,1.0,0,0,0,-0.0106,0,ELEVATED,SHORT_LIVED_EXTREME_EVENT,Elevated abnormality primarily associated with elevated thermal intensity.,"max_bright_ti4,bt_diff_max"
1392,1,1,2026-08-23,2026-08-23,1,336.94,336.94,303.48,303.48,4.0,4.0,2.0,0.0333,isolated,33.46,33.46,1.0,4.0,1.0,1.0,0,0,0,-0.2145,0,NORMAL,NORMAL_THERMAL_ACTIVITY,Thermal activity falls within normal statistical bounds.,none
1393,1,1,2026-08-23,2026-08-23,1,336.48,336.48,302.74,302.74,3.7,3.7,2.0,0.0333,isolated,33.74,33.74,1.0,3.7,1.0,1.0,0,0,0,-0.2163,0,NORMAL,NORMAL_THERMAL_ACTIVITY,Thermal activity falls within normal statistical bounds.,none
1394,1,1,2026-08-23,2026-08-23,1,339.64,339.64,307.61,307.61,10.49,10.49,2.0,0.0333,isolated,32.03,32.03,1.0,10.49,1.0,1.0,0,0,0,-0.154,0,NORMAL,NORMAL_THERMAL_ACTIVITY,Thermal activity falls within normal statistical bounds.,none
1395,1,1,2026-08-23,2026-08-23,1,338.5,338.5,307.26,307.26,3.71,3.71,2.0,0.0333,isolated,31.24,31.24,1.0,3.71,1.0,1.0,0,0,0,-0.2132,0,NORMAL,NORMAL_THERMAL_ACTIVITY,Thermal activity falls within normal statistical bounds.,none
1396,1,1,2026-08-23,2026-08-23,1,332.55,332.55,300.12,300.12,3.22,3.22,2.0,0.0333,isolated,32.43,32.43,1.0,3.22,1.0,1.0,0,0,0,-0.2186,0,NORMAL,NORMAL_THERMAL_ACTIVITY,Thermal activity falls within normal statistical bounds.,none
1397,1,1,2026-08-23,2026-08-23,1,335.92,335.92,303.08,303.08,1.94,1.94,2.0,0.0333,isolated,32.84,32.84,1.0,1.94,1.0,1.0,0,0,0,-0.214,0,NORMAL,NORMAL_THERMAL_ACTIVITY,Thermal activity falls within normal statistical bounds.,none
1398,1,1,2026-08-23,2026-08-23,1,341.41,341.41,303.99,303.99,12.43,12.43,2.0,0.0333,isolated,37.42,37.42,1.0,12.43,1.0,1.0,0,0,0,-0.1322,0,NORMAL,NORMAL_THERMAL_ACTIVITY,Thermal activity falls within normal statistical bounds.,none
1399,1,1,2026-08-23,2026-08-23,1,339.16,339.16,303.59,303.59,13.81,13.81,2.0,0.0333,isolated,35.57,35.57,1.0,13.81,1.0,1.0,0,0,0,-0.1284,0,NORMAL,NORMAL_THERMAL_ACTIVITY,Thermal activity falls within normal statistical bounds.,none
1400,1,1,2026-08-23,2026-08-23,1,332.03,332.03,289.06,289.06,3.0,3.0,2.0,0.0333,isolated,42.97,42.97,1.0,3.0,1.0,1.0,0,0,0,-0.2099,0,NORMAL,NORMAL_THERMAL_ACTIVITY,Thermal activity falls within normal statistical bounds.,none
1401,1,1,2026-08-23,2026-08-23,1,335.13,335.13,300.09,300.09,2.35,2.35,2.0,0.0333,isolated,35.04,35.04,1.0,2.35,1.0,1.0,0,0,0,-0.2186,0,NORMAL,NORMAL_THERMAL_ACTIVITY,Thermal activity falls within normal statistical bounds.,none
1402,1,1,2026-08-23,2026-08-23,1,335.06,335.06,298.72,298.72,3.86,3.86,2.0,0.0333,isolated,36.34,36.34,1.0,3.86,1.0,1.0,0,0,0,-0.2199,0,NORMAL,NORMAL_THERMAL_ACTIVITY,Thermal activity falls within normal statistical bounds.,none
1403,1,1,2026-08-23,2026-08-23,1,333.38,333.38,284.37,284.37,2.2,2.2,2.0,0.0333,isolated,49.01,49.01,1.0,2.2,1.0,1.0,0,0,0,-0.192,0,NORMAL,NORMAL_THERMAL_ACTIVITY,Thermal activity falls within normal statistical bounds.,none
1404,1,1,2026-08-23,2026-08-23,1,337.47,337.47,292.24,292.24,4.05,4.05,2.0,0.0333,isolated,45.23,45.23,1.0,4.05,1.0,1.0,0,0,0,-0.2079,0,NORMAL,NORMAL_THERMAL_ACTIVITY,Thermal activity falls within normal statistical bounds.,none
1405,1,1,2026-08-23,2026-08-23,1,331.67,331.67,288.08,288.08,3.53,3.53,2.0,0.0333,isolated,43.59,43.59,1.0,3.53,1.0,1.0,0,0,0,-0.2099,0,NORMAL,NORMAL_THERMAL_ACTIVITY,Thermal activity falls within normal statistical bounds.,none
1406,6,6,2026-08-23,2026-08-28,6,325.31,343.86,299.218,308.24,5.378,12.98,1.833,0.2,persistent,26.092,35.62,0.4143,0.8963,1.0,1.0,1,1,2,0.0754,1,HIGH,MULTI_FACTOR_ANOMALY,High abnormality primarily associated with elevated thermal intensity and persistent multi-day activity.,"max_bright_ti4,active_days"
1407,3,2,2026-08-23,2026-08-25,3,297.387,298.73,279.733,282.29,1.413,2.08,2.0,0.0667,short_lived_repeated,17.654,16.44,0.6793,0.471,1.0,0.6667,1,0,1,-0.0704,0,NORMAL,NORMAL_THERMAL_ACTIVITY,Thermal activity falls within normal statistical bounds.,none
1408,1,1,2026-08-23,2026-08-23,1,301.3,301.3,282.87,282.87,1.8,1.8,2.0,0.0333,isolated,18.43,18.43,1.0,1.8,1.0,1.0,0,0,0,-0.1725,0,NORMAL,NORMAL_THERMAL_ACTIVITY,Thermal activity falls within normal statistical bounds.,none
1409,1,1,2026-08-23,2026-08-23,1,302.42,302.42,282.55,282.55,1.21,1.21,2.0,0.0333,isolated,19.87,19.87,1.0,1.21,1.0,1.0,0,0,0,-0.1834,0,NORMAL,NORMAL_THERMAL_ACTIVITY,Thermal activity falls within normal statistical bounds.,none
1410,1,1,2026-08-23,2026-08-23,1,302.84,302.84,279.41,279.41,0.28,0.28,2.0,0.0333,isolated,23.43,23.43,1.0,0.28,1.0,1.0,0,0,0,-0.1699,0,NORMAL,NORMAL_THERMAL_ACTIVITY,Thermal activity falls within normal statistical bounds.,none
1411,5,2,2026-08-23,2026-08-24,2,301.592,304.62,289.546,291.29,0.806,1.46,2.0,0.0667,short_lived_repeated,12.046,13.33,0.5521,0.1612,2.5,1.0,1,0,1,-0.0375,0,ELEVATED,STATISTICAL_ANOMALY,Elevated abnormality primarily associated with unusual multi-variate statistical signature.,multivariate_combination
1412,1,1,2026-08-23,2026-08-23,1,299.87,299.87,284.18,284.18,0.62,0.62,2.0,0.0333,isolated,15.69,15.69,1.0,0.62,1.0,1.0,0,0,0,-0.1613,0,NORMAL,NORMAL_THERMAL_ACTIVITY,Thermal activity falls within normal statistical bounds.,none
1413,1,1,2026-08-23,2026-08-23,1,303.21,303.21,287.36,287.36,0.91,0.91,2.0,0.0333,isolated,15.85,15.85,1.0,0.91,1.0,1.0,0,0,0,-0.1791,0,NORMAL,NORMAL_THERMAL_ACTIVITY,Thermal activity falls within normal statistical bounds.,none
1414,2,1,2026-08-23,2026-08-23,1,304.01,305.0,285.73,286.05,3.135,3.28,2.0,0.0333,isolated,18.28,18.95,0.9558,1.5675,2.0,1.0,0,0,0,-0.141,0,NORMAL,NORMAL_THERMAL_ACTIVITY,Thermal activity falls within normal statistical bounds.,none
1415,1,1,2026-08-23,2026-08-23,1,303.18,303.18,287.27,287.27,2.26,2.26,2.0,0.0333,isolated,15.91,15.91,1.0,2.26,1.0,1.0,0,0,0,-0.1709,0,NORMAL,NORMAL_THERMAL_ACTIVITY,Thermal activity falls within normal statistical bounds.,none
1416,3,2,2026-08-23,2026-08-25,3,314.36,327.41,287.763,291.53,2.997,4.73,2.0,0.0667,short_lived_repeated,26.597,35.88,0.6336,0.999,1.0,0.6667,1,0,1,-0.105,0,NORMAL,NORMAL_THERMAL_ACTIVITY,Thermal activity falls within normal statistical bounds.,none
1417,6,1,2026-08-23,2026-08-23,1,309.737,332.29,287.173,290.02,1.937,2.6,2.0,0.0333,isolated,22.564,42.27,0.745,0.3228,6.0,1.0,0,0,0,-0.0338,0,ELEVATED,STATISTICAL_ANOMALY,Elevated abnormality primarily associated with unusual multi-variate statistical signature.,multivariate_combination
1418,1,1,2026-08-23,2026-08-23,1,318.63,318.63,291.13,291.13,3.34,3.34,2.0,0.0333,isolated,27.5,27.5,1.0,3.34,1.0,1.0,0,0,0,-0.1992,0,NORMAL,NORMAL_THERMAL_ACTIVITY,Thermal activity falls within normal statistical bounds.,none
1419,1,1,2026-08-23,2026-08-23,1,303.8,303.8,292.27,292.27,1.72,1.72,2.0,0.0333,isolated,11.53,11.53,1.0,1.72,1.0,1.0,0,0,0,-0.1699,0,NORMAL,NORMAL_THERMAL_ACTIVITY,Thermal activity falls within normal statistical bounds.,none
1420,3,2,2026-08-23,2026-08-24,2,304.787,305.3,292.087,293.03,0.88,0.98,2.0,0.0667,short_lived_repeated,12.7,12.27,0.898,0.2933,1.5,1.0,1,0,1,-0.0795,0,NORMAL,NORMAL_THERMAL_ACTIVITY,Thermal activity falls within normal statistical bounds.,none
1421,2,2,2026-08-23,2026-08-24,2,310.06,310.56,293.515,295.69,1.385,2.22,2.0,0.0667,short_lived_repeated,16.545,14.87,0.6239,0.6925,1.0,1.0,1,0,1,-0.1041,0,NORMAL,NORMAL_THERMAL_ACTIVITY,Thermal activity falls within normal statistical bounds.,none
1422,1,1,2026-08-23,2026-08-23,1,307.37,307.37,290.96,290.96,1.47,1.47,2.0,0.0333,isolated,16.41,16.41,1.0,1.47,1.0,1.0,0,0,0,-0.1941,0,NORMAL,NORMAL_THERMAL_ACTIVITY,Thermal activity falls within normal statistical bounds.,none
1423,2,1,2026-08-23,2026-08-23,1,306.42,307.42,292.14,292.19,1.605,1.71,2.0,0.0333,isolated,14.28,15.23,0.9386,0.8025,2.0,1.0,0,0,0,-0.1431,0,NORMAL,NORMAL_THERMAL_ACTIVITY,Thermal activity falls within normal statistical bounds.,none
1424,2,2,2026-08-23,2026-08-24,2,309.7,317.95,290.55,290.77,1.375,2.2,2.0,0.0667,short_lived_repeated,19.15,27.18,0.625,0.6875,1.0,1.0,1,0,1,-0.1076,0,NORMAL,NORMAL_THERMAL_ACTIVITY,Thermal activity falls within normal statistical bounds.,none
1425,1,1,2026-08-23,2026-08-23,1,308.69,308.69,287.11,287.11,1.5,1.5,2.0,0.0333,isolated,21.58,21.58,1.0,1.5,1.0,1.0,0,0,0,-0.1948,0,NORMAL,NORMAL_THERMAL_ACTIVITY,Thermal activity falls within normal statistical bounds.,none
1426,2,1,2026-08-24,2026-08-24,1,343.195,343.6,308.02,309.57,14.92,20.93,2.0,0.0333,isolated,35.175,34.03,0.7129,7.46,2.0,1.0,0,0,0,-0.06,0,NORMAL,NORMAL_THERMAL_ACTIVITY,Thermal activity falls within normal statistical bounds.,none
1427,1,1,2026-08-24,2026-08-24,1,332.46,332.46,295.91,295.91,3.33,3.33,1.0,0.0333,isolated,36.55,36.55,1.0,3.33,1.0,1.0,0,0,0,-0.1199,0,NORMAL,NORMAL_THERMAL_ACTIVITY,Thermal activity falls within normal statistical bounds.,none
1428,1,1,2026-08-24,2026-08-24,1,338.62,338.62,298.43,298.43,6.03,6.03,1.0,0.0333,isolated,40.19,40.19,1.0,6.03,1.0,1.0,0,0,0,-0.104,0,NORMAL,NORMAL_THERMAL_ACTIVITY,Thermal activity falls within normal statistical bounds.,none
1429,3,1,2026-08-24,2026-08-24,1,333.48,335.68,288.64,289.12,3.01,3.01,2.0,0.0333,isolated,44.84,46.56,1.0,1.0033,3.0,1.0,0,0,0,-0.1426,0,NORMAL,NORMAL_THERMAL_ACTIVITY,Thermal activity falls within normal statistical bounds.,none
1430,1,1,2026-08-24,2026-08-24,1,331.03,331.03,300.39,300.39,2.69,2.69,2.0,0.0333,isolated,30.64,30.64,1.0,2.69,1.0,1.0,0,0,0,-0.212,0,NORMAL,NORMAL_THERMAL_ACTIVITY,Thermal activity falls within normal statistical bounds.,none
1431,1,1,2026-08-24,2026-08-24,1,300.3,300.3,277.44,277.44,0.92,0.92,2.0,0.0333,isolated,22.86,22.86,1.0,0.92,1.0,1.0,0,0,0,-0.1728,0,NORMAL,NORMAL_THERMAL_ACTIVITY,Thermal activity falls within normal statistical bounds.,none
1432,4,3,2026-08-24,2026-08-26,3,314.605,331.24,287.928,296.24,4.132,9.96,1.75,0.1,short_lived_repeated,26.677,35.0,0.4149,1.033,1.3333,1.0,1,0,1,0.0015,1,HIGH,STATISTICAL_ANOMALY,High abnormality primarily associated with unusual multi-variate statistical signature.,multivariate_combination
1433,2,1,2026-08-24,2026-08-24,1,300.61,302.44,286.195,286.23,0.99,1.08,2.0,0.0333,isolated,14.415,16.21,0.9167,0.495,2.0,1.0,0,0,0,-0.1264,0,NORMAL,NORMAL_THERMAL_ACTIVITY,Thermal activity falls within normal statistical bounds.,none
1434,1,1,2026-08-24,2026-08-24,1,303.53,303.53,291.91,291.91,0.76,0.76,2.0,0.0333,isolated,11.62,11.62,1.0,0.76,1.0,1.0,0,0,0,-0.165,0,NORMAL,NORMAL_THERMAL_ACTIVITY,Thermal activity falls within normal statistical bounds.,none
1435,4,3,2026-08-24,2026-08-26,3,306.085,312.46,288.89,291.81,1.19,1.97,2.0,0.1,short_lived_repeated,17.195,20.65,0.6041,0.2975,1.3333,1.0,1,0,1,-0.077,0,NORMAL,NORMAL_THERMAL_ACTIVITY,Thermal activity falls within normal statistical bounds.,none
1436,9,2,2026-08-24,2026-08-25,2,315.638,339.9,293.3,294.07,4.017,7.01,2.0,0.0667,short_lived_repeated,22.338,45.83,0.573,0.4463,4.5,1.0,1,0,1,-0.0414,0,ELEVATED,SHORT_LIVED_EXTREME_EVENT,Elevated abnormality primarily associated with elevated thermal intensity.,bt_diff_max
1437,6,2,2026-08-24,2026-08-25,2,313.752,330.6,293.91,294.18,2.238,3.76,2.0,0.0667,short_lived_repeated,19.842,36.42,0.5952,0.373,3.0,1.0,1,0,1,-0.0874,0,NORMAL,NORMAL_THERMAL_ACTIVITY,Thermal activity falls within normal statistical bounds.,none
1438,1,1,2026-08-25,2026-08-25,1,331.71,331.71,289.56,289.56,1.82,1.82,2.0,0.0333,isolated,42.15,42.15,1.0,1.82,1.0,1.0,0,0,0,-0.2036,0,NORMAL,NORMAL_THERMAL_ACTIVITY,Thermal activity falls within normal statistical bounds.,none
1439,1,1,2026-08-25,2026-08-25,1,337.02,337.02,291.31,291.31,3.45,3.45,2.0,0.0333,isolated,45.71,45.71,1.0,3.45,1.0,1.0,0,0,0,-0.2056,0,NORMAL,NORMAL_THERMAL_ACTIVITY,Thermal activity falls within normal statistical bounds.,none
1440,1,1,2026-08-25,2026-08-25,1,331.45,331.45,297.05,297.05,3.57,3.57,2.0,0.0333,isolated,34.4,34.4,1.0,3.57,1.0,1.0,0,0,0,-0.2169,0,NORMAL,NORMAL_THERMAL_ACTIVITY,Thermal activity falls within normal statistical bounds.,none
1441,1,1,2026-08-25,2026-08-25,1,332.03,332.03,288.06,288.06,4.27,4.27,2.0,0.0333,isolated,43.97,43.97,1.0,4.27,1.0,1.0,0,0,0,-0.2081,0,NORMAL,NORMAL_THERMAL_ACTIVITY,Thermal activity falls within normal statistical bounds.,none
1442,1,1,2026-08-25,2026-08-25,1,336.09,336.09,295.12,295.12,3.57,3.57,2.0,0.0333,isolated,40.97,40.97,1.0,3.57,1.0,1.0,0,0,0,-0.2138,0,NORMAL,NORMAL_THERMAL_ACTIVITY,Thermal activity falls within normal statistical bounds.,none
1443,1,1,2026-08-25,2026-08-25,1,331.31,331.31,298.51,298.51,0.9,0.9,2.0,0.0333,isolated,32.8,32.8,1.0,0.9,1.0,1.0,0,0,0,-0.1936,0,NORMAL,NORMAL_THERMAL_ACTIVITY,Thermal activity falls within normal statistical bounds.,none
1444,3,2,2026-08-25,2026-08-26,2,304.563,310.96,282.077,289.53,1.117,1.23,2.0,0.0667,short_lived_repeated,22.486,21.43,0.9081,0.3723,1.5,1.0,1,0,1,-0.1089,0,NORMAL,NORMAL_THERMAL_ACTIVITY,Thermal activity falls within normal statistical bounds.,none
1445,1,1,2026-08-25,2026-08-25,1,301.03,301.03,280.3,280.3,2.37,2.37,2.0,0.0333,isolated,20.73,20.73,1.0,2.37,1.0,1.0,0,0,0,-0.167,0,NORMAL,NORMAL_THERMAL_ACTIVITY,Thermal activity falls within normal statistical bounds.,none
1446,4,1,2026-08-25,2026-08-25,1,308.232,314.57,286.825,290.19,2.5,3.85,2.0,0.0333,isolated,21.407,24.38,0.6494,0.625,4.0,1.0,0,0,0,-0.0788,0,NORMAL,NORMAL_THERMAL_ACTIVITY,Thermal activity falls within normal statistical bounds.,none
1447,1,1,2026-08-25,2026-08-25,1,301.02,301.02,277.24,277.24,0.73,0.73,2.0,0.0333,isolated,23.78,23.78,1.0,0.73,1.0,1.0,0,0,0,-0.1731,0,NORMAL,NORMAL_THERMAL_ACTIVITY,Thermal activity falls within normal statistical bounds.,none
1448,1,1,2026-08-25,2026-08-25,1,306.17,306.17,283.28,283.28,1.35,1.35,2.0,0.0333,isolated,22.89,22.89,1.0,1.35,1.0,1.0,0,0,0,-0.196,0,NORMAL,NORMAL_THERMAL_ACTIVITY,Thermal activity falls within normal statistical bounds.,none
1449,2,1,2026-08-25,2026-08-25,1,304.045,305.27,285.91,286.28,0.71,0.71,2.0,0.0333,isolated,18.135,18.99,1.0,0.355,2.0,1.0,0,0,0,-0.146,0,NORMAL,NORMAL_THERMAL_ACTIVITY,Thermal activity falls within normal statistical bounds.,none
1450,5,4,2026-08-25,2026-08-28,4,310.72,316.27,284.718,291.73,1.808,2.76,2.0,0.1333,short_lived_repeated,26.002,24.54,0.6551,0.3616,1.25,1.0,1,0,1,-0.0585,0,NORMAL,NORMAL_THERMAL_ACTIVITY,Thermal activity falls within normal statistical bounds.,none
1451,8,3,2026-08-25,2026-08-28,4,305.721,309.04,289.665,292.29,1.408,1.88,2.0,0.1,short_lived_repeated,16.056,16.75,0.7489,0.176,2.0,0.75,1,0,1,-0.0398,0,ELEVATED,STATISTICAL_ANOMALY,Elevated abnormality primarily associated with unusual multi-variate statistical signature.,multivariate_combination
1452,1,1,2026-08-25,2026-08-25,1,305.15,305.15,292.43,292.43,1.23,1.23,2.0,0.0333,isolated,12.72,12.72,1.0,1.23,1.0,1.0,0,0,0,-0.1749,0,NORMAL,NORMAL_THERMAL_ACTIVITY,Thermal activity falls within normal statistical bounds.,none
1453,3,2,2026-08-25,2026-08-26,2,303.983,308.16,289.15,290.46,1.483,1.7,2.0,0.0667,short_lived_repeated,14.833,17.7,0.8724,0.4943,1.5,1.0,1,0,1,-0.1136,0,NORMAL,NORMAL_THERMAL_ACTIVITY,Thermal activity falls within normal statistical bounds.,none
1454,1,1,2026-08-25,2026-08-25,1,305.93,305.93,291.89,291.89,2.33,2.33,2.0,0.0333,isolated,14.04,14.04,1.0,2.33,1.0,1.0,0,0,0,-0.1806,0,NORMAL,NORMAL_THERMAL_ACTIVITY,Thermal activity falls within normal statistical bounds.,none
1455,2,2,2026-08-25,2026-08-27,3,307.21,308.11,288.66,291.11,1.29,1.53,2.0,0.0667,short_lived_repeated,18.55,17.0,0.8431,0.645,0.6667,0.6667,1,0,1,-0.0946,0,NORMAL,NORMAL_THERMAL_ACTIVITY,Thermal activity falls within normal statistical bounds.,none
1456,3,2,2026-08-25,2026-08-28,4,315.84,333.21,291.64,292.56,2.877,3.2,2.0,0.0667,short_lived_repeated,24.2,40.65,0.8991,0.959,0.75,0.5,1,0,1,-0.0934,0,NORMAL,NORMAL_THERMAL_ACTIVITY,Thermal activity falls within normal statistical bounds.,none
1457,1,1,2026-08-25,2026-08-25,1,314.73,314.73,290.13,290.13,1.88,1.88,2.0,0.0333,isolated,24.6,24.6,1.0,1.88,1.0,1.0,0,0,0,-0.1944,0,NORMAL,NORMAL_THERMAL_ACTIVITY,Thermal activity falls within normal statistical bounds.,none
1458,1,1,2026-08-25,2026-08-25,1,308.46,308.46,290.78,290.78,1.32,1.32,2.0,0.0333,isolated,17.68,17.68,1.0,1.32,1.0,1.0,0,0,0,-0.1926,0,NORMAL,NORMAL_THERMAL_ACTIVITY,Thermal activity falls within normal statistical bounds.,none
1459,1,1,2026-08-25,2026-08-25,1,304.63,304.63,289.61,289.61,1.21,1.21,2.0,0.0333,isolated,15.02,15.02,1.0,1.21,1.0,1.0,0,0,0,-0.1867,0,NORMAL,NORMAL_THERMAL_ACTIVITY,Thermal activity falls within normal statistical bounds.,none
1460,1,1,2026-08-25,2026-08-25,1,307.1,307.1,290.05,290.05,1.29,1.29,2.0,0.0333,isolated,17.05,17.05,1.0,1.29,1.0,1.0,0,0,0,-0.1931,0,NORMAL,NORMAL_THERMAL_ACTIVITY,Thermal activity falls within normal statistical bounds.,none
1461,1,1,2026-08-25,2026-08-25,1,309.0,309.0,289.59,289.59,2.78,2.78,2.0,0.0333,isolated,19.41,19.41,1.0,2.78,1.0,1.0,0,0,0,-0.1829,0,NORMAL,NORMAL_THERMAL_ACTIVITY,Thermal activity falls within normal statistical bounds.,none
1462,1,1,2026-08-25,2026-08-25,1,306.81,306.81,287.73,287.73,1.19,1.19,2.0,0.0333,isolated,19.08,19.08,1.0,1.19,1.0,1.0,0,0,0,-0.1931,0,NORMAL,NORMAL_THERMAL_ACTIVITY,Thermal activity falls within normal statistical bounds.,none
1463,3,2,2026-08-25,2026-08-26,2,326.337,334.63,280.467,289.53,5.623,8.21,2.0,0.0667,short_lived_repeated,45.87,45.1,0.6849,1.8743,1.5,1.0,1,0,1,-0.1023,0,NORMAL,NORMAL_THERMAL_ACTIVITY,Thermal activity falls within normal statistical bounds.,none
1464,3,1,2026-08-25,2026-08-25,1,302.55,304.82,266.167,266.63,0.987,1.46,2.0,0.0333,isolated,36.383,38.19,0.676,0.329,3.0,1.0,0,0,0,-0.1009,0,NORMAL,NORMAL_THERMAL_ACTIVITY,Thermal activity falls within normal statistical bounds.,none
1465,1,1,2026-08-25,2026-08-25,1,305.38,305.38,283.61,283.61,1.6,1.6,2.0,0.0333,isolated,21.77,21.77,1.0,1.6,1.0,1.0,0,0,0,-0.1943,0,NORMAL,NORMAL_THERMAL_ACTIVITY,Thermal activity falls within normal statistical bounds.,none
1466,1,1,2026-08-25,2026-08-25,1,299.01,299.01,272.29,272.29,0.9,0.9,2.0,0.0333,isolated,26.72,26.72,1.0,0.9,1.0,1.0,0,0,0,-0.1714,0,NORMAL,NORMAL_THERMAL_ACTIVITY,Thermal activity falls within normal statistical bounds.,none
1467,1,1,2026-08-25,2026-08-25,1,304.36,304.36,281.42,281.42,0.7,0.7,2.0,0.0333,isolated,22.94,22.94,1.0,0.7,1.0,1.0,0,0,0,-0.184,0,NORMAL,NORMAL_THERMAL_ACTIVITY,Thermal activity falls within normal statistical bounds.,none
1468,11,3,2026-08-25,2026-08-28,4,313.475,331.26,289.402,292.45,2.753,5.23,2.0,0.1,short_lived_repeated,24.073,38.81,0.5264,0.2503,2.75,0.75,1,0,1,-0.0496,0,ELEVATED,STATISTICAL_ANOMALY,Elevated abnormality primarily associated with unusual multi-variate statistical signature.,multivariate_combination
1469,2,2,2026-08-25,2026-08-28,4,309.28,322.73,282.045,286.31,1.165,1.6,2.0,0.0667,short_lived_repeated,27.235,36.42,0.7281,0.5825,0.5,0.5,1,0,1,-0.0652,0,NORMAL,NORMAL_THERMAL_ACTIVITY,Thermal activity falls within normal statistical bounds.,none
1470,4,1,2026-08-25,2026-08-25,1,307.562,331.54,288.49,291.71,5.282,6.61,2.0,0.0333,isolated,19.072,39.83,0.7991,1.3205,4.0,1.0,0,0,0,-0.1045,0,NORMAL,NORMAL_THERMAL_ACTIVITY,Thermal activity falls within normal statistical bounds.,none
1471,4,2,2026-08-25,2026-08-26,2,306.98,310.21,288.21,292.91,1.21,2.63,2.0,0.0667,short_lived_repeated,18.77,17.3,0.4601,0.3025,2.0,1.0,1,0,1,-0.0793,0,NORMAL,NORMAL_THERMAL_ACTIVITY,Thermal activity falls within normal statistical bounds.,none
1472,1,1,2026-08-25,2026-08-25,1,307.02,307.02,294.39,294.39,2.03,2.03,2.0,0.0333,isolated,12.63,12.63,1.0,2.03,1.0,1.0,0,0,0,-0.1754,0,NORMAL,NORMAL_THERMAL_ACTIVITY,Thermal activity falls within normal statistical bounds.,none
1473,1,1,2026-08-25,2026-08-25,1,299.67,299.67,289.53,289.53,0.72,0.72,2.0,0.0333,isolated,10.14,10.14,1.0,0.72,1.0,1.0,0,0,0,-0.1396,0,NORMAL,NORMAL_THERMAL_ACTIVITY,Thermal activity falls within normal statistical bounds.,none
1474,3,2,2026-08-25,2026-08-28,4,300.013,303.23,287.9,290.45,1.827,2.57,2.0,0.0667,short_lived_repeated,12.113,12.78,0.7109,0.609,0.75,0.5,1,0,1,-0.0542,0,NORMAL,NORMAL_THERMAL_ACTIVITY,Thermal activity falls within normal statistical bounds.,none
1475,7,4,2026-08-25,2026-08-28,4,310.709,331.25,289.8,291.87,1.736,3.12,2.0,0.1333,short_lived_repeated,20.909,39.38,0.5564,0.248,1.75,1.0,1,0,1,-0.0402,0,ELEVATED,PERSISTENT_THERMAL_ACTIVITY,Elevated abnormality primarily associated with persistent multi-day activity.,active_days
1476,2,1,2026-08-26,2026-08-26,1,341.75,347.44,296.53,301.32,12.33,21.77,2.0,0.0333,isolated,45.22,46.12,0.5664,6.165,2.0,1.0,0,0,0,-0.0278,0,ELEVATED,MULTI_FACTOR_ANOMALY,Elevated abnormality primarily associated with elevated thermal intensity and elevated thermal energy (FRP).,"max_bright_ti4,bt_diff_max,max_frp,mean_frp"
1477,1,1,2026-08-26,2026-08-26,1,330.34,330.34,292.83,292.83,5.0,5.0,2.0,0.0333,isolated,37.51,37.51,1.0,5.0,1.0,1.0,0,0,0,-0.2081,0,NORMAL,NORMAL_THERMAL_ACTIVITY,Thermal activity falls within normal statistical bounds.,none
1478,1,1,2026-08-26,2026-08-26,1,347.16,347.16,294.02,294.02,3.99,3.99,2.0,0.0333,isolated,53.14,53.14,1.0,3.99,1.0,1.0,0,0,0,-0.1813,0,NORMAL,NORMAL_THERMAL_ACTIVITY,Thermal activity falls within normal statistical bounds.,none
1479,1,1,2026-08-26,2026-08-26,1,333.07,333.07,295.21,295.21,1.51,1.51,2.0,0.0333,isolated,37.86,37.86,1.0,1.51,1.0,1.0,0,0,0,-0.2003,0,NORMAL,NORMAL_THERMAL_ACTIVITY,Thermal activity falls within normal statistical bounds.,none
1480,2,1,2026-08-26,2026-08-26,1,332.64,334.29,291.9,292.53,5.355,6.57,2.0,0.0333,isolated,40.74,41.76,0.8151,2.6775,2.0,1.0,0,0,0,-0.1545,0,NORMAL,NORMAL_THERMAL_ACTIVITY,Thermal activity falls within normal statistical bounds.,none
1481,1,1,2026-08-26,2026-08-26,1,335.24,335.24,293.52,293.52,8.29,8.29,2.0,0.0333,isolated,41.72,41.72,1.0,8.29,1.0,1.0,0,0,0,-0.1867,0,NORMAL,NORMAL_THERMAL_ACTIVITY,Thermal activity falls within normal statistical bounds.,none
1482,2,1,2026-08-26,2026-08-26,1,332.045,333.57,294.78,297.69,2.805,3.28,2.0,0.0333,isolated,37.265,35.88,0.8552,1.4025,2.0,1.0,0,0,0,-0.1744,0,NORMAL,NORMAL_THERMAL_ACTIVITY,Thermal activity falls within normal statistical bounds.,none
1483,2,1,2026-08-26,2026-08-26,1,331.305,332.83,295.815,296.61,6.97,9.21,1.0,0.0333,isolated,35.49,36.22,0.7568,3.485,2.0,1.0,0,0,0,-0.04,0,ELEVATED,STATISTICAL_ANOMALY,Elevated abnormality primarily associated with unusual multi-variate statistical signature.,multivariate_combination
1484,2,1,2026-08-26,2026-08-26,1,332.96,334.29,293.38,293.69,4.43,5.23,2.0,0.0333,isolated,39.58,40.6,0.847,2.215,2.0,1.0,0,0,0,-0.1684,0,NORMAL,NORMAL_THERMAL_ACTIVITY,Thermal activity falls within normal statistical bounds.,none
1485,2,1,2026-08-26,2026-08-26,1,330.795,330.93,291.685,291.89,3.085,3.38,2.0,0.0333,isolated,39.11,39.04,0.9127,1.5425,2.0,1.0,0,0,0,-0.1774,0,NORMAL,NORMAL_THERMAL_ACTIVITY,Thermal activity falls within normal statistical bounds.,none
1486,1,1,2026-08-26,2026-08-26,1,338.78,338.78,299.85,299.85,6.85,6.85,2.0,0.0333,isolated,38.93,38.93,1.0,6.85,1.0,1.0,0,0,0,-0.1931,0,NORMAL,NORMAL_THERMAL_ACTIVITY,Thermal activity falls within normal statistical bounds.,none
1487,2,1,2026-08-26,2026-08-26,1,336.095,336.71,296.73,297.98,3.015,3.51,2.0,0.0333,isolated,39.365,38.73,0.859,1.5075,2.0,1.0,0,0,0,-0.18,0,NORMAL,NORMAL_THERMAL_ACTIVITY,Thermal activity falls within normal statistical bounds.,none
1488,1,1,2026-08-26,2026-08-26,1,336.04,336.04,285.33,285.33,5.73,5.73,2.0,0.0333,isolated,50.71,50.71,1.0,5.73,1.0,1.0,0,0,0,-0.1928,0,NORMAL,NORMAL_THERMAL_ACTIVITY,Thermal activity falls within normal statistical bounds.,none
1489,1,1,2026-08-26,2026-08-26,1,340.06,340.06,300.91,300.91,4.38,4.38,2.0,0.0333,isolated,39.15,39.15,1.0,4.38,1.0,1.0,0,0,0,-0.2095,0,NORMAL,NORMAL_THERMAL_ACTIVITY,Thermal activity falls within normal statistical bounds.,none
1490,3,2,2026-08-26,2026-08-27,2,349.42,355.42,298.437,303.31,8.907,11.04,2.0,0.0667,short_lived_repeated,50.983,52.11,0.8068,2.969,1.5,1.0,1,0,1,-0.0378,0,ELEVATED,SHORT_LIVED_EXTREME_EVENT,Elevated abnormality primarily associated with elevated thermal intensity.,"max_bright_ti4,bt_diff_max"
1491,1,1,2026-08-26,2026-08-26,1,336.15,336.15,294.31,294.31,4.04,4.04,2.0,0.0333,isolated,41.84,41.84,1.0,4.04,1.0,1.0,0,0,0,-0.2146,0,NORMAL,NORMAL_THERMAL_ACTIVITY,Thermal activity falls within normal statistical bounds.,none
1492,1,1,2026-08-26,2026-08-26,1,330.28,330.28,293.57,293.57,1.86,1.86,2.0,0.0333,isolated,36.71,36.71,1.0,1.86,1.0,1.0,0,0,0,-0.2111,0,NORMAL,NORMAL_THERMAL_ACTIVITY,Thermal activity falls within normal statistical bounds.,none
1493,1,1,2026-08-26,2026-08-26,1,332.79,332.79,300.25,300.25,4.18,4.18,2.0,0.0333,isolated,32.54,32.54,1.0,4.18,1.0,1.0,0,0,0,-0.2177,0,NORMAL,NORMAL_THERMAL_ACTIVITY,Thermal activity falls within normal statistical bounds.,none
1494,1,1,2026-08-26,2026-08-26,1,341.29,341.29,296.66,296.66,5.71,5.71,2.0,0.0333,isolated,44.63,44.63,1.0,5.71,1.0,1.0,0,0,0,-0.1961,0,NORMAL,NORMAL_THERMAL_ACTIVITY,Thermal activity falls within normal statistical bounds.,none
1495,1,1,2026-08-26,2026-08-26,1,341.68,341.68,303.65,303.65,4.61,4.61,2.0,0.0333,isolated,38.03,38.03,1.0,4.61,1.0,1.0,0,0,0,-0.2069,0,NORMAL,NORMAL_THERMAL_ACTIVITY,Thermal activity falls within normal statistical bounds.,none
1496,1,1,2026-08-26,2026-08-26,1,336.44,336.44,295.58,295.58,4.14,4.14,2.0,0.0333,isolated,40.86,40.86,1.0,4.14,1.0,1.0,0,0,0,-0.2146,0,NORMAL,NORMAL_THERMAL_ACTIVITY,Thermal activity falls within normal statistical bounds.,none
1497,1,1,2026-08-26,2026-08-26,1,330.64,330.64,300.06,300.06,2.19,2.19,2.0,0.0333,isolated,30.58,30.58,1.0,2.19,1.0,1.0,0,0,0,-0.2124,0,NORMAL,NORMAL_THERMAL_ACTIVITY,Thermal activity falls within normal statistical bounds.,none
1498,1,1,2026-08-26,2026-08-26,1,331.26,331.26,303.36,303.36,1.61,1.61,1.0,0.0333,isolated,27.9,27.9,1.0,1.61,1.0,1.0,0,0,0,-0.1032,0,NORMAL,NORMAL_THERMAL_ACTIVITY,Thermal activity falls within normal statistical bounds.,none
1499,1,1,2026-08-26,2026-08-26,1,342.13,342.13,302.82,302.82,13.42,13.42,2.0,0.0333,isolated,39.31,39.31,1.0,13.42,1.0,1.0,0,0,0,-0.129,0,NORMAL,NORMAL_THERMAL_ACTIVITY,Thermal activity falls within normal statistical bounds.,none
1500,1,1,2026-08-26,2026-08-26,1,335.46,335.46,300.16,300.16,2.81,2.81,2.0,0.0333,isolated,35.3,35.3,1.0,2.81,1.0,1.0,0,0,0,-0.2172,0,NORMAL,NORMAL_THERMAL_ACTIVITY,Thermal activity falls within normal statistical bounds.,none
1501,1,1,2026-08-26,2026-08-26,1,330.79,330.79,297.18,297.18,1.44,1.44,2.0,0.0333,isolated,33.61,33.61,1.0,1.44,1.0,1.0,0,0,0,-0.201,0,NORMAL,NORMAL_THERMAL_ACTIVITY,Thermal activity falls within normal statistical bounds.,none
1502,1,1,2026-08-26,2026-08-26,1,334.78,334.78,298.13,298.13,3.78,3.78,2.0,0.0333,isolated,36.65,36.65,1.0,3.78,1.0,1.0,0,0,0,-0.2193,0,NORMAL,NORMAL_THERMAL_ACTIVITY,Thermal activity falls within normal statistical bounds.,none
1503,1,1,2026-08-26,2026-08-26,1,334.78,334.78,299.14,299.14,4.44,4.44,2.0,0.0333,isolated,35.64,35.64,1.0,4.44,1.0,1.0,0,0,0,-0.217,0,NORMAL,NORMAL_THERMAL_ACTIVITY,Thermal activity falls within normal statistical bounds.,none
1504,1,1,2026-08-26,2026-08-26,1,331.1,331.1,298.76,298.76,3.09,3.09,2.0,0.0333,isolated,32.34,32.34,1.0,3.09,1.0,1.0,0,0,0,-0.2158,0,NORMAL,NORMAL_THERMAL_ACTIVITY,Thermal activity falls within normal statistical bounds.,none
1505,1,1,2026-08-26,2026-08-26,1,339.33,339.33,298.39,298.39,3.71,3.71,2.0,0.0333,isolated,40.94,40.94,1.0,3.71,1.0,1.0,0,0,0,-0.2111,0,NORMAL,NORMAL_THERMAL_ACTIVITY,Thermal activity falls within normal statistical bounds.,none
1506,1,1,2026-08-26,2026-08-26,1,333.76,333.76,294.68,294.68,3.12,3.12,2.0,0.0333,isolated,39.08,39.08,1.0,3.12,1.0,1.0,0,0,0,-0.217,0,NORMAL,NORMAL_THERMAL_ACTIVITY,Thermal activity falls within normal statistical bounds.,none
1507,1,1,2026-08-26,2026-08-26,1,337.96,337.96,302.29,302.29,4.52,4.52,2.0,0.0333,isolated,35.67,35.67,1.0,4.52,1.0,1.0,0,0,0,-0.2136,0,NORMAL,NORMAL_THERMAL_ACTIVITY,Thermal activity falls within normal statistical bounds.,none
1508,1,1,2026-08-26,2026-08-26,1,340.98,340.98,297.14,297.14,5.67,5.67,2.0,0.0333,isolated,43.84,43.84,1.0,5.67,1.0,1.0,0,0,0,-0.1985,0,NORMAL,NORMAL_THERMAL_ACTIVITY,Thermal activity falls within normal statistical bounds.,none
1509,3,2,2026-08-26,2026-08-28,3,325.683,337.25,292.19,299.05,3.547,4.32,2.0,0.0667,short_lived_repeated,33.493,38.2,0.8211,1.1823,1.0,0.6667,1,0,1,-0.119,0,NORMAL,NORMAL_THERMAL_ACTIVITY,Thermal activity falls within normal statistical bounds.,none
1510,1,1,2026-08-26,2026-08-26,1,332.95,332.95,302.63,302.63,1.86,1.86,2.0,0.0333,isolated,30.32,30.32,1.0,1.86,1.0,1.0,0,0,0,-0.2101,0,NORMAL,NORMAL_THERMAL_ACTIVITY,Thermal activity falls within normal statistical bounds.,none
1511,1,1,2026-08-26,2026-08-26,1,337.15,337.15,294.81,294.81,4.12,4.12,2.0,0.0333,isolated,42.34,42.34,1.0,4.12,1.0,1.0,0,0,0,-0.2115,0,NORMAL,NORMAL_THERMAL_ACTIVITY,Thermal activity falls within normal statistical bounds.,none
1512,1,1,2026-08-26,2026-08-26,1,330.46,330.46,294.78,294.78,2.89,2.89,2.0,0.0333,isolated,35.68,35.68,1.0,2.89,1.0,1.0,0,0,0,-0.2156,0,NORMAL,NORMAL_THERMAL_ACTIVITY,Thermal activity falls within normal statistical bounds.,none
1513,1,1,2026-08-26,2026-08-26,1,340.97,340.97,298.13,298.13,3.84,3.84,2.0,0.0333,isolated,42.84,42.84,1.0,3.84,1.0,1.0,0,0,0,-0.2077,0,NORMAL,NORMAL_THERMAL_ACTIVITY,Thermal activity falls within normal statistical bounds.,none
1514,1,1,2026-08-26,2026-08-26,1,333.16,333.16,295.9,295.9,3.21,3.21,2.0,0.0333,isolated,37.26,37.26,1.0,3.21,1.0,1.0,0,0,0,-0.2182,0,NORMAL,NORMAL_THERMAL_ACTIVITY,Thermal activity falls within normal statistical bounds.,none
1515,1,1,2026-08-26,2026-08-26,1,326.38,326.38,277.14,277.14,2.84,2.84,2.0,0.0333,isolated,49.24,49.24,1.0,2.84,1.0,1.0,0,0,0,-0.1831,0,NORMAL,NORMAL_THERMAL_ACTIVITY,Thermal activity falls within normal statistical bounds.,none
1516,12,2,2026-08-26,2026-08-27,2,314.049,352.45,283.202,293.3,3.798,11.97,2.0,0.0667,short_lived_repeated,30.847,59.15,0.3173,0.3165,6.0,1.0,1,0,1,0.0539,1,HIGH,SHORT_LIVED_EXTREME_EVENT,High abnormality primarily associated with elevated thermal intensity.,"max_bright_ti4,bt_diff_max"
1517,4,2,2026-08-26,2026-08-27,2,318.495,339.3,283.195,293.99,4.958,9.02,2.0,0.0667,short_lived_repeated,35.3,45.31,0.5497,1.2395,2.0,1.0,1,0,1,-0.089,0,NORMAL,NORMAL_THERMAL_ACTIVITY,Thermal activity falls within normal statistical bounds.,none
1518,3,1,2026-08-26,2026-08-26,1,302.773,305.1,272.947,273.38,1.8,2.11,2.0,0.0333,isolated,29.826,31.72,0.8531,0.6,3.0,1.0,0,0,0,-0.1272,0,NORMAL,NORMAL_THERMAL_ACTIVITY,Thermal activity falls within normal statistical bounds.,none
1519,5,1,2026-08-26,2026-08-26,1,316.744,328.95,288.63,289.13,2.202,3.46,2.0,0.0333,isolated,28.114,39.82,0.6364,0.4404,5.0,1.0,0,0,0,-0.0611,0,NORMAL,NORMAL_THERMAL_ACTIVITY,Thermal activity falls within normal statistical bounds.,none
1520,2,1,2026-08-26,2026-08-26,1,318.405,326.31,286.92,287.05,2.73,4.18,2.0,0.0333,isolated,31.485,39.26,0.6531,1.365,2.0,1.0,0,0,0,-0.1362,0,NORMAL,NORMAL_THERMAL_ACTIVITY,Thermal activity falls within normal statistical bounds.,none
1521,1,1,2026-08-26,2026-08-26,1,300.84,300.84,285.29,285.29,0.71,0.71,2.0,0.0333,isolated,15.55,15.55,1.0,0.71,1.0,1.0,0,0,0,-0.1644,0,NORMAL,NORMAL_THERMAL_ACTIVITY,Thermal activity falls within normal statistical bounds.,none
1522,1,1,2026-08-26,2026-08-26,1,317.53,317.53,288.81,288.81,3.46,3.46,2.0,0.0333,isolated,28.72,28.72,1.0,3.46,1.0,1.0,0,0,0,-0.2006,0,NORMAL,NORMAL_THERMAL_ACTIVITY,Thermal activity falls within normal statistical bounds.,none
1523,9,3,2026-08-26,2026-08-28,3,306.148,315.54,278.958,281.99,1.076,1.99,2.0,0.1,short_lived_repeated,27.19,33.55,0.5407,0.1196,3.0,1.0,1,0,1,-0.031,0,ELEVATED,STATISTICAL_ANOMALY,Elevated abnormality primarily associated with unusual multi-variate statistical signature.,multivariate_combination
1524,2,2,2026-08-26,2026-08-28,3,308.33,308.46,290.83,292.48,1.775,2.22,2.0,0.0667,short_lived_repeated,17.5,15.98,0.7995,0.8875,0.6667,0.6667,1,0,1,-0.1001,0,NORMAL,NORMAL_THERMAL_ACTIVITY,Thermal activity falls within normal statistical bounds.,none
1525,1,1,2026-08-26,2026-08-26,1,322.25,322.25,291.52,291.52,6.81,6.81,2.0,0.0333,isolated,30.73,30.73,1.0,6.81,1.0,1.0,0,0,0,-0.1757,0,NORMAL,NORMAL_THERMAL_ACTIVITY,Thermal activity falls within normal statistical bounds.,none
1526,1,1,2026-08-26,2026-08-26,1,316.79,316.79,292.15,292.15,6.76,6.76,2.0,0.0333,isolated,24.64,24.64,1.0,6.76,1.0,1.0,0,0,0,-0.1632,0,NORMAL,NORMAL_THERMAL_ACTIVITY,Thermal activity falls within normal statistical bounds.,none
1527,2,1,2026-08-26,2026-08-26,1,305.595,305.65,291.115,291.23,1.545,1.64,2.0,0.0333,isolated,14.48,14.42,0.9421,0.7725,2.0,1.0,0,0,0,-0.14,0,NORMAL,NORMAL_THERMAL_ACTIVITY,Thermal activity falls within normal statistical bounds.,none
1528,1,1,2026-08-26,2026-08-26,1,305.36,305.36,283.23,283.23,1.9,1.9,2.0,0.0333,isolated,22.13,22.13,1.0,1.9,1.0,1.0,0,0,0,-0.191,0,NORMAL,NORMAL_THERMAL_ACTIVITY,Thermal activity falls within normal statistical bounds.,none
1529,1,1,2026-08-26,2026-08-26,1,322.77,322.77,280.0,280.0,1.69,1.69,2.0,0.0333,isolated,42.77,42.77,1.0,1.69,1.0,1.0,0,0,0,-0.1913,0,NORMAL,NORMAL_THERMAL_ACTIVITY,Thermal activity falls within normal statistical bounds.,none
1530,1,1,2026-08-26,2026-08-26,1,305.99,305.99,287.44,287.44,1.1,1.1,2.0,0.0333,isolated,18.55,18.55,1.0,1.1,1.0,1.0,0,0,0,-0.1918,0,NORMAL,NORMAL_THERMAL_ACTIVITY,Thermal activity falls within normal statistical bounds.,none
1531,1,1,2026-08-26,2026-08-26,1,329.4,329.4,290.9,290.9,2.58,2.58,2.0,0.0333,isolated,38.5,38.5,1.0,2.58,1.0,1.0,0,0,0,-0.2105,0,NORMAL,NORMAL_THERMAL_ACTIVITY,Thermal activity falls within normal statistical bounds.,none
1532,2,1,2026-08-26,2026-08-26,1,314.35,317.54,287.125,287.39,1.45,1.49,2.0,0.0333,isolated,27.225,30.15,0.9732,0.725,2.0,1.0,0,0,0,-0.1599,0,NORMAL,NORMAL_THERMAL_ACTIVITY,Thermal activity falls within normal statistical bounds.,none
1533,4,2,2026-08-26,2026-08-28,3,305.062,310.35,285.182,288.38,1.205,1.61,2.0,0.0667,short_lived_repeated,19.88,21.97,0.7484,0.3012,1.3333,0.6667,1,0,1,-0.0974,0,NORMAL,NORMAL_THERMAL_ACTIVITY,Thermal activity falls within normal statistical bounds.,none
1534,2,1,2026-08-26,2026-08-26,1,307.705,311.52,281.64,283.38,1.14,1.27,2.0,0.0333,isolated,26.065,28.14,0.8976,0.57,2.0,1.0,0,0,0,-0.1572,0,NORMAL,NORMAL_THERMAL_ACTIVITY,Thermal activity falls within normal statistical bounds.,none
1535,2,2,2026-08-26,2026-08-27,2,304.86,305.46,285.63,286.12,1.05,1.21,2.0,0.0667,short_lived_repeated,19.23,19.34,0.8678,0.525,1.0,1.0,1,0,1,-0.1164,0,NORMAL,NORMAL_THERMAL_ACTIVITY,Thermal activity falls within normal statistical bounds.,none
1536,1,1,2026-08-26,2026-08-26,1,301.59,301.59,288.41,288.41,0.8,0.8,2.0,0.0333,isolated,13.18,13.18,1.0,0.8,1.0,1.0,0,0,0,-0.1677,0,NORMAL,NORMAL_THERMAL_ACTIVITY,Thermal activity falls within normal statistical bounds.,none
1537,1,1,2026-08-26,2026-08-26,1,309.09,309.09,290.15,290.15,0.78,0.78,2.0,0.0333,isolated,18.94,18.94,1.0,0.78,1.0,1.0,0,0,0,-0.1841,0,NORMAL,NORMAL_THERMAL_ACTIVITY,Thermal activity falls within normal statistical bounds.,none
1538,1,1,2026-08-27,2026-08-27,1,333.87,333.87,299.61,299.61,6.5,6.5,2.0,0.0333,isolated,34.26,34.26,1.0,6.5,1.0,1.0,0,0,0,-0.1973,0,NORMAL,NORMAL_THERMAL_ACTIVITY,Thermal activity falls within normal statistical bounds.,none
1539,1,1,2026-08-27,2026-08-27,1,367.0,367.0,307.05,307.05,11.73,11.73,3.0,0.0333,isolated,59.95,59.95,1.0,11.73,1.0,1.0,0,0,0,0.022,1,HIGH,MULTI_FACTOR_ANOMALY,High abnormality primarily associated with elevated thermal intensity and elevated thermal energy (FRP).,"max_bright_ti4,bt_diff_max,mean_frp"
1540,1,1,2026-08-27,2026-08-27,1,336.68,336.68,302.71,302.71,2.82,2.82,1.0,0.0333,isolated,33.97,33.97,1.0,2.82,1.0,1.0,0,0,0,-0.1235,0,NORMAL,NORMAL_THERMAL_ACTIVITY,Thermal activity falls within normal statistical bounds.,none
1541,1,1,2026-08-27,2026-08-27,1,337.52,337.52,305.71,305.71,5.56,5.56,1.0,0.0333,isolated,31.81,31.81,1.0,5.56,1.0,1.0,0,0,0,-0.1173,0,NORMAL,NORMAL_THERMAL_ACTIVITY,Thermal activity falls within normal statistical bounds.,none
1542,1,1,2026-08-27,2026-08-27,1,339.38,339.38,303.83,303.83,8.89,8.89,1.0,0.0333,isolated,35.55,35.55,1.0,8.89,1.0,1.0,0,0,0,-0.0912,0,NORMAL,NORMAL_THERMAL_ACTIVITY,Thermal activity falls within normal statistical bounds.,none
1543,1,1,2026-08-27,2026-08-27,1,337.78,337.78,304.71,304.71,10.83,10.83,1.0,0.0333,isolated,33.07,33.07,1.0,10.83,1.0,1.0,0,0,0,-0.0545,0,NORMAL,NORMAL_THERMAL_ACTIVITY,Thermal activity falls within normal statistical bounds.,none
1544,1,1,2026-08-27,2026-08-27,1,338.56,338.56,302.91,302.91,6.26,6.26,1.0,0.0333,isolated,35.65,35.65,1.0,6.26,1.0,1.0,0,0,0,-0.1043,0,NORMAL,NORMAL_THERMAL_ACTIVITY,Thermal activity falls within normal statistical bounds.,none
1545,1,1,2026-08-27,2026-08-27,1,334.4,334.4,301.16,301.16,2.2,2.2,2.0,0.0333,isolated,33.24,33.24,1.0,2.2,1.0,1.0,0,0,0,-0.2187,0,NORMAL,NORMAL_THERMAL_ACTIVITY,Thermal activity falls within normal statistical bounds.,none
1546,2,1,2026-08-27,2026-08-27,1,337.435,337.59,302.605,302.98,4.57,4.86,2.0,0.0333,isolated,34.83,34.61,0.9403,2.285,2.0,1.0,0,0,0,-0.1768,0,NORMAL,NORMAL_THERMAL_ACTIVITY,Thermal activity falls within normal statistical bounds.,none
1547,1,1,2026-08-27,2026-08-27,1,334.69,334.69,301.31,301.31,6.34,6.34,1.0,0.0333,isolated,33.38,33.38,1.0,6.34,1.0,1.0,0,0,0,-0.0952,0,NORMAL,NORMAL_THERMAL_ACTIVITY,Thermal activity falls within normal statistical bounds.,none
1548,1,1,2026-08-27,2026-08-27,1,333.91,333.91,298.98,298.98,2.33,2.33,2.0,0.0333,isolated,34.93,34.93,1.0,2.33,1.0,1.0,0,0,0,-0.2182,0,NORMAL,NORMAL_THERMAL_ACTIVITY,Thermal activity falls within normal statistical bounds.,none
1549,1,1,2026-08-27,2026-08-27,1,335.49,335.49,302.06,302.06,9.48,9.48,1.0,0.0333,isolated,33.43,33.43,1.0,9.48,1.0,1.0,0,0,0,-0.0759,0,NORMAL,NORMAL_THERMAL_ACTIVITY,Thermal activity falls within normal statistical bounds.,none
1550,1,1,2026-08-27,2026-08-27,1,332.4,332.4,296.25,296.25,2.8,2.8,2.0,0.0333,isolated,36.15,36.15,1.0,2.8,1.0,1.0,0,0,0,-0.2182,0,NORMAL,NORMAL_THERMAL_ACTIVITY,Thermal activity falls within normal statistical bounds.,none
1551,1,1,2026-08-27,2026-08-27,1,334.91,334.91,300.14,300.14,3.56,3.56,2.0,0.0333,isolated,34.77,34.77,1.0,3.56,1.0,1.0,0,0,0,-0.2173,0,NORMAL,NORMAL_THERMAL_ACTIVITY,Thermal activity falls within normal statistical bounds.,none
1552,1,1,2026-08-27,2026-08-27,1,335.02,335.02,289.59,289.59,3.1,3.1,2.0,0.0333,isolated,45.43,45.43,1.0,3.1,1.0,1.0,0,0,0,-0.2098,0,NORMAL,NORMAL_THERMAL_ACTIVITY,Thermal activity falls within normal statistical bounds.,none
1553,1,1,2026-08-27,2026-08-27,1,335.39,335.39,305.04,305.04,8.72,8.72,1.0,0.0333,isolated,30.35,30.35,1.0,8.72,1.0,1.0,0,0,0,-0.0803,0,NORMAL,NORMAL_THERMAL_ACTIVITY,Thermal activity falls within normal statistical bounds.,none
1554,2,1,2026-08-27,2026-08-27,1,331.525,332.56,291.275,291.41,8.155,9.71,2.0,0.0333,isolated,40.25,41.15,0.8399,4.0775,2.0,1.0,0,0,0,-0.1352,0,NORMAL,NORMAL_THERMAL_ACTIVITY,Thermal activity falls within normal statistical bounds.,none
1555,2,1,2026-08-27,2026-08-27,1,342.0,342.14,302.1,303.32,5.76,6.8,2.0,0.0333,isolated,39.9,38.82,0.8471,2.88,2.0,1.0,0,0,0,-0.167,0,NORMAL,NORMAL_THERMAL_ACTIVITY,Thermal activity falls within normal statistical bounds.,none
1556,1,1,2026-08-27,2026-08-27,1,336.5,336.5,299.75,299.75,7.07,7.07,2.0,0.0333,isolated,36.75,36.75,1.0,7.07,1.0,1.0,0,0,0,-0.1952,0,NORMAL,NORMAL_THERMAL_ACTIVITY,Thermal activity falls within normal statistical bounds.,none
1557,1,1,2026-08-27,2026-08-27,1,331.57,331.57,294.28,294.28,3.55,3.55,2.0,0.0333,isolated,37.29,37.29,1.0,3.55,1.0,1.0,0,0,0,-0.2161,0,NORMAL,NORMAL_THERMAL_ACTIVITY,Thermal activity falls within normal statistical bounds.,none
1558,2,1,2026-08-27,2026-08-27,1,330.715,331.4,291.94,292.53,1.045,1.26,2.0,0.0333,isolated,38.775,38.87,0.8294,0.5225,2.0,1.0,0,0,0,-0.1527,0,NORMAL,NORMAL_THERMAL_ACTIVITY,Thermal activity falls within normal statistical bounds.,none
1559,2,1,2026-08-27,2026-08-27,1,337.66,343.32,296.495,296.61,6.87,9.27,2.0,0.0333,isolated,41.165,46.71,0.7411,3.435,2.0,1.0,0,0,0,-0.1353,0,NORMAL,NORMAL_THERMAL_ACTIVITY,Thermal activity falls within normal statistical bounds.,none
1560,1,1,2026-08-27,2026-08-27,1,330.37,330.37,292.71,292.71,4.92,4.92,2.0,0.0333,isolated,37.66,37.66,1.0,4.92,1.0,1.0,0,0,0,-0.2081,0,NORMAL,NORMAL_THERMAL_ACTIVITY,Thermal activity falls within normal statistical bounds.,none
1561,1,1,2026-08-27,2026-08-27,1,333.73,333.73,291.88,291.88,3.22,3.22,2.0,0.0333,isolated,41.85,41.85,1.0,3.22,1.0,1.0,0,0,0,-0.2161,0,NORMAL,NORMAL_THERMAL_ACTIVITY,Thermal activity falls within normal statistical bounds.,none
1562,1,1,2026-08-27,2026-08-27,1,332.96,332.96,294.52,294.52,1.69,1.69,2.0,0.0333,isolated,38.44,38.44,1.0,1.69,1.0,1.0,0,0,0,-0.207,0,NORMAL,NORMAL_THERMAL_ACTIVITY,Thermal activity falls within normal statistical bounds.,none
1563,1,1,2026-08-27,2026-08-27,1,330.9,330.9,295.82,295.82,4.69,4.69,2.0,0.0333,isolated,35.08,35.08,1.0,4.69,1.0,1.0,0,0,0,-0.2124,0,NORMAL,NORMAL_THERMAL_ACTIVITY,Thermal activity falls within normal statistical bounds.,none
1564,2,1,2026-08-27,2026-08-27,1,316.805,325.0,292.83,294.44,1.65,2.18,2.0,0.0333,isolated,23.975,30.56,0.7569,0.825,2.0,1.0,0,0,0,-0.1442,0,NORMAL,NORMAL_THERMAL_ACTIVITY,Thermal activity falls within normal statistical bounds.,none
1565,7,2,2026-08-27,2026-08-29,3,323.48,349.11,297.269,303.3,8.693,15.45,2.0,0.0667,short_lived_repeated,26.211,45.81,0.5627,1.2419,2.3333,0.6667,1,0,1,-0.0005,0,ELEVATED,MULTI_FACTOR_ANOMALY,Elevated abnormality primarily associated with elevated thermal intensity and elevated thermal energy (FRP).,"max_bright_ti4,bt_diff_max,max_frp"
1566,1,1,2026-08-27,2026-08-27,1,303.57,303.57,288.7,288.7,1.73,1.73,2.0,0.0333,isolated,14.87,14.87,1.0,1.73,1.0,1.0,0,0,0,-0.1812,0,NORMAL,NORMAL_THERMAL_ACTIVITY,Thermal activity falls within normal statistical bounds.,none
1567,1,1,2026-08-27,2026-08-27,1,296.94,296.94,264.64,264.64,0.31,0.31,2.0,0.0333,isolated,32.3,32.3,1.0,0.31,1.0,1.0,0,0,0,-0.1534,0,NORMAL,NORMAL_THERMAL_ACTIVITY,Thermal activity falls within normal statistical bounds.,none
1568,2,1,2026-08-27,2026-08-27,1,309.735,310.06,294.31,294.36,1.345,1.67,2.0,0.0333,isolated,15.425,15.7,0.8054,0.6725,2.0,1.0,0,0,0,-0.1402,0,NORMAL,NORMAL_THERMAL_ACTIVITY,Thermal activity falls within normal statistical bounds.,none
1569,1,1,2026-08-27,2026-08-27,1,311.67,311.67,291.84,291.84,1.24,1.24,2.0,0.0333,isolated,19.83,19.83,1.0,1.24,1.0,1.0,0,0,0,-0.1906,0,NORMAL,NORMAL_THERMAL_ACTIVITY,Thermal activity falls within normal statistical bounds.,none
1570,2,1,2026-08-27,2026-08-27,1,312.71,313.9,290.61,291.09,1.305,1.41,2.0,0.0333,isolated,22.1,22.81,0.9255,0.6525,2.0,1.0,0,0,0,-0.1541,0,NORMAL,NORMAL_THERMAL_ACTIVITY,Thermal activity falls within normal statistical bounds.,none
1571,1,1,2026-08-27,2026-08-27,1,311.11,311.11,292.98,292.98,2.6,2.6,2.0,0.0333,isolated,18.13,18.13,1.0,2.6,1.0,1.0,0,0,0,-0.1839,0,NORMAL,NORMAL_THERMAL_ACTIVITY,Thermal activity falls within normal statistical bounds.,none
1572,2,2,2026-08-27,2026-08-28,2,321.395,331.18,294.165,296.42,2.145,2.61,2.0,0.0667,short_lived_repeated,27.23,34.76,0.8218,1.0725,1.0,1.0,1,0,1,-0.1301,0,NORMAL,NORMAL_THERMAL_ACTIVITY,Thermal activity falls within normal statistical bounds.,none
1573,1,1,2026-08-27,2026-08-27,1,303.68,303.68,289.91,289.91,1.22,1.22,2.0,0.0333,isolated,13.77,13.77,1.0,1.22,1.0,1.0,0,0,0,-0.1783,0,NORMAL,NORMAL_THERMAL_ACTIVITY,Thermal activity falls within normal statistical bounds.,none
1574,2,2,2026-08-27,2026-08-28,2,310.055,312.97,290.31,291.9,1.4,1.5,2.0,0.0667,short_lived_repeated,19.745,21.07,0.9333,0.7,1.0,1.0,1,0,1,-0.1279,0,NORMAL,NORMAL_THERMAL_ACTIVITY,Thermal activity falls within normal statistical bounds.,none
1575,4,2,2026-08-27,2026-08-28,2,308.108,313.21,291.345,292.77,1.128,1.4,2.0,0.0667,short_lived_repeated,16.763,20.44,0.8057,0.282,2.0,1.0,1,0,1,-0.1061,0,NORMAL,NORMAL_THERMAL_ACTIVITY,Thermal activity falls within normal statistical bounds.,none
1576,1,1,2026-08-27,2026-08-27,1,308.66,308.66,292.75,292.75,0.9,0.9,2.0,0.0333,isolated,15.91,15.91,1.0,0.9,1.0,1.0,0,0,0,-0.1831,0,NORMAL,NORMAL_THERMAL_ACTIVITY,Thermal activity falls within normal statistical bounds.,none
1577,1,1,2026-08-27,2026-08-27,1,311.47,311.47,293.23,293.23,2.34,2.34,2.0,0.0333,isolated,18.24,18.24,1.0,2.34,1.0,1.0,0,0,0,-0.1896,0,NORMAL,NORMAL_THERMAL_ACTIVITY,Thermal activity falls within normal statistical bounds.,none
1578,1,1,2026-08-27,2026-08-27,1,314.42,314.42,287.72,287.72,1.32,1.32,2.0,0.0333,isolated,26.7,26.7,1.0,1.32,1.0,1.0,0,0,0,-0.1941,0,NORMAL,NORMAL_THERMAL_ACTIVITY,Thermal activity falls within normal statistical bounds.,none
1579,1,1,2026-08-27,2026-08-27,1,304.6,304.6,293.55,293.55,0.34,0.34,2.0,0.0333,isolated,11.05,11.05,1.0,0.34,1.0,1.0,0,0,0,-0.1543,0,NORMAL,NORMAL_THERMAL_ACTIVITY,Thermal activity falls within normal statistical bounds.,none
1580,3,3,2026-08-27,2026-08-29,3,303.81,305.55,289.047,293.73,0.653,0.93,2.0,0.1,short_lived_repeated,14.763,11.82,0.7022,0.2177,1.0,1.0,1,0,1,-0.0481,0,ELEVATED,STATISTICAL_ANOMALY,Elevated abnormality primarily associated with unusual multi-variate statistical signature.,multivariate_combination
1581,1,1,2026-08-27,2026-08-27,1,305.12,305.12,293.15,293.15,0.44,0.44,2.0,0.0333,isolated,11.97,11.97,1.0,0.44,1.0,1.0,0,0,0,-0.1577,0,NORMAL,NORMAL_THERMAL_ACTIVITY,Thermal activity falls within normal statistical bounds.,none
1582,2,2,2026-08-27,2026-08-28,2,303.535,308.51,281.435,292.24,1.475,2.46,2.0,0.0667,short_lived_repeated,22.1,16.27,0.5996,0.7375,1.0,1.0,1,0,1,-0.1001,0,NORMAL,NORMAL_THERMAL_ACTIVITY,Thermal activity falls within normal statistical bounds.,none
1583,1,1,2026-08-27,2026-08-27,1,315.57,315.57,293.7,293.7,1.02,1.02,2.0,0.0333,isolated,21.87,21.87,1.0,1.02,1.0,1.0,0,0,0,-0.1904,0,NORMAL,NORMAL_THERMAL_ACTIVITY,Thermal activity falls within normal statistical bounds.,none
1584,1,1,2026-08-27,2026-08-27,1,297.84,297.84,285.68,285.68,0.22,0.22,2.0,0.0333,isolated,12.16,12.16,1.0,0.22,1.0,1.0,0,0,0,-0.1328,0,NORMAL,NORMAL_THERMAL_ACTIVITY,Thermal activity falls within normal statistical bounds.,none
1585,1,1,2026-08-27,2026-08-27,1,300.73,300.73,290.06,290.06,0.66,0.66,2.0,0.0333,isolated,10.67,10.67,1.0,0.66,1.0,1.0,0,0,0,-0.1498,0,NORMAL,NORMAL_THERMAL_ACTIVITY,Thermal activity falls within normal statistical bounds.,none
1586,1,1,2026-08-27,2026-08-27,1,301.42,301.42,286.53,286.53,1.29,1.29,2.0,0.0333,isolated,14.89,14.89,1.0,1.29,1.0,1.0,0,0,0,-0.1785,0,NORMAL,NORMAL_THERMAL_ACTIVITY,Thermal activity falls within normal statistical bounds.,none
1587,1,1,2026-08-28,2026-08-28,1,332.86,332.86,295.18,295.18,3.0,3.0,2.0,0.0333,isolated,37.68,37.68,1.0,3.0,1.0,1.0,0,0,0,-0.2167,0,NORMAL,NORMAL_THERMAL_ACTIVITY,Thermal activity falls within normal statistical bounds.,none
1588,2,1,2026-08-28,2026-08-28,1,334.305,336.43,300.96,303.65,3.555,5.17,1.5,0.0333,isolated,33.345,32.78,0.6876,1.7775,2.0,1.0,0,0,0,-0.0869,0,NORMAL,NORMAL_THERMAL_ACTIVITY,Thermal activity falls within normal statistical bounds.,none
1589,4,1,2026-08-28,2026-08-28,1,336.302,343.0,304.075,308.96,4.682,7.52,2.0,0.0333,isolated,32.227,34.04,0.6226,1.1705,4.0,1.0,0,0,0,-0.1084,0,NORMAL,NORMAL_THERMAL_ACTIVITY,Thermal activity falls within normal statistical bounds.,none
1590,1,1,2026-08-28,2026-08-28,1,341.09,341.09,303.37,303.37,5.48,5.48,2.0,0.0333,isolated,37.72,37.72,1.0,5.48,1.0,1.0,0,0,0,-0.2058,0,NORMAL,NORMAL_THERMAL_ACTIVITY,Thermal activity falls within normal statistical bounds.,none
1591,1,1,2026-08-28,2026-08-28,1,330.5,330.5,300.76,300.76,2.63,2.63,1.0,0.0333,isolated,29.74,29.74,1.0,2.63,1.0,1.0,0,0,0,-0.1173,0,NORMAL,NORMAL_THERMAL_ACTIVITY,Thermal activity falls within normal statistical bounds.,none
1592,1,1,2026-08-28,2026-08-28,1,334.87,334.87,303.61,303.61,3.18,3.18,2.0,0.0333,isolated,31.26,31.26,1.0,3.18,1.0,1.0,0,0,0,-0.2167,0,NORMAL,NORMAL_THERMAL_ACTIVITY,Thermal activity falls within normal statistical bounds.,none
1593,2,1,2026-08-28,2026-08-28,1,338.69,339.23,302.055,302.18,2.665,3.48,2.0,0.0333,isolated,36.635,37.05,0.7658,1.3325,2.0,1.0,0,0,0,-0.1664,0,NORMAL,NORMAL_THERMAL_ACTIVITY,Thermal activity falls within normal statistical bounds.,none
1594,3,1,2026-08-28,2026-08-28,1,341.487,350.7,301.937,307.2,11.097,15.58,2.0,0.0333,isolated,39.55,43.5,0.7123,3.699,3.0,1.0,0,0,0,-0.0412,0,ELEVATED,MULTI_FACTOR_ANOMALY,Elevated abnormality primarily associated with elevated thermal intensity and elevated thermal energy (FRP).,"max_bright_ti4,max_frp,mean_frp"
1595,6,1,2026-08-28,2026-08-28,1,339.933,348.85,300.003,302.26,3.993,7.43,2.0,0.0333,isolated,39.93,46.59,0.5374,0.6655,6.0,1.0,0,0,0,-0.0283,0,ELEVATED,SHORT_LIVED_EXTREME_EVENT,Elevated abnormality primarily associated with elevated thermal intensity.,"max_bright_ti4,bt_diff_max"
1596,1,1,2026-08-28,2026-08-28,1,330.72,330.72,299.51,299.51,3.83,3.83,2.0,0.0333,isolated,31.21,31.21,1.0,3.83,1.0,1.0,0,0,0,-0.2147,0,NORMAL,NORMAL_THERMAL_ACTIVITY,Thermal activity falls within normal statistical bounds.,none
1597,2,1,2026-08-28,2026-08-28,1,338.89,341.48,302.265,302.93,4.64,5.53,2.0,0.0333,isolated,36.625,38.55,0.8391,2.32,2.0,1.0,0,0,0,-0.1686,0,NORMAL,NORMAL_THERMAL_ACTIVITY,Thermal activity falls within normal statistical bounds.,none
1598,1,1,2026-08-28,2026-08-28,1,337.02,337.02,300.99,300.99,2.12,2.12,2.0,0.0333,isolated,36.03,36.03,1.0,2.12,1.0,1.0,0,0,0,-0.2156,0,NORMAL,NORMAL_THERMAL_ACTIVITY,Thermal activity falls within normal statistical bounds.,none
1599,2,1,2026-08-28,2026-08-28,1,341.31,341.77,303.425,303.77,5.495,5.67,2.0,0.0333,isolated,37.885,38.0,0.9691,2.7475,2.0,1.0,0,0,0,-0.1731,0,NORMAL,NORMAL_THERMAL_ACTIVITY,Thermal activity falls within normal statistical bounds.,none
1600,2,1,2026-08-28,2026-08-28,1,336.46,337.89,303.02,303.66,2.3,2.73,2.0,0.0333,isolated,33.44,34.23,0.8425,1.15,2.0,1.0,0,0,0,-0.1717,0,NORMAL,NORMAL_THERMAL_ACTIVITY,Thermal activity falls within normal statistical bounds.,none
1601,1,1,2026-08-28,2026-08-28,1,339.46,339.46,300.45,300.45,5.4,5.4,2.0,0.0333,isolated,39.01,39.01,1.0,5.4,1.0,1.0,0,0,0,-0.2078,0,NORMAL,NORMAL_THERMAL_ACTIVITY,Thermal activity falls within normal statistical bounds.,none
1602,1,1,2026-08-28,2026-08-28,1,332.32,332.32,300.34,300.34,2.94,2.94,2.0,0.0333,isolated,31.98,31.98,1.0,2.94,1.0,1.0,0,0,0,-0.2161,0,NORMAL,NORMAL_THERMAL_ACTIVITY,Thermal activity falls within normal statistical bounds.,none
1603,2,1,2026-08-28,2026-08-28,1,330.51,330.65,300.35,300.83,1.345,1.75,1.5,0.0333,isolated,30.16,29.82,0.7686,0.6725,2.0,1.0,0,0,0,-0.0906,0,NORMAL,NORMAL_THERMAL_ACTIVITY,Thermal activity falls within normal statistical bounds.,none
1604,1,1,2026-08-28,2026-08-28,1,330.13,330.13,301.82,301.82,1.8,1.8,1.0,0.0333,isolated,28.31,28.31,1.0,1.8,1.0,1.0,0,0,0,-0.1093,0,NORMAL,NORMAL_THERMAL_ACTIVITY,Thermal activity falls within normal statistical bounds.,none
1605,1,1,2026-08-28,2026-08-28,1,333.44,333.44,292.16,292.16,2.93,2.93,2.0,0.0333,isolated,41.28,41.28,1.0,2.93,1.0,1.0,0,0,0,-0.2139,0,NORMAL,NORMAL_THERMAL_ACTIVITY,Thermal activity falls within normal statistical bounds.,none
1606,1,1,2026-08-28,2026-08-28,1,331.45,331.45,293.85,293.85,2.33,2.33,2.0,0.0333,isolated,37.6,37.6,1.0,2.33,1.0,1.0,0,0,0,-0.2168,0,NORMAL,NORMAL_THERMAL_ACTIVITY,Thermal activity falls within normal statistical bounds.,none
1607,2,1,2026-08-28,2026-08-28,1,336.48,337.19,297.805,297.88,3.24,3.3,2.0,0.0333,isolated,38.675,39.31,0.9818,1.62,2.0,1.0,0,0,0,-0.1826,0,NORMAL,NORMAL_THERMAL_ACTIVITY,Thermal activity falls within normal statistical bounds.,none
1608,1,1,2026-08-28,2026-08-28,1,342.53,342.53,297.44,297.44,3.31,3.31,2.0,0.0333,isolated,45.09,45.09,1.0,3.31,1.0,1.0,0,0,0,-0.1972,0,NORMAL,NORMAL_THERMAL_ACTIVITY,Thermal activity falls within normal statistical bounds.,none
1609,2,1,2026-08-28,2026-08-28,1,342.1,343.23,294.52,294.73,3.04,3.39,2.0,0.0333,isolated,47.58,48.5,0.8968,1.52,2.0,1.0,0,0,0,-0.1563,0,NORMAL,NORMAL_THERMAL_ACTIVITY,Thermal activity falls within normal statistical bounds.,none
1610,1,1,2026-08-28,2026-08-28,1,330.25,330.25,298.38,298.38,1.88,1.88,2.0,0.0333,isolated,31.87,31.87,1.0,1.88,1.0,1.0,0,0,0,-0.2131,0,NORMAL,NORMAL_THERMAL_ACTIVITY,Thermal activity falls within normal statistical bounds.,none
1611,1,1,2026-08-28,2026-08-28,1,344.64,344.64,305.11,305.11,6.55,6.55,2.0,0.0333,isolated,39.53,39.53,1.0,6.55,1.0,1.0,0,0,0,-0.1927,0,NORMAL,NORMAL_THERMAL_ACTIVITY,Thermal activity falls within normal statistical bounds.,none
1612,1,1,2026-08-28,2026-08-28,1,334.05,334.05,301.79,301.79,3.27,3.27,2.0,0.0333,isolated,32.26,32.26,1.0,3.27,1.0,1.0,0,0,0,-0.2189,0,NORMAL,NORMAL_THERMAL_ACTIVITY,Thermal activity falls within normal statistical bounds.,none
1613,5,1,2026-08-28,2026-08-28,1,342.148,367.0,294.386,295.26,10.354,12.84,2.2,0.0333,isolated,47.762,71.74,0.8064,2.0708,5.0,1.0,0,0,0,0.0791,1,HIGH,MULTI_FACTOR_ANOMALY,High abnormality primarily associated with elevated thermal intensity and elevated thermal energy (FRP).,"max_bright_ti4,bt_diff_max,mean_frp"
1614,1,1,2026-08-28,2026-08-28,1,332.52,332.52,303.65,303.65,3.81,3.81,1.0,0.0333,isolated,28.87,28.87,1.0,3.81,1.0,1.0,0,0,0,-0.115,0,NORMAL,NORMAL_THERMAL_ACTIVITY,Thermal activity falls within normal statistical bounds.,none
1615,4,1,2026-08-28,2026-08-28,1,342.205,355.18,301.472,304.02,12.475,21.57,2.0,0.0333,isolated,40.733,51.16,0.5783,3.1188,4.0,1.0,0,0,0,0.0299,1,HIGH,MULTI_FACTOR_ANOMALY,High abnormality primarily associated with elevated thermal intensity and elevated thermal energy (FRP).,"max_bright_ti4,bt_diff_max,max_frp,mean_frp"
1616,1,1,2026-08-28,2026-08-28,1,332.13,332.13,300.66,300.66,4.34,4.34,2.0,0.0333,isolated,31.47,31.47,1.0,4.34,1.0,1.0,0,0,0,-0.2141,0,NORMAL,NORMAL_THERMAL_ACTIVITY,Thermal activity falls within normal statistical bounds.,none
1617,1,1,2026-08-28,2026-08-28,1,340.53,340.53,304.83,304.83,7.27,7.27,2.0,0.0333,isolated,35.7,35.7,1.0,7.27,1.0,1.0,0,0,0,-0.1923,0,NORMAL,NORMAL_THERMAL_ACTIVITY,Thermal activity falls within normal statistical bounds.,none
1618,1,1,2026-08-28,2026-08-28,1,335.64,335.64,300.32,300.32,4.96,4.96,2.0,0.0333,isolated,35.32,35.32,1.0,4.96,1.0,1.0,0,0,0,-0.2148,0,NORMAL,NORMAL_THERMAL_ACTIVITY,Thermal activity falls within normal statistical bounds.,none
1619,2,1,2026-08-28,2026-08-28,1,347.465,354.31,297.405,298.26,8.405,10.46,2.0,0.0333,isolated,50.06,56.05,0.8035,4.2025,2.0,1.0,0,0,0,-0.0887,0,NORMAL,NORMAL_THERMAL_ACTIVITY,Thermal activity falls within normal statistical bounds.,none
1620,2,1,2026-08-28,2026-08-28,1,332.675,334.34,284.265,284.62,3.23,3.23,2.0,0.0333,isolated,48.41,49.72,1.0,1.615,2.0,1.0,0,0,0,-0.1704,0,NORMAL,NORMAL_THERMAL_ACTIVITY,Thermal activity falls within normal statistical bounds.,none
1621,2,2,2026-08-28,2026-08-30,3,337.785,341.8,289.43,289.84,4.495,5.56,2.0,0.0667,short_lived_repeated,48.355,51.96,0.8085,2.2475,0.6667,0.6667,1,0,1,-0.0737,0,NORMAL,NORMAL_THERMAL_ACTIVITY,Thermal activity falls within normal statistical bounds.,none
1622,3,2,2026-08-28,2026-08-29,2,324.023,335.28,290.223,295.33,2.433,3.58,2.0,0.0667,short_lived_repeated,33.8,39.95,0.6796,0.811,1.5,1.0,1,0,1,-0.1252,0,NORMAL,NORMAL_THERMAL_ACTIVITY,Thermal activity falls within normal statistical bounds.,none
1623,2,1,2026-08-28,2026-08-28,1,340.135,340.27,309.045,313.15,2.795,3.56,1.5,0.0333,isolated,31.09,27.12,0.7851,1.3975,2.0,1.0,0,0,0,-0.0952,0,NORMAL,NORMAL_THERMAL_ACTIVITY,Thermal activity falls within normal statistical bounds.,none
1624,1,1,2026-08-28,2026-08-28,1,339.17,339.17,306.85,306.85,6.03,6.03,2.0,0.0333,isolated,32.32,32.32,1.0,6.03,1.0,1.0,0,0,0,-0.2015,0,NORMAL,NORMAL_THERMAL_ACTIVITY,Thermal activity falls within normal statistical bounds.,none
1625,2,1,2026-08-28,2026-08-28,1,337.72,337.88,308.755,308.96,3.755,3.92,1.0,0.0333,isolated,28.965,28.92,0.9579,1.8775,2.0,1.0,0,0,0,-0.0831,0,NORMAL,NORMAL_THERMAL_ACTIVITY,Thermal activity falls within normal statistical bounds.,none
1626,1,1,2026-08-28,2026-08-28,1,337.63,337.63,307.56,307.56,4.63,4.63,2.0,0.0333,isolated,30.07,30.07,1.0,4.63,1.0,1.0,0,0,0,-0.2066,0,NORMAL,NORMAL_THERMAL_ACTIVITY,Thermal activity falls within normal statistical bounds.,none
1627,1,1,2026-08-28,2026-08-28,1,340.71,340.71,305.91,305.91,4.13,4.13,2.0,0.0333,isolated,34.8,34.8,1.0,4.13,1.0,1.0,0,0,0,-0.2118,0,NORMAL,NORMAL_THERMAL_ACTIVITY,Thermal activity falls within normal statistical bounds.,none
1628,2,1,2026-08-28,2026-08-28,1,340.65,342.45,305.78,306.27,4.465,4.9,2.0,0.0333,isolated,34.87,36.18,0.9112,2.2325,2.0,1.0,0,0,0,-0.1762,0,NORMAL,NORMAL_THERMAL_ACTIVITY,Thermal activity falls within normal statistical bounds.,none
1629,1,1,2026-08-28,2026-08-28,1,344.05,344.05,295.15,295.15,5.95,5.95,2.0,0.0333,isolated,48.9,48.9,1.0,5.95,1.0,1.0,0,0,0,-0.1858,0,NORMAL,NORMAL_THERMAL_ACTIVITY,Thermal activity falls within normal statistical bounds.,none
1630,1,1,2026-08-28,2026-08-28,1,341.42,341.42,303.56,303.56,6.56,6.56,2.0,0.0333,isolated,37.86,37.86,1.0,6.56,1.0,1.0,0,0,0,-0.1975,0,NORMAL,NORMAL_THERMAL_ACTIVITY,Thermal activity falls within normal statistical bounds.,none
1631,1,1,2026-08-28,2026-08-28,1,334.6,334.6,305.85,305.85,3.24,3.24,1.0,0.0333,isolated,28.75,28.75,1.0,3.24,1.0,1.0,0,0,0,-0.12,0,NORMAL,NORMAL_THERMAL_ACTIVITY,Thermal activity falls within normal statistical bounds.,none
1632,2,1,2026-08-28,2026-08-28,1,336.44,338.76,300.75,301.08,2.755,3.78,2.0,0.0333,isolated,35.69,37.68,0.7288,1.3775,2.0,1.0,0,0,0,-0.1631,0,NORMAL,NORMAL_THERMAL_ACTIVITY,Thermal activity falls within normal statistical bounds.,none
1633,1,1,2026-08-28,2026-08-28,1,337.26,337.26,307.6,307.6,3.45,3.45,1.0,0.0333,isolated,29.66,29.66,1.0,3.45,1.0,1.0,0,0,0,-0.1166,0,NORMAL,NORMAL_THERMAL_ACTIVITY,Thermal activity falls within normal statistical bounds.,none
1634,2,1,2026-08-28,2026-08-28,1,344.37,344.4,307.27,307.81,9.595,11.28,2.0,0.0333,isolated,37.1,36.59,0.8506,4.7975,2.0,1.0,0,0,0,-0.134,0,NORMAL,NORMAL_THERMAL_ACTIVITY,Thermal activity falls within normal statistical bounds.,none
1635,1,1,2026-08-28,2026-08-28,1,341.09,341.09,308.43,308.43,54.45,54.45,2.0,0.0333,isolated,32.66,32.66,1.0,54.45,1.0,1.0,0,0,0,0.0083,1,HIGH,MULTI_FACTOR_ANOMALY,High abnormality primarily associated with elevated thermal intensity and elevated thermal energy (FRP).,"max_bright_ti4,max_frp,mean_frp"
1636,1,1,2026-08-28,2026-08-28,1,345.19,345.19,307.1,307.1,13.95,13.95,2.0,0.0333,isolated,38.09,38.09,1.0,13.95,1.0,1.0,0,0,0,-0.1269,0,NORMAL,NORMAL_THERMAL_ACTIVITY,Thermal activity falls within normal statistical bounds.,none
1637,1,1,2026-08-28,2026-08-28,1,346.61,346.61,304.06,304.06,8.76,8.76,2.0,0.0333,isolated,42.55,42.55,1.0,8.76,1.0,1.0,0,0,0,-0.1842,0,NORMAL,NORMAL_THERMAL_ACTIVITY,Thermal activity falls within normal statistical bounds.,none
1638,1,1,2026-08-28,2026-08-28,1,339.23,339.23,305.62,305.62,6.3,6.3,2.0,0.0333,isolated,33.61,33.61,1.0,6.3,1.0,1.0,0,0,0,-0.199,0,NORMAL,NORMAL_THERMAL_ACTIVITY,Thermal activity falls within normal statistical bounds.,none
1639,1,1,2026-08-28,2026-08-28,1,338.0,338.0,304.45,304.45,5.07,5.07,2.0,0.0333,isolated,33.55,33.55,1.0,5.07,1.0,1.0,0,0,0,-0.2111,0,NORMAL,NORMAL_THERMAL_ACTIVITY,Thermal activity falls within normal statistical bounds.,none
1640,1,1,2026-08-28,2026-08-28,1,335.25,335.25,294.59,294.59,3.77,3.77,2.0,0.0333,isolated,40.66,40.66,1.0,3.77,1.0,1.0,0,0,0,-0.2152,0,NORMAL,NORMAL_THERMAL_ACTIVITY,Thermal activity falls within normal statistical bounds.,none
1641,2,1,2026-08-28,2026-08-28,1,333.335,334.17,295.655,295.99,3.665,4.64,2.0,0.0333,isolated,37.68,38.18,0.7899,1.8325,2.0,1.0,0,0,0,-0.1655,0,NORMAL,NORMAL_THERMAL_ACTIVITY,Thermal activity falls within normal statistical bounds.,none
1642,1,1,2026-08-28,2026-08-28,1,337.01,337.01,299.49,299.49,3.13,3.13,2.0,0.0333,isolated,37.52,37.52,1.0,3.13,1.0,1.0,0,0,0,-0.2152,0,NORMAL,NORMAL_THERMAL_ACTIVITY,Thermal activity falls within normal statistical bounds.,none
1643,1,1,2026-08-28,2026-08-28,1,335.32,335.32,296.68,296.68,1.73,1.73,2.0,0.0333,isolated,38.64,38.64,1.0,1.73,1.0,1.0,0,0,0,-0.2077,0,NORMAL,NORMAL_THERMAL_ACTIVITY,Thermal activity falls within normal statistical bounds.,none
1644,1,1,2026-08-28,2026-08-28,1,332.31,332.31,299.78,299.78,5.04,5.04,2.0,0.0333,isolated,32.53,32.53,1.0,5.04,1.0,1.0,0,0,0,-0.2137,0,NORMAL,NORMAL_THERMAL_ACTIVITY,Thermal activity falls within normal statistical bounds.,none
1645,2,1,2026-08-28,2026-08-28,1,335.58,337.21,293.74,293.93,2.185,2.53,2.0,0.0333,isolated,41.84,43.28,0.8636,1.0925,2.0,1.0,0,0,0,-0.1711,0,NORMAL,NORMAL_THERMAL_ACTIVITY,Thermal activity falls within normal statistical bounds.,none
1646,1,1,2026-08-28,2026-08-28,1,340.01,340.01,289.55,289.55,6.76,6.76,2.0,0.0333,isolated,50.46,50.46,1.0,6.76,1.0,1.0,0,0,0,-0.1861,0,NORMAL,NORMAL_THERMAL_ACTIVITY,Thermal activity falls within normal statistical bounds.,none
1647,1,1,2026-08-28,2026-08-28,1,340.98,340.98,297.05,297.05,18.17,18.17,2.0,0.0333,isolated,43.93,43.93,1.0,18.17,1.0,1.0,0,0,0,-0.0791,0,NORMAL,NORMAL_THERMAL_ACTIVITY,Thermal activity falls within normal statistical bounds.,none
1648,1,1,2026-08-28,2026-08-28,1,332.09,332.09,294.29,294.29,6.95,6.95,2.0,0.0333,isolated,37.8,37.8,1.0,6.95,1.0,1.0,0,0,0,-0.1927,0,NORMAL,NORMAL_THERMAL_ACTIVITY,Thermal activity falls within normal statistical bounds.,none
1649,1,1,2026-08-28,2026-08-28,1,342.83,342.83,295.62,295.62,8.73,8.73,2.0,0.0333,isolated,47.21,47.21,1.0,8.73,1.0,1.0,0,0,0,-0.1795,0,NORMAL,NORMAL_THERMAL_ACTIVITY,Thermal activity falls within normal statistical bounds.,none
1650,1,1,2026-08-28,2026-08-28,1,332.19,332.19,302.46,302.46,3.29,3.29,1.0,0.0333,isolated,29.73,29.73,1.0,3.29,1.0,1.0,0,0,0,-0.1193,0,NORMAL,NORMAL_THERMAL_ACTIVITY,Thermal activity falls within normal statistical bounds.,none
1651,2,1,2026-08-28,2026-08-28,1,336.37,339.54,298.595,299.81,3.525,3.88,2.0,0.0333,isolated,37.775,39.73,0.9085,1.7625,2.0,1.0,0,0,0,-0.1792,0,NORMAL,NORMAL_THERMAL_ACTIVITY,Thermal activity falls within normal statistical bounds.,none
1652,1,1,2026-08-28,2026-08-28,1,330.63,330.63,298.49,298.49,2.35,2.35,2.0,0.0333,isolated,32.14,32.14,1.0,2.35,1.0,1.0,0,0,0,-0.2173,0,NORMAL,NORMAL_THERMAL_ACTIVITY,Thermal activity falls within normal statistical bounds.,none
1653,2,1,2026-08-28,2026-08-28,1,340.12,340.51,296.215,296.22,2.325,2.82,2.0,0.0333,isolated,43.905,44.29,0.8245,1.1625,2.0,1.0,0,0,0,-0.1627,0,NORMAL,NORMAL_THERMAL_ACTIVITY,Thermal activity falls within normal statistical bounds.,none
1654,1,1,2026-08-28,2026-08-28,1,333.74,333.74,295.41,295.41,3.65,3.65,2.0,0.0333,isolated,38.33,38.33,1.0,3.65,1.0,1.0,0,0,0,-0.2165,0,NORMAL,NORMAL_THERMAL_ACTIVITY,Thermal activity falls within normal statistical bounds.,none
1655,1,1,2026-08-28,2026-08-28,1,338.27,338.27,294.8,294.8,2.59,2.59,2.0,0.0333,isolated,43.47,43.47,1.0,2.59,1.0,1.0,0,0,0,-0.2061,0,NORMAL,NORMAL_THERMAL_ACTIVITY,Thermal activity falls within normal statistical bounds.,none
1656,1,1,2026-08-28,2026-08-28,1,333.77,333.77,297.24,297.24,4.29,4.29,2.0,0.0333,isolated,36.53,36.53,1.0,4.29,1.0,1.0,0,0,0,-0.2181,0,NORMAL,NORMAL_THERMAL_ACTIVITY,Thermal activity falls within normal statistical bounds.,none
1657,1,1,2026-08-28,2026-08-28,1,342.17,342.17,297.93,297.93,3.48,3.48,2.0,0.0333,isolated,44.24,44.24,1.0,3.48,1.0,1.0,0,0,0,-0.1991,0,NORMAL,NORMAL_THERMAL_ACTIVITY,Thermal activity falls within normal statistical bounds.,none
1658,1,1,2026-08-28,2026-08-28,1,331.13,331.13,291.49,291.49,3.54,3.54,2.0,0.0333,isolated,39.64,39.64,1.0,3.54,1.0,1.0,0,0,0,-0.2141,0,NORMAL,NORMAL_THERMAL_ACTIVITY,Thermal activity falls within normal statistical bounds.,none
1659,1,1,2026-08-28,2026-08-28,1,336.71,336.71,301.49,301.49,3.33,3.33,2.0,0.0333,isolated,35.22,35.22,1.0,3.33,1.0,1.0,0,0,0,-0.2174,0,NORMAL,NORMAL_THERMAL_ACTIVITY,Thermal activity falls within normal statistical bounds.,none
1660,3,2,2026-08-28,2026-08-29,2,336.11,339.95,297.623,297.84,5.22,7.68,2.0,0.0667,short_lived_repeated,38.487,42.11,0.6797,1.74,1.5,1.0,1,0,1,-0.1124,0,NORMAL,NORMAL_THERMAL_ACTIVITY,Thermal activity falls within normal statistical bounds.,none
1661,2,1,2026-08-28,2026-08-28,1,305.625,305.63,294.32,294.62,1.03,1.44,2.0,0.0333,isolated,11.305,11.01,0.7153,0.515,2.0,1.0,0,0,0,-0.112,0,NORMAL,NORMAL_THERMAL_ACTIVITY,Thermal activity falls within normal statistical bounds.,none
1662,1,1,2026-08-28,2026-08-28,1,301.57,301.57,286.52,286.52,2.8,2.8,2.0,0.0333,isolated,15.05,15.05,1.0,2.8,1.0,1.0,0,0,0,-0.1617,0,NORMAL,NORMAL_THERMAL_ACTIVITY,Thermal activity falls within normal statistical bounds.,none
1663,1,1,2026-08-28,2026-08-28,1,304.81,304.81,280.31,280.31,0.56,0.56,2.0,0.0333,isolated,24.5,24.5,1.0,0.56,1.0,1.0,0,0,0,-0.18,0,NORMAL,NORMAL_THERMAL_ACTIVITY,Thermal activity falls within normal statistical bounds.,none
1664,1,1,2026-08-28,2026-08-28,1,300.35,300.35,280.83,280.83,0.38,0.38,2.0,0.0333,isolated,19.52,19.52,1.0,0.38,1.0,1.0,0,0,0,-0.1584,0,NORMAL,NORMAL_THERMAL_ACTIVITY,Thermal activity falls within normal statistical bounds.,none
1665,1,1,2026-08-28,2026-08-28,1,301.93,301.93,275.99,275.99,0.36,0.36,2.0,0.0333,isolated,25.94,25.94,1.0,0.36,1.0,1.0,0,0,0,-0.1665,0,NORMAL,NORMAL_THERMAL_ACTIVITY,Thermal activity falls within normal statistical bounds.,none
1666,1,1,2026-08-28,2026-08-28,1,300.56,300.56,276.78,276.78,0.53,0.53,2.0,0.0333,isolated,23.78,23.78,1.0,0.53,1.0,1.0,0,0,0,-0.1665,0,NORMAL,NORMAL_THERMAL_ACTIVITY,Thermal activity falls within normal statistical bounds.,none
1667,1,1,2026-08-28,2026-08-28,1,305.16,305.16,285.58,285.58,0.97,0.97,2.0,0.0333,isolated,19.58,19.58,1.0,0.97,1.0,1.0,0,0,0,-0.1921,0,NORMAL,NORMAL_THERMAL_ACTIVITY,Thermal activity falls within normal statistical bounds.,none
1668,1,1,2026-08-28,2026-08-28,1,301.18,301.18,286.98,286.98,0.8,0.8,2.0,0.0333,isolated,14.2,14.2,1.0,0.8,1.0,1.0,0,0,0,-0.1671,0,NORMAL,NORMAL_THERMAL_ACTIVITY,Thermal activity falls within normal statistical bounds.,none
1669,1,1,2026-08-28,2026-08-28,1,308.78,308.78,289.52,289.52,1.25,1.25,2.0,0.0333,isolated,19.26,19.26,1.0,1.25,1.0,1.0,0,0,0,-0.1913,0,NORMAL,NORMAL_THERMAL_ACTIVITY,Thermal activity falls within normal statistical bounds.,none
1670,1,1,2026-08-28,2026-08-28,1,308.63,308.63,273.61,273.61,1.21,1.21,2.0,0.0333,isolated,35.02,35.02,1.0,1.21,1.0,1.0,0,0,0,-0.1922,0,NORMAL,NORMAL_THERMAL_ACTIVITY,Thermal activity falls within normal statistical bounds.,none
1671,1,1,2026-08-28,2026-08-28,1,303.97,303.97,288.88,288.88,0.85,0.85,2.0,0.0333,isolated,15.09,15.09,1.0,0.85,1.0,1.0,0,0,0,-0.1829,0,NORMAL,NORMAL_THERMAL_ACTIVITY,Thermal activity falls within normal statistical bounds.,none
1672,2,1,2026-08-28,2026-08-28,1,309.325,309.52,294.49,294.69,0.44,0.44,2.0,0.0333,isolated,14.835,14.83,1.0,0.22,2.0,1.0,0,0,0,-0.1365,0,NORMAL,NORMAL_THERMAL_ACTIVITY,Thermal activity falls within normal statistical bounds.,none
1673,1,1,2026-08-28,2026-08-28,1,308.67,308.67,294.67,294.67,0.43,0.43,2.0,0.0333,isolated,14.0,14.0,1.0,0.43,1.0,1.0,0,0,0,-0.1613,0,NORMAL,NORMAL_THERMAL_ACTIVITY,Thermal activity falls within normal statistical bounds.,none
1674,1,1,2026-08-28,2026-08-28,1,311.16,311.16,282.7,282.7,1.59,1.59,2.0,0.0333,isolated,28.46,28.46,1.0,1.59,1.0,1.0,0,0,0,-0.1961,0,NORMAL,NORMAL_THERMAL_ACTIVITY,Thermal activity falls within normal statistical bounds.,none
1675,1,1,2026-08-28,2026-08-28,1,304.27,304.27,291.11,291.11,1.18,1.18,2.0,0.0333,isolated,13.16,13.16,1.0,1.18,1.0,1.0,0,0,0,-0.1776,0,NORMAL,NORMAL_THERMAL_ACTIVITY,Thermal activity falls within normal statistical bounds.,none
1676,1,1,2026-08-28,2026-08-28,1,298.3,298.3,261.11,261.11,0.61,0.61,2.0,0.0333,isolated,37.19,37.19,1.0,0.61,1.0,1.0,0,0,0,-0.1547,0,NORMAL,NORMAL_THERMAL_ACTIVITY,Thermal activity falls within normal statistical bounds.,none
1677,1,1,2026-08-28,2026-08-28,1,304.46,304.46,272.88,272.88,1.04,1.04,2.0,0.0333,isolated,31.58,31.58,1.0,1.04,1.0,1.0,0,0,0,-0.1918,0,NORMAL,NORMAL_THERMAL_ACTIVITY,Thermal activity falls within normal statistical bounds.,none
1678,1,1,2026-08-28,2026-08-28,1,307.79,307.79,279.43,279.43,0.87,0.87,2.0,0.0333,isolated,28.36,28.36,1.0,0.87,1.0,1.0,0,0,0,-0.1897,0,NORMAL,NORMAL_THERMAL_ACTIVITY,Thermal activity falls within normal statistical bounds.,none
1679,1,1,2026-08-29,2026-08-29,1,332.56,332.56,288.37,288.37,1.84,1.84,2.0,0.0333,isolated,44.19,44.19,1.0,1.84,1.0,1.0,0,0,0,-0.2007,0,NORMAL,NORMAL_THERMAL_ACTIVITY,Thermal activity falls within normal statistical bounds.,none
1680,1,1,2026-08-29,2026-08-29,1,332.95,332.95,284.66,284.66,4.63,4.63,2.0,0.0333,isolated,48.29,48.29,1.0,4.63,1.0,1.0,0,0,0,-0.1987,0,NORMAL,NORMAL_THERMAL_ACTIVITY,Thermal activity falls within normal statistical bounds.,none
1681,2,1,2026-08-29,2026-08-29,1,350.02,354.22,296.525,303.98,5.81,6.75,2.0,0.0333,isolated,53.495,50.24,0.8607,2.905,2.0,1.0,0,0,0,-0.1211,0,NORMAL,NORMAL_THERMAL_ACTIVITY,Thermal activity falls within normal statistical bounds.,none
1682,1,1,2026-08-29,2026-08-29,1,330.06,330.06,288.64,288.64,3.86,3.86,2.0,0.0333,isolated,41.42,41.42,1.0,3.86,1.0,1.0,0,0,0,-0.2088,0,NORMAL,NORMAL_THERMAL_ACTIVITY,Thermal activity falls within normal statistical bounds.,none
1683,1,1,2026-08-29,2026-08-29,1,332.09,332.09,295.71,295.71,2.73,2.73,2.0,0.0333,isolated,36.38,36.38,1.0,2.73,1.0,1.0,0,0,0,-0.2178,0,NORMAL,NORMAL_THERMAL_ACTIVITY,Thermal activity falls within normal statistical bounds.,none
1684,1,1,2026-08-29,2026-08-29,1,331.28,331.28,294.21,294.21,2.31,2.31,2.0,0.0333,isolated,37.07,37.07,1.0,2.31,1.0,1.0,0,0,0,-0.2162,0,NORMAL,NORMAL_THERMAL_ACTIVITY,Thermal activity falls within normal statistical bounds.,none
1685,2,1,2026-08-29,2026-08-29,1,349.255,349.62,295.025,295.27,3.755,4.3,2.0,0.0333,isolated,54.23,54.35,0.8733,1.8775,2.0,1.0,0,0,0,-0.1425,0,NORMAL,NORMAL_THERMAL_ACTIVITY,Thermal activity falls within normal statistical bounds.,none
1686,3,1,2026-08-29,2026-08-29,1,338.443,340.19,293.557,300.86,4.583,5.27,2.0,0.0333,isolated,44.886,39.33,0.8696,1.5277,3.0,1.0,0,0,0,-0.1464,0,NORMAL,NORMAL_THERMAL_ACTIVITY,Thermal activity falls within normal statistical bounds.,none
1687,1,1,2026-08-29,2026-08-29,1,346.8,346.8,291.97,291.97,4.26,4.26,2.0,0.0333,isolated,54.83,54.83,1.0,4.26,1.0,1.0,0,0,0,-0.1809,0,NORMAL,NORMAL_THERMAL_ACTIVITY,Thermal activity falls within normal statistical bounds.,none
1688,1,1,2026-08-29,2026-08-29,1,336.85,336.85,309.66,309.66,5.95,5.95,1.0,0.0333,isolated,27.19,27.19,1.0,5.95,1.0,1.0,0,0,0,-0.0968,0,NORMAL,NORMAL_THERMAL_ACTIVITY,Thermal activity falls within normal statistical bounds.,none
1689,1,1,2026-08-29,2026-08-29,1,337.16,337.16,294.04,294.04,5.38,5.38,2.0,0.0333,isolated,43.12,43.12,1.0,5.38,1.0,1.0,0,0,0,-0.2077,0,NORMAL,NORMAL_THERMAL_ACTIVITY,Thermal activity falls within normal statistical bounds.,none
1690,2,1,2026-08-29,2026-08-29,1,337.0,343.62,292.19,300.52,3.225,3.29,2.0,0.0333,isolated,44.81,43.1,0.9802,1.6125,2.0,1.0,0,0,0,-0.1714,0,NORMAL,NORMAL_THERMAL_ACTIVITY,Thermal activity falls within normal statistical bounds.,none
1691,1,1,2026-08-29,2026-08-29,1,337.4,337.4,300.03,300.03,6.22,6.22,2.0,0.0333,isolated,37.37,37.37,1.0,6.22,1.0,1.0,0,0,0,-0.2026,0,NORMAL,NORMAL_THERMAL_ACTIVITY,Thermal activity falls within normal statistical bounds.,none
1692,1,1,2026-08-29,2026-08-29,1,337.27,337.27,304.89,304.89,1.58,1.58,2.0,0.0333,isolated,32.38,32.38,1.0,1.58,1.0,1.0,0,0,0,-0.2068,0,NORMAL,NORMAL_THERMAL_ACTIVITY,Thermal activity falls within normal statistical bounds.,none
1693,1,1,2026-08-29,2026-08-29,1,338.37,338.37,303.04,303.04,5.31,5.31,2.0,0.0333,isolated,35.33,35.33,1.0,5.31,1.0,1.0,0,0,0,-0.211,0,NORMAL,NORMAL_THERMAL_ACTIVITY,Thermal activity falls within normal statistical bounds.,none
1694,1,1,2026-08-29,2026-08-29,1,337.09,337.09,300.26,300.26,2.91,2.91,2.0,0.0333,isolated,36.83,36.83,1.0,2.91,1.0,1.0,0,0,0,-0.2161,0,NORMAL,NORMAL_THERMAL_ACTIVITY,Thermal activity falls within normal statistical bounds.,none
1695,1,1,2026-08-29,2026-08-29,1,331.63,331.63,290.73,290.73,3.76,3.76,2.0,0.0333,isolated,40.9,40.9,1.0,3.76,1.0,1.0,0,0,0,-0.2129,0,NORMAL,NORMAL_THERMAL_ACTIVITY,Thermal activity falls within normal statistical bounds.,none
1696,1,1,2026-08-29,2026-08-29,1,340.22,340.22,281.45,281.45,4.96,4.96,2.0,0.0333,isolated,58.77,58.77,1.0,4.96,1.0,1.0,0,0,0,-0.1609,0,NORMAL,NORMAL_THERMAL_ACTIVITY,Thermal activity falls within normal statistical bounds.,none
1697,2,1,2026-08-29,2026-08-29,1,331.42,332.81,289.97,290.39,1.55,1.55,2.0,0.0333,isolated,41.45,42.42,1.0,0.775,2.0,1.0,0,0,0,-0.1684,0,NORMAL,NORMAL_THERMAL_ACTIVITY,Thermal activity falls within normal statistical bounds.,none
1698,1,1,2026-08-29,2026-08-29,1,338.36,338.36,305.19,305.19,5.11,5.11,2.0,0.0333,isolated,33.17,33.17,1.0,5.11,1.0,1.0,0,0,0,-0.2111,0,NORMAL,NORMAL_THERMAL_ACTIVITY,Thermal activity falls within normal statistical bounds.,none
1699,1,1,2026-08-29,2026-08-29,1,331.13,331.13,302.4,302.4,2.82,2.82,1.0,0.0333,isolated,28.73,28.73,1.0,2.82,1.0,1.0,0,0,0,-0.1168,0,NORMAL,NORMAL_THERMAL_ACTIVITY,Thermal activity falls within normal statistical bounds.,none
1700,1,1,2026-08-29,2026-08-29,1,340.46,340.46,301.39,301.39,3.67,3.67,2.0,0.0333,isolated,39.07,39.07,1.0,3.67,1.0,1.0,0,0,0,-0.2114,0,NORMAL,NORMAL_THERMAL_ACTIVITY,Thermal activity falls within normal statistical bounds.,none
1701,1,1,2026-08-29,2026-08-29,1,342.21,342.21,309.43,309.43,6.83,6.83,2.0,0.0333,isolated,32.78,32.78,1.0,6.83,1.0,1.0,0,0,0,-0.1889,0,NORMAL,NORMAL_THERMAL_ACTIVITY,Thermal activity falls within normal statistical bounds.,none
1702,1,1,2026-08-29,2026-08-29,1,336.63,336.63,304.48,304.48,3.41,3.41,2.0,0.0333,isolated,32.15,32.15,1.0,3.41,1.0,1.0,0,0,0,-0.2164,0,NORMAL,NORMAL_THERMAL_ACTIVITY,Thermal activity falls within normal statistical bounds.,none
1703,1,1,2026-08-29,2026-08-29,1,337.73,337.73,302.68,302.68,6.97,6.97,2.0,0.0333,isolated,35.05,35.05,1.0,6.97,1.0,1.0,0,0,0,-0.1923,0,NORMAL,NORMAL_THERMAL_ACTIVITY,Thermal activity falls within normal statistical bounds.,none
1704,1,1,2026-08-29,2026-08-29,1,335.93,335.93,305.39,305.39,2.96,2.96,2.0,0.0333,isolated,30.54,30.54,1.0,2.96,1.0,1.0,0,0,0,-0.2107,0,NORMAL,NORMAL_THERMAL_ACTIVITY,Thermal activity falls within normal statistical bounds.,none
1705,1,1,2026-08-29,2026-08-29,1,340.1,340.1,307.17,307.17,8.61,8.61,2.0,0.0333,isolated,32.93,32.93,1.0,8.61,1.0,1.0,0,0,0,-0.1844,0,NORMAL,NORMAL_THERMAL_ACTIVITY,Thermal activity falls within normal statistical bounds.,none
1706,6,1,2026-08-29,2026-08-29,1,320.762,339.62,285.845,301.67,3.163,6.07,2.0,0.0333,isolated,34.917,37.95,0.5211,0.5272,6.0,1.0,0,0,0,-0.0327,0,ELEVATED,STATISTICAL_ANOMALY,Elevated abnormality primarily associated with unusual multi-variate statistical signature.,multivariate_combination
1707,1,1,2026-08-29,2026-08-29,1,337.13,337.13,302.71,302.71,4.0,4.0,2.0,0.0333,isolated,34.42,34.42,1.0,4.0,1.0,1.0,0,0,0,-0.2158,0,NORMAL,NORMAL_THERMAL_ACTIVITY,Thermal activity falls within normal statistical bounds.,none
1708,1,1,2026-08-29,2026-08-29,1,347.12,347.12,305.99,305.99,9.96,9.96,2.0,0.0333,isolated,41.13,41.13,1.0,9.96,1.0,1.0,0,0,0,-0.1669,0,NORMAL,NORMAL_THERMAL_ACTIVITY,Thermal activity falls within normal statistical bounds.,none
1709,1,1,2026-08-29,2026-08-29,1,332.11,332.11,293.0,293.0,2.61,2.61,2.0,0.0333,isolated,39.11,39.11,1.0,2.61,1.0,1.0,0,0,0,-0.2136,0,NORMAL,NORMAL_THERMAL_ACTIVITY,Thermal activity falls within normal statistical bounds.,none
1710,1,1,2026-08-29,2026-08-29,1,340.11,340.11,305.97,305.97,7.72,7.72,2.0,0.0333,isolated,34.14,34.14,1.0,7.72,1.0,1.0,0,0,0,-0.1893,0,NORMAL,NORMAL_THERMAL_ACTIVITY,Thermal activity falls within normal statistical bounds.,none
1711,1,1,2026-08-29,2026-08-29,1,337.84,337.84,306.96,306.96,3.92,3.92,2.0,0.0333,isolated,30.88,30.88,1.0,3.92,1.0,1.0,0,0,0,-0.2122,0,NORMAL,NORMAL_THERMAL_ACTIVITY,Thermal activity falls within normal statistical bounds.,none
1712,1,1,2026-08-29,2026-08-29,1,331.81,331.81,304.5,304.5,1.85,1.85,1.0,0.0333,isolated,27.31,27.31,1.0,1.85,1.0,1.0,0,0,0,-0.1088,0,NORMAL,NORMAL_THERMAL_ACTIVITY,Thermal activity falls within normal statistical bounds.,none
1713,1,1,2026-08-29,2026-08-29,1,332.91,332.91,301.31,301.31,3.44,3.44,2.0,0.0333,isolated,31.6,31.6,1.0,3.44,1.0,1.0,0,0,0,-0.217,0,NORMAL,NORMAL_THERMAL_ACTIVITY,Thermal activity falls within normal statistical bounds.,none
1714,2,1,2026-08-29,2026-08-29,1,335.705,335.8,305.05,305.53,5.545,6.0,2.0,0.0333,isolated,30.655,30.27,0.9242,2.7725,2.0,1.0,0,0,0,-0.1684,0,NORMAL,NORMAL_THERMAL_ACTIVITY,Thermal activity falls within normal statistical bounds.,none
1715,1,1,2026-08-29,2026-08-29,1,336.86,336.86,304.83,304.83,5.78,5.78,2.0,0.0333,isolated,32.03,32.03,1.0,5.78,1.0,1.0,0,0,0,-0.2061,0,NORMAL,NORMAL_THERMAL_ACTIVITY,Thermal activity falls within normal statistical bounds.,none
1716,2,1,2026-08-29,2026-08-29,1,345.72,346.04,305.455,305.64,11.9,12.19,2.0,0.0333,isolated,40.265,40.4,0.9762,5.95,2.0,1.0,0,0,0,-0.1158,0,NORMAL,NORMAL_THERMAL_ACTIVITY,Thermal activity falls within normal statistical bounds.,none
1717,1,1,2026-08-29,2026-08-29,1,332.34,332.34,303.76,303.76,2.1,2.1,1.0,0.0333,isolated,28.58,28.58,1.0,2.1,1.0,1.0,0,0,0,-0.1188,0,NORMAL,NORMAL_THERMAL_ACTIVITY,Thermal activity falls within normal statistical bounds.,none
1718,1,1,2026-08-29,2026-08-29,1,330.23,330.23,301.16,301.16,2.07,2.07,1.0,0.0333,isolated,29.07,29.07,1.0,2.07,1.0,1.0,0,0,0,-0.1111,0,NORMAL,NORMAL_THERMAL_ACTIVITY,Thermal activity falls within normal statistical bounds.,none
1719,1,1,2026-08-29,2026-08-29,1,338.53,338.53,300.19,300.19,8.47,8.47,2.0,0.0333,isolated,38.34,38.34,1.0,8.47,1.0,1.0,0,0,0,-0.1898,0,NORMAL,NORMAL_THERMAL_ACTIVITY,Thermal activity falls within normal statistical bounds.,none
1720,1,1,2026-08-29,2026-08-29,1,330.65,330.65,298.71,298.71,2.38,2.38,2.0,0.0333,isolated,31.94,31.94,1.0,2.38,1.0,1.0,0,0,0,-0.2173,0,NORMAL,NORMAL_THERMAL_ACTIVITY,Thermal activity falls within normal statistical bounds.,none
1721,1,1,2026-08-29,2026-08-29,1,338.2,338.2,302.42,302.42,9.18,9.18,2.0,0.0333,isolated,35.78,35.78,1.0,9.18,1.0,1.0,0,0,0,-0.1825,0,NORMAL,NORMAL_THERMAL_ACTIVITY,Thermal activity falls within normal statistical bounds.,none
1722,1,1,2026-08-29,2026-08-29,1,333.31,333.31,301.85,301.85,1.87,1.87,2.0,0.0333,isolated,31.46,31.46,1.0,1.87,1.0,1.0,0,0,0,-0.2135,0,NORMAL,NORMAL_THERMAL_ACTIVITY,Thermal activity falls within normal statistical bounds.,none
1723,2,1,2026-08-29,2026-08-29,1,334.565,335.08,298.97,301.06,3.935,4.77,2.0,0.0333,isolated,35.595,34.02,0.8249,1.9675,2.0,1.0,0,0,0,-0.1721,0,NORMAL,NORMAL_THERMAL_ACTIVITY,Thermal activity falls within normal statistical bounds.,none
1724,1,1,2026-08-29,2026-08-29,1,337.15,337.15,304.6,304.6,8.58,8.58,2.0,0.0333,isolated,32.55,32.55,1.0,8.58,1.0,1.0,0,0,0,-0.1854,0,NORMAL,NORMAL_THERMAL_ACTIVITY,Thermal activity falls within normal statistical bounds.,none
1725,1,1,2026-08-29,2026-08-29,1,336.6,336.6,298.41,298.41,4.9,4.9,2.0,0.0333,isolated,38.19,38.19,1.0,4.9,1.0,1.0,0,0,0,-0.2136,0,NORMAL,NORMAL_THERMAL_ACTIVITY,Thermal activity falls within normal statistical bounds.,none
1726,1,1,2026-08-29,2026-08-29,1,337.68,337.68,304.28,304.28,2.79,2.79,2.0,0.0333,isolated,33.4,33.4,1.0,2.79,1.0,1.0,0,0,0,-0.214,0,NORMAL,NORMAL_THERMAL_ACTIVITY,Thermal activity falls within normal statistical bounds.,none
1727,1,1,2026-08-29,2026-08-29,1,330.97,330.97,296.32,296.32,3.0,3.0,2.0,0.0333,isolated,34.65,34.65,1.0,3.0,1.0,1.0,0,0,0,-0.2164,0,NORMAL,NORMAL_THERMAL_ACTIVITY,Thermal activity falls within normal statistical bounds.,none
1728,1,1,2026-08-29,2026-08-29,1,336.84,336.84,297.67,297.67,6.37,6.37,2.0,0.0333,isolated,39.17,39.17,1.0,6.37,1.0,1.0,0,0,0,-0.1976,0,NORMAL,NORMAL_THERMAL_ACTIVITY,Thermal activity falls within normal statistical bounds.,none
1729,1,1,2026-08-29,2026-08-29,1,339.86,339.86,304.15,304.15,7.63,7.63,2.0,0.0333,isolated,35.71,35.71,1.0,7.63,1.0,1.0,0,0,0,-0.1895,0,NORMAL,NORMAL_THERMAL_ACTIVITY,Thermal activity falls within normal statistical bounds.,none
1730,1,1,2026-08-29,2026-08-29,1,336.48,336.48,297.95,297.95,6.38,6.38,2.0,0.0333,isolated,38.53,38.53,1.0,6.38,1.0,1.0,0,0,0,-0.1991,0,NORMAL,NORMAL_THERMAL_ACTIVITY,Thermal activity falls within normal statistical bounds.,none
1731,1,1,2026-08-29,2026-08-29,1,337.27,337.27,300.91,300.91,4.69,4.69,2.0,0.0333,isolated,36.36,36.36,1.0,4.69,1.0,1.0,0,0,0,-0.214,0,NORMAL,NORMAL_THERMAL_ACTIVITY,Thermal activity falls within normal statistical bounds.,none
1732,1,1,2026-08-29,2026-08-29,1,338.63,338.63,298.3,298.3,8.58,8.58,2.0,0.0333,isolated,40.33,40.33,1.0,8.58,1.0,1.0,0,0,0,-0.189,0,NORMAL,NORMAL_THERMAL_ACTIVITY,Thermal activity falls within normal statistical bounds.,none
1733,1,1,2026-08-29,2026-08-29,1,337.76,337.76,300.39,300.39,4.87,4.87,2.0,0.0333,isolated,37.37,37.37,1.0,4.87,1.0,1.0,0,0,0,-0.2118,0,NORMAL,NORMAL_THERMAL_ACTIVITY,Thermal activity falls within normal statistical bounds.,none
1734,1,1,2026-08-29,2026-08-29,1,335.05,335.05,297.09,297.09,5.01,5.01,2.0,0.0333,isolated,37.96,37.96,1.0,5.01,1.0,1.0,0,0,0,-0.2152,0,NORMAL,NORMAL_THERMAL_ACTIVITY,Thermal activity falls within normal statistical bounds.,none
1735,1,1,2026-08-29,2026-08-29,1,341.31,341.31,296.11,296.11,5.96,5.96,2.0,0.0333,isolated,45.2,45.2,1.0,5.96,1.0,1.0,0,0,0,-0.1926,0,NORMAL,NORMAL_THERMAL_ACTIVITY,Thermal activity falls within normal statistical bounds.,none
1736,1,1,2026-08-29,2026-08-29,1,330.11,330.11,294.34,294.34,2.86,2.86,2.0,0.0333,isolated,35.77,35.77,1.0,2.86,1.0,1.0,0,0,0,-0.2133,0,NORMAL,NORMAL_THERMAL_ACTIVITY,Thermal activity falls within normal statistical bounds.,none
1737,9,1,2026-08-29,2026-08-29,1,319.301,334.02,284.546,295.66,3.747,5.21,2.0,0.0333,isolated,34.755,38.36,0.7192,0.4163,9.0,1.0,0,0,0,-0.0049,0,ELEVATED,STATISTICAL_ANOMALY,Elevated abnormality primarily associated with unusual multi-variate statistical signature.,multivariate_combination
1738,3,1,2026-08-29,2026-08-29,1,295.57,295.73,284.45,284.54,3.557,5.25,2.0,0.0333,isolated,11.12,11.19,0.6775,1.1857,3.0,1.0,0,0,0,-0.0418,0,ELEVATED,STATISTICAL_ANOMALY,Elevated abnormality primarily associated with unusual multi-variate statistical signature.,multivariate_combination
1739,1,1,2026-08-29,2026-08-29,1,318.81,318.81,289.44,289.44,2.51,2.51,2.0,0.0333,isolated,29.37,29.37,1.0,2.51,1.0,1.0,0,0,0,-0.2042,0,NORMAL,NORMAL_THERMAL_ACTIVITY,Thermal activity falls within normal statistical bounds.,none
1740,1,1,2026-08-29,2026-08-29,1,308.66,308.66,290.67,290.67,3.49,3.49,2.0,0.0333,isolated,17.99,17.99,1.0,3.49,1.0,1.0,0,0,0,-0.1784,0,NORMAL,NORMAL_THERMAL_ACTIVITY,Thermal activity falls within normal statistical bounds.,none
1741,1,1,2026-08-29,2026-08-29,1,309.66,309.66,291.31,291.31,3.6,3.6,2.0,0.0333,isolated,18.35,18.35,1.0,3.6,1.0,1.0,0,0,0,-0.1751,0,NORMAL,NORMAL_THERMAL_ACTIVITY,Thermal activity falls within normal statistical bounds.,none
1742,1,1,2026-08-29,2026-08-29,1,317.58,317.58,285.78,285.78,2.06,2.06,2.0,0.0333,isolated,31.8,31.8,1.0,2.06,1.0,1.0,0,0,0,-0.2083,0,NORMAL,NORMAL_THERMAL_ACTIVITY,Thermal activity falls within normal statistical bounds.,none
1743,2,1,2026-08-29,2026-08-29,1,302.815,305.35,272.35,272.58,0.68,0.68,2.0,0.0333,isolated,30.465,32.77,1.0,0.34,2.0,1.0,0,0,0,-0.1515,0,NORMAL,NORMAL_THERMAL_ACTIVITY,Thermal activity falls within normal statistical bounds.,none
1744,1,1,2026-08-29,2026-08-29,1,302.9,302.9,274.32,274.32,0.93,0.93,2.0,0.0333,isolated,28.58,28.58,1.0,0.93,1.0,1.0,0,0,0,-0.1855,0,NORMAL,NORMAL_THERMAL_ACTIVITY,Thermal activity falls within normal statistical bounds.,none
1745,1,1,2026-08-29,2026-08-29,1,306.44,306.44,286.13,286.13,0.68,0.68,2.0,0.0333,isolated,20.31,20.31,1.0,0.68,1.0,1.0,0,0,0,-0.1828,0,NORMAL,NORMAL_THERMAL_ACTIVITY,Thermal activity falls within normal statistical bounds.,none
1746,2,1,2026-08-29,2026-08-29,1,309.525,309.77,292.71,295.01,1.35,1.74,2.0,0.0333,isolated,16.815,14.76,0.7759,0.675,2.0,1.0,0,0,0,-0.1362,0,NORMAL,NORMAL_THERMAL_ACTIVITY,Thermal activity falls within normal statistical bounds.,none
1747,5,1,2026-08-29,2026-08-29,1,334.008,355.55,291.456,295.61,6.594,9.74,2.0,0.0333,isolated,42.552,59.94,0.677,1.3188,5.0,1.0,0,0,0,-0.0122,0,ELEVATED,SHORT_LIVED_EXTREME_EVENT,Elevated abnormality primarily associated with elevated thermal intensity.,"max_bright_ti4,bt_diff_max"
1748,1,1,2026-08-29,2026-08-29,1,313.48,313.48,292.35,292.35,1.2,1.2,2.0,0.0333,isolated,21.13,21.13,1.0,1.2,1.0,1.0,0,0,0,-0.1894,0,NORMAL,NORMAL_THERMAL_ACTIVITY,Thermal activity falls within normal statistical bounds.,none
1749,2,1,2026-08-29,2026-08-29,1,299.7,303.46,285.04,288.4,0.485,0.74,2.0,0.0333,isolated,14.66,15.06,0.6554,0.2425,2.0,1.0,0,0,0,-0.1001,0,NORMAL,NORMAL_THERMAL_ACTIVITY,Thermal activity falls within normal statistical bounds.,none
1750,1,1,2026-08-29,2026-08-29,1,303.13,303.13,287.41,287.41,0.51,0.51,2.0,0.0333,isolated,15.72,15.72,1.0,0.51,1.0,1.0,0,0,0,-0.1682,0,NORMAL,NORMAL_THERMAL_ACTIVITY,Thermal activity falls within normal statistical bounds.,none
1751,1,1,2026-08-29,2026-08-29,1,301.17,301.17,279.92,279.92,0.51,0.51,2.0,0.0333,isolated,21.25,21.25,1.0,0.51,1.0,1.0,0,0,0,-0.17,0,NORMAL,NORMAL_THERMAL_ACTIVITY,Thermal activity falls within normal statistical bounds.,none
1752,2,1,2026-08-29,2026-08-29,1,299.61,301.06,278.67,278.95,0.45,0.54,2.0,0.0333,isolated,20.94,22.11,0.8333,0.225,2.0,1.0,0,0,0,-0.1152,0,NORMAL,NORMAL_THERMAL_ACTIVITY,Thermal activity falls within normal statistical bounds.,none
1753,1,1,2026-08-29,2026-08-29,1,319.18,319.18,287.17,287.17,1.9,1.9,2.0,0.0333,isolated,32.01,32.01,1.0,1.9,1.0,1.0,0,0,0,-0.2057,0,NORMAL,NORMAL_THERMAL_ACTIVITY,Thermal activity falls within normal statistical bounds.,none
1754,5,2,2026-08-29,2026-08-30,2,314.094,339.47,289.364,300.28,2.886,9.11,1.8,0.0667,short_lived_repeated,24.73,39.19,0.3168,0.5772,2.5,1.0,1,0,1,-0.0295,0,ELEVATED,STATISTICAL_ANOMALY,Elevated abnormality primarily associated with unusual multi-variate statistical signature.,multivariate_combination
1755,1,1,2026-08-29,2026-08-29,1,304.69,304.69,288.98,288.98,1.17,1.17,2.0,0.0333,isolated,15.71,15.71,1.0,1.17,1.0,1.0,0,0,0,-0.187,0,NORMAL,NORMAL_THERMAL_ACTIVITY,Thermal activity falls within normal statistical bounds.,none
1756,1,1,2026-08-29,2026-08-29,1,303.83,303.83,288.53,288.53,0.64,0.64,2.0,0.0333,isolated,15.3,15.3,1.0,0.64,1.0,1.0,0,0,0,-0.1744,0,NORMAL,NORMAL_THERMAL_ACTIVITY,Thermal activity falls within normal statistical bounds.,none
1757,1,1,2026-08-29,2026-08-29,1,305.23,305.23,282.68,282.68,0.81,0.81,2.0,0.0333,isolated,22.55,22.55,1.0,0.81,1.0,1.0,0,0,0,-0.1897,0,NORMAL,NORMAL_THERMAL_ACTIVITY,Thermal activity falls within normal statistical bounds.,none
1758,1,1,2026-08-29,2026-08-29,1,322.5,322.5,285.43,285.43,2.13,2.13,2.0,0.0333,isolated,37.07,37.07,1.0,2.13,1.0,1.0,0,0,0,-0.2067,0,NORMAL,NORMAL_THERMAL_ACTIVITY,Thermal activity falls within normal statistical bounds.,none
1759,1,1,2026-08-29,2026-08-29,1,301.37,301.37,281.89,281.89,0.66,0.66,2.0,0.0333,isolated,19.48,19.48,1.0,0.66,1.0,1.0,0,0,0,-0.1754,0,NORMAL,NORMAL_THERMAL_ACTIVITY,Thermal activity falls within normal statistical bounds.,none
1760,1,1,2026-08-29,2026-08-29,1,329.48,329.48,286.1,286.1,3.7,3.7,2.0,0.0333,isolated,43.38,43.38,1.0,3.7,1.0,1.0,0,0,0,-0.2078,0,NORMAL,NORMAL_THERMAL_ACTIVITY,Thermal activity falls within normal statistical bounds.,none
1761,1,1,2026-08-29,2026-08-29,1,303.15,303.15,289.02,289.02,0.98,0.98,2.0,0.0333,isolated,14.13,14.13,1.0,0.98,1.0,1.0,0,0,0,-0.1757,0,NORMAL,NORMAL_THERMAL_ACTIVITY,Thermal activity falls within normal statistical bounds.,none
1762,1,1,2026-08-29,2026-08-29,1,299.8,299.8,280.34,280.34,0.43,0.43,2.0,0.0333,isolated,19.46,19.46,1.0,0.43,1.0,1.0,0,0,0,-0.1611,0,NORMAL,NORMAL_THERMAL_ACTIVITY,Thermal activity falls within normal statistical bounds.,none
1763,1,1,2026-08-29,2026-08-29,1,295.01,295.01,261.21,261.21,0.41,0.41,2.0,0.0333,isolated,33.8,33.8,1.0,0.41,1.0,1.0,0,0,0,-0.1431,0,NORMAL,NORMAL_THERMAL_ACTIVITY,Thermal activity falls within normal statistical bounds.,none
1764,1,1,2026-08-29,2026-08-29,1,316.58,316.58,287.12,287.12,1.7,1.7,2.0,0.0333,isolated,29.46,29.46,1.0,1.7,1.0,1.0,0,0,0,-0.199,0,NORMAL,NORMAL_THERMAL_ACTIVITY,Thermal activity falls within normal statistical bounds.,none
1765,1,1,2026-08-29,2026-08-29,1,296.84,296.84,278.07,278.07,0.62,0.62,2.0,0.0333,isolated,18.77,18.77,1.0,0.62,1.0,1.0,0,0,0,-0.1583,0,NORMAL,NORMAL_THERMAL_ACTIVITY,Thermal activity falls within normal statistical bounds.,none
1766,1,1,2026-08-29,2026-08-29,1,321.51,321.51,289.43,289.43,1.86,1.86,2.0,0.0333,isolated,32.08,32.08,1.0,1.86,1.0,1.0,0,0,0,-0.207,0,NORMAL,NORMAL_THERMAL_ACTIVITY,Thermal activity falls within normal statistical bounds.,none
1767,1,1,2026-08-29,2026-08-29,1,305.07,305.07,283.77,283.77,1.52,1.52,2.0,0.0333,isolated,21.3,21.3,1.0,1.52,1.0,1.0,0,0,0,-0.1916,0,NORMAL,NORMAL_THERMAL_ACTIVITY,Thermal activity falls within normal statistical bounds.,none
1768,2,1,2026-08-30,2026-08-30,1,337.47,338.54,289.59,289.82,5.17,6.06,2.0,0.0333,isolated,47.88,48.72,0.8531,2.585,2.0,1.0,0,0,0,-0.1617,0,NORMAL,NORMAL_THERMAL_ACTIVITY,Thermal activity falls within normal statistical bounds.,none
1769,1,1,2026-08-30,2026-08-30,1,333.96,333.96,288.41,288.41,6.73,6.73,2.0,0.0333,isolated,45.55,45.55,1.0,6.73,1.0,1.0,0,0,0,-0.1934,0,NORMAL,NORMAL_THERMAL_ACTIVITY,Thermal activity falls within normal statistical bounds.,none
1770,1,1,2026-08-30,2026-08-30,1,330.6,330.6,289.95,289.95,7.03,7.03,2.0,0.0333,isolated,40.65,40.65,1.0,7.03,1.0,1.0,0,0,0,-0.1901,0,NORMAL,NORMAL_THERMAL_ACTIVITY,Thermal activity falls within normal statistical bounds.,none
1771,1,1,2026-08-30,2026-08-30,1,339.7,339.7,298.03,298.03,6.97,6.97,2.0,0.0333,isolated,41.67,41.67,1.0,6.97,1.0,1.0,0,0,0,-0.1923,0,NORMAL,NORMAL_THERMAL_ACTIVITY,Thermal activity falls within normal statistical bounds.,none
1772,1,1,2026-08-30,2026-08-30,1,330.19,330.19,294.91,294.91,3.18,3.18,2.0,0.0333,isolated,35.28,35.28,1.0,3.18,1.0,1.0,0,0,0,-0.2132,0,NORMAL,NORMAL_THERMAL_ACTIVITY,Thermal activity falls within normal statistical bounds.,none
1773,2,1,2026-08-30,2026-08-30,1,351.905,367.0,292.85,293.15,7.695,8.66,2.5,0.0333,isolated,59.055,73.85,0.8886,3.8475,2.0,1.0,0,0,0,-0.0036,0,ELEVATED,SHORT_LIVED_EXTREME_EVENT,Elevated abnormality primarily associated with elevated thermal intensity.,"max_bright_ti4,bt_diff_max"
1774,2,1,2026-08-30,2026-08-30,1,340.94,350.61,290.75,292.81,4.065,4.69,2.0,0.0333,isolated,50.19,57.8,0.8667,2.0325,2.0,1.0,0,0,0,-0.1261,0,NORMAL,NORMAL_THERMAL_ACTIVITY,Thermal activity falls within normal statistical bounds.,none
1775,6,1,2026-08-30,2026-08-30,1,339.143,351.06,287.502,298.89,8.697,17.27,2.0,0.0333,isolated,51.641,52.17,0.5036,1.4495,6.0,1.0,0,0,0,0.0363,1,HIGH,MULTI_FACTOR_ANOMALY,High abnormality primarily associated with elevated thermal intensity and elevated thermal energy (FRP).,"max_bright_ti4,bt_diff_max,max_frp"
1776,1,1,2026-08-30,2026-08-30,1,340.99,340.99,298.3,298.3,11.53,11.53,2.0,0.0333,isolated,42.69,42.69,1.0,11.53,1.0,1.0,0,0,0,-0.1449,0,NORMAL,NORMAL_THERMAL_ACTIVITY,Thermal activity falls within normal statistical bounds.,none
1777,1,1,2026-08-30,2026-08-30,1,333.6,333.6,301.04,301.04,3.51,3.51,1.0,0.0333,isolated,32.56,32.56,1.0,3.51,1.0,1.0,0,0,0,-0.1209,0,NORMAL,NORMAL_THERMAL_ACTIVITY,Thermal activity falls within normal statistical bounds.,none
1778,1,1,2026-08-30,2026-08-30,1,336.17,336.17,304.46,304.46,9.42,9.42,1.0,0.0333,isolated,31.71,31.71,1.0,9.42,1.0,1.0,0,0,0,-0.078,0,NORMAL,NORMAL_THERMAL_ACTIVITY,Thermal activity falls within normal statistical bounds.,none
1779,1,1,2026-08-30,2026-08-30,1,333.89,333.89,299.86,299.86,4.38,4.38,2.0,0.0333,isolated,34.03,34.03,1.0,4.38,1.0,1.0,0,0,0,-0.2165,0,NORMAL,NORMAL_THERMAL_ACTIVITY,Thermal activity falls within normal statistical bounds.,none
1780,1,1,2026-08-30,2026-08-30,1,333.12,333.12,296.36,296.36,6.48,6.48,2.0,0.0333,isolated,36.76,36.76,1.0,6.48,1.0,1.0,0,0,0,-0.1987,0,NORMAL,NORMAL_THERMAL_ACTIVITY,Thermal activity falls within normal statistical bounds.,none
1781,1,1,2026-08-30,2026-08-30,1,332.85,332.85,298.89,298.89,1.79,1.79,2.0,0.0333,isolated,33.96,33.96,1.0,1.79,1.0,1.0,0,0,0,-0.2114,0,NORMAL,NORMAL_THERMAL_ACTIVITY,Thermal activity falls within normal statistical bounds.,none
1782,1,1,2026-08-30,2026-08-30,1,335.86,335.86,297.81,297.81,4.39,4.39,2.0,0.0333,isolated,38.05,38.05,1.0,4.39,1.0,1.0,0,0,0,-0.2159,0,NORMAL,NORMAL_THERMAL_ACTIVITY,Thermal activity falls within normal statistical bounds.,none
1783,1,1,2026-08-30,2026-08-30,1,329.0,329.0,288.71,288.71,11.8,11.8,2.0,0.0333,isolated,40.29,40.29,1.0,11.8,1.0,1.0,0,0,0,-0.1329,0,NORMAL,NORMAL_THERMAL_ACTIVITY,Thermal activity falls within normal statistical bounds.,none
1784,2,1,2026-08-30,2026-08-30,1,344.245,344.42,308.29,308.36,8.5,9.08,2.0,0.0333,isolated,35.955,36.06,0.9361,4.25,2.0,1.0,0,0,0,-0.1525,0,NORMAL,NORMAL_THERMAL_ACTIVITY,Thermal activity falls within normal statistical bounds.,none
1785,1,1,2026-08-30,2026-08-30,1,341.31,341.31,309.66,309.66,2.05,2.05,2.0,0.0333,isolated,31.65,31.65,1.0,2.05,1.0,1.0,0,0,0,-0.2058,0,NORMAL,NORMAL_THERMAL_ACTIVITY,Thermal activity falls within normal statistical bounds.,none
1786,1,1,2026-08-30,2026-08-30,1,332.07,332.07,303.55,303.55,3.22,3.22,2.0,0.0333,isolated,28.52,28.52,1.0,3.22,1.0,1.0,0,0,0,-0.2051,0,NORMAL,NORMAL_THERMAL_ACTIVITY,Thermal activity falls within normal statistical bounds.,none
1787,1,1,2026-08-30,2026-08-30,1,330.02,330.02,299.59,299.59,3.13,3.13,2.0,0.0333,isolated,30.43,30.43,1.0,3.13,1.0,1.0,0,0,0,-0.2093,0,NORMAL,NORMAL_THERMAL_ACTIVITY,Thermal activity falls within normal statistical bounds.,none
1788,1,1,2026-08-30,2026-08-30,1,339.64,339.64,291.16,291.16,1.91,1.91,2.0,0.0333,isolated,48.48,48.48,1.0,1.91,1.0,1.0,0,0,0,-0.1905,0,NORMAL,NORMAL_THERMAL_ACTIVITY,Thermal activity falls within normal statistical bounds.,none
1789,1,1,2026-08-30,2026-08-30,1,349.42,349.42,294.98,294.98,9.26,9.26,2.0,0.0333,isolated,54.44,54.44,1.0,9.26,1.0,1.0,0,0,0,-0.1416,0,NORMAL,NORMAL_THERMAL_ACTIVITY,Thermal activity falls within normal statistical bounds.,none
1790,2,1,2026-08-30,2026-08-30,1,341.25,343.46,301.275,301.58,3.865,4.08,2.0,0.0333,isolated,39.975,41.88,0.9473,1.9325,2.0,1.0,0,0,0,-0.1744,0,NORMAL,NORMAL_THERMAL_ACTIVITY,Thermal activity falls within normal statistical bounds.,none
1791,1,1,2026-08-30,2026-08-30,1,332.74,332.74,293.89,293.89,3.13,3.13,2.0,0.0333,isolated,38.85,38.85,1.0,3.13,1.0,1.0,0,0,0,-0.2156,0,NORMAL,NORMAL_THERMAL_ACTIVITY,Thermal activity falls within normal statistical bounds.,none
