cluster_id,classification_label,classification_score,classification_rationale,active_days,persistence_category,max_bright_ti4,bt_diff_max,max_frp,movement_status,total_movement_distance_km,osm_facility_type,osm_facility_name,osm_distance_km,osm_query_status,land_cover_class,satellite_image_available,predicted_landcover_class,prediction_confidence,observation_status
0,Unknown / Insufficient Evidence,0.0,"Unknown / Insufficient Evidence
Supporting evidence:
- insufficient or conflicting physical & contextual evidence
- OSM industrial context is UNKNOWN
- land-cover context is UNKNOWN
- satellite observation unavailable/obscured",1,isolated,329.54,39.04,3.14,INSUFFICIENT_DATA,0.0,none,none,inf,not_found,UNKNOWN,False,UNKNOWN,,"Sentinel-2 observation available but obscured by cloud cover (best: 84.3%, threshold: 30.0%)"
1,Agricultural-context thermal event,0.75,"Agricultural-context thermal event
Supporting evidence:
- short-lived transient activity (active_days=2)
- minor localized plot displacement
- moderate thermal power typical of crop burning (max_frp=5.3 MW)
- OSM industrial context is UNKNOWN
- land-cover context is UNKNOWN
- satellite observation unavailable/obscured",2,short_lived_repeated,333.41,42.13,5.27,STATIONARY,0.072,none,none,inf,not_found,UNKNOWN,False,UNKNOWN,,"Sentinel-2 observation available but obscured by cloud cover (best: 94.6%, threshold: 30.0%)"
2,Industrial-context thermal event,0.45,"Industrial-context thermal event
Supporting evidence:
- high spectral brightness temperature contrast (bt_diff=55.5 K)
- industrial facility detected nearby (industrial at 0.65 km)
- land-cover context is UNKNOWN",1,isolated,341.86,55.47,8.63,INSUFFICIENT_DATA,0.0,industrial,none,0.653,found,UNKNOWN,True,SeaLake,0.9625,Satellite CNN prediction: SeaLake (confidence: 0.96)
3,Agricultural-context thermal event,0.55,"Agricultural-context thermal event
Supporting evidence:
- short-lived transient activity (active_days=1)
- moderate thermal power typical of crop burning (max_frp=10.2 MW)
- OSM industrial context is UNKNOWN
- land-cover context is UNKNOWN
- satellite observation unavailable/obscured",1,isolated,345.85,51.0,10.2,INSUFFICIENT_DATA,0.0,none,none,inf,not_found,UNKNOWN,False,UNKNOWN,,"Sentinel-2 observation available but obscured by cloud cover (best: 39.1%, threshold: 30.0%)"
4,Unknown / Insufficient Evidence,0.0,"Unknown / Insufficient Evidence
Supporting evidence:
- insufficient or conflicting physical & contextual evidence
- OSM industrial context is UNKNOWN
- land-cover context is UNKNOWN",1,isolated,335.15,38.69,4.34,INSUFFICIENT_DATA,0.0,none,none,inf,not_found,UNKNOWN,True,HerbaceousVegetation,0.432,Satellite CNN prediction: HerbaceousVegetation (confidence: 0.43)
5,Unknown / Insufficient Evidence,0.0,"Unknown / Insufficient Evidence
Supporting evidence:
- insufficient or conflicting physical & contextual evidence
- OSM industrial context is UNKNOWN
- land-cover context is UNKNOWN",1,isolated,331.65,35.16,2.67,INSUFFICIENT_DATA,0.0,none,none,inf,not_found,UNKNOWN,True,SeaLake,0.8518,Satellite CNN prediction: SeaLake (confidence: 0.85)
6,Unknown / Insufficient Evidence,0.0,"Unknown / Insufficient Evidence
Supporting evidence:
- insufficient or conflicting physical & contextual evidence
- OSM industrial context is UNKNOWN
- land-cover context is UNKNOWN",1,isolated,331.79,39.83,2.77,INSUFFICIENT_DATA,0.0,none,none,inf,not_found,UNKNOWN,True,SeaLake,0.996,Satellite CNN prediction: SeaLake (confidence: 1.00)
7,Unknown / Insufficient Evidence,0.0,"Unknown / Insufficient Evidence
Supporting evidence:
- insufficient or conflicting physical & contextual evidence
- OSM industrial context is UNKNOWN
- land-cover context is UNKNOWN
- satellite observation unavailable/obscured",1,isolated,331.46,34.17,2.48,INSUFFICIENT_DATA,0.0,none,none,inf,not_found,UNKNOWN,False,UNKNOWN,,"Sentinel-2 observation available but obscured by cloud cover (best: 52.6%, threshold: 30.0%)"
8,Unknown / Insufficient Evidence,0.0,"Unknown / Insufficient Evidence
Supporting evidence:
- insufficient or conflicting physical & contextual evidence
- OSM industrial context is UNKNOWN
- land-cover context is UNKNOWN
- satellite observation unavailable/obscured",1,isolated,332.56,34.93,1.68,INSUFFICIENT_DATA,0.0,none,none,inf,not_found,UNKNOWN,False,UNKNOWN,,"Sentinel-2 observation available but obscured by cloud cover (best: 39.9%, threshold: 30.0%)"
9,Agricultural-context thermal event,0.55,"Agricultural-context thermal event
Supporting evidence:
- short-lived transient activity (active_days=1)
- moderate thermal power typical of crop burning (max_frp=10.8 MW)
- OSM industrial context is UNKNOWN
- land-cover context is UNKNOWN
- satellite observation unavailable/obscured",1,isolated,341.89,42.91,10.81,INSUFFICIENT_DATA,0.0,none,none,inf,not_found,UNKNOWN,False,UNKNOWN,,"Sentinel-2 observation available but obscured by cloud cover (best: 52.6%, threshold: 30.0%)"
10,Unknown / Insufficient Evidence,0.0,"Unknown / Insufficient Evidence
Supporting evidence:
- insufficient or conflicting physical & contextual evidence
- OSM industrial context is UNKNOWN
- land-cover context is UNKNOWN
- satellite observation unavailable/obscured",1,isolated,330.71,35.68,1.56,INSUFFICIENT_DATA,0.0,none,none,inf,not_found,UNKNOWN,False,UNKNOWN,,"Sentinel-2 observation available but obscured by cloud cover (best: 45.6%, threshold: 30.0%)"
11,Unknown / Insufficient Evidence,0.0,"Unknown / Insufficient Evidence
Supporting evidence:
- insufficient or conflicting physical & contextual evidence
- OSM industrial context is UNKNOWN
- land-cover context is UNKNOWN
- satellite observation unavailable/obscured",1,isolated,330.49,37.89,2.37,INSUFFICIENT_DATA,0.0,none,none,inf,not_found,UNKNOWN,False,UNKNOWN,,"Sentinel-2 observation available but obscured by cloud cover (best: 73.5%, threshold: 30.0%)"
12,Unknown / Insufficient Evidence,0.0,"Unknown / Insufficient Evidence
Supporting evidence:
- insufficient or conflicting physical & contextual evidence
- OSM industrial context is UNKNOWN
- land-cover context is UNKNOWN
- satellite observation unavailable/obscured",1,isolated,337.74,41.29,3.22,INSUFFICIENT_DATA,0.0,none,none,inf,not_found,UNKNOWN,False,UNKNOWN,,"Sentinel-2 observation available but obscured by cloud cover (best: 45.6%, threshold: 30.0%)"
13,Agricultural-context thermal event,0.55,"Agricultural-context thermal event
Supporting evidence:
- short-lived transient activity (active_days=1)
- moderate thermal power typical of crop burning (max_frp=5.4 MW)
- OSM industrial context is UNKNOWN
- land-cover context is UNKNOWN
- satellite observation unavailable/obscured",1,isolated,335.48,38.41,5.38,INSUFFICIENT_DATA,0.0,none,none,inf,not_found,UNKNOWN,False,UNKNOWN,,"Sentinel-2 observation available but obscured by cloud cover (best: 52.6%, threshold: 30.0%)"
14,Unknown / Insufficient Evidence,0.0,"Unknown / Insufficient Evidence
Supporting evidence:
- insufficient or conflicting physical & contextual evidence
- OSM industrial context is UNKNOWN
- land-cover context is UNKNOWN
- satellite observation unavailable/obscured",1,isolated,333.55,38.76,4.81,INSUFFICIENT_DATA,0.0,none,none,inf,not_found,UNKNOWN,False,UNKNOWN,,"Sentinel-2 observation available but obscured by cloud cover (best: 39.9%, threshold: 30.0%)"
15,Unknown / Insufficient Evidence,0.0,"Unknown / Insufficient Evidence
Supporting evidence:
- insufficient or conflicting physical & contextual evidence
- land-cover context is UNKNOWN
- satellite observation unavailable/obscured",1,isolated,332.62,34.54,2.46,INSUFFICIENT_DATA,0.0,industrial,none,1.387,found,UNKNOWN,False,UNKNOWN,,"Sentinel-2 observation available but obscured by cloud cover (best: 69.7%, threshold: 30.0%)"
16,Agricultural-context thermal event,0.55,"Agricultural-context thermal event
Supporting evidence:
- short-lived transient activity (active_days=1)
- moderate thermal power typical of crop burning (max_frp=9.1 MW)
- OSM industrial context is UNKNOWN
- land-cover context is UNKNOWN
- satellite observation unavailable/obscured",1,isolated,337.57,40.8,9.09,INSUFFICIENT_DATA,0.0,none,none,inf,not_found,UNKNOWN,False,UNKNOWN,,"Sentinel-2 observation available but obscured by cloud cover (best: 69.7%, threshold: 30.0%)"
17,Unknown / Insufficient Evidence,0.0,"Unknown / Insufficient Evidence
Supporting evidence:
- insufficient or conflicting physical & contextual evidence
- OSM industrial context is UNKNOWN
- land-cover context is UNKNOWN
- satellite observation unavailable/obscured",1,isolated,335.31,36.12,2.33,INSUFFICIENT_DATA,0.0,none,none,inf,not_found,UNKNOWN,False,UNKNOWN,,"Sentinel-2 observation available but obscured by cloud cover (best: 69.7%, threshold: 30.0%)"
18,Agricultural-context thermal event,0.55,"Agricultural-context thermal event
Supporting evidence:
- short-lived transient activity (active_days=1)
- moderate thermal power typical of crop burning (max_frp=7.3 MW)
- OSM industrial context is UNKNOWN
- land-cover context is UNKNOWN
- satellite observation unavailable/obscured",1,isolated,335.44,38.54,7.3,INSUFFICIENT_DATA,0.0,none,none,inf,not_found,UNKNOWN,False,UNKNOWN,,"Sentinel-2 observation available but obscured by cloud cover (best: 41.9%, threshold: 30.0%)"
19,Unknown / Insufficient Evidence,0.0,"Unknown / Insufficient Evidence
Supporting evidence:
- insufficient or conflicting physical & contextual evidence
- OSM industrial context is UNKNOWN
- land-cover context is UNKNOWN
- satellite observation unavailable/obscured",1,isolated,332.54,40.11,3.02,INSUFFICIENT_DATA,0.0,none,none,inf,not_found,UNKNOWN,False,UNKNOWN,,"Sentinel-2 observation available but obscured by cloud cover (best: 58.2%, threshold: 30.0%)"
20,Agricultural-context thermal event,0.4,"Agricultural-context thermal event
Supporting evidence:
- short-lived transient activity (active_days=2)
- moderate thermal power typical of crop burning (max_frp=8.5 MW)
- land-cover context is UNKNOWN
- satellite observation unavailable/obscured",2,short_lived_repeated,337.35,42.92,8.5,MOVING,0.664,industrial,TATA Steel,0.346,found,UNKNOWN,False,UNKNOWN,,"Sentinel-2 observation available but obscured by cloud cover (best: 92.0%, threshold: 30.0%)"
21,Unknown / Insufficient Evidence,0.0,"Unknown / Insufficient Evidence
Supporting evidence:
- insufficient or conflicting physical & contextual evidence
- land-cover context is UNKNOWN
- satellite observation unavailable/obscured",1,isolated,330.83,32.99,3.09,INSUFFICIENT_DATA,0.0,industrial,none,0.613,found,UNKNOWN,False,UNKNOWN,,"Sentinel-2 observation available but obscured by cloud cover (best: 79.3%, threshold: 30.0%)"
22,Industrial-context thermal event,0.85,"Industrial-context thermal event
Supporting evidence:
- activity is recurring (active_days=2)
- activity is spatially stationary (displacement=0.06 km)
- high spectral brightness temperature contrast (bt_diff=57.6 K)
- industrial facility detected nearby (industrial at 0.93 km)
- land-cover context is UNKNOWN
- satellite observation unavailable/obscured",2,short_lived_repeated,356.0,57.65,23.16,STATIONARY,0.059,industrial,none,0.927,found,UNKNOWN,False,UNKNOWN,,"Sentinel-2 observation available but obscured by cloud cover (best: 66.1%, threshold: 30.0%)"
23,Industrial-context thermal event,0.45,"Industrial-context thermal event
Supporting evidence:
- high spectral brightness temperature contrast (bt_diff=52.7 K)
- industrial facility detected nearby (plant at 0.90 km)
- land-cover context is UNKNOWN
- satellite observation unavailable/obscured",1,isolated,343.28,52.71,3.41,INSUFFICIENT_DATA,0.0,plant,Raigarh Jindal power station,0.899,found,UNKNOWN,False,UNKNOWN,,"Sentinel-2 observation available but obscured by cloud cover (best: 66.1%, threshold: 30.0%)"
24,Industrial-context thermal event,0.6,"Industrial-context thermal event
Supporting evidence:
- activity is recurring (active_days=3)
- activity is spatially stationary (displacement=0.12 km)
- high spectral brightness temperature contrast (bt_diff=47.4 K)
- OSM industrial context is UNKNOWN
- land-cover context is UNKNOWN
- satellite observation unavailable/obscured",3,short_lived_repeated,345.09,47.36,8.32,STATIONARY,0.123,none,none,inf,not_found,UNKNOWN,False,UNKNOWN,,"Sentinel-2 observation available but obscured by cloud cover (best: 76.6%, threshold: 30.0%)"
25,Agricultural-context thermal event,0.4,"Agricultural-context thermal event
Supporting evidence:
- short-lived transient activity (active_days=2)
- moderate thermal power typical of crop burning (max_frp=5.8 MW)
- land-cover context is UNKNOWN
- satellite observation unavailable/obscured",2,short_lived_repeated,333.15,37.07,5.76,MOVING,0.59,industrial,Tata Steel,0.331,found,UNKNOWN,False,UNKNOWN,,"Sentinel-2 observation available but obscured by cloud cover (best: 87.8%, threshold: 30.0%)"
26,Industrial-context thermal event,0.45,"Industrial-context thermal event
Supporting evidence:
- high spectral brightness temperature contrast (bt_diff=42.1 K)
- industrial facility detected nearby (mine at 0.65 km)
- land-cover context is UNKNOWN
- satellite observation unavailable/obscured",1,isolated,332.66,42.1,2.64,INSUFFICIENT_DATA,0.0,mine,West Bokaro Coal Mine,0.65,found,UNKNOWN,False,UNKNOWN,,"Sentinel-2 observation available but obscured by cloud cover (best: 90.7%, threshold: 30.0%)"
27,Unknown / Insufficient Evidence,0.0,"Unknown / Insufficient Evidence
Supporting evidence:
- insufficient or conflicting physical & contextual evidence
- OSM industrial context is UNKNOWN
- land-cover context is UNKNOWN
- satellite observation unavailable/obscured",1,isolated,330.26,32.89,4.02,INSUFFICIENT_DATA,0.0,none,none,inf,not_found,UNKNOWN,False,UNKNOWN,,"Sentinel-2 observation available but obscured by cloud cover (best: 84.5%, threshold: 30.0%)"
28,Unknown / Insufficient Evidence,0.0,"Unknown / Insufficient Evidence
Supporting evidence:
- insufficient or conflicting physical & contextual evidence
- OSM industrial context is UNKNOWN
- land-cover context is UNKNOWN
- satellite observation unavailable/obscured",1,isolated,330.04,33.65,4.87,INSUFFICIENT_DATA,0.0,none,none,inf,not_found,UNKNOWN,False,UNKNOWN,,"Sentinel-2 observation available but obscured by cloud cover (best: 84.5%, threshold: 30.0%)"
29,Agricultural-context thermal event,0.4,"Agricultural-context thermal event
Supporting evidence:
- short-lived transient activity (active_days=1)
- moderate thermal power typical of crop burning (max_frp=5.4 MW)
- land-cover context is UNKNOWN
- satellite observation unavailable/obscured",1,isolated,331.81,33.28,5.41,INSUFFICIENT_DATA,0.0,works,none,0.759,found,UNKNOWN,False,UNKNOWN,,"Sentinel-2 observation available but obscured by cloud cover (best: 84.5%, threshold: 30.0%)"
30,Agricultural-context thermal event,0.55,"Agricultural-context thermal event
Supporting evidence:
- short-lived transient activity (active_days=1)
- moderate thermal power typical of crop burning (max_frp=6.5 MW)
- OSM industrial context is UNKNOWN
- land-cover context is UNKNOWN
- satellite observation unavailable/obscured",1,isolated,337.15,43.84,6.47,INSUFFICIENT_DATA,0.0,none,none,inf,not_found,UNKNOWN,False,UNKNOWN,,"Sentinel-2 observation available but obscured by cloud cover (best: 39.9%, threshold: 30.0%)"
31,Unknown / Insufficient Evidence,0.0,"Unknown / Insufficient Evidence
Supporting evidence:
- insufficient or conflicting physical & contextual evidence
- OSM industrial context is UNKNOWN
- land-cover context is UNKNOWN
- satellite observation unavailable/obscured",1,isolated,331.58,38.77,4.35,INSUFFICIENT_DATA,0.0,none,none,inf,not_found,UNKNOWN,False,UNKNOWN,,"Sentinel-2 observation available but obscured by cloud cover (best: 45.6%, threshold: 30.0%)"
32,Unknown / Insufficient Evidence,0.0,"Unknown / Insufficient Evidence
Supporting evidence:
- insufficient or conflicting physical & contextual evidence
- OSM industrial context is UNKNOWN
- land-cover context is UNKNOWN
- satellite observation unavailable/obscured",1,isolated,333.21,41.5,3.44,INSUFFICIENT_DATA,0.0,none,none,inf,not_found,UNKNOWN,False,UNKNOWN,,"Sentinel-2 observation available but obscured by cloud cover (best: 39.9%, threshold: 30.0%)"
33,Agricultural-context thermal event,0.55,"Agricultural-context thermal event
Supporting evidence:
- short-lived transient activity (active_days=1)
- moderate thermal power typical of crop burning (max_frp=15.0 MW)
- OSM industrial context is UNKNOWN
- land-cover context is UNKNOWN
- satellite observation unavailable/obscured",1,isolated,340.2,49.18,15.02,INSUFFICIENT_DATA,0.0,none,none,inf,not_found,UNKNOWN,False,UNKNOWN,,"Sentinel-2 observation available but obscured by cloud cover (best: 79.9%, threshold: 30.0%)"
34,Unknown / Insufficient Evidence,0.0,"Unknown / Insufficient Evidence
Supporting evidence:
- insufficient or conflicting physical & contextual evidence
- OSM industrial context is UNKNOWN
- land-cover context is UNKNOWN
- satellite observation unavailable/obscured",1,isolated,330.05,39.54,1.68,INSUFFICIENT_DATA,0.0,none,none,inf,not_found,UNKNOWN,False,UNKNOWN,,"Sentinel-2 observation available but obscured by cloud cover (best: 69.7%, threshold: 30.0%)"
35,Unknown / Insufficient Evidence,0.0,"Unknown / Insufficient Evidence
Supporting evidence:
- insufficient or conflicting physical & contextual evidence
- OSM industrial context is UNKNOWN
- land-cover context is UNKNOWN
- satellite observation unavailable/obscured",1,isolated,333.69,42.3,2.4,INSUFFICIENT_DATA,0.0,none,none,inf,not_found,UNKNOWN,False,UNKNOWN,,"Sentinel-2 observation available but obscured by cloud cover (best: 69.7%, threshold: 30.0%)"
36,Unknown / Insufficient Evidence,0.0,"Unknown / Insufficient Evidence
Supporting evidence:
- insufficient or conflicting physical & contextual evidence
- OSM industrial context is UNKNOWN
- land-cover context is UNKNOWN
- satellite observation unavailable/obscured",1,isolated,334.67,43.28,3.22,INSUFFICIENT_DATA,0.0,none,none,inf,not_found,UNKNOWN,False,UNKNOWN,,"Sentinel-2 observation available but obscured by cloud cover (best: 69.7%, threshold: 30.0%)"
37,Agricultural-context thermal event,0.55,"Agricultural-context thermal event
Supporting evidence:
- short-lived transient activity (active_days=1)
- moderate thermal power typical of crop burning (max_frp=7.9 MW)
- OSM industrial context is UNKNOWN
- land-cover context is UNKNOWN
- satellite observation unavailable/obscured",1,isolated,341.51,52.93,7.9,INSUFFICIENT_DATA,0.0,none,none,inf,not_found,UNKNOWN,False,UNKNOWN,,"Sentinel-2 observation available but obscured by cloud cover (best: 69.7%, threshold: 30.0%)"
38,Agricultural-context thermal event,0.55,"Agricultural-context thermal event
Supporting evidence:
- short-lived transient activity (active_days=1)
- moderate thermal power typical of crop burning (max_frp=16.1 MW)
- OSM industrial context is UNKNOWN
- land-cover context is UNKNOWN",1,isolated,343.41,42.24,16.12,INSUFFICIENT_DATA,0.0,none,none,inf,not_found,UNKNOWN,True,Pasture,0.4936,Satellite CNN prediction: Pasture (confidence: 0.49)
39,Industrial-context thermal event,0.85,"Industrial-context thermal event
Supporting evidence:
- activity is recurring (active_days=3)
- activity is spatially stationary (displacement=0.13 km)
- high spectral brightness temperature contrast (bt_diff=56.4 K)
- industrial facility detected nearby (metal_processing at 1.10 km)
- land-cover context is UNKNOWN
- satellite observation unavailable/obscured",3,short_lived_repeated,332.4,56.39,6.33,STATIONARY,0.13,metal_processing,Tata Steel Meramandali,1.098,found,UNKNOWN,False,UNKNOWN,,"Sentinel-2 observation available but obscured by cloud cover (best: 92.0%, threshold: 30.0%)"
40,Industrial-context thermal event,0.85,"Industrial-context thermal event
Supporting evidence:
- activity is recurring (active_days=3)
- activity is spatially stationary (displacement=0.33 km)
- high spectral brightness temperature contrast (bt_diff=53.1 K)
- industrial facility detected nearby (industrial at 1.35 km)
- land-cover context is UNKNOWN
- satellite observation unavailable/obscured",3,short_lived_repeated,347.01,53.09,9.17,STATIONARY,0.332,industrial,Angul Steel Plant,1.352,found,UNKNOWN,False,UNKNOWN,,"Sentinel-2 observation available but obscured by cloud cover (best: 91.3%, threshold: 30.0%)"
41,Unknown / Insufficient Evidence,0.0,"Unknown / Insufficient Evidence
Supporting evidence:
- insufficient or conflicting physical & contextual evidence
- land-cover context is UNKNOWN
- satellite observation unavailable/obscured",1,isolated,310.54,20.37,3.32,INSUFFICIENT_DATA,0.0,mine,Adasa Coal Mine,1.281,found,UNKNOWN,False,UNKNOWN,,"Sentinel-2 observation available but obscured by cloud cover (best: 67.7%, threshold: 30.0%)"
42,Unknown / Insufficient Evidence,0.0,"Unknown / Insufficient Evidence
Supporting evidence:
- insufficient or conflicting physical & contextual evidence
- OSM industrial context is UNKNOWN
- land-cover context is UNKNOWN
- satellite observation unavailable/obscured",1,isolated,308.07,19.56,1.77,INSUFFICIENT_DATA,0.0,none,none,inf,not_found,UNKNOWN,False,UNKNOWN,,"Sentinel-2 observation available but obscured by cloud cover (best: 73.4%, threshold: 30.0%)"
43,Agricultural-context thermal event,0.55,"Agricultural-context thermal event
Supporting evidence:
- short-lived transient activity (active_days=2)
- minor localized plot displacement
- OSM industrial context is UNKNOWN
- land-cover context is UNKNOWN
- satellite observation unavailable/obscured",2,short_lived_repeated,304.74,24.15,1.56,STATIONARY,0.051,none,none,inf,not_found,UNKNOWN,False,UNKNOWN,,"Sentinel-2 observation available but obscured by cloud cover (best: 73.4%, threshold: 30.0%)"
44,Unknown / Insufficient Evidence,0.0,"Unknown / Insufficient Evidence
Supporting evidence:
- insufficient or conflicting physical & contextual evidence
- land-cover context is UNKNOWN
- satellite observation unavailable/obscured",1,isolated,299.15,22.31,1.78,INSUFFICIENT_DATA,0.0,industrial,none,0.231,found,UNKNOWN,False,UNKNOWN,,"Sentinel-2 observation available but obscured by cloud cover (best: 71.5%, threshold: 30.0%)"
45,Industrial-context thermal event,0.65,"Industrial-context thermal event
Supporting evidence:
- activity is recurring (active_days=2)
- activity is spatially stationary (displacement=0.08 km)
- industrial facility detected nearby (plant at 0.33 km)
- land-cover context is UNKNOWN
- satellite observation unavailable/obscured",2,short_lived_repeated,303.59,27.59,1.16,STATIONARY,0.081,plant,BEL,0.329,found,UNKNOWN,False,UNKNOWN,,"Sentinel-2 observation available but obscured by cloud cover (best: 84.4%, threshold: 30.0%)"
46,Unknown / Insufficient Evidence,0.0,"Unknown / Insufficient Evidence
Supporting evidence:
- insufficient or conflicting physical & contextual evidence
- OSM industrial context is UNKNOWN
- land-cover context is UNKNOWN
- satellite observation unavailable/obscured",1,isolated,301.39,35.69,0.94,INSUFFICIENT_DATA,0.0,none,none,inf,not_found,UNKNOWN,False,UNKNOWN,,"Sentinel-2 observation available but obscured by cloud cover (best: 76.6%, threshold: 30.0%)"
47,Unknown / Insufficient Evidence,0.0,"Unknown / Insufficient Evidence
Supporting evidence:
- insufficient or conflicting physical & contextual evidence
- OSM industrial context is UNKNOWN
- land-cover context is UNKNOWN
- satellite observation unavailable/obscured",1,isolated,298.63,32.73,0.87,INSUFFICIENT_DATA,0.0,none,none,inf,not_found,UNKNOWN,False,UNKNOWN,,"Sentinel-2 observation available but obscured by cloud cover (best: 76.6%, threshold: 30.0%)"
48,Unknown / Insufficient Evidence,0.0,"Unknown / Insufficient Evidence
Supporting evidence:
- insufficient or conflicting physical & contextual evidence
- OSM industrial context is UNKNOWN
- land-cover context is UNKNOWN
- satellite observation unavailable/obscured",1,isolated,299.53,31.42,1.59,INSUFFICIENT_DATA,0.0,none,none,inf,not_found,UNKNOWN,False,UNKNOWN,,"Sentinel-2 observation available but obscured by cloud cover (best: 76.6%, threshold: 30.0%)"
49,Industrial-context thermal event,0.65,"Industrial-context thermal event
Supporting evidence:
- activity is recurring (active_days=3)
- activity is spatially stationary (displacement=0.47 km)
- industrial facility detected nearby (industrial at 1.07 km)
- land-cover context is UNKNOWN
- satellite observation unavailable/obscured",3,short_lived_repeated,330.47,34.69,2.61,STATIONARY,0.469,industrial,none,1.073,found,UNKNOWN,False,UNKNOWN,,"Sentinel-2 observation available but obscured by cloud cover (best: 84.4%, threshold: 30.0%)"
50,Industrial-context thermal event,0.85,"Industrial-context thermal event
Supporting evidence:
- activity is recurring (active_days=3)
- activity is spatially stationary (displacement=0.03 km)
- high spectral brightness temperature contrast (bt_diff=49.5 K)
- industrial facility detected nearby (industrial at 0.46 km)
- land-cover context is UNKNOWN
- satellite observation unavailable/obscured",3,short_lived_repeated,347.93,49.53,5.9,STATIONARY,0.028,industrial,none,0.461,found,UNKNOWN,False,UNKNOWN,,"Sentinel-2 observation available but obscured by cloud cover (best: 84.4%, threshold: 30.0%)"
51,Unknown / Insufficient Evidence,0.0,"Unknown / Insufficient Evidence
Supporting evidence:
- insufficient or conflicting physical & contextual evidence
- land-cover context is UNKNOWN
- satellite observation unavailable/obscured",1,isolated,312.65,26.46,2.23,INSUFFICIENT_DATA,0.0,mine,none,0.7,found,UNKNOWN,False,UNKNOWN,,"Sentinel-2 observation available but obscured by cloud cover (best: 90.7%, threshold: 30.0%)"
52,Unknown / Insufficient Evidence,0.0,"Unknown / Insufficient Evidence
Supporting evidence:
- insufficient or conflicting physical & contextual evidence
- land-cover context is UNKNOWN
- satellite observation unavailable/obscured",1,isolated,311.85,34.52,1.4,INSUFFICIENT_DATA,0.0,brickyard,none,1.25,found,UNKNOWN,False,UNKNOWN,,"Sentinel-2 observation available but obscured by cloud cover (best: 89.0%, threshold: 30.0%)"
53,Agricultural-context thermal event,0.55,"Agricultural-context thermal event
Supporting evidence:
- short-lived transient activity (active_days=2)
- minor localized plot displacement
- OSM industrial context is UNKNOWN
- land-cover context is UNKNOWN
- satellite observation unavailable/obscured",2,short_lived_repeated,308.72,25.27,2.03,STATIONARY,0.104,none,none,inf,not_found,UNKNOWN,False,UNKNOWN,,"Sentinel-2 observation available but obscured by cloud cover (best: 94.6%, threshold: 30.0%)"
54,Unknown / Insufficient Evidence,0.0,"Unknown / Insufficient Evidence
Supporting evidence:
- insufficient or conflicting physical & contextual evidence
- land-cover context is UNKNOWN
- satellite observation unavailable/obscured",2,short_lived_repeated,310.82,30.88,1.63,MOVING,0.774,industrial,none,0.441,found,UNKNOWN,False,UNKNOWN,,"Sentinel-2 observation available but obscured by cloud cover (best: 70.6%, threshold: 30.0%)"
55,Forest/Natural-context thermal event,0.55,"Forest/Natural-context thermal event
Supporting evidence:
- active spatial displacement observed (movement=0.75 km)
- multi-day active fire duration
- OSM industrial context is UNKNOWN
- land-cover context is UNKNOWN
- satellite observation unavailable/obscured",2,short_lived_repeated,311.71,36.28,2.09,MOVING,0.749,none,none,inf,not_found,UNKNOWN,False,UNKNOWN,,"Sentinel-2 observation available but obscured by cloud cover (best: 94.6%, threshold: 30.0%)"
56,Unknown / Insufficient Evidence,0.0,"Unknown / Insufficient Evidence
Supporting evidence:
- insufficient or conflicting physical & contextual evidence
- OSM industrial context is UNKNOWN
- land-cover context is UNKNOWN
- satellite observation unavailable/obscured",1,isolated,301.25,25.27,0.69,INSUFFICIENT_DATA,0.0,none,none,inf,not_found,UNKNOWN,False,UNKNOWN,,"Sentinel-2 observation available but obscured by cloud cover (best: 89.0%, threshold: 30.0%)"
57,Unknown / Insufficient Evidence,0.0,"Unknown / Insufficient Evidence
Supporting evidence:
- insufficient or conflicting physical & contextual evidence
- OSM industrial context is UNKNOWN
- land-cover context is UNKNOWN
- satellite observation unavailable/obscured",1,isolated,310.45,36.99,2.08,INSUFFICIENT_DATA,0.0,none,none,inf,not_found,UNKNOWN,False,UNKNOWN,,"Sentinel-2 observation available but obscured by cloud cover (best: 94.6%, threshold: 30.0%)"
58,Industrial-context thermal event,0.85,"Industrial-context thermal event
Supporting evidence:
- activity is recurring (active_days=2)
- activity is spatially stationary (displacement=0.30 km)
- high spectral brightness temperature contrast (bt_diff=37.1 K)
- industrial facility detected nearby (mine at 1.52 km)
- land-cover context is UNKNOWN
- satellite observation unavailable/obscured",2,short_lived_repeated,324.58,37.06,3.93,STATIONARY,0.299,mine,none,1.518,found,UNKNOWN,False,UNKNOWN,,"Sentinel-2 observation available but obscured by cloud cover (best: 94.6%, threshold: 30.0%)"
59,Unknown / Insufficient Evidence,0.0,"Unknown / Insufficient Evidence
Supporting evidence:
- insufficient or conflicting physical & contextual evidence
- OSM industrial context is UNKNOWN
- land-cover context is UNKNOWN
- satellite observation unavailable/obscured",1,isolated,315.68,29.51,2.23,INSUFFICIENT_DATA,0.0,none,none,inf,not_found,UNKNOWN,False,UNKNOWN,,"Sentinel-2 observation available but obscured by cloud cover (best: 94.6%, threshold: 30.0%)"
60,Agricultural-context thermal event,0.6,"Agricultural-context thermal event
Supporting evidence:
- short-lived transient activity (active_days=1)
- moderate thermal power typical of crop burning (max_frp=9.0 MW)
- satellite CNN visual context is Pasture (model confidence=0.94)
- land-cover context is UNKNOWN",1,isolated,335.43,44.85,8.97,INSUFFICIENT_DATA,0.0,industrial,none,1.016,found,UNKNOWN,True,Pasture,0.9403,Satellite CNN prediction: Pasture (confidence: 0.94)
61,Agricultural-context thermal event,0.55,"Agricultural-context thermal event
Supporting evidence:
- short-lived transient activity (active_days=1)
- moderate thermal power typical of crop burning (max_frp=5.1 MW)
- OSM industrial context is UNKNOWN
- land-cover context is UNKNOWN",1,isolated,307.01,27.81,5.14,INSUFFICIENT_DATA,0.0,none,none,inf,not_found,UNKNOWN,True,SeaLake,0.9499,Satellite CNN prediction: SeaLake (confidence: 0.95)
62,Industrial-context thermal event,0.6,"Industrial-context thermal event
Supporting evidence:
- activity is recurring (active_days=2)
- activity is spatially stationary (displacement=0.05 km)
- high spectral brightness temperature contrast (bt_diff=37.9 K)
- OSM industrial context is UNKNOWN
- land-cover context is UNKNOWN
- satellite observation unavailable/obscured",2,short_lived_repeated,331.55,37.88,4.03,STATIONARY,0.052,none,none,inf,not_found,UNKNOWN,False,UNKNOWN,,"Sentinel-2 observation available but obscured by cloud cover (best: 69.5%, threshold: 30.0%)"
63,Unknown / Insufficient Evidence,0.0,"Unknown / Insufficient Evidence
Supporting evidence:
- insufficient or conflicting physical & contextual evidence
- land-cover context is UNKNOWN
- satellite observation unavailable/obscured",2,short_lived_repeated,325.52,42.56,3.14,MOVING,1.201,cooling,none,0.546,found,UNKNOWN,False,UNKNOWN,,"Sentinel-2 observation available but obscured by cloud cover (best: 90.7%, threshold: 30.0%)"
64,Unknown / Insufficient Evidence,0.0,"Unknown / Insufficient Evidence
Supporting evidence:
- insufficient or conflicting physical & contextual evidence
- land-cover context is UNKNOWN
- satellite observation unavailable/obscured",1,isolated,306.7,18.31,1.74,INSUFFICIENT_DATA,0.0,brickyard,none,1.707,found,UNKNOWN,False,UNKNOWN,,"Sentinel-2 observation available but obscured by cloud cover (best: 90.7%, threshold: 30.0%)"
65,Industrial-context thermal event,0.6,"Industrial-context thermal event
Supporting evidence:
- activity is recurring (active_days=2)
- activity is spatially stationary (displacement=0.21 km)
- high spectral brightness temperature contrast (bt_diff=36.3 K)
- OSM industrial context is UNKNOWN
- land-cover context is UNKNOWN
- satellite observation unavailable/obscured",2,short_lived_repeated,324.08,36.27,3.27,STATIONARY,0.214,none,none,inf,not_found,UNKNOWN,False,UNKNOWN,,"Sentinel-2 observation available but obscured by cloud cover (best: 94.6%, threshold: 30.0%)"
66,Industrial-context thermal event,0.65,"Industrial-context thermal event
Supporting evidence:
- activity is recurring (active_days=2)
- activity is spatially stationary (displacement=0.04 km)
- industrial facility detected nearby (mine at 1.43 km)
- land-cover context is UNKNOWN
- satellite observation unavailable/obscured",2,short_lived_repeated,316.45,28.53,3.12,STATIONARY,0.035,mine,none,1.426,found,UNKNOWN,False,UNKNOWN,,"Sentinel-2 observation available but obscured by cloud cover (best: 94.6%, threshold: 30.0%)"
67,Unknown / Insufficient Evidence,0.0,"Unknown / Insufficient Evidence
Supporting evidence:
- insufficient or conflicting physical & contextual evidence
- land-cover context is UNKNOWN
- satellite observation unavailable/obscured",1,isolated,301.41,21.38,1.37,INSUFFICIENT_DATA,0.0,brickyard,none,1.44,found,UNKNOWN,False,UNKNOWN,,"Sentinel-2 observation available but obscured by cloud cover (best: 90.7%, threshold: 30.0%)"
68,Forest/Natural-context thermal event,0.55,"Forest/Natural-context thermal event
Supporting evidence:
- active spatial displacement observed (movement=0.67 km)
- multi-day active fire duration
- OSM industrial context is UNKNOWN
- land-cover context is UNKNOWN
- satellite observation unavailable/obscured",2,short_lived_repeated,308.85,22.02,2.11,MOVING,0.67,none,none,inf,not_found,UNKNOWN,False,UNKNOWN,,"Sentinel-2 observation available but obscured by cloud cover (best: 94.6%, threshold: 30.0%)"
69,Unknown / Insufficient Evidence,0.0,"Unknown / Insufficient Evidence
Supporting evidence:
- insufficient or conflicting physical & contextual evidence
- OSM industrial context is UNKNOWN
- land-cover context is UNKNOWN
- satellite observation unavailable/obscured",1,isolated,297.43,21.98,1.41,INSUFFICIENT_DATA,0.0,none,none,inf,not_found,UNKNOWN,False,UNKNOWN,,"Sentinel-2 observation available but obscured by cloud cover (best: 94.6%, threshold: 30.0%)"
70,Agricultural-context thermal event,0.55,"Agricultural-context thermal event
Supporting evidence:
- short-lived transient activity (active_days=2)
- minor localized plot displacement
- OSM industrial context is UNKNOWN
- land-cover context is UNKNOWN
- satellite observation unavailable/obscured",2,short_lived_repeated,319.83,34.37,2.4,STATIONARY,0.14,none,none,inf,not_found,UNKNOWN,False,UNKNOWN,,"Sentinel-2 observation available but obscured by cloud cover (best: 94.6%, threshold: 30.0%)"
71,Unknown / Insufficient Evidence,0.0,"Unknown / Insufficient Evidence
Supporting evidence:
- insufficient or conflicting physical & contextual evidence
- land-cover context is UNKNOWN
- satellite observation unavailable/obscured",1,isolated,308.15,19.47,2.56,INSUFFICIENT_DATA,0.0,industrial,none,0.776,found,UNKNOWN,False,UNKNOWN,,"Sentinel-2 observation available but obscured by cloud cover (best: 90.7%, threshold: 30.0%)"
72,Industrial-context thermal event,0.65,"Industrial-context thermal event
Supporting evidence:
- activity is recurring (active_days=3)
- activity is spatially stationary (displacement=0.31 km)
- industrial facility detected nearby (industrial at 0.16 km)
- land-cover context is UNKNOWN
- satellite observation unavailable/obscured",3,short_lived_repeated,313.02,27.6,1.61,STATIONARY,0.306,industrial,TPP Aditya Cement Works UltraTech Cement Works,0.156,found,UNKNOWN,False,UNKNOWN,,"Sentinel-2 observation available but obscured by cloud cover (best: 71.7%, threshold: 30.0%)"
73,Agricultural-context thermal event,0.55,"Agricultural-context thermal event
Supporting evidence:
- short-lived transient activity (active_days=2)
- minor localized plot displacement
- OSM industrial context is UNKNOWN
- land-cover context is UNKNOWN
- satellite observation unavailable/obscured",2,short_lived_repeated,306.3,25.76,1.33,STATIONARY,0.176,none,none,inf,not_found,UNKNOWN,False,UNKNOWN,,"Sentinel-2 observation available but obscured by cloud cover (best: 61.3%, threshold: 30.0%)"
74,Unknown / Insufficient Evidence,0.0,"Unknown / Insufficient Evidence
Supporting evidence:
- insufficient or conflicting physical & contextual evidence
- land-cover context is UNKNOWN
- satellite observation unavailable/obscured",1,isolated,311.21,29.26,1.55,INSUFFICIENT_DATA,0.0,industrial,none,1.175,found,UNKNOWN,False,UNKNOWN,,"Sentinel-2 observation available but obscured by cloud cover (best: 91.1%, threshold: 30.0%)"
75,Unknown / Insufficient Evidence,0.0,"Unknown / Insufficient Evidence
Supporting evidence:
- insufficient or conflicting physical & contextual evidence
- land-cover context is UNKNOWN
- satellite observation unavailable/obscured",1,isolated,307.49,17.3,1.18,INSUFFICIENT_DATA,0.0,industrial,none,0.622,found,UNKNOWN,False,UNKNOWN,,"Sentinel-2 observation available but obscured by cloud cover (best: 71.5%, threshold: 30.0%)"
76,Industrial-context thermal event,1.0,"Industrial-context thermal event
Supporting evidence:
- activity is persistent (active_days=4)
- activity is spatially stationary (displacement=0.17 km)
- high spectral brightness temperature contrast (bt_diff=42.1 K)
- industrial facility detected nearby (works at 0.24 km)
- land-cover context is UNKNOWN
- satellite observation unavailable/obscured",4,short_lived_repeated,338.42,42.07,8.52,STATIONARY,0.165,works,none,0.236,found,UNKNOWN,False,UNKNOWN,,"Sentinel-2 observation available but obscured by cloud cover (best: 58.3%, threshold: 30.0%)"
77,Industrial-context thermal event,0.65,"Industrial-context thermal event
Supporting evidence:
- activity is recurring (active_days=2)
- activity is spatially stationary (displacement=0.38 km)
- industrial facility detected nearby (industrial at 0.28 km)
- land-cover context is UNKNOWN
- satellite observation unavailable/obscured",2,short_lived_repeated,330.95,32.51,4.43,STATIONARY,0.376,industrial,none,0.281,found,UNKNOWN,False,UNKNOWN,,"Sentinel-2 observation available but obscured by cloud cover (best: 59.8%, threshold: 30.0%)"
78,Unknown / Insufficient Evidence,0.0,"Unknown / Insufficient Evidence
Supporting evidence:
- insufficient or conflicting physical & contextual evidence
- OSM industrial context is UNKNOWN
- land-cover context is UNKNOWN
- satellite observation unavailable/obscured",1,isolated,303.97,14.23,1.13,INSUFFICIENT_DATA,0.0,none,none,inf,not_found,UNKNOWN,False,UNKNOWN,,"Sentinel-2 observation available but obscured by cloud cover (best: 98.5%, threshold: 30.0%)"
79,Unknown / Insufficient Evidence,0.0,"Unknown / Insufficient Evidence
Supporting evidence:
- insufficient or conflicting physical & contextual evidence
- land-cover context is UNKNOWN
- satellite observation unavailable/obscured",2,short_lived_repeated,323.77,31.71,1.76,MOVING,0.898,works,none,0.182,found,UNKNOWN,False,UNKNOWN,,"Sentinel-2 observation available but obscured by cloud cover (best: 79.3%, threshold: 30.0%)"
80,Unknown / Insufficient Evidence,0.0,"Unknown / Insufficient Evidence
Supporting evidence:
- insufficient or conflicting physical & contextual evidence
- land-cover context is UNKNOWN
- satellite observation unavailable/obscured",1,isolated,309.08,18.58,0.81,INSUFFICIENT_DATA,0.0,industrial,none,0.74,found,UNKNOWN,False,UNKNOWN,,"Sentinel-2 observation available but obscured by cloud cover (best: 79.3%, threshold: 30.0%)"
81,Agricultural-context thermal event,0.55,"Agricultural-context thermal event
Supporting evidence:
- short-lived transient activity (active_days=2)
- minor localized plot displacement
- OSM industrial context is UNKNOWN
- land-cover context is UNKNOWN
- satellite observation unavailable/obscured",2,short_lived_repeated,305.82,19.56,1.46,STATIONARY,0.065,none,none,inf,not_found,UNKNOWN,False,UNKNOWN,,"Sentinel-2 observation available but obscured by cloud cover (best: 88.2%, threshold: 30.0%)"
82,Unknown / Insufficient Evidence,0.0,"Unknown / Insufficient Evidence
Supporting evidence:
- insufficient or conflicting physical & contextual evidence
- land-cover context is UNKNOWN
- satellite observation unavailable/obscured",1,isolated,308.68,20.22,2.0,INSUFFICIENT_DATA,0.0,industrial,none,0.098,found,UNKNOWN,False,UNKNOWN,,"Sentinel-2 observation available but obscured by cloud cover (best: 79.3%, threshold: 30.0%)"
83,Unknown / Insufficient Evidence,0.0,"Unknown / Insufficient Evidence
Supporting evidence:
- insufficient or conflicting physical & contextual evidence
- land-cover context is UNKNOWN
- satellite observation unavailable/obscured",1,isolated,304.85,18.93,0.62,INSUFFICIENT_DATA,0.0,industrial,none,0.203,found,UNKNOWN,False,UNKNOWN,,"Sentinel-2 observation available but obscured by cloud cover (best: 76.6%, threshold: 30.0%)"
84,Unknown / Insufficient Evidence,0.0,"Unknown / Insufficient Evidence
Supporting evidence:
- insufficient or conflicting physical & contextual evidence
- land-cover context is UNKNOWN
- satellite observation unavailable/obscured",1,isolated,304.84,19.77,0.76,INSUFFICIENT_DATA,0.0,industrial,none,0.378,found,UNKNOWN,False,UNKNOWN,,"Sentinel-2 observation available but obscured by cloud cover (best: 76.6%, threshold: 30.0%)"
85,Unknown / Insufficient Evidence,0.0,"Unknown / Insufficient Evidence
Supporting evidence:
- insufficient or conflicting physical & contextual evidence
- land-cover context is UNKNOWN
- satellite observation unavailable/obscured",1,isolated,309.17,21.47,1.78,INSUFFICIENT_DATA,0.0,industrial,none,0.058,found,UNKNOWN,False,UNKNOWN,,"Sentinel-2 observation available but obscured by cloud cover (best: 76.6%, threshold: 30.0%)"
86,Unknown / Insufficient Evidence,0.0,"Unknown / Insufficient Evidence
Supporting evidence:
- insufficient or conflicting physical & contextual evidence
- land-cover context is UNKNOWN
- satellite observation unavailable/obscured",1,isolated,314.24,29.76,1.63,INSUFFICIENT_DATA,0.0,industrial,Prakash Industries Steel Plant,0.1,found,UNKNOWN,False,UNKNOWN,,"Sentinel-2 observation available but obscured by cloud cover (best: 76.6%, threshold: 30.0%)"
87,Unknown / Insufficient Evidence,0.0,"Unknown / Insufficient Evidence
Supporting evidence:
- insufficient or conflicting physical & contextual evidence
- OSM industrial context is UNKNOWN
- land-cover context is UNKNOWN
- satellite observation unavailable/obscured",1,isolated,296.12,32.16,0.25,INSUFFICIENT_DATA,0.0,none,none,inf,not_found,UNKNOWN,False,UNKNOWN,,"Sentinel-2 observation available but obscured by cloud cover (best: 76.6%, threshold: 30.0%)"
88,Unknown / Insufficient Evidence,0.0,"Unknown / Insufficient Evidence
Supporting evidence:
- insufficient or conflicting physical & contextual evidence
- OSM industrial context is UNKNOWN
- land-cover context is UNKNOWN
- satellite observation unavailable/obscured",1,isolated,301.63,18.14,0.32,INSUFFICIENT_DATA,0.0,none,none,inf,not_found,UNKNOWN,False,UNKNOWN,,"Sentinel-2 observation available but obscured by cloud cover (best: 38.1%, threshold: 30.0%)"
89,Unknown / Insufficient Evidence,0.0,"Unknown / Insufficient Evidence
Supporting evidence:
- insufficient or conflicting physical & contextual evidence
- OSM industrial context is UNKNOWN
- land-cover context is UNKNOWN
- satellite observation unavailable/obscured",1,isolated,330.43,39.02,2.43,INSUFFICIENT_DATA,0.0,none,none,inf,not_found,UNKNOWN,False,UNKNOWN,,"Sentinel-2 observation available but obscured by cloud cover (best: 52.6%, threshold: 30.0%)"
90,Unknown / Insufficient Evidence,0.0,"Unknown / Insufficient Evidence
Supporting evidence:
- insufficient or conflicting physical & contextual evidence
- land-cover context is UNKNOWN
- satellite observation unavailable/obscured",1,isolated,307.7,16.36,1.81,INSUFFICIENT_DATA,0.0,industrial,Ramco Cements,0.351,found,UNKNOWN,False,UNKNOWN,,"Sentinel-2 observation available but obscured by cloud cover (best: 61.6%, threshold: 30.0%)"
91,Unknown / Insufficient Evidence,0.0,"Unknown / Insufficient Evidence
Supporting evidence:
- insufficient or conflicting physical & contextual evidence
- OSM industrial context is UNKNOWN
- land-cover context is UNKNOWN
- satellite observation unavailable/obscured",1,isolated,314.74,26.69,1.15,INSUFFICIENT_DATA,0.0,none,none,inf,not_found,UNKNOWN,False,UNKNOWN,,"Sentinel-2 observation available but obscured by cloud cover (best: 73.5%, threshold: 30.0%)"
92,Unknown / Insufficient Evidence,0.0,"Unknown / Insufficient Evidence
Supporting evidence:
- insufficient or conflicting physical & contextual evidence
- land-cover context is UNKNOWN
- satellite observation unavailable/obscured",1,isolated,305.33,17.19,0.63,INSUFFICIENT_DATA,0.0,steel,JSW Steel Plant,0.257,found,UNKNOWN,False,UNKNOWN,,"Sentinel-2 observation available but obscured by cloud cover (best: 79.9%, threshold: 30.0%)"
93,Unknown / Insufficient Evidence,0.0,"Unknown / Insufficient Evidence
Supporting evidence:
- insufficient or conflicting physical & contextual evidence
- OSM industrial context is UNKNOWN
- land-cover context is UNKNOWN",1,isolated,304.57,18.59,0.82,INSUFFICIENT_DATA,0.0,none,none,inf,not_found,UNKNOWN,True,SeaLake,0.8677,Satellite CNN prediction: SeaLake (confidence: 0.87)
94,Unknown / Insufficient Evidence,0.0,"Unknown / Insufficient Evidence
Supporting evidence:
- insufficient or conflicting physical & contextual evidence
- OSM industrial context is UNKNOWN
- land-cover context is UNKNOWN
- satellite observation unavailable/obscured",1,isolated,307.6,17.34,2.89,INSUFFICIENT_DATA,0.0,none,none,inf,not_found,UNKNOWN,False,UNKNOWN,,"Sentinel-2 observation available but obscured by cloud cover (best: 57.4%, threshold: 30.0%)"
95,Industrial-context thermal event,0.65,"Industrial-context thermal event
Supporting evidence:
- activity is recurring (active_days=2)
- activity is spatially stationary (displacement=0.04 km)
- industrial facility detected nearby (plant at 0.44 km)
- land-cover context is UNKNOWN
- satellite observation unavailable/obscured",2,short_lived_repeated,308.68,20.51,1.57,STATIONARY,0.035,plant,none,0.444,found,UNKNOWN,False,UNKNOWN,,"Sentinel-2 observation available but obscured by cloud cover (best: 85.9%, threshold: 30.0%)"
96,Unknown / Insufficient Evidence,0.0,"Unknown / Insufficient Evidence
Supporting evidence:
- insufficient or conflicting physical & contextual evidence
- OSM industrial context is UNKNOWN
- land-cover context is UNKNOWN",1,isolated,338.06,45.91,2.93,INSUFFICIENT_DATA,0.0,none,none,inf,not_found,UNKNOWN,True,SeaLake,0.6154,Satellite CNN prediction: SeaLake (confidence: 0.62)
97,Unknown / Insufficient Evidence,0.0,"Unknown / Insufficient Evidence
Supporting evidence:
- insufficient or conflicting physical & contextual evidence
- OSM industrial context is UNKNOWN
- land-cover context is UNKNOWN
- satellite observation unavailable/obscured",1,isolated,339.26,49.54,1.48,INSUFFICIENT_DATA,0.0,none,none,inf,not_found,UNKNOWN,False,UNKNOWN,,"Sentinel-2 observation available but obscured by cloud cover (best: 52.6%, threshold: 30.0%)"
98,Unknown / Insufficient Evidence,0.0,"Unknown / Insufficient Evidence
Supporting evidence:
- insufficient or conflicting physical & contextual evidence
- OSM industrial context is UNKNOWN
- land-cover context is UNKNOWN
- satellite observation unavailable/obscured",1,isolated,339.3,50.0,4.2,INSUFFICIENT_DATA,0.0,none,none,inf,not_found,UNKNOWN,False,UNKNOWN,,"Sentinel-2 observation available but obscured by cloud cover (best: 52.6%, threshold: 30.0%)"
99,Unknown / Insufficient Evidence,0.0,"Unknown / Insufficient Evidence
Supporting evidence:
- insufficient or conflicting physical & contextual evidence
- OSM industrial context is UNKNOWN
- land-cover context is UNKNOWN
- satellite observation unavailable/obscured",1,isolated,336.33,46.5,1.63,INSUFFICIENT_DATA,0.0,none,none,inf,not_found,UNKNOWN,False,UNKNOWN,,"Sentinel-2 observation available but obscured by cloud cover (best: 52.6%, threshold: 30.0%)"
100,Unknown / Insufficient Evidence,0.0,"Unknown / Insufficient Evidence
Supporting evidence:
- insufficient or conflicting physical & contextual evidence
- OSM industrial context is UNKNOWN
- land-cover context is UNKNOWN
- satellite observation unavailable/obscured",1,isolated,339.59,49.18,3.37,INSUFFICIENT_DATA,0.0,none,none,inf,not_found,UNKNOWN,False,UNKNOWN,,"Sentinel-2 observation available but obscured by cloud cover (best: 52.6%, threshold: 30.0%)"
101,Agricultural-context thermal event,0.55,"Agricultural-context thermal event
Supporting evidence:
- short-lived transient activity (active_days=1)
- moderate thermal power typical of crop burning (max_frp=6.1 MW)
- OSM industrial context is UNKNOWN
- land-cover context is UNKNOWN
- satellite observation unavailable/obscured",1,isolated,340.49,65.18,6.1,INSUFFICIENT_DATA,0.0,none,none,inf,not_found,UNKNOWN,False,UNKNOWN,,"Sentinel-2 observation available but obscured by cloud cover (best: 69.7%, threshold: 30.0%)"
102,Agricultural-context thermal event,0.55,"Agricultural-context thermal event
Supporting evidence:
- short-lived transient activity (active_days=1)
- moderate thermal power typical of crop burning (max_frp=6.2 MW)
- OSM industrial context is UNKNOWN
- land-cover context is UNKNOWN
- satellite observation unavailable/obscured",1,isolated,367.0,68.69,6.24,INSUFFICIENT_DATA,0.0,none,none,inf,not_found,UNKNOWN,False,UNKNOWN,,"Sentinel-2 observation available but obscured by cloud cover (best: 79.9%, threshold: 30.0%)"
103,Unknown / Insufficient Evidence,0.0,"Unknown / Insufficient Evidence
Supporting evidence:
- insufficient or conflicting physical & contextual evidence
- OSM industrial context is UNKNOWN
- land-cover context is UNKNOWN
- satellite observation unavailable/obscured",1,isolated,340.21,48.78,4.31,INSUFFICIENT_DATA,0.0,none,none,inf,not_found,UNKNOWN,False,UNKNOWN,,"Sentinel-2 observation available but obscured by cloud cover (best: 86.4%, threshold: 30.0%)"
104,Unknown / Insufficient Evidence,0.0,"Unknown / Insufficient Evidence
Supporting evidence:
- insufficient or conflicting physical & contextual evidence
- OSM industrial context is UNKNOWN
- land-cover context is UNKNOWN
- satellite observation unavailable/obscured",1,isolated,331.94,37.53,3.82,INSUFFICIENT_DATA,0.0,none,none,inf,not_found,UNKNOWN,False,UNKNOWN,,"Sentinel-2 observation available but obscured by cloud cover (best: 91.0%, threshold: 30.0%)"
105,Unknown / Insufficient Evidence,0.0,"Unknown / Insufficient Evidence
Supporting evidence:
- insufficient or conflicting physical & contextual evidence
- OSM industrial context is UNKNOWN
- land-cover context is UNKNOWN
- satellite observation unavailable/obscured",1,isolated,335.8,47.16,3.26,INSUFFICIENT_DATA,0.0,none,none,inf,not_found,UNKNOWN,False,UNKNOWN,,"Sentinel-2 observation available but obscured by cloud cover (best: 91.4%, threshold: 30.0%)"
106,Agricultural-context thermal event,0.55,"Agricultural-context thermal event
Supporting evidence:
- short-lived transient activity (active_days=1)
- moderate thermal power typical of crop burning (max_frp=11.9 MW)
- OSM industrial context is UNKNOWN
- land-cover context is UNKNOWN
- satellite observation unavailable/obscured",1,isolated,345.23,51.8,11.86,INSUFFICIENT_DATA,0.0,none,none,inf,not_found,UNKNOWN,False,UNKNOWN,,"Sentinel-2 observation available but obscured by cloud cover (best: 55.8%, threshold: 30.0%)"
107,Industrial-context thermal event,0.85,"Industrial-context thermal event
Supporting evidence:
- activity is recurring (active_days=3)
- activity is spatially stationary (displacement=0.09 km)
- high spectral brightness temperature contrast (bt_diff=38.3 K)
- industrial facility detected nearby (steelmaking at 0.88 km)
- land-cover context is UNKNOWN
- satellite observation unavailable/obscured",3,short_lived_repeated,333.8,38.34,4.25,STATIONARY,0.086,steelmaking,Nagarnar Steel Plant,0.884,found,UNKNOWN,False,UNKNOWN,,"Sentinel-2 observation available but obscured by cloud cover (best: 80.6%, threshold: 30.0%)"
108,Agricultural-context thermal event,0.55,"Agricultural-context thermal event
Supporting evidence:
- short-lived transient activity (active_days=1)
- moderate thermal power typical of crop burning (max_frp=10.2 MW)
- OSM industrial context is UNKNOWN
- land-cover context is UNKNOWN
- satellite observation unavailable/obscured",1,isolated,332.32,32.65,10.2,INSUFFICIENT_DATA,0.0,none,none,inf,not_found,UNKNOWN,False,UNKNOWN,,"Sentinel-2 observation available but obscured by cloud cover (best: 91.3%, threshold: 30.0%)"
109,Industrial-context thermal event,0.45,"Industrial-context thermal event
Supporting evidence:
- high spectral brightness temperature contrast (bt_diff=41.2 K)
- industrial facility detected nearby (industrial at 0.20 km)
- land-cover context is UNKNOWN
- satellite observation unavailable/obscured",1,isolated,337.96,41.18,6.52,INSUFFICIENT_DATA,0.0,industrial,Shyam Metallic & Energy,0.199,found,UNKNOWN,False,UNKNOWN,,"Sentinel-2 observation available but obscured by cloud cover (best: 92.8%, threshold: 30.0%)"
110,Industrial-context thermal event,0.45,"Industrial-context thermal event
Supporting evidence:
- high spectral brightness temperature contrast (bt_diff=45.8 K)
- industrial facility detected nearby (industrial at 0.49 km)
- land-cover context is UNKNOWN
- satellite observation unavailable/obscured",1,isolated,338.6,45.75,6.79,INSUFFICIENT_DATA,0.0,industrial,Bhushan Power & Steel,0.493,found,UNKNOWN,False,UNKNOWN,,"Sentinel-2 observation available but obscured by cloud cover (best: 68.1%, threshold: 30.0%)"
111,Agricultural-context thermal event,0.75,"Agricultural-context thermal event
Supporting evidence:
- short-lived transient activity (active_days=2)
- minor localized plot displacement
- moderate thermal power typical of crop burning (max_frp=6.8 MW)
- OSM industrial context is UNKNOWN
- land-cover context is UNKNOWN
- satellite observation unavailable/obscured",2,short_lived_repeated,330.83,34.01,6.81,STATIONARY,0.344,none,none,inf,not_found,UNKNOWN,False,UNKNOWN,,"Sentinel-2 observation available but obscured by cloud cover (best: 73.3%, threshold: 30.0%)"
112,Industrial-context thermal event,0.85,"Industrial-context thermal event
Supporting evidence:
- activity is recurring (active_days=2)
- activity is spatially stationary (displacement=0.26 km)
- high spectral brightness temperature contrast (bt_diff=36.6 K)
- industrial facility detected nearby (industrial at 0.51 km)
- land-cover context is UNKNOWN
- satellite observation unavailable/obscured",2,short_lived_repeated,331.09,36.59,6.38,STATIONARY,0.257,industrial,none,0.512,found,UNKNOWN,False,UNKNOWN,,"Sentinel-2 observation available but obscured by cloud cover (best: 71.5%, threshold: 30.0%)"
113,Unknown / Insufficient Evidence,0.0,"Unknown / Insufficient Evidence
Supporting evidence:
- insufficient or conflicting physical & contextual evidence
- OSM industrial context is UNKNOWN
- land-cover context is UNKNOWN
- satellite observation unavailable/obscured",1,isolated,333.39,44.49,1.85,INSUFFICIENT_DATA,0.0,none,none,inf,not_found,UNKNOWN,False,UNKNOWN,,"Sentinel-2 observation available but obscured by cloud cover (best: 95.9%, threshold: 30.0%)"
114,Industrial-context thermal event,0.45,"Industrial-context thermal event
Supporting evidence:
- high spectral brightness temperature contrast (bt_diff=45.6 K)
- industrial facility detected nearby (industrial at 0.17 km)
- land-cover context is UNKNOWN
- satellite observation unavailable/obscured",1,isolated,337.22,45.61,3.39,INSUFFICIENT_DATA,0.0,industrial,Inland Container Depot,0.167,found,UNKNOWN,False,UNKNOWN,,"Sentinel-2 observation available but obscured by cloud cover (best: 77.2%, threshold: 30.0%)"
115,Industrial-context thermal event,0.45,"Industrial-context thermal event
Supporting evidence:
- high spectral brightness temperature contrast (bt_diff=50.0 K)
- industrial facility detected nearby (industrial at 0.05 km)
- land-cover context is UNKNOWN
- satellite observation unavailable/obscured",1,isolated,343.58,49.97,5.9,INSUFFICIENT_DATA,0.0,industrial,none,0.054,found,UNKNOWN,False,UNKNOWN,,"Sentinel-2 observation available but obscured by cloud cover (best: 44.7%, threshold: 30.0%)"
116,Unknown / Insufficient Evidence,0.0,"Unknown / Insufficient Evidence
Supporting evidence:
- insufficient or conflicting physical & contextual evidence
- OSM industrial context is UNKNOWN
- land-cover context is UNKNOWN
- satellite observation unavailable/obscured",1,isolated,334.98,44.6,4.27,INSUFFICIENT_DATA,0.0,none,none,inf,not_found,UNKNOWN,False,UNKNOWN,,"Sentinel-2 observation available but obscured by cloud cover (best: 77.1%, threshold: 30.0%)"
117,Unknown / Insufficient Evidence,0.0,"Unknown / Insufficient Evidence
Supporting evidence:
- insufficient or conflicting physical & contextual evidence
- OSM industrial context is UNKNOWN
- land-cover context is UNKNOWN",1,isolated,344.36,51.56,2.99,INSUFFICIENT_DATA,0.0,none,none,inf,not_found,UNKNOWN,True,SeaLake,0.878,Satellite CNN prediction: SeaLake (confidence: 0.88)
118,Industrial-context thermal event,0.45,"Industrial-context thermal event
Supporting evidence:
- high spectral brightness temperature contrast (bt_diff=50.2 K)
- industrial facility detected nearby (industrial at 1.60 km)
- land-cover context is UNKNOWN",1,isolated,335.95,50.16,6.96,INSUFFICIENT_DATA,0.0,industrial,none,1.598,found,UNKNOWN,True,SeaLake,0.9329,Satellite CNN prediction: SeaLake (confidence: 0.93)
119,Unknown / Insufficient Evidence,0.0,"Unknown / Insufficient Evidence
Supporting evidence:
- insufficient or conflicting physical & contextual evidence
- OSM industrial context is UNKNOWN
- land-cover context is UNKNOWN",1,isolated,331.31,48.34,4.7,INSUFFICIENT_DATA,0.0,none,none,inf,not_found,UNKNOWN,True,HerbaceousVegetation,0.7903,Satellite CNN prediction: HerbaceousVegetation (confidence: 0.79)
120,Agricultural-context thermal event,0.55,"Agricultural-context thermal event
Supporting evidence:
- short-lived transient activity (active_days=1)
- moderate thermal power typical of crop burning (max_frp=9.4 MW)
- OSM industrial context is UNKNOWN
- land-cover context is UNKNOWN
- satellite observation unavailable/obscured",1,isolated,337.58,41.19,9.41,INSUFFICIENT_DATA,0.0,none,none,inf,not_found,UNKNOWN,False,UNKNOWN,,"Sentinel-2 observation available but obscured by cloud cover (best: 52.6%, threshold: 30.0%)"
121,Unknown / Insufficient Evidence,0.0,"Unknown / Insufficient Evidence
Supporting evidence:
- insufficient or conflicting physical & contextual evidence
- OSM industrial context is UNKNOWN
- land-cover context is UNKNOWN
- satellite observation unavailable/obscured",1,isolated,332.43,34.53,2.19,INSUFFICIENT_DATA,0.0,none,none,inf,not_found,UNKNOWN,False,UNKNOWN,,"Sentinel-2 observation available but obscured by cloud cover (best: 81.6%, threshold: 30.0%)"
122,Unknown / Insufficient Evidence,0.0,"Unknown / Insufficient Evidence
Supporting evidence:
- insufficient or conflicting physical & contextual evidence
- OSM industrial context is UNKNOWN
- land-cover context is UNKNOWN
- satellite observation unavailable/obscured",1,isolated,330.87,40.17,1.65,INSUFFICIENT_DATA,0.0,none,none,inf,not_found,UNKNOWN,False,UNKNOWN,,"Sentinel-2 observation available but obscured by cloud cover (best: 99.2%, threshold: 30.0%)"
123,Unknown / Insufficient Evidence,0.0,"Unknown / Insufficient Evidence
Supporting evidence:
- insufficient or conflicting physical & contextual evidence
- OSM industrial context is UNKNOWN
- land-cover context is UNKNOWN
- satellite observation unavailable/obscured",1,isolated,334.73,38.59,3.16,INSUFFICIENT_DATA,0.0,none,none,inf,not_found,UNKNOWN,False,UNKNOWN,,"Sentinel-2 observation available but obscured by cloud cover (best: 91.8%, threshold: 30.0%)"
124,Agricultural-context thermal event,0.55,"Agricultural-context thermal event
Supporting evidence:
- short-lived transient activity (active_days=1)
- moderate thermal power typical of crop burning (max_frp=6.9 MW)
- OSM industrial context is UNKNOWN
- land-cover context is UNKNOWN
- satellite observation unavailable/obscured",1,isolated,340.84,43.62,6.94,INSUFFICIENT_DATA,0.0,none,none,inf,not_found,UNKNOWN,False,UNKNOWN,,"Sentinel-2 observation available but obscured by cloud cover (best: 93.5%, threshold: 30.0%)"
125,Industrial-context thermal event,0.45,"Industrial-context thermal event
Supporting evidence:
- high spectral brightness temperature contrast (bt_diff=41.5 K)
- industrial facility detected nearby (plant at 0.82 km)
- land-cover context is UNKNOWN
- satellite observation unavailable/obscured",1,isolated,340.31,41.52,4.65,INSUFFICIENT_DATA,0.0,plant,Palavalli,0.825,found,UNKNOWN,False,UNKNOWN,,"Sentinel-2 observation available but obscured by cloud cover (best: 91.8%, threshold: 30.0%)"
126,Agricultural-context thermal event,0.55,"Agricultural-context thermal event
Supporting evidence:
- short-lived transient activity (active_days=1)
- moderate thermal power typical of crop burning (max_frp=7.8 MW)
- OSM industrial context is UNKNOWN
- land-cover context is UNKNOWN
- satellite observation unavailable/obscured",1,isolated,354.81,56.2,7.82,INSUFFICIENT_DATA,0.0,none,none,inf,not_found,UNKNOWN,False,UNKNOWN,,"Sentinel-2 observation available but obscured by cloud cover (best: 93.5%, threshold: 30.0%)"
127,Industrial-context thermal event,0.45,"Industrial-context thermal event
Supporting evidence:
- high spectral brightness temperature contrast (bt_diff=57.9 K)
- industrial facility detected nearby (plant at 1.95 km)
- land-cover context is UNKNOWN
- satellite observation unavailable/obscured",1,isolated,355.66,57.89,7.53,INSUFFICIENT_DATA,0.0,plant,Pavagada Solar Park,1.947,found,UNKNOWN,False,UNKNOWN,,"Sentinel-2 observation available but obscured by cloud cover (best: 93.5%, threshold: 30.0%)"
128,Agricultural-context thermal event,0.55,"Agricultural-context thermal event
Supporting evidence:
- short-lived transient activity (active_days=1)
- moderate thermal power typical of crop burning (max_frp=6.3 MW)
- OSM industrial context is UNKNOWN
- land-cover context is UNKNOWN
- satellite observation unavailable/obscured",1,isolated,345.39,47.83,6.31,INSUFFICIENT_DATA,0.0,none,none,inf,not_found,UNKNOWN,False,UNKNOWN,,"Sentinel-2 observation available but obscured by cloud cover (best: 93.5%, threshold: 30.0%)"
129,Agricultural-context thermal event,0.55,"Agricultural-context thermal event
Supporting evidence:
- short-lived transient activity (active_days=1)
- moderate thermal power typical of crop burning (max_frp=11.3 MW)
- OSM industrial context is UNKNOWN
- land-cover context is UNKNOWN
- satellite observation unavailable/obscured",1,isolated,355.76,57.53,11.28,INSUFFICIENT_DATA,0.0,none,none,inf,not_found,UNKNOWN,False,UNKNOWN,,"Sentinel-2 observation available but obscured by cloud cover (best: 93.5%, threshold: 30.0%)"
130,Unknown / Insufficient Evidence,0.0,"Unknown / Insufficient Evidence
Supporting evidence:
- insufficient or conflicting physical & contextual evidence
- OSM industrial context is UNKNOWN
- land-cover context is UNKNOWN
- satellite observation unavailable/obscured",1,isolated,335.73,34.5,3.92,INSUFFICIENT_DATA,0.0,none,none,inf,not_found,UNKNOWN,False,UNKNOWN,,"Sentinel-2 observation available but obscured by cloud cover (best: 76.0%, threshold: 30.0%)"
131,Agricultural-context thermal event,0.55,"Agricultural-context thermal event
Supporting evidence:
- short-lived transient activity (active_days=1)
- moderate thermal power typical of crop burning (max_frp=5.8 MW)
- OSM industrial context is UNKNOWN
- land-cover context is UNKNOWN
- satellite observation unavailable/obscured",1,isolated,337.66,36.45,5.81,INSUFFICIENT_DATA,0.0,none,none,inf,not_found,UNKNOWN,False,UNKNOWN,,"Sentinel-2 observation available but obscured by cloud cover (best: 76.0%, threshold: 30.0%)"
132,Unknown / Insufficient Evidence,0.0,"Unknown / Insufficient Evidence
Supporting evidence:
- insufficient or conflicting physical & contextual evidence
- OSM industrial context is UNKNOWN
- land-cover context is UNKNOWN
- satellite observation unavailable/obscured",1,isolated,334.21,34.67,2.24,INSUFFICIENT_DATA,0.0,none,none,inf,not_found,UNKNOWN,False,UNKNOWN,,"Sentinel-2 observation available but obscured by cloud cover (best: 91.0%, threshold: 30.0%)"
133,Unknown / Insufficient Evidence,0.0,"Unknown / Insufficient Evidence
Supporting evidence:
- insufficient or conflicting physical & contextual evidence
- land-cover context is UNKNOWN
- satellite observation unavailable/obscured",19,persistent,342.81,40.11,8.73,MOVING,0.802,cooling,none,0.599,found,UNKNOWN,False,UNKNOWN,,"Sentinel-2 observation available but obscured by cloud cover (best: 91.4%, threshold: 30.0%)"
134,Unknown / Insufficient Evidence,0.0,"Unknown / Insufficient Evidence
Supporting evidence:
- insufficient or conflicting physical & contextual evidence
- OSM industrial context is UNKNOWN
- land-cover context is UNKNOWN
- satellite observation unavailable/obscured",1,isolated,335.55,38.42,4.17,INSUFFICIENT_DATA,0.0,none,none,inf,not_found,UNKNOWN,False,UNKNOWN,,"Sentinel-2 observation available but obscured by cloud cover (best: 84.1%, threshold: 30.0%)"
135,Unknown / Insufficient Evidence,0.0,"Unknown / Insufficient Evidence
Supporting evidence:
- insufficient or conflicting physical & contextual evidence
- OSM industrial context is UNKNOWN
- land-cover context is UNKNOWN
- satellite observation unavailable/obscured",1,isolated,339.62,52.3,2.48,INSUFFICIENT_DATA,0.0,none,none,inf,not_found,UNKNOWN,False,UNKNOWN,,"Sentinel-2 observation available but obscured by cloud cover (best: 77.2%, threshold: 30.0%)"
136,Unknown / Insufficient Evidence,0.0,"Unknown / Insufficient Evidence
Supporting evidence:
- insufficient or conflicting physical & contextual evidence
- OSM industrial context is UNKNOWN
- land-cover context is UNKNOWN",1,isolated,331.55,41.25,1.93,INSUFFICIENT_DATA,0.0,none,none,inf,not_found,UNKNOWN,True,SeaLake,0.8906,Satellite CNN prediction: SeaLake (confidence: 0.89)
137,Agricultural-context thermal event,0.55,"Agricultural-context thermal event
Supporting evidence:
- short-lived transient activity (active_days=1)
- moderate thermal power typical of crop burning (max_frp=5.2 MW)
- OSM industrial context is UNKNOWN
- land-cover context is UNKNOWN
- satellite observation unavailable/obscured",1,isolated,330.43,30.14,5.24,INSUFFICIENT_DATA,0.0,none,none,inf,not_found,UNKNOWN,False,UNKNOWN,,"Sentinel-2 observation available but obscured by cloud cover (best: 48.9%, threshold: 30.0%)"
138,Agricultural-context thermal event,0.55,"Agricultural-context thermal event
Supporting evidence:
- short-lived transient activity (active_days=1)
- moderate thermal power typical of crop burning (max_frp=7.1 MW)
- OSM industrial context is UNKNOWN
- land-cover context is UNKNOWN
- satellite observation unavailable/obscured",1,isolated,330.78,30.2,7.07,INSUFFICIENT_DATA,0.0,none,none,inf,not_found,UNKNOWN,False,UNKNOWN,,"Sentinel-2 observation available but obscured by cloud cover (best: 48.9%, threshold: 30.0%)"
139,Unknown / Insufficient Evidence,0.0,"Unknown / Insufficient Evidence
Supporting evidence:
- insufficient or conflicting physical & contextual evidence
- OSM industrial context is UNKNOWN
- land-cover context is UNKNOWN
- satellite observation unavailable/obscured",1,isolated,309.29,33.35,2.13,INSUFFICIENT_DATA,0.0,none,none,inf,not_found,UNKNOWN,False,UNKNOWN,,"Sentinel-2 observation available but obscured by cloud cover (best: 92.0%, threshold: 30.0%)"
140,Industrial-context thermal event,0.85,"Industrial-context thermal event
Supporting evidence:
- activity is recurring (active_days=2)
- activity is spatially stationary (displacement=0.24 km)
- high spectral brightness temperature contrast (bt_diff=47.1 K)
- industrial facility detected nearby (cooling at 0.41 km)
- land-cover context is UNKNOWN
- satellite observation unavailable/obscured",2,short_lived_repeated,341.89,47.13,5.62,STATIONARY,0.242,cooling,none,0.41,found,UNKNOWN,False,UNKNOWN,,"Sentinel-2 observation available but obscured by cloud cover (best: 91.3%, threshold: 30.0%)"
141,Industrial-context thermal event,0.45,"Industrial-context thermal event
Supporting evidence:
- high spectral brightness temperature contrast (bt_diff=43.4 K)
- industrial facility detected nearby (industrial at 0.59 km)
- land-cover context is UNKNOWN
- satellite observation unavailable/obscured",1,isolated,331.88,43.41,4.21,INSUFFICIENT_DATA,0.0,industrial,none,0.593,found,UNKNOWN,False,UNKNOWN,,"Sentinel-2 observation available but obscured by cloud cover (best: 89.2%, threshold: 30.0%)"
142,Unknown / Insufficient Evidence,0.0,"Unknown / Insufficient Evidence
Supporting evidence:
- insufficient or conflicting physical & contextual evidence
- OSM industrial context is UNKNOWN
- land-cover context is UNKNOWN
- satellite observation unavailable/obscured",1,isolated,302.68,30.42,2.71,INSUFFICIENT_DATA,0.0,none,none,inf,not_found,UNKNOWN,False,UNKNOWN,,"Sentinel-2 observation available but obscured by cloud cover (best: 91.3%, threshold: 30.0%)"
143,Agricultural-context thermal event,0.75,"Agricultural-context thermal event
Supporting evidence:
- short-lived transient activity (active_days=2)
- minor localized plot displacement
- moderate thermal power typical of crop burning (max_frp=7.0 MW)
- OSM industrial context is UNKNOWN
- land-cover context is UNKNOWN
- satellite observation unavailable/obscured",2,short_lived_repeated,336.85,56.99,7.04,STATIONARY,0.137,none,none,inf,not_found,UNKNOWN,False,UNKNOWN,,"Sentinel-2 observation available but obscured by cloud cover (best: 92.0%, threshold: 30.0%)"
144,Industrial-context thermal event,0.65,"Industrial-context thermal event
Supporting evidence:
- activity is recurring (active_days=2)
- activity is spatially stationary (displacement=0.14 km)
- industrial facility detected nearby (industrial at 0.12 km)
- land-cover context is UNKNOWN
- satellite observation unavailable/obscured",2,short_lived_repeated,307.49,31.98,1.77,STATIONARY,0.138,industrial,Hooghly Met Coke and Power Company Limited,0.123,found,UNKNOWN,False,UNKNOWN,,"Sentinel-2 observation available but obscured by cloud cover (best: 93.6%, threshold: 30.0%)"
145,Unknown / Insufficient Evidence,0.0,"Unknown / Insufficient Evidence
Supporting evidence:
- insufficient or conflicting physical & contextual evidence
- OSM industrial context is UNKNOWN
- land-cover context is UNKNOWN
- satellite observation unavailable/obscured",1,isolated,303.75,25.22,0.6,INSUFFICIENT_DATA,0.0,none,none,inf,not_found,UNKNOWN,False,UNKNOWN,,"Sentinel-2 observation available but obscured by cloud cover (best: 77.2%, threshold: 30.0%)"
146,Unknown / Insufficient Evidence,0.0,"Unknown / Insufficient Evidence
Supporting evidence:
- insufficient or conflicting physical & contextual evidence
- land-cover context is UNKNOWN
- satellite observation unavailable/obscured",1,isolated,305.99,20.68,0.54,INSUFFICIENT_DATA,0.0,plant,Cuttack Aarti Steels Power Station,0.295,found,UNKNOWN,False,UNKNOWN,,"Sentinel-2 observation available but obscured by cloud cover (best: 93.8%, threshold: 30.0%)"
147,Unknown / Insufficient Evidence,0.0,"Unknown / Insufficient Evidence
Supporting evidence:
- insufficient or conflicting physical & contextual evidence
- land-cover context is UNKNOWN
- satellite observation unavailable/obscured",1,isolated,304.65,17.28,1.75,INSUFFICIENT_DATA,0.0,industrial,none,0.553,found,UNKNOWN,False,UNKNOWN,,"Sentinel-2 observation available but obscured by cloud cover (best: 89.2%, threshold: 30.0%)"
148,Unknown / Insufficient Evidence,0.0,"Unknown / Insufficient Evidence
Supporting evidence:
- insufficient or conflicting physical & contextual evidence
- land-cover context is UNKNOWN
- satellite observation unavailable/obscured",1,isolated,317.47,30.34,1.73,INSUFFICIENT_DATA,0.0,plant,none,0.402,found,UNKNOWN,False,UNKNOWN,,"Sentinel-2 observation available but obscured by cloud cover (best: 89.2%, threshold: 30.0%)"
149,Unknown / Insufficient Evidence,0.0,"Unknown / Insufficient Evidence
Supporting evidence:
- insufficient or conflicting physical & contextual evidence
- land-cover context is UNKNOWN
- satellite observation unavailable/obscured",1,isolated,313.99,24.94,1.9,INSUFFICIENT_DATA,0.0,industrial,none,0.781,found,UNKNOWN,False,UNKNOWN,,"Sentinel-2 observation available but obscured by cloud cover (best: 92.0%, threshold: 30.0%)"
150,Unknown / Insufficient Evidence,0.0,"Unknown / Insufficient Evidence
Supporting evidence:
- insufficient or conflicting physical & contextual evidence
- OSM industrial context is UNKNOWN
- land-cover context is UNKNOWN
- satellite observation unavailable/obscured",1,isolated,306.54,25.04,0.51,INSUFFICIENT_DATA,0.0,none,none,inf,not_found,UNKNOWN,False,UNKNOWN,,"Sentinel-2 observation available but obscured by cloud cover (best: 70.9%, threshold: 30.0%)"
151,Unknown / Insufficient Evidence,0.0,"Unknown / Insufficient Evidence
Supporting evidence:
- insufficient or conflicting physical & contextual evidence
- land-cover context is UNKNOWN
- satellite observation unavailable/obscured",1,isolated,308.41,30.25,1.23,INSUFFICIENT_DATA,0.0,brickyard,none,1.971,found,UNKNOWN,False,UNKNOWN,,"Sentinel-2 observation available but obscured by cloud cover (best: 64.5%, threshold: 30.0%)"
152,Unknown / Insufficient Evidence,0.0,"Unknown / Insufficient Evidence
Supporting evidence:
- insufficient or conflicting physical & contextual evidence
- OSM industrial context is UNKNOWN
- land-cover context is UNKNOWN
- satellite observation unavailable/obscured",1,isolated,303.56,24.38,0.92,INSUFFICIENT_DATA,0.0,none,none,inf,not_found,UNKNOWN,False,UNKNOWN,,"Sentinel-2 observation available but obscured by cloud cover (best: 64.5%, threshold: 30.0%)"
153,Unknown / Insufficient Evidence,0.0,"Unknown / Insufficient Evidence
Supporting evidence:
- insufficient or conflicting physical & contextual evidence
- land-cover context is UNKNOWN
- satellite observation unavailable/obscured",1,isolated,310.79,32.76,1.25,INSUFFICIENT_DATA,0.0,mine,Belbaid,1.32,found,UNKNOWN,False,UNKNOWN,,"Sentinel-2 observation available but obscured by cloud cover (best: 70.6%, threshold: 30.0%)"
154,Unknown / Insufficient Evidence,0.0,"Unknown / Insufficient Evidence
Supporting evidence:
- insufficient or conflicting physical & contextual evidence
- land-cover context is UNKNOWN
- satellite observation unavailable/obscured",1,isolated,303.72,22.23,1.46,INSUFFICIENT_DATA,0.0,cooling,none,1.245,found,UNKNOWN,False,UNKNOWN,,"Sentinel-2 observation available but obscured by cloud cover (best: 90.7%, threshold: 30.0%)"
155,Unknown / Insufficient Evidence,0.0,"Unknown / Insufficient Evidence
Supporting evidence:
- insufficient or conflicting physical & contextual evidence
- land-cover context is UNKNOWN
- satellite observation unavailable/obscured",1,isolated,308.06,27.93,1.05,INSUFFICIENT_DATA,0.0,industrial,none,0.366,found,UNKNOWN,False,UNKNOWN,,"Sentinel-2 observation available but obscured by cloud cover (best: 70.6%, threshold: 30.0%)"
156,Unknown / Insufficient Evidence,0.0,"Unknown / Insufficient Evidence
Supporting evidence:
- insufficient or conflicting physical & contextual evidence
- land-cover context is UNKNOWN
- satellite observation unavailable/obscured",1,isolated,318.56,30.78,2.23,INSUFFICIENT_DATA,0.0,industrial,none,1.95,found,UNKNOWN,False,UNKNOWN,,"Sentinel-2 observation available but obscured by cloud cover (best: 90.7%, threshold: 30.0%)"
157,Unknown / Insufficient Evidence,0.0,"Unknown / Insufficient Evidence
Supporting evidence:
- insufficient or conflicting physical & contextual evidence
- land-cover context is UNKNOWN
- satellite observation unavailable/obscured",1,isolated,310.26,24.36,1.65,INSUFFICIENT_DATA,0.0,industrial,none,1.897,found,UNKNOWN,False,UNKNOWN,,"Sentinel-2 observation available but obscured by cloud cover (best: 94.6%, threshold: 30.0%)"
158,Unknown / Insufficient Evidence,0.0,"Unknown / Insufficient Evidence
Supporting evidence:
- insufficient or conflicting physical & contextual evidence
- OSM industrial context is UNKNOWN
- land-cover context is UNKNOWN
- satellite observation unavailable/obscured",1,isolated,323.76,35.95,2.85,INSUFFICIENT_DATA,0.0,none,none,inf,not_found,UNKNOWN,False,UNKNOWN,,"Sentinel-2 observation available but obscured by cloud cover (best: 94.6%, threshold: 30.0%)"
159,Unknown / Insufficient Evidence,0.0,"Unknown / Insufficient Evidence
Supporting evidence:
- insufficient or conflicting physical & contextual evidence
- OSM industrial context is UNKNOWN
- land-cover context is UNKNOWN
- satellite observation unavailable/obscured",1,isolated,314.56,26.77,2.23,INSUFFICIENT_DATA,0.0,none,none,inf,not_found,UNKNOWN,False,UNKNOWN,,"Sentinel-2 observation available but obscured by cloud cover (best: 94.6%, threshold: 30.0%)"
160,Industrial-context thermal event,0.65,"Industrial-context thermal event
Supporting evidence:
- activity is recurring (active_days=2)
- activity is spatially stationary (displacement=0.46 km)
- industrial facility detected nearby (industrial at 0.44 km)
- land-cover context is UNKNOWN
- satellite observation unavailable/obscured",2,short_lived_repeated,307.59,22.26,1.54,STATIONARY,0.463,industrial,Ultratech Cement Limited,0.443,found,UNKNOWN,False,UNKNOWN,,"Sentinel-2 observation available but obscured by cloud cover (best: 68.3%, threshold: 30.0%)"
161,Agricultural-context thermal event,0.55,"Agricultural-context thermal event
Supporting evidence:
- short-lived transient activity (active_days=2)
- minor localized plot displacement
- OSM industrial context is UNKNOWN
- land-cover context is UNKNOWN
- satellite observation unavailable/obscured",2,short_lived_repeated,312.46,22.11,2.73,STATIONARY,0.195,none,none,inf,not_found,UNKNOWN,False,UNKNOWN,,"Sentinel-2 observation available but obscured by cloud cover (best: 55.8%, threshold: 30.0%)"
162,Unknown / Insufficient Evidence,0.0,"Unknown / Insufficient Evidence
Supporting evidence:
- insufficient or conflicting physical & contextual evidence
- land-cover context is UNKNOWN
- satellite observation unavailable/obscured",1,isolated,307.5,14.24,2.3,INSUFFICIENT_DATA,0.0,steelmaking,Visakapatnam Steel Plant,0.63,found,UNKNOWN,False,UNKNOWN,,"Sentinel-2 observation available but obscured by cloud cover (best: 58.3%, threshold: 30.0%)"
163,Industrial-context thermal event,0.4,"Industrial-context thermal event
Supporting evidence:
- activity is recurring (active_days=3)
- activity is spatially stationary (displacement=0.06 km)
- OSM industrial context is UNKNOWN
- land-cover context is UNKNOWN
- satellite observation unavailable/obscured",3,short_lived_repeated,326.53,34.85,2.49,STATIONARY,0.06,none,none,inf,not_found,UNKNOWN,False,UNKNOWN,,"Sentinel-2 observation available but obscured by cloud cover (best: 55.8%, threshold: 30.0%)"
164,Unknown / Insufficient Evidence,0.0,"Unknown / Insufficient Evidence
Supporting evidence:
- insufficient or conflicting physical & contextual evidence
- land-cover context is UNKNOWN",1,isolated,310.1,16.47,1.68,INSUFFICIENT_DATA,0.0,industrial,Mahaamaaya Industries,0.136,found,UNKNOWN,True,SeaLake,0.5031,Satellite CNN prediction: SeaLake (confidence: 0.50)
165,Unknown / Insufficient Evidence,0.0,"Unknown / Insufficient Evidence
Supporting evidence:
- insufficient or conflicting physical & contextual evidence
- land-cover context is UNKNOWN",1,isolated,306.89,14.17,1.83,INSUFFICIENT_DATA,0.0,industrial,none,1.183,found,UNKNOWN,True,SeaLake,0.9954,Satellite CNN prediction: SeaLake (confidence: 1.00)
166,Unknown / Insufficient Evidence,0.0,"Unknown / Insufficient Evidence
Supporting evidence:
- insufficient or conflicting physical & contextual evidence
- land-cover context is UNKNOWN
- satellite observation unavailable/obscured",1,isolated,301.83,16.64,0.8,INSUFFICIENT_DATA,0.0,works,NMDC I&S Plant Nagarnar,0.569,found,UNKNOWN,False,UNKNOWN,,"Sentinel-2 observation available but obscured by cloud cover (best: 80.6%, threshold: 30.0%)"
167,Unknown / Insufficient Evidence,0.0,"Unknown / Insufficient Evidence
Supporting evidence:
- insufficient or conflicting physical & contextual evidence
- OSM industrial context is UNKNOWN
- land-cover context is UNKNOWN
- satellite observation unavailable/obscured",1,isolated,301.41,16.12,1.02,INSUFFICIENT_DATA,0.0,none,none,inf,not_found,UNKNOWN,False,UNKNOWN,,"Sentinel-2 observation available but obscured by cloud cover (best: 85.8%, threshold: 30.0%)"
168,Unknown / Insufficient Evidence,0.0,"Unknown / Insufficient Evidence
Supporting evidence:
- insufficient or conflicting physical & contextual evidence
- OSM industrial context is UNKNOWN
- land-cover context is UNKNOWN
- satellite observation unavailable/obscured",1,isolated,300.02,25.75,1.43,INSUFFICIENT_DATA,0.0,none,none,inf,not_found,UNKNOWN,False,UNKNOWN,,"Sentinel-2 observation available but obscured by cloud cover (best: 88.2%, threshold: 30.0%)"
169,Industrial-context thermal event,0.45,"Industrial-context thermal event
Supporting evidence:
- high spectral brightness temperature contrast (bt_diff=35.7 K)
- industrial facility detected nearby (industrial at 0.25 km)
- land-cover context is UNKNOWN
- satellite observation unavailable/obscured",1,isolated,296.02,35.74,1.11,INSUFFICIENT_DATA,0.0,industrial,none,0.254,found,UNKNOWN,False,UNKNOWN,,"Sentinel-2 observation available but obscured by cloud cover (best: 79.3%, threshold: 30.0%)"
170,Unknown / Insufficient Evidence,0.0,"Unknown / Insufficient Evidence
Supporting evidence:
- insufficient or conflicting physical & contextual evidence
- land-cover context is UNKNOWN
- satellite observation unavailable/obscured",1,isolated,301.77,31.5,0.58,INSUFFICIENT_DATA,0.0,industrial,none,0.152,found,UNKNOWN,False,UNKNOWN,,"Sentinel-2 observation available but obscured by cloud cover (best: 79.3%, threshold: 30.0%)"
171,Unknown / Insufficient Evidence,0.0,"Unknown / Insufficient Evidence
Supporting evidence:
- insufficient or conflicting physical & contextual evidence
- land-cover context is UNKNOWN
- satellite observation unavailable/obscured",1,isolated,305.38,16.52,1.24,INSUFFICIENT_DATA,0.0,industrial,none,0.298,found,UNKNOWN,False,UNKNOWN,,"Sentinel-2 observation available but obscured by cloud cover (best: 90.7%, threshold: 30.0%)"
172,Unknown / Insufficient Evidence,0.0,"Unknown / Insufficient Evidence
Supporting evidence:
- insufficient or conflicting physical & contextual evidence
- land-cover context is UNKNOWN
- satellite observation unavailable/obscured",1,isolated,306.57,25.47,1.92,INSUFFICIENT_DATA,0.0,cement,none,0.054,found,UNKNOWN,False,UNKNOWN,,"Sentinel-2 observation available but obscured by cloud cover (best: 84.2%, threshold: 30.0%)"
173,Unknown / Insufficient Evidence,0.0,"Unknown / Insufficient Evidence
Supporting evidence:
- insufficient or conflicting physical & contextual evidence
- land-cover context is UNKNOWN
- satellite observation unavailable/obscured",1,isolated,307.2,21.39,1.34,INSUFFICIENT_DATA,0.0,industrial,none,1.091,found,UNKNOWN,False,UNKNOWN,,"Sentinel-2 observation available but obscured by cloud cover (best: 77.3%, threshold: 30.0%)"
174,Industrial-context thermal event,1.0,"Industrial-context thermal event
Supporting evidence:
- activity is persistent (active_days=9)
- activity is spatially stationary (displacement=0.30 km)
- high spectral brightness temperature contrast (bt_diff=38.6 K)
- industrial facility detected nearby (industrial at 0.20 km)
- land-cover context is UNKNOWN
- satellite observation unavailable/obscured",9,persistent,327.93,38.56,3.1,STATIONARY,0.301,industrial,none,0.2,found,UNKNOWN,False,UNKNOWN,,"Sentinel-2 observation available but obscured by cloud cover (best: 84.3%, threshold: 30.0%)"
175,Unknown / Insufficient Evidence,0.0,"Unknown / Insufficient Evidence
Supporting evidence:
- insufficient or conflicting physical & contextual evidence
- land-cover context is UNKNOWN
- satellite observation unavailable/obscured",1,isolated,304.11,16.17,0.65,INSUFFICIENT_DATA,0.0,industrial,none,0.22,found,UNKNOWN,False,UNKNOWN,,"Sentinel-2 observation available but obscured by cloud cover (best: 71.7%, threshold: 30.0%)"
176,Unknown / Insufficient Evidence,0.0,"Unknown / Insufficient Evidence
Supporting evidence:
- insufficient or conflicting physical & contextual evidence
- land-cover context is UNKNOWN
- satellite observation unavailable/obscured",1,isolated,304.2,15.89,1.6,INSUFFICIENT_DATA,0.0,industrial,Mangalam Cements,0.165,found,UNKNOWN,False,UNKNOWN,,"Sentinel-2 observation available but obscured by cloud cover (best: 73.4%, threshold: 30.0%)"
177,Unknown / Insufficient Evidence,0.0,"Unknown / Insufficient Evidence
Supporting evidence:
- insufficient or conflicting physical & contextual evidence
- OSM industrial context is UNKNOWN
- land-cover context is UNKNOWN
- satellite observation unavailable/obscured",1,isolated,328.92,42.89,3.42,INSUFFICIENT_DATA,0.0,none,none,inf,not_found,UNKNOWN,False,UNKNOWN,,"Sentinel-2 observation available but obscured by cloud cover (best: 37.5%, threshold: 30.0%)"
178,Agricultural-context thermal event,0.55,"Agricultural-context thermal event
Supporting evidence:
- short-lived transient activity (active_days=1)
- moderate thermal power typical of crop burning (max_frp=6.9 MW)
- OSM industrial context is UNKNOWN
- land-cover context is UNKNOWN
- satellite observation unavailable/obscured",1,isolated,335.72,42.79,6.92,INSUFFICIENT_DATA,0.0,none,none,inf,not_found,UNKNOWN,False,UNKNOWN,,"Sentinel-2 observation available but obscured by cloud cover (best: 84.1%, threshold: 30.0%)"
179,Agricultural-context thermal event,0.55,"Agricultural-context thermal event
Supporting evidence:
- short-lived transient activity (active_days=1)
- moderate thermal power typical of crop burning (max_frp=9.1 MW)
- OSM industrial context is UNKNOWN
- land-cover context is UNKNOWN
- satellite observation unavailable/obscured",1,isolated,334.32,35.36,9.08,INSUFFICIENT_DATA,0.0,none,none,inf,not_found,UNKNOWN,False,UNKNOWN,,"Sentinel-2 observation available but obscured by cloud cover (best: 61.6%, threshold: 30.0%)"
180,Unknown / Insufficient Evidence,0.0,"Unknown / Insufficient Evidence
Supporting evidence:
- insufficient or conflicting physical & contextual evidence
- OSM industrial context is UNKNOWN
- land-cover context is UNKNOWN
- satellite observation unavailable/obscured",1,isolated,334.91,35.43,2.51,INSUFFICIENT_DATA,0.0,none,none,inf,not_found,UNKNOWN,False,UNKNOWN,,"Sentinel-2 observation available but obscured by cloud cover (best: 69.7%, threshold: 30.0%)"
181,Unknown / Insufficient Evidence,0.0,"Unknown / Insufficient Evidence
Supporting evidence:
- insufficient or conflicting physical & contextual evidence
- OSM industrial context is UNKNOWN
- land-cover context is UNKNOWN
- satellite observation unavailable/obscured",1,isolated,333.36,35.13,4.21,INSUFFICIENT_DATA,0.0,none,none,inf,not_found,UNKNOWN,False,UNKNOWN,,"Sentinel-2 observation available but obscured by cloud cover (best: 69.7%, threshold: 30.0%)"
182,Unknown / Insufficient Evidence,0.0,"Unknown / Insufficient Evidence
Supporting evidence:
- insufficient or conflicting physical & contextual evidence
- OSM industrial context is UNKNOWN
- land-cover context is UNKNOWN
- satellite observation unavailable/obscured",1,isolated,334.38,41.42,3.22,INSUFFICIENT_DATA,0.0,none,none,inf,not_found,UNKNOWN,False,UNKNOWN,,"Sentinel-2 observation available but obscured by cloud cover (best: 37.5%, threshold: 30.0%)"
183,Unknown / Insufficient Evidence,0.0,"Unknown / Insufficient Evidence
Supporting evidence:
- insufficient or conflicting physical & contextual evidence
- OSM industrial context is UNKNOWN
- land-cover context is UNKNOWN
- satellite observation unavailable/obscured",1,isolated,332.81,39.4,3.01,INSUFFICIENT_DATA,0.0,none,none,inf,not_found,UNKNOWN,False,UNKNOWN,,"Sentinel-2 observation available but obscured by cloud cover (best: 37.5%, threshold: 30.0%)"
184,Unknown / Insufficient Evidence,0.0,"Unknown / Insufficient Evidence
Supporting evidence:
- insufficient or conflicting physical & contextual evidence
- OSM industrial context is UNKNOWN
- land-cover context is UNKNOWN
- satellite observation unavailable/obscured",1,isolated,332.56,38.31,2.52,INSUFFICIENT_DATA,0.0,none,none,inf,not_found,UNKNOWN,False,UNKNOWN,,"Sentinel-2 observation available but obscured by cloud cover (best: 57.3%, threshold: 30.0%)"
185,Unknown / Insufficient Evidence,0.0,"Unknown / Insufficient Evidence
Supporting evidence:
- insufficient or conflicting physical & contextual evidence
- OSM industrial context is UNKNOWN
- land-cover context is UNKNOWN
- satellite observation unavailable/obscured",1,isolated,334.55,39.94,4.28,INSUFFICIENT_DATA,0.0,none,none,inf,not_found,UNKNOWN,False,UNKNOWN,,"Sentinel-2 observation available but obscured by cloud cover (best: 57.3%, threshold: 30.0%)"
186,Unknown / Insufficient Evidence,0.0,"Unknown / Insufficient Evidence
Supporting evidence:
- insufficient or conflicting physical & contextual evidence
- OSM industrial context is UNKNOWN
- land-cover context is UNKNOWN",1,isolated,333.41,39.03,4.04,INSUFFICIENT_DATA,0.0,none,none,inf,not_found,UNKNOWN,True,PermanentCrop,0.3157,Satellite CNN prediction: PermanentCrop (confidence: 0.32)
187,Agricultural-context thermal event,0.55,"Agricultural-context thermal event
Supporting evidence:
- short-lived transient activity (active_days=1)
- moderate thermal power typical of crop burning (max_frp=5.2 MW)
- OSM industrial context is UNKNOWN
- land-cover context is UNKNOWN",1,isolated,331.47,36.33,5.25,INSUFFICIENT_DATA,0.0,none,none,inf,not_found,UNKNOWN,True,HerbaceousVegetation,1.0,Satellite CNN prediction: HerbaceousVegetation (confidence: 1.00)
188,Industrial-context thermal event,1.0,"Industrial-context thermal event
Supporting evidence:
- activity is persistent (active_days=5)
- activity is spatially stationary (displacement=0.17 km)
- high spectral brightness temperature contrast (bt_diff=56.5 K)
- industrial facility detected nearby (works at 0.60 km)
- land-cover context is UNKNOWN
- satellite observation unavailable/obscured",5,persistent,354.74,56.45,17.98,STATIONARY,0.166,works,ArcelorMittal Nippon Steel India,0.603,found,UNKNOWN,False,UNKNOWN,,"Sentinel-2 observation available but obscured by cloud cover (best: 78.4%, threshold: 30.0%)"
189,Unknown / Insufficient Evidence,0.0,"Unknown / Insufficient Evidence
Supporting evidence:
- insufficient or conflicting physical & contextual evidence
- OSM industrial context is UNKNOWN
- land-cover context is UNKNOWN
- satellite observation unavailable/obscured",1,isolated,345.8,60.73,3.19,INSUFFICIENT_DATA,0.0,none,none,inf,not_found,UNKNOWN,False,UNKNOWN,,"Sentinel-2 observation available but obscured by cloud cover (best: 86.4%, threshold: 30.0%)"
190,Unknown / Insufficient Evidence,0.0,"Unknown / Insufficient Evidence
Supporting evidence:
- insufficient or conflicting physical & contextual evidence
- land-cover context is UNKNOWN
- satellite observation unavailable/obscured",1,isolated,296.76,31.38,1.3,INSUFFICIENT_DATA,0.0,plant,Rungta Kamanda power station,0.22,found,UNKNOWN,False,UNKNOWN,,"Sentinel-2 observation available but obscured by cloud cover (best: 71.5%, threshold: 30.0%)"
191,Unknown / Insufficient Evidence,0.0,"Unknown / Insufficient Evidence
Supporting evidence:
- insufficient or conflicting physical & contextual evidence
- land-cover context is UNKNOWN
- satellite observation unavailable/obscured",3,short_lived_repeated,331.67,52.46,3.46,MOVING,1.042,industrial,Rourkela Steel Plant,0.811,found,UNKNOWN,False,UNKNOWN,,"Sentinel-2 observation available but obscured by cloud cover (best: 63.8%, threshold: 30.0%)"
192,Unknown / Insufficient Evidence,0.0,"Unknown / Insufficient Evidence
Supporting evidence:
- insufficient or conflicting physical & contextual evidence
- land-cover context is UNKNOWN
- satellite observation unavailable/obscured",1,isolated,298.19,20.95,1.49,INSUFFICIENT_DATA,0.0,industrial,none,1.224,found,UNKNOWN,False,UNKNOWN,,"Sentinel-2 observation available but obscured by cloud cover (best: 99.2%, threshold: 30.0%)"
193,Unknown / Insufficient Evidence,0.0,"Unknown / Insufficient Evidence
Supporting evidence:
- insufficient or conflicting physical & contextual evidence
- land-cover context is UNKNOWN
- satellite observation unavailable/obscured",1,isolated,297.77,30.14,1.32,INSUFFICIENT_DATA,0.0,industrial,none,0.374,found,UNKNOWN,False,UNKNOWN,,"Sentinel-2 observation available but obscured by cloud cover (best: 87.2%, threshold: 30.0%)"
194,Unknown / Insufficient Evidence,0.0,"Unknown / Insufficient Evidence
Supporting evidence:
- insufficient or conflicting physical & contextual evidence
- OSM industrial context is UNKNOWN
- land-cover context is UNKNOWN
- satellite observation unavailable/obscured",1,isolated,307.32,19.44,1.27,INSUFFICIENT_DATA,0.0,none,none,inf,not_found,UNKNOWN,False,UNKNOWN,,"Sentinel-2 observation available but obscured by cloud cover (best: 98.1%, threshold: 30.0%)"
195,Unknown / Insufficient Evidence,0.0,"Unknown / Insufficient Evidence
Supporting evidence:
- insufficient or conflicting physical & contextual evidence
- land-cover context is UNKNOWN
- satellite observation unavailable/obscured",1,isolated,304.26,15.05,0.82,INSUFFICIENT_DATA,0.0,industrial,none,0.074,found,UNKNOWN,False,UNKNOWN,,"Sentinel-2 observation available but obscured by cloud cover (best: 98.1%, threshold: 30.0%)"
196,Agricultural-context thermal event,0.6,"Agricultural-context thermal event
Supporting evidence:
- short-lived transient activity (active_days=1)
- moderate thermal power typical of crop burning (max_frp=16.8 MW)
- satellite CNN visual context is Pasture (model confidence=0.63)
- land-cover context is UNKNOWN",1,isolated,346.79,58.74,16.78,INSUFFICIENT_DATA,0.0,industrial,none,0.115,found,UNKNOWN,True,Pasture,0.6308,Satellite CNN prediction: Pasture (confidence: 0.63)
197,Unknown / Insufficient Evidence,0.0,"Unknown / Insufficient Evidence
Supporting evidence:
- insufficient or conflicting physical & contextual evidence
- OSM industrial context is UNKNOWN
- land-cover context is UNKNOWN",1,isolated,332.06,38.83,2.1,INSUFFICIENT_DATA,0.0,none,none,inf,not_found,UNKNOWN,True,SeaLake,0.9302,Satellite CNN prediction: SeaLake (confidence: 0.93)
198,Agricultural-context thermal event,0.55,"Agricultural-context thermal event
Supporting evidence:
- short-lived transient activity (active_days=1)
- moderate thermal power typical of crop burning (max_frp=7.0 MW)
- OSM industrial context is UNKNOWN
- land-cover context is UNKNOWN
- satellite observation unavailable/obscured",1,isolated,334.84,37.11,7.02,INSUFFICIENT_DATA,0.0,none,none,inf,not_found,UNKNOWN,False,UNKNOWN,,"Sentinel-2 observation available but obscured by cloud cover (best: 69.7%, threshold: 30.0%)"
199,Unknown / Insufficient Evidence,0.0,"Unknown / Insufficient Evidence
Supporting evidence:
- insufficient or conflicting physical & contextual evidence
- OSM industrial context is UNKNOWN
- land-cover context is UNKNOWN
- satellite observation unavailable/obscured",1,isolated,330.9,35.59,3.36,INSUFFICIENT_DATA,0.0,none,none,inf,not_found,UNKNOWN,False,UNKNOWN,,"Sentinel-2 observation available but obscured by cloud cover (best: 76.0%, threshold: 30.0%)"
200,Agricultural-context thermal event,0.55,"Agricultural-context thermal event
Supporting evidence:
- short-lived transient activity (active_days=1)
- moderate thermal power typical of crop burning (max_frp=7.6 MW)
- OSM industrial context is UNKNOWN
- land-cover context is UNKNOWN
- satellite observation unavailable/obscured",1,isolated,338.51,42.11,7.64,INSUFFICIENT_DATA,0.0,none,none,inf,not_found,UNKNOWN,False,UNKNOWN,,"Sentinel-2 observation available but obscured by cloud cover (best: 32.7%, threshold: 30.0%)"
201,Industrial-context thermal event,0.45,"Industrial-context thermal event
Supporting evidence:
- high spectral brightness temperature contrast (bt_diff=40.2 K)
- industrial facility detected nearby (substation at 1.64 km)
- land-cover context is UNKNOWN
- satellite observation unavailable/obscured",1,isolated,331.93,40.18,6.32,INSUFFICIENT_DATA,0.0,substation,Kadapa Sub station,1.642,found,UNKNOWN,False,UNKNOWN,,"Sentinel-2 observation available but obscured by cloud cover (best: 84.0%, threshold: 30.0%)"
202,Unknown / Insufficient Evidence,0.0,"Unknown / Insufficient Evidence
Supporting evidence:
- insufficient or conflicting physical & contextual evidence
- OSM industrial context is UNKNOWN
- land-cover context is UNKNOWN",1,isolated,331.15,38.74,1.28,INSUFFICIENT_DATA,0.0,none,none,inf,not_found,UNKNOWN,True,SeaLake,0.9935,Satellite CNN prediction: SeaLake (confidence: 0.99)
203,Unknown / Insufficient Evidence,0.0,"Unknown / Insufficient Evidence
Supporting evidence:
- insufficient or conflicting physical & contextual evidence
- OSM industrial context is UNKNOWN
- land-cover context is UNKNOWN",1,isolated,331.27,38.39,0.46,INSUFFICIENT_DATA,0.0,none,none,inf,not_found,UNKNOWN,True,SeaLake,0.9768,Satellite CNN prediction: SeaLake (confidence: 0.98)
204,Industrial-context thermal event,0.45,"Industrial-context thermal event
Supporting evidence:
- high spectral brightness temperature contrast (bt_diff=46.4 K)
- industrial facility detected nearby (industrial at 1.58 km)
- land-cover context is UNKNOWN",1,isolated,337.45,46.4,3.56,INSUFFICIENT_DATA,0.0,industrial,none,1.583,found,UNKNOWN,True,River,0.5155,Satellite CNN prediction: River (confidence: 0.52)
205,Unknown / Insufficient Evidence,0.0,"Unknown / Insufficient Evidence
Supporting evidence:
- insufficient or conflicting physical & contextual evidence
- OSM industrial context is UNKNOWN
- land-cover context is UNKNOWN
- satellite observation unavailable/obscured",1,isolated,332.68,38.05,3.43,INSUFFICIENT_DATA,0.0,none,none,inf,not_found,UNKNOWN,False,UNKNOWN,,"Sentinel-2 observation available but obscured by cloud cover (best: 93.5%, threshold: 30.0%)"
206,Unknown / Insufficient Evidence,0.0,"Unknown / Insufficient Evidence
Supporting evidence:
- insufficient or conflicting physical & contextual evidence
- OSM industrial context is UNKNOWN
- land-cover context is UNKNOWN",1,isolated,335.26,45.72,1.79,INSUFFICIENT_DATA,0.0,none,none,inf,not_found,UNKNOWN,True,SeaLake,0.9792,Satellite CNN prediction: SeaLake (confidence: 0.98)
207,Unknown / Insufficient Evidence,0.0,"Unknown / Insufficient Evidence
Supporting evidence:
- insufficient or conflicting physical & contextual evidence
- OSM industrial context is UNKNOWN
- land-cover context is UNKNOWN
- satellite observation unavailable/obscured",1,isolated,295.0,29.08,0.72,INSUFFICIENT_DATA,0.0,none,none,inf,not_found,UNKNOWN,False,UNKNOWN,,"Sentinel-2 observation available but obscured by cloud cover (best: 61.6%, threshold: 30.0%)"
208,Unknown / Insufficient Evidence,0.0,"Unknown / Insufficient Evidence
Supporting evidence:
- insufficient or conflicting physical & contextual evidence
- OSM industrial context is UNKNOWN
- land-cover context is UNKNOWN
- satellite observation unavailable/obscured",1,isolated,305.86,18.09,1.78,INSUFFICIENT_DATA,0.0,none,none,inf,not_found,UNKNOWN,False,UNKNOWN,,"Sentinel-2 observation available but obscured by cloud cover (best: 77.2%, threshold: 30.0%)"
209,Unknown / Insufficient Evidence,0.0,"Unknown / Insufficient Evidence
Supporting evidence:
- insufficient or conflicting physical & contextual evidence
- land-cover context is UNKNOWN
- satellite observation unavailable/obscured",1,isolated,302.82,19.64,0.9,INSUFFICIENT_DATA,0.0,industrial,none,0.567,found,UNKNOWN,False,UNKNOWN,,"Sentinel-2 observation available but obscured by cloud cover (best: 89.0%, threshold: 30.0%)"
210,Unknown / Insufficient Evidence,0.0,"Unknown / Insufficient Evidence
Supporting evidence:
- insufficient or conflicting physical & contextual evidence
- land-cover context is UNKNOWN
- satellite observation unavailable/obscured",1,isolated,308.21,21.27,1.84,INSUFFICIENT_DATA,0.0,cooling,none,0.316,found,UNKNOWN,False,UNKNOWN,,"Sentinel-2 observation available but obscured by cloud cover (best: 96.1%, threshold: 30.0%)"
211,Agricultural-context thermal event,0.75,"Agricultural-context thermal event
Supporting evidence:
- short-lived transient activity (active_days=1)
- moderate thermal power typical of crop burning (max_frp=16.4 MW)
- satellite CNN visual context is PermanentCrop (model confidence=0.97)
- OSM industrial context is UNKNOWN
- land-cover context is UNKNOWN",1,isolated,349.51,42.76,16.37,INSUFFICIENT_DATA,0.0,none,none,inf,not_found,UNKNOWN,True,PermanentCrop,0.9703,Satellite CNN prediction: PermanentCrop (confidence: 0.97)
212,Agricultural-context thermal event,0.55,"Agricultural-context thermal event
Supporting evidence:
- short-lived transient activity (active_days=1)
- moderate thermal power typical of crop burning (max_frp=17.2 MW)
- OSM industrial context is UNKNOWN
- land-cover context is UNKNOWN
- satellite observation unavailable/obscured",1,isolated,342.66,36.15,17.21,INSUFFICIENT_DATA,0.0,none,none,inf,not_found,UNKNOWN,False,UNKNOWN,,"Sentinel-2 observation available but obscured by cloud cover (best: 47.8%, threshold: 30.0%)"
213,Agricultural-context thermal event,0.55,"Agricultural-context thermal event
Supporting evidence:
- short-lived transient activity (active_days=1)
- moderate thermal power typical of crop burning (max_frp=6.7 MW)
- OSM industrial context is UNKNOWN
- land-cover context is UNKNOWN
- satellite observation unavailable/obscured",1,isolated,334.14,44.42,6.74,INSUFFICIENT_DATA,0.0,none,none,inf,not_found,UNKNOWN,False,UNKNOWN,,"Sentinel-2 observation available but obscured by cloud cover (best: 65.9%, threshold: 30.0%)"
214,Agricultural-context thermal event,0.55,"Agricultural-context thermal event
Supporting evidence:
- short-lived transient activity (active_days=1)
- moderate thermal power typical of crop burning (max_frp=5.5 MW)
- OSM industrial context is UNKNOWN
- land-cover context is UNKNOWN
- satellite observation unavailable/obscured",1,isolated,346.61,55.58,5.49,INSUFFICIENT_DATA,0.0,none,none,inf,not_found,UNKNOWN,False,UNKNOWN,,"Sentinel-2 observation available but obscured by cloud cover (best: 54.7%, threshold: 30.0%)"
215,Unknown / Insufficient Evidence,0.0,"Unknown / Insufficient Evidence
Supporting evidence:
- insufficient or conflicting physical & contextual evidence
- OSM industrial context is UNKNOWN
- land-cover context is UNKNOWN",1,isolated,338.81,50.04,3.21,INSUFFICIENT_DATA,0.0,none,none,inf,not_found,UNKNOWN,True,SeaLake,0.8611,Satellite CNN prediction: SeaLake (confidence: 0.86)
216,Unknown / Insufficient Evidence,0.0,"Unknown / Insufficient Evidence
Supporting evidence:
- insufficient or conflicting physical & contextual evidence
- OSM industrial context is UNKNOWN
- land-cover context is UNKNOWN
- satellite observation unavailable/obscured",1,isolated,337.51,52.36,3.41,INSUFFICIENT_DATA,0.0,none,none,inf,not_found,UNKNOWN,False,UNKNOWN,,"Sentinel-2 observation available but obscured by cloud cover (best: 38.3%, threshold: 30.0%)"
217,Unknown / Insufficient Evidence,0.0,"Unknown / Insufficient Evidence
Supporting evidence:
- insufficient or conflicting physical & contextual evidence
- OSM industrial context is UNKNOWN
- land-cover context is UNKNOWN
- satellite observation unavailable/obscured",1,isolated,335.0,50.41,1.61,INSUFFICIENT_DATA,0.0,none,none,inf,not_found,UNKNOWN,False,UNKNOWN,,"Sentinel-2 observation available but obscured by cloud cover (best: 73.0%, threshold: 30.0%)"
218,Unknown / Insufficient Evidence,0.0,"Unknown / Insufficient Evidence
Supporting evidence:
- insufficient or conflicting physical & contextual evidence
- OSM industrial context is UNKNOWN
- land-cover context is UNKNOWN",1,isolated,331.56,46.52,3.03,INSUFFICIENT_DATA,0.0,none,none,inf,not_found,UNKNOWN,True,SeaLake,0.9952,Satellite CNN prediction: SeaLake (confidence: 1.00)
219,Industrial-context thermal event,0.45,"Industrial-context thermal event
Supporting evidence:
- high spectral brightness temperature contrast (bt_diff=37.5 K)
- industrial facility detected nearby (industrial at 1.80 km)
- land-cover context is UNKNOWN
- satellite observation unavailable/obscured",1,isolated,339.67,37.49,5.66,INSUFFICIENT_DATA,0.0,industrial,none,1.797,found,UNKNOWN,False,UNKNOWN,,"Sentinel-2 observation available but obscured by cloud cover (best: 65.9%, threshold: 30.0%)"
220,Unknown / Insufficient Evidence,0.0,"Unknown / Insufficient Evidence
Supporting evidence:
- insufficient or conflicting physical & contextual evidence
- OSM industrial context is UNKNOWN
- land-cover context is UNKNOWN
- satellite observation unavailable/obscured",1,isolated,340.8,39.75,4.44,INSUFFICIENT_DATA,0.0,none,none,inf,not_found,UNKNOWN,False,UNKNOWN,,"Sentinel-2 observation available but obscured by cloud cover (best: 65.9%, threshold: 30.0%)"
221,Unknown / Insufficient Evidence,0.0,"Unknown / Insufficient Evidence
Supporting evidence:
- insufficient or conflicting physical & contextual evidence
- OSM industrial context is UNKNOWN
- land-cover context is UNKNOWN
- satellite observation unavailable/obscured",1,isolated,337.84,37.69,2.44,INSUFFICIENT_DATA,0.0,none,none,inf,not_found,UNKNOWN,False,UNKNOWN,,"Sentinel-2 observation available but obscured by cloud cover (best: 65.9%, threshold: 30.0%)"
222,Agricultural-context thermal event,0.55,"Agricultural-context thermal event
Supporting evidence:
- short-lived transient activity (active_days=1)
- moderate thermal power typical of crop burning (max_frp=7.7 MW)
- OSM industrial context is UNKNOWN
- land-cover context is UNKNOWN
- satellite observation unavailable/obscured",1,isolated,337.82,38.5,7.69,INSUFFICIENT_DATA,0.0,none,none,inf,not_found,UNKNOWN,False,UNKNOWN,,"Sentinel-2 observation available but obscured by cloud cover (best: 65.9%, threshold: 30.0%)"
223,Agricultural-context thermal event,0.55,"Agricultural-context thermal event
Supporting evidence:
- short-lived transient activity (active_days=1)
- moderate thermal power typical of crop burning (max_frp=6.5 MW)
- OSM industrial context is UNKNOWN
- land-cover context is UNKNOWN",1,isolated,345.63,36.86,6.54,INSUFFICIENT_DATA,0.0,none,none,inf,not_found,UNKNOWN,True,SeaLake,0.9805,Satellite CNN prediction: SeaLake (confidence: 0.98)
224,Unknown / Insufficient Evidence,0.0,"Unknown / Insufficient Evidence
Supporting evidence:
- insufficient or conflicting physical & contextual evidence
- OSM industrial context is UNKNOWN
- land-cover context is UNKNOWN",1,isolated,336.49,33.17,4.03,INSUFFICIENT_DATA,0.0,none,none,inf,not_found,UNKNOWN,True,SeaLake,0.9963,Satellite CNN prediction: SeaLake (confidence: 1.00)
225,Agricultural-context thermal event,0.55,"Agricultural-context thermal event
Supporting evidence:
- short-lived transient activity (active_days=1)
- moderate thermal power typical of crop burning (max_frp=5.2 MW)
- OSM industrial context is UNKNOWN
- land-cover context is UNKNOWN
- satellite observation unavailable/obscured",1,isolated,345.46,43.92,5.23,INSUFFICIENT_DATA,0.0,none,none,inf,not_found,UNKNOWN,False,UNKNOWN,,"Sentinel-2 observation available but obscured by cloud cover (best: 65.9%, threshold: 30.0%)"
226,Unknown / Insufficient Evidence,0.0,"Unknown / Insufficient Evidence
Supporting evidence:
- insufficient or conflicting physical & contextual evidence
- OSM industrial context is UNKNOWN
- land-cover context is UNKNOWN",1,isolated,338.87,38.68,4.26,INSUFFICIENT_DATA,0.0,none,none,inf,not_found,UNKNOWN,True,SeaLake,0.9176,Satellite CNN prediction: SeaLake (confidence: 0.92)
227,Industrial-context thermal event,0.45,"Industrial-context thermal event
Supporting evidence:
- high spectral brightness temperature contrast (bt_diff=38.7 K)
- industrial facility detected nearby (industrial at 1.54 km)
- land-cover context is UNKNOWN",1,isolated,342.75,38.67,6.89,INSUFFICIENT_DATA,0.0,industrial,none,1.543,found,UNKNOWN,True,SeaLake,0.995,Satellite CNN prediction: SeaLake (confidence: 0.99)
228,Unknown / Insufficient Evidence,0.0,"Unknown / Insufficient Evidence
Supporting evidence:
- insufficient or conflicting physical & contextual evidence
- OSM industrial context is UNKNOWN
- land-cover context is UNKNOWN",1,isolated,338.21,43.9,3.27,INSUFFICIENT_DATA,0.0,none,none,inf,not_found,UNKNOWN,True,SeaLake,0.9839,Satellite CNN prediction: SeaLake (confidence: 0.98)
229,Unknown / Insufficient Evidence,0.0,"Unknown / Insufficient Evidence
Supporting evidence:
- insufficient or conflicting physical & contextual evidence
- OSM industrial context is UNKNOWN
- land-cover context is UNKNOWN",1,isolated,330.56,38.67,1.59,INSUFFICIENT_DATA,0.0,none,none,inf,not_found,UNKNOWN,True,SeaLake,0.776,Satellite CNN prediction: SeaLake (confidence: 0.78)
230,Unknown / Insufficient Evidence,0.0,"Unknown / Insufficient Evidence
Supporting evidence:
- insufficient or conflicting physical & contextual evidence
- OSM industrial context is UNKNOWN
- land-cover context is UNKNOWN",1,isolated,337.01,42.4,4.4,INSUFFICIENT_DATA,0.0,none,none,inf,not_found,UNKNOWN,True,SeaLake,0.3429,Satellite CNN prediction: SeaLake (confidence: 0.34)
231,Unknown / Insufficient Evidence,0.0,"Unknown / Insufficient Evidence
Supporting evidence:
- insufficient or conflicting physical & contextual evidence
- OSM industrial context is UNKNOWN
- land-cover context is UNKNOWN",1,isolated,343.38,45.37,2.98,INSUFFICIENT_DATA,0.0,none,none,inf,not_found,UNKNOWN,True,SeaLake,0.9614,Satellite CNN prediction: SeaLake (confidence: 0.96)
232,Unknown / Insufficient Evidence,0.0,"Unknown / Insufficient Evidence
Supporting evidence:
- insufficient or conflicting physical & contextual evidence
- OSM industrial context is UNKNOWN
- land-cover context is UNKNOWN
- satellite observation unavailable/obscured",1,isolated,348.92,51.09,52.66,INSUFFICIENT_DATA,0.0,none,none,inf,not_found,UNKNOWN,False,UNKNOWN,,"Sentinel-2 observation available but obscured by cloud cover (best: 38.1%, threshold: 30.0%)"
233,Agricultural-context thermal event,0.55,"Agricultural-context thermal event
Supporting evidence:
- short-lived transient activity (active_days=1)
- moderate thermal power typical of crop burning (max_frp=9.5 MW)
- OSM industrial context is UNKNOWN
- land-cover context is UNKNOWN
- satellite observation unavailable/obscured",1,isolated,340.01,45.77,9.46,INSUFFICIENT_DATA,0.0,none,none,inf,not_found,UNKNOWN,False,UNKNOWN,,"Sentinel-2 observation available but obscured by cloud cover (best: 89.9%, threshold: 30.0%)"
234,Agricultural-context thermal event,0.55,"Agricultural-context thermal event
Supporting evidence:
- short-lived transient activity (active_days=1)
- satellite CNN visual context is AnnualCrop (model confidence=1.00)
- OSM industrial context is UNKNOWN
- land-cover context is UNKNOWN",1,isolated,333.29,33.92,1.55,INSUFFICIENT_DATA,0.0,none,none,inf,not_found,UNKNOWN,True,AnnualCrop,0.9995,Satellite CNN prediction: AnnualCrop (confidence: 1.00)
235,Unknown / Insufficient Evidence,0.0,"Unknown / Insufficient Evidence
Supporting evidence:
- insufficient or conflicting physical & contextual evidence
- OSM industrial context is UNKNOWN
- land-cover context is UNKNOWN
- satellite observation unavailable/obscured",1,isolated,335.22,35.74,2.58,INSUFFICIENT_DATA,0.0,none,none,inf,not_found,UNKNOWN,False,UNKNOWN,,"Sentinel-2 observation available but obscured by cloud cover (best: 84.1%, threshold: 30.0%)"
236,Unknown / Insufficient Evidence,0.0,"Unknown / Insufficient Evidence
Supporting evidence:
- insufficient or conflicting physical & contextual evidence
- OSM industrial context is UNKNOWN
- land-cover context is UNKNOWN
- satellite observation unavailable/obscured",1,isolated,334.26,42.49,1.78,INSUFFICIENT_DATA,0.0,none,none,inf,not_found,UNKNOWN,False,UNKNOWN,,"Sentinel-2 observation available but obscured by cloud cover (best: 45.6%, threshold: 30.0%)"
237,Unknown / Insufficient Evidence,0.0,"Unknown / Insufficient Evidence
Supporting evidence:
- insufficient or conflicting physical & contextual evidence
- OSM industrial context is UNKNOWN
- land-cover context is UNKNOWN
- satellite observation unavailable/obscured",1,isolated,335.54,56.88,2.92,INSUFFICIENT_DATA,0.0,none,none,inf,not_found,UNKNOWN,False,UNKNOWN,,"Sentinel-2 observation available but obscured by cloud cover (best: 39.9%, threshold: 30.0%)"
238,Agricultural-context thermal event,0.55,"Agricultural-context thermal event
Supporting evidence:
- short-lived transient activity (active_days=1)
- moderate thermal power typical of crop burning (max_frp=5.6 MW)
- OSM industrial context is UNKNOWN
- land-cover context is UNKNOWN
- satellite observation unavailable/obscured",1,isolated,342.52,42.54,5.6,INSUFFICIENT_DATA,0.0,none,none,inf,not_found,UNKNOWN,False,UNKNOWN,,"Sentinel-2 observation available but obscured by cloud cover (best: 35.1%, threshold: 30.0%)"
239,Unknown / Insufficient Evidence,0.0,"Unknown / Insufficient Evidence
Supporting evidence:
- insufficient or conflicting physical & contextual evidence
- OSM industrial context is UNKNOWN
- land-cover context is UNKNOWN
- satellite observation unavailable/obscured",1,isolated,330.65,33.07,3.31,INSUFFICIENT_DATA,0.0,none,none,inf,not_found,UNKNOWN,False,UNKNOWN,,"Sentinel-2 observation available but obscured by cloud cover (best: 73.1%, threshold: 30.0%)"
240,Industrial-context thermal event,0.45,"Industrial-context thermal event
Supporting evidence:
- high spectral brightness temperature contrast (bt_diff=40.8 K)
- industrial facility detected nearby (plant at 0.14 km)
- land-cover context is UNKNOWN",1,isolated,338.14,40.81,3.11,INSUFFICIENT_DATA,0.0,plant,none,0.135,found,UNKNOWN,True,SeaLake,0.9877,Satellite CNN prediction: SeaLake (confidence: 0.99)
241,Unknown / Insufficient Evidence,0.0,"Unknown / Insufficient Evidence
Supporting evidence:
- insufficient or conflicting physical & contextual evidence
- OSM industrial context is UNKNOWN
- land-cover context is UNKNOWN
- satellite observation unavailable/obscured",1,isolated,331.57,40.6,3.82,INSUFFICIENT_DATA,0.0,none,none,inf,not_found,UNKNOWN,False,UNKNOWN,,"Sentinel-2 observation available but obscured by cloud cover (best: 69.6%, threshold: 30.0%)"
242,Unknown / Insufficient Evidence,0.0,"Unknown / Insufficient Evidence
Supporting evidence:
- insufficient or conflicting physical & contextual evidence
- OSM industrial context is UNKNOWN
- land-cover context is UNKNOWN",1,isolated,337.23,42.36,4.31,INSUFFICIENT_DATA,0.0,none,none,inf,not_found,UNKNOWN,True,SeaLake,0.996,Satellite CNN prediction: SeaLake (confidence: 1.00)
243,Agricultural-context thermal event,0.55,"Agricultural-context thermal event
Supporting evidence:
- short-lived transient activity (active_days=1)
- satellite CNN visual context is Pasture (model confidence=0.52)
- OSM industrial context is UNKNOWN
- land-cover context is UNKNOWN",1,isolated,340.08,40.87,3.99,INSUFFICIENT_DATA,0.0,none,none,inf,not_found,UNKNOWN,True,Pasture,0.5228,Satellite CNN prediction: Pasture (confidence: 0.52)
244,Unknown / Insufficient Evidence,0.0,"Unknown / Insufficient Evidence
Supporting evidence:
- insufficient or conflicting physical & contextual evidence
- OSM industrial context is UNKNOWN
- land-cover context is UNKNOWN",1,isolated,338.5,46.89,3.23,INSUFFICIENT_DATA,0.0,none,none,inf,not_found,UNKNOWN,True,SeaLake,0.8883,Satellite CNN prediction: SeaLake (confidence: 0.89)
245,Unknown / Insufficient Evidence,0.0,"Unknown / Insufficient Evidence
Supporting evidence:
- insufficient or conflicting physical & contextual evidence
- OSM industrial context is UNKNOWN
- land-cover context is UNKNOWN
- satellite observation unavailable/obscured",1,isolated,336.41,43.8,4.61,INSUFFICIENT_DATA,0.0,none,none,inf,not_found,UNKNOWN,False,UNKNOWN,,"Sentinel-2 observation available but obscured by cloud cover (best: 74.8%, threshold: 30.0%)"
246,Unknown / Insufficient Evidence,0.0,"Unknown / Insufficient Evidence
Supporting evidence:
- insufficient or conflicting physical & contextual evidence
- OSM industrial context is UNKNOWN
- land-cover context is UNKNOWN
- satellite observation unavailable/obscured",1,isolated,336.04,39.58,2.61,INSUFFICIENT_DATA,0.0,none,none,inf,not_found,UNKNOWN,False,UNKNOWN,,"Sentinel-2 observation available but obscured by cloud cover (best: 73.0%, threshold: 30.0%)"
247,Unknown / Insufficient Evidence,0.0,"Unknown / Insufficient Evidence
Supporting evidence:
- insufficient or conflicting physical & contextual evidence
- OSM industrial context is UNKNOWN
- land-cover context is UNKNOWN
- satellite observation unavailable/obscured",1,isolated,333.56,36.87,2.08,INSUFFICIENT_DATA,0.0,none,none,inf,not_found,UNKNOWN,False,UNKNOWN,,"Sentinel-2 observation available but obscured by cloud cover (best: 73.0%, threshold: 30.0%)"
248,Unknown / Insufficient Evidence,0.0,"Unknown / Insufficient Evidence
Supporting evidence:
- insufficient or conflicting physical & contextual evidence
- OSM industrial context is UNKNOWN
- land-cover context is UNKNOWN
- satellite observation unavailable/obscured",1,isolated,341.04,47.8,4.76,INSUFFICIENT_DATA,0.0,none,none,inf,not_found,UNKNOWN,False,UNKNOWN,,"Sentinel-2 observation available but obscured by cloud cover (best: 73.0%, threshold: 30.0%)"
249,Agricultural-context thermal event,0.55,"Agricultural-context thermal event
Supporting evidence:
- short-lived transient activity (active_days=1)
- moderate thermal power typical of crop burning (max_frp=7.2 MW)
- OSM industrial context is UNKNOWN
- land-cover context is UNKNOWN
- satellite observation unavailable/obscured",1,isolated,341.91,45.78,7.25,INSUFFICIENT_DATA,0.0,none,none,inf,not_found,UNKNOWN,False,UNKNOWN,,"Sentinel-2 observation available but obscured by cloud cover (best: 73.0%, threshold: 30.0%)"
250,Industrial-context thermal event,0.45,"Industrial-context thermal event
Supporting evidence:
- high spectral brightness temperature contrast (bt_diff=44.4 K)
- industrial facility detected nearby (depot at 0.19 km)
- land-cover context is UNKNOWN",1,isolated,332.88,44.43,5.93,INSUFFICIENT_DATA,0.0,depot,"APSRTC Bus Depot , Piduguralla",0.192,found,UNKNOWN,True,AnnualCrop,0.291,Satellite CNN prediction: AnnualCrop (confidence: 0.29)
251,Agricultural-context thermal event,0.55,"Agricultural-context thermal event
Supporting evidence:
- short-lived transient activity (active_days=1)
- satellite CNN visual context is Pasture (model confidence=0.95)
- OSM industrial context is UNKNOWN
- land-cover context is UNKNOWN",1,isolated,347.24,49.89,4.72,INSUFFICIENT_DATA,0.0,none,none,inf,not_found,UNKNOWN,True,Pasture,0.9549,Satellite CNN prediction: Pasture (confidence: 0.95)
252,Unknown / Insufficient Evidence,0.0,"Unknown / Insufficient Evidence
Supporting evidence:
- insufficient or conflicting physical & contextual evidence
- OSM industrial context is UNKNOWN
- land-cover context is UNKNOWN",1,isolated,311.21,20.47,2.1,INSUFFICIENT_DATA,0.0,none,none,inf,not_found,UNKNOWN,True,SeaLake,0.8525,Satellite CNN prediction: SeaLake (confidence: 0.85)
253,Industrial-context thermal event,0.65,"Industrial-context thermal event
Supporting evidence:
- activity is recurring (active_days=3)
- activity is spatially stationary (displacement=0.34 km)
- industrial facility detected nearby (industrial at 0.40 km)
- land-cover context is UNKNOWN",3,short_lived_repeated,325.7,33.84,5.95,STATIONARY,0.335,industrial,none,0.398,found,UNKNOWN,True,SeaLake,0.3207,Satellite CNN prediction: SeaLake (confidence: 0.32)
254,Unknown / Insufficient Evidence,0.0,"Unknown / Insufficient Evidence
Supporting evidence:
- insufficient or conflicting physical & contextual evidence
- land-cover context is UNKNOWN",1,isolated,314.51,23.16,3.36,INSUFFICIENT_DATA,0.0,industrial,none,0.568,found,UNKNOWN,True,HerbaceousVegetation,0.9499,Satellite CNN prediction: HerbaceousVegetation (confidence: 0.95)
255,Unknown / Insufficient Evidence,0.0,"Unknown / Insufficient Evidence
Supporting evidence:
- insufficient or conflicting physical & contextual evidence
- OSM industrial context is UNKNOWN
- land-cover context is UNKNOWN",1,isolated,305.84,15.35,2.04,INSUFFICIENT_DATA,0.0,none,none,inf,not_found,UNKNOWN,True,AnnualCrop,0.2078,Satellite CNN prediction: AnnualCrop (confidence: 0.21)
256,Industrial-context thermal event,0.75,"Industrial-context thermal event
Supporting evidence:
- activity is persistent (active_days=4)
- activity is spatially stationary (displacement=0.22 km)
- high spectral brightness temperature contrast (bt_diff=44.1 K)
- OSM industrial context is UNKNOWN
- land-cover context is UNKNOWN",4,short_lived_repeated,335.63,44.06,4.27,STATIONARY,0.218,none,none,inf,not_found,UNKNOWN,True,Industrial,0.2957,Satellite CNN prediction: Industrial (confidence: 0.30)
257,Unknown / Insufficient Evidence,0.0,"Unknown / Insufficient Evidence
Supporting evidence:
- insufficient or conflicting physical & contextual evidence
- land-cover context is UNKNOWN",1,isolated,319.4,32.39,2.72,INSUFFICIENT_DATA,0.0,plant,Pambur,1.799,found,UNKNOWN,True,HerbaceousVegetation,0.608,Satellite CNN prediction: HerbaceousVegetation (confidence: 0.61)
258,Unknown / Insufficient Evidence,0.0,"Unknown / Insufficient Evidence
Supporting evidence:
- insufficient or conflicting physical & contextual evidence
- OSM industrial context is UNKNOWN
- land-cover context is UNKNOWN",1,isolated,310.6,29.97,1.55,INSUFFICIENT_DATA,0.0,none,none,inf,not_found,UNKNOWN,True,SeaLake,0.8758,Satellite CNN prediction: SeaLake (confidence: 0.88)
259,Unknown / Insufficient Evidence,0.0,"Unknown / Insufficient Evidence
Supporting evidence:
- insufficient or conflicting physical & contextual evidence
- land-cover context is UNKNOWN
- satellite observation unavailable/obscured",2,short_lived_repeated,305.33,16.68,1.56,MOVING,0.719,industrial,Ambuja Cements Limited,0.551,found,UNKNOWN,False,UNKNOWN,,"Sentinel-2 observation available but obscured by cloud cover (best: 69.1%, threshold: 30.0%)"
260,Unknown / Insufficient Evidence,0.0,"Unknown / Insufficient Evidence
Supporting evidence:
- insufficient or conflicting physical & contextual evidence
- land-cover context is UNKNOWN
- satellite observation unavailable/obscured",1,isolated,305.89,16.69,0.52,INSUFFICIENT_DATA,0.0,industrial,Jaypee Cements,0.175,found,UNKNOWN,False,UNKNOWN,,"Sentinel-2 observation available but obscured by cloud cover (best: 69.1%, threshold: 30.0%)"
261,Unknown / Insufficient Evidence,0.0,"Unknown / Insufficient Evidence
Supporting evidence:
- insufficient or conflicting physical & contextual evidence
- land-cover context is UNKNOWN
- satellite observation unavailable/obscured",1,isolated,305.18,14.27,0.81,INSUFFICIENT_DATA,0.0,industrial,Gagal Cement Works,0.213,found,UNKNOWN,False,UNKNOWN,,"Sentinel-2 observation available but obscured by cloud cover (best: 69.1%, threshold: 30.0%)"
262,Unknown / Insufficient Evidence,0.0,"Unknown / Insufficient Evidence
Supporting evidence:
- insufficient or conflicting physical & contextual evidence
- land-cover context is UNKNOWN
- satellite observation unavailable/obscured",1,isolated,306.22,23.85,0.97,INSUFFICIENT_DATA,0.0,works,Birla Cement,0.399,found,UNKNOWN,False,UNKNOWN,,"Sentinel-2 observation available but obscured by cloud cover (best: 71.7%, threshold: 30.0%)"
263,Unknown / Insufficient Evidence,0.0,"Unknown / Insufficient Evidence
Supporting evidence:
- insufficient or conflicting physical & contextual evidence
- OSM industrial context is UNKNOWN
- land-cover context is UNKNOWN
- satellite observation unavailable/obscured",1,isolated,311.64,20.39,1.45,INSUFFICIENT_DATA,0.0,none,none,inf,not_found,UNKNOWN,False,UNKNOWN,,"Sentinel-2 observation available but obscured by cloud cover (best: 89.8%, threshold: 30.0%)"
264,Industrial-context thermal event,1.0,"Industrial-context thermal event
Supporting evidence:
- activity is persistent (active_days=10)
- activity is spatially stationary (displacement=0.09 km)
- high spectral brightness temperature contrast (bt_diff=57.8 K)
- industrial facility detected nearby (refinery at 1.75 km)
- land-cover context is UNKNOWN",10,persistent,355.4,57.83,19.74,STATIONARY,0.093,refinery,Barmer Refinery,1.755,found,UNKNOWN,True,SeaLake,0.297,Satellite CNN prediction: SeaLake (confidence: 0.30)
265,Agricultural-context thermal event,0.55,"Agricultural-context thermal event
Supporting evidence:
- short-lived transient activity (active_days=2)
- minor localized plot displacement
- OSM industrial context is UNKNOWN
- land-cover context is UNKNOWN
- satellite observation unavailable/obscured",2,short_lived_repeated,308.1,17.4,1.39,STATIONARY,0.213,none,none,inf,not_found,UNKNOWN,False,UNKNOWN,,"Sentinel-2 observation available but obscured by cloud cover (best: 92.4%, threshold: 30.0%)"
266,Industrial-context thermal event,0.65,"Industrial-context thermal event
Supporting evidence:
- activity is recurring (active_days=2)
- activity is spatially stationary (displacement=0.21 km)
- industrial facility detected nearby (industrial at 0.18 km)
- land-cover context is UNKNOWN
- satellite observation unavailable/obscured",2,short_lived_repeated,305.32,14.13,1.83,STATIONARY,0.209,industrial,none,0.18,found,UNKNOWN,False,UNKNOWN,,"Sentinel-2 observation available but obscured by cloud cover (best: 95.3%, threshold: 30.0%)"
267,Unknown / Insufficient Evidence,0.0,"Unknown / Insufficient Evidence
Supporting evidence:
- insufficient or conflicting physical & contextual evidence
- OSM industrial context is UNKNOWN
- land-cover context is UNKNOWN
- satellite observation unavailable/obscured",1,isolated,306.28,18.23,1.69,INSUFFICIENT_DATA,0.0,none,none,inf,not_found,UNKNOWN,False,UNKNOWN,,"Sentinel-2 observation available but obscured by cloud cover (best: 95.3%, threshold: 30.0%)"
268,Unknown / Insufficient Evidence,0.0,"Unknown / Insufficient Evidence
Supporting evidence:
- insufficient or conflicting physical & contextual evidence
- land-cover context is UNKNOWN
- satellite observation unavailable/obscured",1,isolated,301.76,17.8,0.83,INSUFFICIENT_DATA,0.0,industrial,none,0.358,found,UNKNOWN,False,UNKNOWN,,"Sentinel-2 observation available but obscured by cloud cover (best: 64.2%, threshold: 30.0%)"
269,Unknown / Insufficient Evidence,0.0,"Unknown / Insufficient Evidence
Supporting evidence:
- insufficient or conflicting physical & contextual evidence
- land-cover context is UNKNOWN
- satellite observation unavailable/obscured",1,isolated,310.07,31.54,1.6,INSUFFICIENT_DATA,0.0,industrial,Shatavahana Kudatini Steels,0.151,found,UNKNOWN,False,UNKNOWN,,"Sentinel-2 observation available but obscured by cloud cover (best: 64.2%, threshold: 30.0%)"
270,Unknown / Insufficient Evidence,0.0,"Unknown / Insufficient Evidence
Supporting evidence:
- insufficient or conflicting physical & contextual evidence
- OSM industrial context is UNKNOWN
- land-cover context is UNKNOWN
- satellite observation unavailable/obscured",1,isolated,303.76,23.36,1.09,INSUFFICIENT_DATA,0.0,none,none,inf,not_found,UNKNOWN,False,UNKNOWN,,"Sentinel-2 observation available but obscured by cloud cover (best: 71.7%, threshold: 30.0%)"
271,Agricultural-context thermal event,0.55,"Agricultural-context thermal event
Supporting evidence:
- short-lived transient activity (active_days=1)
- moderate thermal power typical of crop burning (max_frp=6.9 MW)
- OSM industrial context is UNKNOWN
- land-cover context is UNKNOWN
- satellite observation unavailable/obscured",1,isolated,341.06,44.5,6.92,INSUFFICIENT_DATA,0.0,none,none,inf,not_found,UNKNOWN,False,UNKNOWN,,"Sentinel-2 observation available but obscured by cloud cover (best: 59.0%, threshold: 30.0%)"
272,Industrial-context thermal event,0.85,"Industrial-context thermal event
Supporting evidence:
- activity is recurring (active_days=2)
- activity is spatially stationary (displacement=0.29 km)
- high spectral brightness temperature contrast (bt_diff=38.2 K)
- industrial facility detected nearby (industrial at 0.38 km)
- land-cover context is UNKNOWN
- satellite observation unavailable/obscured",2,short_lived_repeated,333.34,38.18,3.82,STATIONARY,0.292,industrial,none,0.384,found,UNKNOWN,False,UNKNOWN,,"Sentinel-2 observation available but obscured by cloud cover (best: 59.5%, threshold: 30.0%)"
273,Forest/Natural-context thermal event,0.55,"Forest/Natural-context thermal event
Supporting evidence:
- active spatial displacement observed (movement=0.87 km)
- multi-day active fire duration
- OSM industrial context is UNKNOWN
- land-cover context is UNKNOWN
- satellite observation unavailable/obscured",2,short_lived_repeated,336.67,38.34,4.63,MOVING,0.873,none,none,inf,not_found,UNKNOWN,False,UNKNOWN,,"Sentinel-2 observation available but obscured by cloud cover (best: 82.2%, threshold: 30.0%)"
274,Agricultural-context thermal event,0.55,"Agricultural-context thermal event
Supporting evidence:
- short-lived transient activity (active_days=1)
- moderate thermal power typical of crop burning (max_frp=5.9 MW)
- OSM industrial context is UNKNOWN
- land-cover context is UNKNOWN
- satellite observation unavailable/obscured",1,isolated,337.8,39.6,5.87,INSUFFICIENT_DATA,0.0,none,none,inf,not_found,UNKNOWN,False,UNKNOWN,,"Sentinel-2 observation available but obscured by cloud cover (best: 74.3%, threshold: 30.0%)"
275,Agricultural-context thermal event,0.55,"Agricultural-context thermal event
Supporting evidence:
- short-lived transient activity (active_days=1)
- moderate thermal power typical of crop burning (max_frp=5.5 MW)
- OSM industrial context is UNKNOWN
- land-cover context is UNKNOWN
- satellite observation unavailable/obscured",1,isolated,297.37,11.12,5.52,INSUFFICIENT_DATA,0.0,none,none,inf,not_found,UNKNOWN,False,UNKNOWN,,"Sentinel-2 observation available but obscured by cloud cover (best: 44.0%, threshold: 30.0%)"
276,Agricultural-context thermal event,0.55,"Agricultural-context thermal event
Supporting evidence:
- short-lived transient activity (active_days=1)
- satellite CNN visual context is AnnualCrop (model confidence=0.62)
- OSM industrial context is UNKNOWN
- land-cover context is UNKNOWN",1,isolated,319.72,31.73,4.74,INSUFFICIENT_DATA,0.0,none,none,inf,not_found,UNKNOWN,True,AnnualCrop,0.6175,Satellite CNN prediction: AnnualCrop (confidence: 0.62)
277,Unknown / Insufficient Evidence,0.0,"Unknown / Insufficient Evidence
Supporting evidence:
- insufficient or conflicting physical & contextual evidence
- land-cover context is UNKNOWN
- satellite observation unavailable/obscured",1,isolated,305.7,16.67,1.9,INSUFFICIENT_DATA,0.0,industrial,none,1.823,found,UNKNOWN,False,UNKNOWN,,"Sentinel-2 observation available but obscured by cloud cover (best: 38.3%, threshold: 30.0%)"
278,Unknown / Insufficient Evidence,0.0,"Unknown / Insufficient Evidence
Supporting evidence:
- insufficient or conflicting physical & contextual evidence
- land-cover context is UNKNOWN
- satellite observation unavailable/obscured",4,short_lived_repeated,331.36,34.24,8.44,MOVING,0.864,industrial,none,0.383,found,UNKNOWN,False,UNKNOWN,,"Sentinel-2 observation available but obscured by cloud cover (best: 45.2%, threshold: 30.0%)"
279,Industrial-context thermal event,0.65,"Industrial-context thermal event
Supporting evidence:
- activity is recurring (active_days=2)
- activity is spatially stationary (displacement=0.24 km)
- industrial facility detected nearby (industrial at 0.69 km)
- land-cover context is UNKNOWN
- satellite observation unavailable/obscured",2,short_lived_repeated,306.14,16.51,2.39,STATIONARY,0.244,industrial,none,0.689,found,UNKNOWN,False,UNKNOWN,,"Sentinel-2 observation available but obscured by cloud cover (best: 42.9%, threshold: 30.0%)"
280,Industrial-context thermal event,0.65,"Industrial-context thermal event
Supporting evidence:
- activity is recurring (active_days=2)
- activity is spatially stationary (displacement=0.16 km)
- industrial facility detected nearby (refinery at 1.03 km)
- land-cover context is UNKNOWN",2,short_lived_repeated,308.26,16.08,2.35,STATIONARY,0.157,refinery,Barauni Oil Refinery,1.03,found,UNKNOWN,True,SeaLake,0.3574,Satellite CNN prediction: SeaLake (confidence: 0.36)
281,Industrial-context thermal event,0.65,"Industrial-context thermal event
Supporting evidence:
- activity is recurring (active_days=3)
- activity is spatially stationary (displacement=0.18 km)
- industrial facility detected nearby (brickyard at 1.91 km)
- land-cover context is UNKNOWN
- satellite observation unavailable/obscured",3,short_lived_repeated,314.86,25.38,5.27,STATIONARY,0.178,brickyard,none,1.907,found,UNKNOWN,False,UNKNOWN,,"Sentinel-2 observation available but obscured by cloud cover (best: 38.3%, threshold: 30.0%)"
282,Industrial-context thermal event,0.65,"Industrial-context thermal event
Supporting evidence:
- activity is recurring (active_days=2)
- activity is spatially stationary (displacement=0.17 km)
- industrial facility detected nearby (works at 0.16 km)
- land-cover context is UNKNOWN
- satellite observation unavailable/obscured",2,short_lived_repeated,306.56,17.97,3.92,STATIONARY,0.168,works,none,0.156,found,UNKNOWN,False,UNKNOWN,,"Sentinel-2 observation available but obscured by cloud cover (best: 45.2%, threshold: 30.0%)"
283,Unknown / Insufficient Evidence,0.0,"Unknown / Insufficient Evidence
Supporting evidence:
- insufficient or conflicting physical & contextual evidence
- land-cover context is UNKNOWN
- satellite observation unavailable/obscured",13,persistent,336.48,44.92,9.38,MOVING,3.913,cooling,none,0.593,found,UNKNOWN,False,UNKNOWN,,"Sentinel-2 observation available but obscured by cloud cover (best: 35.6%, threshold: 30.0%)"
284,Unknown / Insufficient Evidence,0.0,"Unknown / Insufficient Evidence
Supporting evidence:
- insufficient or conflicting physical & contextual evidence
- land-cover context is UNKNOWN
- satellite observation unavailable/obscured",13,persistent,339.27,41.18,9.99,MOVING,1.821,industrial,none,1.919,found,UNKNOWN,False,UNKNOWN,,"Sentinel-2 observation available but obscured by cloud cover (best: 42.9%, threshold: 30.0%)"
285,Industrial-context thermal event,0.75,"Industrial-context thermal event
Supporting evidence:
- activity is persistent (active_days=7)
- activity is spatially stationary (displacement=0.04 km)
- high spectral brightness temperature contrast (bt_diff=41.6 K)
- OSM industrial context is UNKNOWN
- land-cover context is UNKNOWN
- satellite observation unavailable/obscured",7,persistent,333.56,41.59,6.79,STATIONARY,0.044,none,none,inf,not_found,UNKNOWN,False,UNKNOWN,,"Sentinel-2 observation available but obscured by cloud cover (best: 42.9%, threshold: 30.0%)"
286,Industrial-context thermal event,0.8,"Industrial-context thermal event
Supporting evidence:
- activity is persistent (active_days=4)
- activity is spatially stationary (displacement=0.25 km)
- industrial facility detected nearby (mine at 1.21 km)
- land-cover context is UNKNOWN
- satellite observation unavailable/obscured",4,short_lived_repeated,311.33,18.8,2.57,STATIONARY,0.251,mine,Rajmahal Coal Mine,1.212,found,UNKNOWN,False,UNKNOWN,,"Sentinel-2 observation available but obscured by cloud cover (best: 76.1%, threshold: 30.0%)"
287,Agricultural-context thermal event,0.55,"Agricultural-context thermal event
Supporting evidence:
- short-lived transient activity (active_days=2)
- minor localized plot displacement
- OSM industrial context is UNKNOWN
- land-cover context is UNKNOWN
- satellite observation unavailable/obscured",2,short_lived_repeated,312.09,25.05,1.61,STATIONARY,0.107,none,none,inf,not_found,UNKNOWN,False,UNKNOWN,,"Sentinel-2 observation available but obscured by cloud cover (best: 88.8%, threshold: 30.0%)"
288,Unknown / Insufficient Evidence,0.0,"Unknown / Insufficient Evidence
Supporting evidence:
- insufficient or conflicting physical & contextual evidence
- OSM industrial context is UNKNOWN
- land-cover context is UNKNOWN
- satellite observation unavailable/obscured",1,isolated,299.17,34.14,0.35,INSUFFICIENT_DATA,0.0,none,none,inf,not_found,UNKNOWN,False,UNKNOWN,,"Sentinel-2 observation available but obscured by cloud cover (best: 81.5%, threshold: 30.0%)"
289,Unknown / Insufficient Evidence,0.0,"Unknown / Insufficient Evidence
Supporting evidence:
- insufficient or conflicting physical & contextual evidence
- land-cover context is UNKNOWN
- satellite observation unavailable/obscured",1,isolated,304.96,12.74,1.05,INSUFFICIENT_DATA,0.0,industrial,none,0.197,found,UNKNOWN,False,UNKNOWN,,"Sentinel-2 observation available but obscured by cloud cover (best: 65.1%, threshold: 30.0%)"
290,Unknown / Insufficient Evidence,0.0,"Unknown / Insufficient Evidence
Supporting evidence:
- insufficient or conflicting physical & contextual evidence
- land-cover context is UNKNOWN
- satellite observation unavailable/obscured",1,isolated,308.43,20.53,1.16,INSUFFICIENT_DATA,0.0,industrial,none,0.245,found,UNKNOWN,False,UNKNOWN,,"Sentinel-2 observation available but obscured by cloud cover (best: 81.4%, threshold: 30.0%)"
291,Industrial-context thermal event,0.45,"Industrial-context thermal event
Supporting evidence:
- high spectral brightness temperature contrast (bt_diff=48.8 K)
- industrial facility detected nearby (industrial at 1.50 km)
- land-cover context is UNKNOWN
- satellite observation unavailable/obscured",1,isolated,338.06,48.79,5.79,INSUFFICIENT_DATA,0.0,industrial,none,1.503,found,UNKNOWN,False,UNKNOWN,,"Sentinel-2 observation available but obscured by cloud cover (best: 81.4%, threshold: 30.0%)"
292,Agricultural-context thermal event,0.55,"Agricultural-context thermal event
Supporting evidence:
- short-lived transient activity (active_days=1)
- moderate thermal power typical of crop burning (max_frp=8.0 MW)
- OSM industrial context is UNKNOWN
- land-cover context is UNKNOWN",1,isolated,330.46,26.21,7.99,INSUFFICIENT_DATA,0.0,none,none,inf,not_found,UNKNOWN,True,SeaLake,0.4948,Satellite CNN prediction: SeaLake (confidence: 0.49)
293,Unknown / Insufficient Evidence,0.0,"Unknown / Insufficient Evidence
Supporting evidence:
- insufficient or conflicting physical & contextual evidence
- OSM industrial context is UNKNOWN
- land-cover context is UNKNOWN",1,isolated,335.98,48.77,2.48,INSUFFICIENT_DATA,0.0,none,none,inf,not_found,UNKNOWN,True,SeaLake,0.9714,Satellite CNN prediction: SeaLake (confidence: 0.97)
294,Agricultural-context thermal event,0.55,"Agricultural-context thermal event
Supporting evidence:
- short-lived transient activity (active_days=1)
- moderate thermal power typical of crop burning (max_frp=6.7 MW)
- OSM industrial context is UNKNOWN
- land-cover context is UNKNOWN",1,isolated,367.0,76.98,6.73,INSUFFICIENT_DATA,0.0,none,none,inf,not_found,UNKNOWN,True,SeaLake,0.9633,Satellite CNN prediction: SeaLake (confidence: 0.96)
295,Industrial-context thermal event,0.45,"Industrial-context thermal event
Supporting evidence:
- high spectral brightness temperature contrast (bt_diff=49.1 K)
- industrial facility detected nearby (industrial at 1.50 km)
- land-cover context is UNKNOWN",1,isolated,340.05,49.06,6.1,INSUFFICIENT_DATA,0.0,industrial,none,1.503,found,UNKNOWN,True,Forest,0.261,Satellite CNN prediction: Forest (confidence: 0.26)
296,Unknown / Insufficient Evidence,0.0,"Unknown / Insufficient Evidence
Supporting evidence:
- insufficient or conflicting physical & contextual evidence
- OSM industrial context is UNKNOWN
- land-cover context is UNKNOWN",1,isolated,330.31,43.41,3.77,INSUFFICIENT_DATA,0.0,none,none,inf,not_found,UNKNOWN,True,HerbaceousVegetation,0.8842,Satellite CNN prediction: HerbaceousVegetation (confidence: 0.88)
297,Industrial-context thermal event,0.75,"Industrial-context thermal event
Supporting evidence:
- activity is persistent (active_days=6)
- activity is spatially stationary (displacement=0.30 km)
- high spectral brightness temperature contrast (bt_diff=36.5 K)
- OSM industrial context is UNKNOWN
- land-cover context is UNKNOWN
- satellite observation unavailable/obscured",6,persistent,334.95,36.52,13.01,STATIONARY,0.302,none,none,inf,not_found,UNKNOWN,False,UNKNOWN,,"Sentinel-2 observation available but obscured by cloud cover (best: 42.9%, threshold: 30.0%)"
298,Industrial-context thermal event,0.5,"Industrial-context thermal event
Supporting evidence:
- activity is persistent (active_days=6)
- high spectral brightness temperature contrast (bt_diff=50.9 K)
- OSM industrial context is UNKNOWN
- land-cover context is UNKNOWN
- satellite observation unavailable/obscured",6,persistent,346.75,50.93,8.25,MOVING,0.831,none,none,inf,not_found,UNKNOWN,False,UNKNOWN,,"Sentinel-2 observation available but obscured by cloud cover (best: 42.9%, threshold: 30.0%)"
299,Agricultural-context thermal event,0.55,"Agricultural-context thermal event
Supporting evidence:
- short-lived transient activity (active_days=1)
- moderate thermal power typical of crop burning (max_frp=6.2 MW)
- OSM industrial context is UNKNOWN
- land-cover context is UNKNOWN",1,isolated,337.4,39.37,6.19,INSUFFICIENT_DATA,0.0,none,none,inf,not_found,UNKNOWN,True,SeaLake,0.9986,Satellite CNN prediction: SeaLake (confidence: 1.00)
300,Industrial-context thermal event,0.45,"Industrial-context thermal event
Supporting evidence:
- high spectral brightness temperature contrast (bt_diff=53.1 K)
- industrial facility detected nearby (industrial at 0.41 km)
- land-cover context is UNKNOWN",1,isolated,346.37,53.09,20.04,INSUFFICIENT_DATA,0.0,industrial,none,0.41,found,UNKNOWN,True,AnnualCrop,0.471,Satellite CNN prediction: AnnualCrop (confidence: 0.47)
301,Unknown / Insufficient Evidence,0.0,"Unknown / Insufficient Evidence
Supporting evidence:
- insufficient or conflicting physical & contextual evidence
- OSM industrial context is UNKNOWN
- land-cover context is UNKNOWN
- satellite observation unavailable/obscured",1,isolated,346.63,52.78,4.95,INSUFFICIENT_DATA,0.0,none,none,inf,not_found,UNKNOWN,False,UNKNOWN,,"Sentinel-2 observation available but obscured by cloud cover (best: 93.4%, threshold: 30.0%)"
302,Unknown / Insufficient Evidence,0.0,"Unknown / Insufficient Evidence
Supporting evidence:
- insufficient or conflicting physical & contextual evidence
- land-cover context is UNKNOWN
- satellite observation unavailable/obscured",1,isolated,300.33,17.45,2.4,INSUFFICIENT_DATA,0.0,brickyard,none,0.827,found,UNKNOWN,False,UNKNOWN,,"Sentinel-2 observation available but obscured by cloud cover (best: 45.8%, threshold: 30.0%)"
303,Forest/Natural-context thermal event,0.55,"Forest/Natural-context thermal event
Supporting evidence:
- active spatial displacement observed (movement=0.99 km)
- multi-day active fire duration
- OSM industrial context is UNKNOWN
- land-cover context is UNKNOWN
- satellite observation unavailable/obscured",3,short_lived_repeated,308.24,18.24,4.56,MOVING,0.987,none,none,inf,not_found,UNKNOWN,False,UNKNOWN,,"Sentinel-2 observation available but obscured by cloud cover (best: 42.9%, threshold: 30.0%)"
304,Unknown / Insufficient Evidence,0.0,"Unknown / Insufficient Evidence
Supporting evidence:
- insufficient or conflicting physical & contextual evidence
- land-cover context is UNKNOWN
- satellite observation unavailable/obscured",12,persistent,342.4,46.15,7.07,MOVING,1.018,mine,none,1.629,found,UNKNOWN,False,UNKNOWN,,"Sentinel-2 observation available but obscured by cloud cover (best: 42.9%, threshold: 30.0%)"
305,Industrial-context thermal event,0.75,"Industrial-context thermal event
Supporting evidence:
- activity is persistent (active_days=4)
- activity is spatially stationary (displacement=0.18 km)
- high spectral brightness temperature contrast (bt_diff=36.1 K)
- OSM industrial context is UNKNOWN
- land-cover context is UNKNOWN
- satellite observation unavailable/obscured",4,short_lived_repeated,328.01,36.14,4.41,STATIONARY,0.18,none,none,inf,not_found,UNKNOWN,False,UNKNOWN,,"Sentinel-2 observation available but obscured by cloud cover (best: 42.9%, threshold: 30.0%)"
306,Unknown / Insufficient Evidence,0.0,"Unknown / Insufficient Evidence
Supporting evidence:
- insufficient or conflicting physical & contextual evidence
- land-cover context is UNKNOWN
- satellite observation unavailable/obscured",1,isolated,299.81,13.33,1.57,INSUFFICIENT_DATA,0.0,industrial,none,1.732,found,UNKNOWN,False,UNKNOWN,,"Sentinel-2 observation available but obscured by cloud cover (best: 35.6%, threshold: 30.0%)"
307,Industrial-context thermal event,0.85,"Industrial-context thermal event
Supporting evidence:
- activity is recurring (active_days=3)
- activity is spatially stationary (displacement=0.32 km)
- high spectral brightness temperature contrast (bt_diff=46.9 K)
- industrial facility detected nearby (mine at 1.38 km)
- land-cover context is UNKNOWN
- satellite observation unavailable/obscured",3,short_lived_repeated,342.22,46.88,8.41,STATIONARY,0.322,mine,none,1.378,found,UNKNOWN,False,UNKNOWN,,"Sentinel-2 observation available but obscured by cloud cover (best: 42.9%, threshold: 30.0%)"
308,Unknown / Insufficient Evidence,0.0,"Unknown / Insufficient Evidence
Supporting evidence:
- insufficient or conflicting physical & contextual evidence
- OSM industrial context is UNKNOWN
- land-cover context is UNKNOWN
- satellite observation unavailable/obscured",1,isolated,308.5,22.08,0.95,INSUFFICIENT_DATA,0.0,none,none,inf,not_found,UNKNOWN,False,UNKNOWN,,"Sentinel-2 observation available but obscured by cloud cover (best: 42.9%, threshold: 30.0%)"
309,Unknown / Insufficient Evidence,0.0,"Unknown / Insufficient Evidence
Supporting evidence:
- insufficient or conflicting physical & contextual evidence
- land-cover context is UNKNOWN",1,isolated,310.36,18.8,2.43,INSUFFICIENT_DATA,0.0,industrial,none,1.809,found,UNKNOWN,True,SeaLake,0.4344,Satellite CNN prediction: SeaLake (confidence: 0.43)
310,Unknown / Insufficient Evidence,0.0,"Unknown / Insufficient Evidence
Supporting evidence:
- insufficient or conflicting physical & contextual evidence
- land-cover context is UNKNOWN",1,isolated,305.61,15.13,1.97,INSUFFICIENT_DATA,0.0,plant,none,0.221,found,UNKNOWN,True,HerbaceousVegetation,0.9651,Satellite CNN prediction: HerbaceousVegetation (confidence: 0.97)
311,Unknown / Insufficient Evidence,0.0,"Unknown / Insufficient Evidence
Supporting evidence:
- insufficient or conflicting physical & contextual evidence
- land-cover context is UNKNOWN
- satellite observation unavailable/obscured",1,isolated,311.54,20.25,2.16,INSUFFICIENT_DATA,0.0,brickyard,none,1.271,found,UNKNOWN,False,UNKNOWN,,"Sentinel-2 observation available but obscured by cloud cover (best: 53.7%, threshold: 30.0%)"
312,Agricultural-context thermal event,0.55,"Agricultural-context thermal event
Supporting evidence:
- short-lived transient activity (active_days=2)
- minor localized plot displacement
- OSM industrial context is UNKNOWN
- land-cover context is UNKNOWN
- satellite observation unavailable/obscured",2,short_lived_repeated,311.93,20.76,1.72,STATIONARY,0.171,none,none,inf,not_found,UNKNOWN,False,UNKNOWN,,"Sentinel-2 observation available but obscured by cloud cover (best: 53.7%, threshold: 30.0%)"
313,Unknown / Insufficient Evidence,0.0,"Unknown / Insufficient Evidence
Supporting evidence:
- insufficient or conflicting physical & contextual evidence
- OSM industrial context is UNKNOWN
- land-cover context is UNKNOWN
- satellite observation unavailable/obscured",1,isolated,302.72,11.56,1.07,INSUFFICIENT_DATA,0.0,none,none,inf,not_found,UNKNOWN,False,UNKNOWN,,"Sentinel-2 observation available but obscured by cloud cover (best: 53.7%, threshold: 30.0%)"
314,Agricultural-context thermal event,0.55,"Agricultural-context thermal event
Supporting evidence:
- short-lived transient activity (active_days=2)
- minor localized plot displacement
- OSM industrial context is UNKNOWN
- land-cover context is UNKNOWN
- satellite observation unavailable/obscured",2,short_lived_repeated,308.27,18.09,3.24,STATIONARY,0.293,none,none,inf,not_found,UNKNOWN,False,UNKNOWN,,"Sentinel-2 observation available but obscured by cloud cover (best: 42.9%, threshold: 30.0%)"
315,Industrial-context thermal event,0.55,"Industrial-context thermal event
Supporting evidence:
- activity is persistent (active_days=4)
- activity is spatially stationary (displacement=0.18 km)
- OSM industrial context is UNKNOWN
- land-cover context is UNKNOWN
- satellite observation unavailable/obscured",4,short_lived_repeated,307.83,16.44,1.72,STATIONARY,0.181,none,none,inf,not_found,UNKNOWN,False,UNKNOWN,,"Sentinel-2 observation available but obscured by cloud cover (best: 56.5%, threshold: 30.0%)"
316,Unknown / Insufficient Evidence,0.0,"Unknown / Insufficient Evidence
Supporting evidence:
- insufficient or conflicting physical & contextual evidence
- land-cover context is UNKNOWN
- satellite observation unavailable/obscured",1,isolated,295.89,27.43,0.81,INSUFFICIENT_DATA,0.0,works,Field WorkShop,1.045,found,UNKNOWN,False,UNKNOWN,,"Sentinel-2 observation available but obscured by cloud cover (best: 56.5%, threshold: 30.0%)"
317,Industrial-context thermal event,0.4,"Industrial-context thermal event
Supporting evidence:
- activity is recurring (active_days=3)
- activity is spatially stationary (displacement=0.33 km)
- OSM industrial context is UNKNOWN
- land-cover context is UNKNOWN
- satellite observation unavailable/obscured",3,short_lived_repeated,312.24,19.88,2.82,STATIONARY,0.33,none,none,inf,not_found,UNKNOWN,False,UNKNOWN,,"Sentinel-2 observation available but obscured by cloud cover (best: 76.1%, threshold: 30.0%)"
318,Agricultural-context thermal event,0.55,"Agricultural-context thermal event
Supporting evidence:
- short-lived transient activity (active_days=2)
- minor localized plot displacement
- OSM industrial context is UNKNOWN
- land-cover context is UNKNOWN",2,short_lived_repeated,307.83,20.11,3.06,STATIONARY,0.242,none,none,inf,not_found,UNKNOWN,True,SeaLake,0.4729,Satellite CNN prediction: SeaLake (confidence: 0.47)
319,Industrial-context thermal event,0.8,"Industrial-context thermal event
Supporting evidence:
- activity is persistent (active_days=6)
- activity is spatially stationary (displacement=0.34 km)
- industrial facility detected nearby (industrial at 1.16 km)
- land-cover context is UNKNOWN
- satellite observation unavailable/obscured",6,persistent,319.52,28.19,6.27,STATIONARY,0.341,industrial,none,1.164,found,UNKNOWN,False,UNKNOWN,,"Sentinel-2 observation available but obscured by cloud cover (best: 90.9%, threshold: 30.0%)"
320,Industrial-context thermal event,0.65,"Industrial-context thermal event
Supporting evidence:
- activity is recurring (active_days=2)
- activity is spatially stationary (displacement=0.43 km)
- industrial facility detected nearby (refinery at 0.66 km)
- land-cover context is UNKNOWN
- satellite observation unavailable/obscured",2,short_lived_repeated,313.9,34.28,1.8,STATIONARY,0.435,refinery,Panipat Refinery,0.659,found,UNKNOWN,False,UNKNOWN,,"Sentinel-2 observation available but obscured by cloud cover (best: 77.7%, threshold: 30.0%)"
321,Industrial-context thermal event,0.65,"Industrial-context thermal event
Supporting evidence:
- activity is recurring (active_days=3)
- activity is spatially stationary (displacement=0.45 km)
- industrial facility detected nearby (industrial at 0.89 km)
- land-cover context is UNKNOWN
- satellite observation unavailable/obscured",3,short_lived_repeated,315.77,23.78,3.46,STATIONARY,0.454,industrial,JSW Ispat Steel Plant,0.887,found,UNKNOWN,False,UNKNOWN,,"Sentinel-2 observation available but obscured by cloud cover (best: 55.0%, threshold: 30.0%)"
322,Industrial-context thermal event,0.45,"Industrial-context thermal event
Supporting evidence:
- high spectral brightness temperature contrast (bt_diff=45.0 K)
- industrial facility detected nearby (factory at 0.38 km)
- land-cover context is UNKNOWN
- satellite observation unavailable/obscured",1,isolated,337.22,44.96,4.71,INSUFFICIENT_DATA,0.0,factory,Century Pulp And Paper Mill,0.376,found,UNKNOWN,False,UNKNOWN,,"Sentinel-2 observation available but obscured by cloud cover (best: 38.5%, threshold: 30.0%)"
323,Agricultural-context thermal event,0.55,"Agricultural-context thermal event
Supporting evidence:
- short-lived transient activity (active_days=1)
- moderate thermal power typical of crop burning (max_frp=6.3 MW)
- OSM industrial context is UNKNOWN
- land-cover context is UNKNOWN",1,isolated,340.7,48.02,6.34,INSUFFICIENT_DATA,0.0,none,none,inf,not_found,UNKNOWN,True,SeaLake,0.9987,Satellite CNN prediction: SeaLake (confidence: 1.00)
324,Agricultural-context thermal event,0.75,"Agricultural-context thermal event
Supporting evidence:
- short-lived transient activity (active_days=1)
- moderate thermal power typical of crop burning (max_frp=5.8 MW)
- satellite CNN visual context is AnnualCrop (model confidence=0.80)
- OSM industrial context is UNKNOWN
- land-cover context is UNKNOWN",1,isolated,342.2,44.69,5.81,INSUFFICIENT_DATA,0.0,none,none,inf,not_found,UNKNOWN,True,AnnualCrop,0.7959,Satellite CNN prediction: AnnualCrop (confidence: 0.80)
325,Agricultural-context thermal event,0.55,"Agricultural-context thermal event
Supporting evidence:
- short-lived transient activity (active_days=1)
- moderate thermal power typical of crop burning (max_frp=5.2 MW)
- OSM industrial context is UNKNOWN
- land-cover context is UNKNOWN",1,isolated,336.02,35.72,5.2,INSUFFICIENT_DATA,0.0,none,none,inf,not_found,UNKNOWN,True,SeaLake,0.8683,Satellite CNN prediction: SeaLake (confidence: 0.87)
326,Unknown / Insufficient Evidence,0.0,"Unknown / Insufficient Evidence
Supporting evidence:
- insufficient or conflicting physical & contextual evidence
- OSM industrial context is UNKNOWN
- land-cover context is UNKNOWN
- satellite observation unavailable/obscured",1,isolated,330.57,43.74,3.71,INSUFFICIENT_DATA,0.0,none,none,inf,not_found,UNKNOWN,False,UNKNOWN,,"Sentinel-2 observation available but obscured by cloud cover (best: 71.4%, threshold: 30.0%)"
327,Unknown / Insufficient Evidence,0.0,"Unknown / Insufficient Evidence
Supporting evidence:
- insufficient or conflicting physical & contextual evidence
- OSM industrial context is UNKNOWN
- land-cover context is UNKNOWN
- satellite observation unavailable/obscured",1,isolated,340.03,44.43,4.38,INSUFFICIENT_DATA,0.0,none,none,inf,not_found,UNKNOWN,False,UNKNOWN,,"Sentinel-2 observation available but obscured by cloud cover (best: 58.6%, threshold: 30.0%)"
328,Agricultural-context thermal event,0.55,"Agricultural-context thermal event
Supporting evidence:
- short-lived transient activity (active_days=1)
- moderate thermal power typical of crop burning (max_frp=5.3 MW)
- OSM industrial context is UNKNOWN
- land-cover context is UNKNOWN",1,isolated,338.07,48.06,5.33,INSUFFICIENT_DATA,0.0,none,none,inf,not_found,UNKNOWN,True,SeaLake,0.9041,Satellite CNN prediction: SeaLake (confidence: 0.90)
329,Agricultural-context thermal event,0.4,"Agricultural-context thermal event
Supporting evidence:
- short-lived transient activity (active_days=1)
- satellite CNN visual context is Pasture (model confidence=0.96)
- land-cover context is UNKNOWN",1,isolated,330.41,33.12,2.95,INSUFFICIENT_DATA,0.0,industrial,none,1.722,found,UNKNOWN,True,Pasture,0.9573,Satellite CNN prediction: Pasture (confidence: 0.96)
330,Unknown / Insufficient Evidence,0.0,"Unknown / Insufficient Evidence
Supporting evidence:
- insufficient or conflicting physical & contextual evidence
- OSM industrial context is UNKNOWN
- land-cover context is UNKNOWN",1,isolated,334.67,35.53,4.18,INSUFFICIENT_DATA,0.0,none,none,inf,not_found,UNKNOWN,True,SeaLake,0.9994,Satellite CNN prediction: SeaLake (confidence: 1.00)
331,Industrial-context thermal event,0.55,"Industrial-context thermal event
Supporting evidence:
- activity is persistent (active_days=5)
- activity is spatially stationary (displacement=0.15 km)
- OSM industrial context is UNKNOWN
- land-cover context is UNKNOWN",5,persistent,311.28,22.46,3.86,STATIONARY,0.154,none,none,inf,not_found,UNKNOWN,True,AnnualCrop,0.3122,Satellite CNN prediction: AnnualCrop (confidence: 0.31)
332,Unknown / Insufficient Evidence,0.0,"Unknown / Insufficient Evidence
Supporting evidence:
- insufficient or conflicting physical & contextual evidence
- land-cover context is UNKNOWN
- satellite observation unavailable/obscured",1,isolated,308.01,24.53,2.41,INSUFFICIENT_DATA,0.0,plant,none,0.412,found,UNKNOWN,False,UNKNOWN,,"Sentinel-2 observation available but obscured by cloud cover (best: 99.1%, threshold: 30.0%)"
333,Agricultural-context thermal event,0.55,"Agricultural-context thermal event
Supporting evidence:
- short-lived transient activity (active_days=2)
- minor localized plot displacement
- OSM industrial context is UNKNOWN
- land-cover context is UNKNOWN
- satellite observation unavailable/obscured",2,short_lived_repeated,305.85,17.59,0.95,STATIONARY,0.281,none,none,inf,not_found,UNKNOWN,False,UNKNOWN,,"Sentinel-2 observation available but obscured by cloud cover (best: 52.6%, threshold: 30.0%)"
334,Unknown / Insufficient Evidence,0.0,"Unknown / Insufficient Evidence
Supporting evidence:
- insufficient or conflicting physical & contextual evidence
- land-cover context is UNKNOWN
- satellite observation unavailable/obscured",1,isolated,306.44,17.31,2.27,INSUFFICIENT_DATA,0.0,industrial,none,1.773,found,UNKNOWN,False,UNKNOWN,,"Sentinel-2 observation available but obscured by cloud cover (best: 75.3%, threshold: 30.0%)"
335,Unknown / Insufficient Evidence,0.0,"Unknown / Insufficient Evidence
Supporting evidence:
- insufficient or conflicting physical & contextual evidence
- OSM industrial context is UNKNOWN
- land-cover context is UNKNOWN
- satellite observation unavailable/obscured",1,isolated,318.9,33.67,2.51,INSUFFICIENT_DATA,0.0,none,none,inf,not_found,UNKNOWN,False,UNKNOWN,,"Sentinel-2 observation available but obscured by cloud cover (best: 86.3%, threshold: 30.0%)"
336,Industrial-context thermal event,0.45,"Industrial-context thermal event
Supporting evidence:
- high spectral brightness temperature contrast (bt_diff=36.1 K)
- industrial facility detected nearby (metal_processing at 1.15 km)
- land-cover context is UNKNOWN
- satellite observation unavailable/obscured",1,isolated,321.15,36.12,2.36,INSUFFICIENT_DATA,0.0,metal_processing,Tata Steel Meramandali,1.147,found,UNKNOWN,False,UNKNOWN,,"Sentinel-2 observation available but obscured by cloud cover (best: 86.3%, threshold: 30.0%)"
337,Industrial-context thermal event,0.85,"Industrial-context thermal event
Supporting evidence:
- activity is recurring (active_days=2)
- activity is spatially stationary (displacement=0.24 km)
- high spectral brightness temperature contrast (bt_diff=46.4 K)
- industrial facility detected nearby (industrial at 1.20 km)
- land-cover context is UNKNOWN
- satellite observation unavailable/obscured",2,short_lived_repeated,340.15,46.38,7.15,STATIONARY,0.238,industrial,Angul Steel Plant,1.2,found,UNKNOWN,False,UNKNOWN,,"Sentinel-2 observation available but obscured by cloud cover (best: 81.8%, threshold: 30.0%)"
338,Industrial-context thermal event,0.45,"Industrial-context thermal event
Supporting evidence:
- high spectral brightness temperature contrast (bt_diff=47.4 K)
- industrial facility detected nearby (industrial at 0.48 km)
- land-cover context is UNKNOWN
- satellite observation unavailable/obscured",1,isolated,332.55,47.44,4.22,INSUFFICIENT_DATA,0.0,industrial,none,0.478,found,UNKNOWN,False,UNKNOWN,,"Sentinel-2 observation available but obscured by cloud cover (best: 74.4%, threshold: 30.0%)"
339,Agricultural-context thermal event,0.75,"Agricultural-context thermal event
Supporting evidence:
- short-lived transient activity (active_days=2)
- minor localized plot displacement
- moderate thermal power typical of crop burning (max_frp=5.2 MW)
- OSM industrial context is UNKNOWN
- land-cover context is UNKNOWN
- satellite observation unavailable/obscured",2,short_lived_repeated,328.3,38.93,5.15,STATIONARY,0.191,none,none,inf,not_found,UNKNOWN,False,UNKNOWN,,"Sentinel-2 observation available but obscured by cloud cover (best: 86.3%, threshold: 30.0%)"
340,Unknown / Insufficient Evidence,0.0,"Unknown / Insufficient Evidence
Supporting evidence:
- insufficient or conflicting physical & contextual evidence
- land-cover context is UNKNOWN
- satellite observation unavailable/obscured",1,isolated,308.61,25.15,1.77,INSUFFICIENT_DATA,0.0,industrial,TATA Steel,0.421,found,UNKNOWN,False,UNKNOWN,,"Sentinel-2 observation available but obscured by cloud cover (best: 86.3%, threshold: 30.0%)"
341,Forest/Natural-context thermal event,0.55,"Forest/Natural-context thermal event
Supporting evidence:
- active spatial displacement observed (movement=0.52 km)
- multi-day active fire duration
- OSM industrial context is UNKNOWN
- land-cover context is UNKNOWN
- satellite observation unavailable/obscured",3,short_lived_repeated,307.85,20.64,2.38,MOVING,0.52,none,none,inf,not_found,UNKNOWN,False,UNKNOWN,,"Sentinel-2 observation available but obscured by cloud cover (best: 84.0%, threshold: 30.0%)"
342,Industrial-context thermal event,0.65,"Industrial-context thermal event
Supporting evidence:
- activity is recurring (active_days=2)
- activity is spatially stationary (displacement=0.27 km)
- industrial facility detected nearby (industrial at 0.70 km)
- land-cover context is UNKNOWN
- satellite observation unavailable/obscured",2,short_lived_repeated,309.01,24.81,1.8,STATIONARY,0.27,industrial,none,0.697,found,UNKNOWN,False,UNKNOWN,,"Sentinel-2 observation available but obscured by cloud cover (best: 86.3%, threshold: 30.0%)"
343,Agricultural-context thermal event,0.55,"Agricultural-context thermal event
Supporting evidence:
- short-lived transient activity (active_days=2)
- minor localized plot displacement
- OSM industrial context is UNKNOWN
- land-cover context is UNKNOWN
- satellite observation unavailable/obscured",2,short_lived_repeated,310.36,20.87,2.88,STATIONARY,0.255,none,none,inf,not_found,UNKNOWN,False,UNKNOWN,,"Sentinel-2 observation available but obscured by cloud cover (best: 84.0%, threshold: 30.0%)"
344,Industrial-context thermal event,0.65,"Industrial-context thermal event
Supporting evidence:
- activity is recurring (active_days=2)
- activity is spatially stationary (displacement=0.31 km)
- industrial facility detected nearby (plant at 0.17 km)
- land-cover context is UNKNOWN
- satellite observation unavailable/obscured",2,short_lived_repeated,298.38,27.0,1.78,STATIONARY,0.309,plant,Rungta Kamanda power station,0.166,found,UNKNOWN,False,UNKNOWN,,"Sentinel-2 observation available but obscured by cloud cover (best: 70.6%, threshold: 30.0%)"
345,Unknown / Insufficient Evidence,0.0,"Unknown / Insufficient Evidence
Supporting evidence:
- insufficient or conflicting physical & contextual evidence
- land-cover context is UNKNOWN
- satellite observation unavailable/obscured",4,short_lived_repeated,367.0,76.02,17.81,MOVING,0.855,industrial,none,0.341,found,UNKNOWN,False,UNKNOWN,,"Sentinel-2 observation available but obscured by cloud cover (best: 77.4%, threshold: 30.0%)"
346,Unknown / Insufficient Evidence,0.0,"Unknown / Insufficient Evidence
Supporting evidence:
- insufficient or conflicting physical & contextual evidence
- OSM industrial context is UNKNOWN
- land-cover context is UNKNOWN
- satellite observation unavailable/obscured",1,isolated,303.54,13.38,2.3,INSUFFICIENT_DATA,0.0,none,none,inf,not_found,UNKNOWN,False,UNKNOWN,,"Sentinel-2 observation available but obscured by cloud cover (best: 42.9%, threshold: 30.0%)"
347,Industrial-context thermal event,0.85,"Industrial-context thermal event
Supporting evidence:
- activity is recurring (active_days=3)
- activity is spatially stationary (displacement=0.06 km)
- high spectral brightness temperature contrast (bt_diff=35.3 K)
- industrial facility detected nearby (mine at 1.28 km)
- land-cover context is UNKNOWN
- satellite observation unavailable/obscured",3,short_lived_repeated,327.61,35.32,2.98,STATIONARY,0.057,mine,Belbaid,1.278,found,UNKNOWN,False,UNKNOWN,,"Sentinel-2 observation available but obscured by cloud cover (best: 45.2%, threshold: 30.0%)"
348,Unknown / Insufficient Evidence,0.0,"Unknown / Insufficient Evidence
Supporting evidence:
- insufficient or conflicting physical & contextual evidence
- OSM industrial context is UNKNOWN
- land-cover context is UNKNOWN
- satellite observation unavailable/obscured",1,isolated,299.27,18.16,0.91,INSUFFICIENT_DATA,0.0,none,none,inf,not_found,UNKNOWN,False,UNKNOWN,,"Sentinel-2 observation available but obscured by cloud cover (best: 53.7%, threshold: 30.0%)"
349,Unknown / Insufficient Evidence,0.0,"Unknown / Insufficient Evidence
Supporting evidence:
- insufficient or conflicting physical & contextual evidence
- OSM industrial context is UNKNOWN
- land-cover context is UNKNOWN
- satellite observation unavailable/obscured",1,isolated,312.32,21.13,2.38,INSUFFICIENT_DATA,0.0,none,none,inf,not_found,UNKNOWN,False,UNKNOWN,,"Sentinel-2 observation available but obscured by cloud cover (best: 42.9%, threshold: 30.0%)"
350,Forest/Natural-context thermal event,0.55,"Forest/Natural-context thermal event
Supporting evidence:
- active spatial displacement observed (movement=0.94 km)
- multi-day active fire duration
- OSM industrial context is UNKNOWN
- land-cover context is UNKNOWN
- satellite observation unavailable/obscured",3,short_lived_repeated,308.11,16.93,2.35,MOVING,0.938,none,none,inf,not_found,UNKNOWN,False,UNKNOWN,,"Sentinel-2 observation available but obscured by cloud cover (best: 42.9%, threshold: 30.0%)"
351,Industrial-context thermal event,0.75,"Industrial-context thermal event
Supporting evidence:
- activity is persistent (active_days=13)
- activity is spatially stationary (displacement=0.30 km)
- high spectral brightness temperature contrast (bt_diff=42.9 K)
- OSM industrial context is UNKNOWN
- land-cover context is UNKNOWN
- satellite observation unavailable/obscured",13,persistent,339.14,42.91,10.59,STATIONARY,0.305,none,none,inf,not_found,UNKNOWN,False,UNKNOWN,,"Sentinel-2 observation available but obscured by cloud cover (best: 42.9%, threshold: 30.0%)"
352,Unknown / Insufficient Evidence,0.0,"Unknown / Insufficient Evidence
Supporting evidence:
- insufficient or conflicting physical & contextual evidence
- OSM industrial context is UNKNOWN
- land-cover context is UNKNOWN
- satellite observation unavailable/obscured",1,isolated,309.77,19.25,1.14,INSUFFICIENT_DATA,0.0,none,none,inf,not_found,UNKNOWN,False,UNKNOWN,,"Sentinel-2 observation available but obscured by cloud cover (best: 42.9%, threshold: 30.0%)"
353,Forest/Natural-context thermal event,0.55,"Forest/Natural-context thermal event
Supporting evidence:
- active spatial displacement observed (movement=0.55 km)
- multi-day active fire duration
- OSM industrial context is UNKNOWN
- land-cover context is UNKNOWN
- satellite observation unavailable/obscured",4,short_lived_repeated,335.93,41.85,4.32,MOVING,0.547,none,none,inf,not_found,UNKNOWN,False,UNKNOWN,,"Sentinel-2 observation available but obscured by cloud cover (best: 56.5%, threshold: 30.0%)"
354,Unknown / Insufficient Evidence,0.0,"Unknown / Insufficient Evidence
Supporting evidence:
- insufficient or conflicting physical & contextual evidence
- land-cover context is UNKNOWN
- satellite observation unavailable/obscured",4,short_lived_repeated,307.32,19.66,2.4,MOVING,1.18,works,none,0.765,found,UNKNOWN,False,UNKNOWN,,"Sentinel-2 observation available but obscured by cloud cover (best: 56.5%, threshold: 30.0%)"
355,Industrial-context thermal event,0.65,"Industrial-context thermal event
Supporting evidence:
- activity is recurring (active_days=3)
- activity is spatially stationary (displacement=0.20 km)
- industrial facility detected nearby (works at 0.97 km)
- land-cover context is UNKNOWN
- satellite observation unavailable/obscured",3,short_lived_repeated,308.6,16.89,2.23,STATIONARY,0.2,works,none,0.971,found,UNKNOWN,False,UNKNOWN,,"Sentinel-2 observation available but obscured by cloud cover (best: 56.5%, threshold: 30.0%)"
356,Unknown / Insufficient Evidence,0.0,"Unknown / Insufficient Evidence
Supporting evidence:
- insufficient or conflicting physical & contextual evidence
- OSM industrial context is UNKNOWN
- land-cover context is UNKNOWN
- satellite observation unavailable/obscured",1,isolated,297.17,28.69,0.91,INSUFFICIENT_DATA,0.0,none,none,inf,not_found,UNKNOWN,False,UNKNOWN,,"Sentinel-2 observation available but obscured by cloud cover (best: 39.6%, threshold: 30.0%)"
357,Industrial-context thermal event,0.65,"Industrial-context thermal event
Supporting evidence:
- activity is recurring (active_days=3)
- activity is spatially stationary (displacement=0.19 km)
- industrial facility detected nearby (industrial at 0.51 km)
- land-cover context is UNKNOWN
- satellite observation unavailable/obscured",3,short_lived_repeated,313.7,20.74,2.51,STATIONARY,0.189,industrial,Ultratech Cement Limited,0.507,found,UNKNOWN,False,UNKNOWN,,"Sentinel-2 observation available but obscured by cloud cover (best: 73.1%, threshold: 30.0%)"
358,Industrial-context thermal event,0.8,"Industrial-context thermal event
Supporting evidence:
- activity is persistent (active_days=5)
- activity is spatially stationary (displacement=0.25 km)
- industrial facility detected nearby (industrial at 0.62 km)
- land-cover context is UNKNOWN
- satellite observation unavailable/obscured",5,persistent,308.41,15.94,2.34,STATIONARY,0.25,industrial,none,0.617,found,UNKNOWN,False,UNKNOWN,,"Sentinel-2 observation available but obscured by cloud cover (best: 72.3%, threshold: 30.0%)"
359,Unknown / Insufficient Evidence,0.0,"Unknown / Insufficient Evidence
Supporting evidence:
- insufficient or conflicting physical & contextual evidence
- OSM industrial context is UNKNOWN
- land-cover context is UNKNOWN
- satellite observation unavailable/obscured",1,isolated,318.35,43.24,1.81,INSUFFICIENT_DATA,0.0,none,none,inf,not_found,UNKNOWN,False,UNKNOWN,,"Sentinel-2 observation available but obscured by cloud cover (best: 47.8%, threshold: 30.0%)"
360,Industrial-context thermal event,0.85,"Industrial-context thermal event
Supporting evidence:
- activity is recurring (active_days=2)
- activity is spatially stationary (displacement=0.45 km)
- high spectral brightness temperature contrast (bt_diff=37.1 K)
- industrial facility detected nearby (plant at 0.48 km)
- land-cover context is UNKNOWN
- satellite observation unavailable/obscured",2,short_lived_repeated,333.61,37.1,3.99,STATIONARY,0.452,plant,BEL,0.476,found,UNKNOWN,False,UNKNOWN,,"Sentinel-2 observation available but obscured by cloud cover (best: 67.8%, threshold: 30.0%)"
361,Industrial-context thermal event,0.85,"Industrial-context thermal event
Supporting evidence:
- activity is recurring (active_days=3)
- activity is spatially stationary (displacement=0.38 km)
- high spectral brightness temperature contrast (bt_diff=44.3 K)
- industrial facility detected nearby (industrial at 1.57 km)
- land-cover context is UNKNOWN
- satellite observation unavailable/obscured",3,short_lived_repeated,344.08,44.26,7.16,STATIONARY,0.382,industrial,none,1.574,found,UNKNOWN,False,UNKNOWN,,"Sentinel-2 observation available but obscured by cloud cover (best: 67.8%, threshold: 30.0%)"
362,Unknown / Insufficient Evidence,0.0,"Unknown / Insufficient Evidence
Supporting evidence:
- insufficient or conflicting physical & contextual evidence
- land-cover context is UNKNOWN
- satellite observation unavailable/obscured",4,short_lived_repeated,311.64,22.46,3.39,MOVING,1.332,plant,Adityapur Works Power Station,0.297,found,UNKNOWN,False,UNKNOWN,,"Sentinel-2 observation available but obscured by cloud cover (best: 31.7%, threshold: 30.0%)"
363,Unknown / Insufficient Evidence,0.0,"Unknown / Insufficient Evidence
Supporting evidence:
- insufficient or conflicting physical & contextual evidence
- land-cover context is UNKNOWN
- satellite observation unavailable/obscured",3,short_lived_repeated,333.44,38.52,5.84,MOVING,0.586,works,none,0.71,found,UNKNOWN,False,UNKNOWN,,"Sentinel-2 observation available but obscured by cloud cover (best: 75.9%, threshold: 30.0%)"
364,Unknown / Insufficient Evidence,0.0,"Unknown / Insufficient Evidence
Supporting evidence:
- insufficient or conflicting physical & contextual evidence
- land-cover context is UNKNOWN
- satellite observation unavailable/obscured",1,isolated,301.95,14.99,1.6,INSUFFICIENT_DATA,0.0,industrial,IISCO Steel Plant,0.666,found,UNKNOWN,False,UNKNOWN,,"Sentinel-2 observation available but obscured by cloud cover (best: 38.3%, threshold: 30.0%)"
365,Industrial-context thermal event,0.65,"Industrial-context thermal event
Supporting evidence:
- activity is recurring (active_days=2)
- activity is spatially stationary (displacement=0.37 km)
- industrial facility detected nearby (industrial at 1.04 km)
- land-cover context is UNKNOWN
- satellite observation unavailable/obscured",2,short_lived_repeated,304.88,18.2,1.93,STATIONARY,0.369,industrial,IISCO Steel Plant,1.039,found,UNKNOWN,False,UNKNOWN,,"Sentinel-2 observation available but obscured by cloud cover (best: 38.3%, threshold: 30.0%)"
366,Unknown / Insufficient Evidence,0.0,"Unknown / Insufficient Evidence
Supporting evidence:
- insufficient or conflicting physical & contextual evidence
- OSM industrial context is UNKNOWN
- land-cover context is UNKNOWN
- satellite observation unavailable/obscured",1,isolated,304.22,12.27,2.06,INSUFFICIENT_DATA,0.0,none,none,inf,not_found,UNKNOWN,False,UNKNOWN,,"Sentinel-2 observation available but obscured by cloud cover (best: 95.3%, threshold: 30.0%)"
367,Unknown / Insufficient Evidence,0.0,"Unknown / Insufficient Evidence
Supporting evidence:
- insufficient or conflicting physical & contextual evidence
- OSM industrial context is UNKNOWN
- land-cover context is UNKNOWN
- satellite observation unavailable/obscured",1,isolated,309.27,20.53,1.21,INSUFFICIENT_DATA,0.0,none,none,inf,not_found,UNKNOWN,False,UNKNOWN,,"Sentinel-2 observation available but obscured by cloud cover (best: 94.7%, threshold: 30.0%)"
368,Unknown / Insufficient Evidence,0.0,"Unknown / Insufficient Evidence
Supporting evidence:
- insufficient or conflicting physical & contextual evidence
- land-cover context is UNKNOWN
- satellite observation unavailable/obscured",1,isolated,308.7,20.31,1.3,INSUFFICIENT_DATA,0.0,industrial,none,0.303,found,UNKNOWN,False,UNKNOWN,,"Sentinel-2 observation available but obscured by cloud cover (best: 97.9%, threshold: 30.0%)"
369,Industrial-context thermal event,0.45,"Industrial-context thermal event
Supporting evidence:
- high spectral brightness temperature contrast (bt_diff=52.5 K)
- industrial facility detected nearby (cooling at 0.26 km)
- land-cover context is UNKNOWN
- satellite observation unavailable/obscured",1,isolated,332.49,52.46,2.78,INSUFFICIENT_DATA,0.0,cooling,none,0.258,found,UNKNOWN,False,UNKNOWN,,"Sentinel-2 observation available but obscured by cloud cover (best: 81.8%, threshold: 30.0%)"
370,Industrial-context thermal event,0.65,"Industrial-context thermal event
Supporting evidence:
- activity is recurring (active_days=2)
- activity is spatially stationary (displacement=0.30 km)
- industrial facility detected nearby (plant at 0.45 km)
- land-cover context is UNKNOWN
- satellite observation unavailable/obscured",2,short_lived_repeated,321.56,27.97,3.08,STATIONARY,0.296,plant,none,0.451,found,UNKNOWN,False,UNKNOWN,,"Sentinel-2 observation available but obscured by cloud cover (best: 79.6%, threshold: 30.0%)"
371,Unknown / Insufficient Evidence,0.0,"Unknown / Insufficient Evidence
Supporting evidence:
- insufficient or conflicting physical & contextual evidence
- land-cover context is UNKNOWN
- satellite observation unavailable/obscured",1,isolated,307.02,14.2,1.27,INSUFFICIENT_DATA,0.0,industrial,none,0.408,found,UNKNOWN,False,UNKNOWN,,"Sentinel-2 observation available but obscured by cloud cover (best: 82.2%, threshold: 30.0%)"
372,Agricultural-context thermal event,0.55,"Agricultural-context thermal event
Supporting evidence:
- short-lived transient activity (active_days=2)
- moderate thermal power typical of crop burning (max_frp=6.0 MW)
- OSM industrial context is UNKNOWN
- land-cover context is UNKNOWN",2,short_lived_repeated,346.98,43.52,5.99,MOVING,0.695,none,none,inf,not_found,UNKNOWN,True,SeaLake,0.9946,Satellite CNN prediction: SeaLake (confidence: 0.99)
373,Unknown / Insufficient Evidence,0.0,"Unknown / Insufficient Evidence
Supporting evidence:
- insufficient or conflicting physical & contextual evidence
- OSM industrial context is UNKNOWN
- land-cover context is UNKNOWN
- satellite observation unavailable/obscured",1,isolated,299.7,30.75,0.89,INSUFFICIENT_DATA,0.0,none,none,inf,not_found,UNKNOWN,False,UNKNOWN,,"Sentinel-2 observation available but obscured by cloud cover (best: 72.8%, threshold: 30.0%)"
374,Unknown / Insufficient Evidence,0.0,"Unknown / Insufficient Evidence
Supporting evidence:
- insufficient or conflicting physical & contextual evidence
- land-cover context is UNKNOWN
- satellite observation unavailable/obscured",1,isolated,307.8,20.09,0.98,INSUFFICIENT_DATA,0.0,works,none,0.437,found,UNKNOWN,False,UNKNOWN,,"Sentinel-2 observation available but obscured by cloud cover (best: 49.8%, threshold: 30.0%)"
375,Agricultural-context thermal event,0.55,"Agricultural-context thermal event
Supporting evidence:
- short-lived transient activity (active_days=2)
- minor localized plot displacement
- OSM industrial context is UNKNOWN
- land-cover context is UNKNOWN
- satellite observation unavailable/obscured",2,short_lived_repeated,314.66,24.2,2.19,STATIONARY,0.154,none,none,inf,not_found,UNKNOWN,False,UNKNOWN,,"Sentinel-2 observation available but obscured by cloud cover (best: 64.2%, threshold: 30.0%)"
376,Unknown / Insufficient Evidence,0.0,"Unknown / Insufficient Evidence
Supporting evidence:
- insufficient or conflicting physical & contextual evidence
- OSM industrial context is UNKNOWN
- land-cover context is UNKNOWN
- satellite observation unavailable/obscured",1,isolated,309.29,28.89,1.02,INSUFFICIENT_DATA,0.0,none,none,inf,not_found,UNKNOWN,False,UNKNOWN,,"Sentinel-2 observation available but obscured by cloud cover (best: 69.7%, threshold: 30.0%)"
377,Agricultural-context thermal event,0.75,"Agricultural-context thermal event
Supporting evidence:
- short-lived transient activity (active_days=2)
- minor localized plot displacement
- moderate thermal power typical of crop burning (max_frp=7.6 MW)
- OSM industrial context is UNKNOWN
- land-cover context is UNKNOWN",2,short_lived_repeated,334.09,30.81,7.63,STATIONARY,0.141,none,none,inf,not_found,UNKNOWN,True,HerbaceousVegetation,0.9755,Satellite CNN prediction: HerbaceousVegetation (confidence: 0.98)
378,Agricultural-context thermal event,0.75,"Agricultural-context thermal event
Supporting evidence:
- short-lived transient activity (active_days=2)
- minor localized plot displacement
- moderate thermal power typical of crop burning (max_frp=10.2 MW)
- OSM industrial context is UNKNOWN
- land-cover context is UNKNOWN",2,short_lived_repeated,332.36,30.21,10.25,STATIONARY,0.176,none,none,inf,not_found,UNKNOWN,True,HerbaceousVegetation,0.3807,Satellite CNN prediction: HerbaceousVegetation (confidence: 0.38)
379,Industrial-context thermal event,0.4,"Industrial-context thermal event
Supporting evidence:
- activity is recurring (active_days=3)
- activity is spatially stationary (displacement=0.15 km)
- OSM industrial context is UNKNOWN
- land-cover context is UNKNOWN",3,short_lived_repeated,331.67,28.42,5.92,STATIONARY,0.147,none,none,inf,not_found,UNKNOWN,True,HerbaceousVegetation,0.361,Satellite CNN prediction: HerbaceousVegetation (confidence: 0.36)
380,Agricultural-context thermal event,0.55,"Agricultural-context thermal event
Supporting evidence:
- short-lived transient activity (active_days=1)
- moderate thermal power typical of crop burning (max_frp=8.5 MW)
- OSM industrial context is UNKNOWN
- land-cover context is UNKNOWN",1,isolated,332.72,30.06,8.53,INSUFFICIENT_DATA,0.0,none,none,inf,not_found,UNKNOWN,True,SeaLake,0.363,Satellite CNN prediction: SeaLake (confidence: 0.36)
381,Agricultural-context thermal event,0.55,"Agricultural-context thermal event
Supporting evidence:
- short-lived transient activity (active_days=1)
- moderate thermal power typical of crop burning (max_frp=5.3 MW)
- OSM industrial context is UNKNOWN
- land-cover context is UNKNOWN",1,isolated,339.33,41.18,5.35,INSUFFICIENT_DATA,0.0,none,none,inf,not_found,UNKNOWN,True,SeaLake,0.998,Satellite CNN prediction: SeaLake (confidence: 1.00)
382,Unknown / Insufficient Evidence,0.0,"Unknown / Insufficient Evidence
Supporting evidence:
- insufficient or conflicting physical & contextual evidence
- OSM industrial context is UNKNOWN
- land-cover context is UNKNOWN",1,isolated,335.7,37.33,3.57,INSUFFICIENT_DATA,0.0,none,none,inf,not_found,UNKNOWN,True,SeaLake,0.8154,Satellite CNN prediction: SeaLake (confidence: 0.82)
383,Industrial-context thermal event,0.45,"Industrial-context thermal event
Supporting evidence:
- high spectral brightness temperature contrast (bt_diff=38.3 K)
- industrial facility detected nearby (plant at 1.10 km)
- land-cover context is UNKNOWN",1,isolated,339.38,38.3,9.0,INSUFFICIENT_DATA,0.0,plant,none,1.105,found,UNKNOWN,True,SeaLake,0.5754,Satellite CNN prediction: SeaLake (confidence: 0.58)
384,Industrial-context thermal event,0.45,"Industrial-context thermal event
Supporting evidence:
- high spectral brightness temperature contrast (bt_diff=36.9 K)
- industrial facility detected nearby (plant at 1.47 km)
- land-cover context is UNKNOWN
- satellite observation unavailable/obscured",1,isolated,331.98,36.86,2.55,INSUFFICIENT_DATA,0.0,plant,Shezhilanallur,1.466,found,UNKNOWN,False,UNKNOWN,,"Sentinel-2 observation available but obscured by cloud cover (best: 30.8%, threshold: 30.0%)"
385,Agricultural-context thermal event,0.55,"Agricultural-context thermal event
Supporting evidence:
- short-lived transient activity (active_days=1)
- moderate thermal power typical of crop burning (max_frp=10.7 MW)
- OSM industrial context is UNKNOWN
- land-cover context is UNKNOWN",1,isolated,343.82,42.1,10.73,INSUFFICIENT_DATA,0.0,none,none,inf,not_found,UNKNOWN,True,SeaLake,0.9854,Satellite CNN prediction: SeaLake (confidence: 0.99)
386,Unknown / Insufficient Evidence,0.0,"Unknown / Insufficient Evidence
Supporting evidence:
- insufficient or conflicting physical & contextual evidence
- OSM industrial context is UNKNOWN
- land-cover context is UNKNOWN",1,isolated,334.55,39.32,2.75,INSUFFICIENT_DATA,0.0,none,none,inf,not_found,UNKNOWN,True,SeaLake,0.997,Satellite CNN prediction: SeaLake (confidence: 1.00)
387,Unknown / Insufficient Evidence,0.0,"Unknown / Insufficient Evidence
Supporting evidence:
- insufficient or conflicting physical & contextual evidence
- land-cover context is UNKNOWN
- satellite observation unavailable/obscured",1,isolated,331.55,31.71,3.99,INSUFFICIENT_DATA,0.0,depot,none,0.723,found,UNKNOWN,False,UNKNOWN,,"Sentinel-2 observation available but obscured by cloud cover (best: 47.8%, threshold: 30.0%)"
388,Unknown / Insufficient Evidence,0.0,"Unknown / Insufficient Evidence
Supporting evidence:
- insufficient or conflicting physical & contextual evidence
- OSM industrial context is UNKNOWN
- land-cover context is UNKNOWN",1,isolated,334.42,37.93,4.52,INSUFFICIENT_DATA,0.0,none,none,inf,not_found,UNKNOWN,True,SeaLake,0.4309,Satellite CNN prediction: SeaLake (confidence: 0.43)
389,Unknown / Insufficient Evidence,0.0,"Unknown / Insufficient Evidence
Supporting evidence:
- insufficient or conflicting physical & contextual evidence
- OSM industrial context is UNKNOWN
- land-cover context is UNKNOWN",1,isolated,331.9,33.79,2.62,INSUFFICIENT_DATA,0.0,none,none,inf,not_found,UNKNOWN,True,SeaLake,0.9934,Satellite CNN prediction: SeaLake (confidence: 0.99)
390,Agricultural-context thermal event,0.55,"Agricultural-context thermal event
Supporting evidence:
- short-lived transient activity (active_days=1)
- moderate thermal power typical of crop burning (max_frp=8.7 MW)
- OSM industrial context is UNKNOWN
- land-cover context is UNKNOWN
- satellite observation unavailable/obscured",1,isolated,341.83,40.7,8.74,INSUFFICIENT_DATA,0.0,none,none,inf,not_found,UNKNOWN,False,UNKNOWN,,"Sentinel-2 observation available but obscured by cloud cover (best: 47.8%, threshold: 30.0%)"
391,Agricultural-context thermal event,0.55,"Agricultural-context thermal event
Supporting evidence:
- short-lived transient activity (active_days=1)
- moderate thermal power typical of crop burning (max_frp=5.4 MW)
- OSM industrial context is UNKNOWN
- land-cover context is UNKNOWN",1,isolated,341.2,37.4,5.44,INSUFFICIENT_DATA,0.0,none,none,inf,not_found,UNKNOWN,True,SeaLake,0.9871,Satellite CNN prediction: SeaLake (confidence: 0.99)
392,Unknown / Insufficient Evidence,0.0,"Unknown / Insufficient Evidence
Supporting evidence:
- insufficient or conflicting physical & contextual evidence
- OSM industrial context is UNKNOWN
- land-cover context is UNKNOWN",1,isolated,334.31,35.13,4.75,INSUFFICIENT_DATA,0.0,none,none,inf,not_found,UNKNOWN,True,SeaLake,0.9567,Satellite CNN prediction: SeaLake (confidence: 0.96)
393,Agricultural-context thermal event,0.55,"Agricultural-context thermal event
Supporting evidence:
- short-lived transient activity (active_days=1)
- moderate thermal power typical of crop burning (max_frp=12.8 MW)
- OSM industrial context is UNKNOWN
- land-cover context is UNKNOWN",1,isolated,348.62,47.9,12.76,INSUFFICIENT_DATA,0.0,none,none,inf,not_found,UNKNOWN,True,SeaLake,0.99,Satellite CNN prediction: SeaLake (confidence: 0.99)
394,Unknown / Insufficient Evidence,0.0,"Unknown / Insufficient Evidence
Supporting evidence:
- insufficient or conflicting physical & contextual evidence
- OSM industrial context is UNKNOWN
- land-cover context is UNKNOWN
- satellite observation unavailable/obscured",1,isolated,335.63,36.83,2.54,INSUFFICIENT_DATA,0.0,none,none,inf,not_found,UNKNOWN,False,UNKNOWN,,"Sentinel-2 observation available but obscured by cloud cover (best: 67.5%, threshold: 30.0%)"
395,Agricultural-context thermal event,0.55,"Agricultural-context thermal event
Supporting evidence:
- short-lived transient activity (active_days=1)
- moderate thermal power typical of crop burning (max_frp=6.5 MW)
- OSM industrial context is UNKNOWN
- land-cover context is UNKNOWN
- satellite observation unavailable/obscured",1,isolated,336.89,38.49,6.5,INSUFFICIENT_DATA,0.0,none,none,inf,not_found,UNKNOWN,False,UNKNOWN,,"Sentinel-2 observation available but obscured by cloud cover (best: 89.0%, threshold: 30.0%)"
396,Unknown / Insufficient Evidence,0.0,"Unknown / Insufficient Evidence
Supporting evidence:
- insufficient or conflicting physical & contextual evidence
- OSM industrial context is UNKNOWN
- land-cover context is UNKNOWN
- satellite observation unavailable/obscured",1,isolated,332.08,35.23,27.03,INSUFFICIENT_DATA,0.0,none,none,inf,not_found,UNKNOWN,False,UNKNOWN,,"Sentinel-2 observation available but obscured by cloud cover (best: 55.9%, threshold: 30.0%)"
397,Agricultural-context thermal event,0.55,"Agricultural-context thermal event
Supporting evidence:
- short-lived transient activity (active_days=1)
- moderate thermal power typical of crop burning (max_frp=7.0 MW)
- OSM industrial context is UNKNOWN
- land-cover context is UNKNOWN
- satellite observation unavailable/obscured",1,isolated,333.21,37.97,6.97,INSUFFICIENT_DATA,0.0,none,none,inf,not_found,UNKNOWN,False,UNKNOWN,,"Sentinel-2 observation available but obscured by cloud cover (best: 60.7%, threshold: 30.0%)"
398,Unknown / Insufficient Evidence,0.0,"Unknown / Insufficient Evidence
Supporting evidence:
- insufficient or conflicting physical & contextual evidence
- land-cover context is UNKNOWN
- satellite observation unavailable/obscured",3,short_lived_repeated,330.24,34.1,4.86,MOVING,0.515,plant,Jojobera Tata Unit 6 Power Station,0.713,found,UNKNOWN,False,UNKNOWN,,"Sentinel-2 observation available but obscured by cloud cover (best: 31.7%, threshold: 30.0%)"
399,Agricultural-context thermal event,0.55,"Agricultural-context thermal event
Supporting evidence:
- short-lived transient activity (active_days=1)
- moderate thermal power typical of crop burning (max_frp=9.5 MW)
- OSM industrial context is UNKNOWN
- land-cover context is UNKNOWN
- satellite observation unavailable/obscured",1,isolated,345.75,43.88,9.47,INSUFFICIENT_DATA,0.0,none,none,inf,not_found,UNKNOWN,False,UNKNOWN,,"Sentinel-2 observation available but obscured by cloud cover (best: 47.8%, threshold: 30.0%)"
400,Agricultural-context thermal event,0.55,"Agricultural-context thermal event
Supporting evidence:
- short-lived transient activity (active_days=1)
- moderate thermal power typical of crop burning (max_frp=10.5 MW)
- OSM industrial context is UNKNOWN
- land-cover context is UNKNOWN",1,isolated,335.36,37.57,10.47,INSUFFICIENT_DATA,0.0,none,none,inf,not_found,UNKNOWN,True,SeaLake,0.973,Satellite CNN prediction: SeaLake (confidence: 0.97)
401,Industrial-context thermal event,0.45,"Industrial-context thermal event
Supporting evidence:
- high spectral brightness temperature contrast (bt_diff=42.1 K)
- industrial facility detected nearby (plant at 0.74 km)
- land-cover context is UNKNOWN
- satellite observation unavailable/obscured",1,isolated,337.59,42.06,4.92,INSUFFICIENT_DATA,0.0,plant,none,0.745,found,UNKNOWN,False,UNKNOWN,,"Sentinel-2 observation available but obscured by cloud cover (best: 67.5%, threshold: 30.0%)"
402,Industrial-context thermal event,0.45,"Industrial-context thermal event
Supporting evidence:
- high spectral brightness temperature contrast (bt_diff=43.8 K)
- industrial facility detected nearby (industrial at 1.66 km)
- land-cover context is UNKNOWN
- satellite observation unavailable/obscured",1,isolated,339.25,43.81,10.73,INSUFFICIENT_DATA,0.0,industrial,none,1.655,found,UNKNOWN,False,UNKNOWN,,"Sentinel-2 observation available but obscured by cloud cover (best: 67.5%, threshold: 30.0%)"
403,Unknown / Insufficient Evidence,0.0,"Unknown / Insufficient Evidence
Supporting evidence:
- insufficient or conflicting physical & contextual evidence
- OSM industrial context is UNKNOWN
- land-cover context is UNKNOWN
- satellite observation unavailable/obscured",1,isolated,334.41,38.66,2.92,INSUFFICIENT_DATA,0.0,none,none,inf,not_found,UNKNOWN,False,UNKNOWN,,"Sentinel-2 observation available but obscured by cloud cover (best: 72.8%, threshold: 30.0%)"
404,Agricultural-context thermal event,0.55,"Agricultural-context thermal event
Supporting evidence:
- short-lived transient activity (active_days=1)
- moderate thermal power typical of crop burning (max_frp=11.1 MW)
- OSM industrial context is UNKNOWN
- land-cover context is UNKNOWN
- satellite observation unavailable/obscured",1,isolated,352.49,54.77,11.14,INSUFFICIENT_DATA,0.0,none,none,inf,not_found,UNKNOWN,False,UNKNOWN,,"Sentinel-2 observation available but obscured by cloud cover (best: 71.8%, threshold: 30.0%)"
405,Agricultural-context thermal event,0.55,"Agricultural-context thermal event
Supporting evidence:
- short-lived transient activity (active_days=1)
- moderate thermal power typical of crop burning (max_frp=12.3 MW)
- OSM industrial context is UNKNOWN
- land-cover context is UNKNOWN
- satellite observation unavailable/obscured",1,isolated,367.0,73.9,12.27,INSUFFICIENT_DATA,0.0,none,none,inf,not_found,UNKNOWN,False,UNKNOWN,,"Sentinel-2 observation available but obscured by cloud cover (best: 58.8%, threshold: 30.0%)"
406,Unknown / Insufficient Evidence,0.0,"Unknown / Insufficient Evidence
Supporting evidence:
- insufficient or conflicting physical & contextual evidence
- OSM industrial context is UNKNOWN
- land-cover context is UNKNOWN
- satellite observation unavailable/obscured",1,isolated,334.11,45.4,3.42,INSUFFICIENT_DATA,0.0,none,none,inf,not_found,UNKNOWN,False,UNKNOWN,,"Sentinel-2 observation available but obscured by cloud cover (best: 64.8%, threshold: 30.0%)"
407,Unknown / Insufficient Evidence,0.0,"Unknown / Insufficient Evidence
Supporting evidence:
- insufficient or conflicting physical & contextual evidence
- OSM industrial context is UNKNOWN
- land-cover context is UNKNOWN",1,isolated,340.74,37.76,3.21,INSUFFICIENT_DATA,0.0,none,none,inf,not_found,UNKNOWN,True,Forest,0.8711,Satellite CNN prediction: Forest (confidence: 0.87)
408,Agricultural-context thermal event,0.55,"Agricultural-context thermal event
Supporting evidence:
- short-lived transient activity (active_days=1)
- moderate thermal power typical of crop burning (max_frp=8.5 MW)
- OSM industrial context is UNKNOWN
- land-cover context is UNKNOWN
- satellite observation unavailable/obscured",1,isolated,330.42,36.3,8.5,INSUFFICIENT_DATA,0.0,none,none,inf,not_found,UNKNOWN,False,UNKNOWN,,"Sentinel-2 observation available but obscured by cloud cover (best: 46.0%, threshold: 30.0%)"
409,Unknown / Insufficient Evidence,0.0,"Unknown / Insufficient Evidence
Supporting evidence:
- insufficient or conflicting physical & contextual evidence
- OSM industrial context is UNKNOWN
- land-cover context is UNKNOWN
- satellite observation unavailable/obscured",1,isolated,308.47,18.8,0.86,INSUFFICIENT_DATA,0.0,none,none,inf,not_found,UNKNOWN,False,UNKNOWN,,"Sentinel-2 observation available but obscured by cloud cover (best: 41.2%, threshold: 30.0%)"
410,Industrial-context thermal event,0.65,"Industrial-context thermal event
Supporting evidence:
- activity is recurring (active_days=2)
- activity is spatially stationary (displacement=0.13 km)
- industrial facility detected nearby (factory at 0.20 km)
- land-cover context is UNKNOWN
- satellite observation unavailable/obscured",2,short_lived_repeated,305.31,18.85,1.09,STATIONARY,0.133,factory,Himadri Speciality Chemicals Limited,0.203,found,UNKNOWN,False,UNKNOWN,,"Sentinel-2 observation available but obscured by cloud cover (best: 62.1%, threshold: 30.0%)"
411,Industrial-context thermal event,0.65,"Industrial-context thermal event
Supporting evidence:
- activity is recurring (active_days=2)
- activity is spatially stationary (displacement=0.17 km)
- industrial facility detected nearby (industrial at 0.27 km)
- land-cover context is UNKNOWN
- satellite observation unavailable/obscured",2,short_lived_repeated,316.62,26.23,3.49,STATIONARY,0.17,industrial,none,0.266,found,UNKNOWN,False,UNKNOWN,,"Sentinel-2 observation available but obscured by cloud cover (best: 31.7%, threshold: 30.0%)"
412,Industrial-context thermal event,0.65,"Industrial-context thermal event
Supporting evidence:
- activity is recurring (active_days=3)
- activity is spatially stationary (displacement=0.37 km)
- industrial facility detected nearby (works at 0.32 km)
- land-cover context is UNKNOWN
- satellite observation unavailable/obscured",3,short_lived_repeated,313.17,24.07,4.78,STATIONARY,0.367,works,none,0.321,found,UNKNOWN,False,UNKNOWN,,"Sentinel-2 observation available but obscured by cloud cover (best: 56.2%, threshold: 30.0%)"
413,Unknown / Insufficient Evidence,0.0,"Unknown / Insufficient Evidence
Supporting evidence:
- insufficient or conflicting physical & contextual evidence
- land-cover context is UNKNOWN
- satellite observation unavailable/obscured",1,isolated,304.87,16.36,2.59,INSUFFICIENT_DATA,0.0,industrial,none,0.312,found,UNKNOWN,False,UNKNOWN,,"Sentinel-2 observation available but obscured by cloud cover (best: 38.3%, threshold: 30.0%)"
414,Industrial-context thermal event,0.85,"Industrial-context thermal event
Supporting evidence:
- activity is recurring (active_days=3)
- activity is spatially stationary (displacement=0.12 km)
- high spectral brightness temperature contrast (bt_diff=44.7 K)
- industrial facility detected nearby (mine at 0.60 km)
- land-cover context is UNKNOWN
- satellite observation unavailable/obscured",3,short_lived_repeated,343.27,44.69,10.29,STATIONARY,0.123,mine,none,0.598,found,UNKNOWN,False,UNKNOWN,,"Sentinel-2 observation available but obscured by cloud cover (best: 35.6%, threshold: 30.0%)"
415,Unknown / Insufficient Evidence,0.0,"Unknown / Insufficient Evidence
Supporting evidence:
- insufficient or conflicting physical & contextual evidence
- land-cover context is UNKNOWN
- satellite observation unavailable/obscured",1,isolated,306.66,18.13,2.28,INSUFFICIENT_DATA,0.0,industrial,none,1.176,found,UNKNOWN,False,UNKNOWN,,"Sentinel-2 observation available but obscured by cloud cover (best: 42.9%, threshold: 30.0%)"
416,Agricultural-context thermal event,0.55,"Agricultural-context thermal event
Supporting evidence:
- short-lived transient activity (active_days=2)
- minor localized plot displacement
- OSM industrial context is UNKNOWN
- land-cover context is UNKNOWN
- satellite observation unavailable/obscured",2,short_lived_repeated,319.98,30.54,3.82,STATIONARY,0.137,none,none,inf,not_found,UNKNOWN,False,UNKNOWN,,"Sentinel-2 observation available but obscured by cloud cover (best: 42.9%, threshold: 30.0%)"
417,Industrial-context thermal event,0.65,"Industrial-context thermal event
Supporting evidence:
- activity is recurring (active_days=3)
- activity is spatially stationary (displacement=0.14 km)
- industrial facility detected nearby (industrial at 1.93 km)
- land-cover context is UNKNOWN
- satellite observation unavailable/obscured",3,short_lived_repeated,315.51,22.6,2.85,STATIONARY,0.145,industrial,none,1.933,found,UNKNOWN,False,UNKNOWN,,"Sentinel-2 observation available but obscured by cloud cover (best: 35.6%, threshold: 30.0%)"
418,Agricultural-context thermal event,0.55,"Agricultural-context thermal event
Supporting evidence:
- short-lived transient activity (active_days=2)
- minor localized plot displacement
- OSM industrial context is UNKNOWN
- land-cover context is UNKNOWN",2,short_lived_repeated,307.88,19.01,1.82,STATIONARY,0.151,none,none,inf,not_found,UNKNOWN,True,AnnualCrop,0.2363,Satellite CNN prediction: AnnualCrop (confidence: 0.24)
419,Unknown / Insufficient Evidence,0.0,"Unknown / Insufficient Evidence
Supporting evidence:
- insufficient or conflicting physical & contextual evidence
- land-cover context is UNKNOWN
- satellite observation unavailable/obscured",1,isolated,311.01,24.03,2.87,INSUFFICIENT_DATA,0.0,industrial,Bhushan Power & Steel,0.417,found,UNKNOWN,False,UNKNOWN,,"Sentinel-2 observation available but obscured by cloud cover (best: 77.4%, threshold: 30.0%)"
420,Industrial-context thermal event,0.85,"Industrial-context thermal event
Supporting evidence:
- activity is recurring (active_days=2)
- activity is spatially stationary (displacement=0.24 km)
- high spectral brightness temperature contrast (bt_diff=49.3 K)
- industrial facility detected nearby (industrial at 1.25 km)
- land-cover context is UNKNOWN
- satellite observation unavailable/obscured",2,short_lived_repeated,345.65,49.29,13.15,STATIONARY,0.237,industrial,none,1.253,found,UNKNOWN,False,UNKNOWN,,"Sentinel-2 observation available but obscured by cloud cover (best: 64.9%, threshold: 30.0%)"
421,Unknown / Insufficient Evidence,0.0,"Unknown / Insufficient Evidence
Supporting evidence:
- insufficient or conflicting physical & contextual evidence
- OSM industrial context is UNKNOWN
- land-cover context is UNKNOWN
- satellite observation unavailable/obscured",1,isolated,301.17,15.06,0.89,INSUFFICIENT_DATA,0.0,none,none,inf,not_found,UNKNOWN,False,UNKNOWN,,"Sentinel-2 observation available but obscured by cloud cover (best: 64.9%, threshold: 30.0%)"
422,Unknown / Insufficient Evidence,0.0,"Unknown / Insufficient Evidence
Supporting evidence:
- insufficient or conflicting physical & contextual evidence
- land-cover context is UNKNOWN
- satellite observation unavailable/obscured",1,isolated,314.99,24.15,3.81,INSUFFICIENT_DATA,0.0,industrial,Prakash Industries Steel Plant,0.081,found,UNKNOWN,False,UNKNOWN,,"Sentinel-2 observation available but obscured by cloud cover (best: 60.3%, threshold: 30.0%)"
423,Unknown / Insufficient Evidence,0.0,"Unknown / Insufficient Evidence
Supporting evidence:
- insufficient or conflicting physical & contextual evidence
- OSM industrial context is UNKNOWN
- land-cover context is UNKNOWN
- satellite observation unavailable/obscured",1,isolated,306.56,16.78,1.82,INSUFFICIENT_DATA,0.0,none,none,inf,not_found,UNKNOWN,False,UNKNOWN,,"Sentinel-2 observation available but obscured by cloud cover (best: 64.9%, threshold: 30.0%)"
424,Unknown / Insufficient Evidence,0.0,"Unknown / Insufficient Evidence
Supporting evidence:
- insufficient or conflicting physical & contextual evidence
- land-cover context is UNKNOWN
- satellite observation unavailable/obscured",1,isolated,300.31,13.59,1.54,INSUFFICIENT_DATA,0.0,industrial,none,0.587,found,UNKNOWN,False,UNKNOWN,,"Sentinel-2 observation available but obscured by cloud cover (best: 92.8%, threshold: 30.0%)"
425,Unknown / Insufficient Evidence,0.0,"Unknown / Insufficient Evidence
Supporting evidence:
- insufficient or conflicting physical & contextual evidence
- land-cover context is UNKNOWN
- satellite observation unavailable/obscured",1,isolated,304.86,20.41,2.41,INSUFFICIENT_DATA,0.0,industrial,none,0.316,found,UNKNOWN,False,UNKNOWN,,"Sentinel-2 observation available but obscured by cloud cover (best: 100.0%, threshold: 30.0%)"
426,Unknown / Insufficient Evidence,0.0,"Unknown / Insufficient Evidence
Supporting evidence:
- insufficient or conflicting physical & contextual evidence
- land-cover context is UNKNOWN
- satellite observation unavailable/obscured",1,isolated,304.18,12.66,0.79,INSUFFICIENT_DATA,0.0,industrial,Metallurgical Products India Pvt Ltd,0.415,found,UNKNOWN,False,UNKNOWN,,"Sentinel-2 observation available but obscured by cloud cover (best: 64.2%, threshold: 30.0%)"
427,Unknown / Insufficient Evidence,0.0,"Unknown / Insufficient Evidence
Supporting evidence:
- insufficient or conflicting physical & contextual evidence
- land-cover context is UNKNOWN
- satellite observation unavailable/obscured",1,isolated,302.8,12.32,0.73,INSUFFICIENT_DATA,0.0,industrial,Jindal SAW,1.213,found,UNKNOWN,False,UNKNOWN,,"Sentinel-2 observation available but obscured by cloud cover (best: 64.2%, threshold: 30.0%)"
428,Unknown / Insufficient Evidence,0.0,"Unknown / Insufficient Evidence
Supporting evidence:
- insufficient or conflicting physical & contextual evidence
- land-cover context is UNKNOWN
- satellite observation unavailable/obscured",1,isolated,303.45,13.44,0.75,INSUFFICIENT_DATA,0.0,industrial,Shatavahana Kudatini Steels,0.191,found,UNKNOWN,False,UNKNOWN,,"Sentinel-2 observation available but obscured by cloud cover (best: 64.2%, threshold: 30.0%)"
429,Unknown / Insufficient Evidence,0.0,"Unknown / Insufficient Evidence
Supporting evidence:
- insufficient or conflicting physical & contextual evidence
- land-cover context is UNKNOWN
- satellite observation unavailable/obscured",1,isolated,303.98,16.95,0.86,INSUFFICIENT_DATA,0.0,industrial,Hospet Steels,0.891,found,UNKNOWN,False,UNKNOWN,,"Sentinel-2 observation available but obscured by cloud cover (best: 64.2%, threshold: 30.0%)"
430,Unknown / Insufficient Evidence,0.0,"Unknown / Insufficient Evidence
Supporting evidence:
- insufficient or conflicting physical & contextual evidence
- land-cover context is UNKNOWN
- satellite observation unavailable/obscured",1,isolated,300.41,13.45,0.6,INSUFFICIENT_DATA,0.0,industrial,Gokul Shirgaon Five Star MIDC,1.969,found,UNKNOWN,False,UNKNOWN,,"Sentinel-2 observation available but obscured by cloud cover (best: 69.7%, threshold: 30.0%)"
431,Unknown / Insufficient Evidence,0.0,"Unknown / Insufficient Evidence
Supporting evidence:
- insufficient or conflicting physical & contextual evidence
- land-cover context is UNKNOWN
- satellite observation unavailable/obscured",1,isolated,301.97,20.46,0.96,INSUFFICIENT_DATA,0.0,industrial,ACC Cement,0.155,found,UNKNOWN,False,UNKNOWN,,"Sentinel-2 observation available but obscured by cloud cover (best: 60.5%, threshold: 30.0%)"
432,Unknown / Insufficient Evidence,0.0,"Unknown / Insufficient Evidence
Supporting evidence:
- insufficient or conflicting physical & contextual evidence
- land-cover context is UNKNOWN
- satellite observation unavailable/obscured",1,isolated,300.11,23.34,0.75,INSUFFICIENT_DATA,0.0,industrial,none,0.622,found,UNKNOWN,False,UNKNOWN,,"Sentinel-2 observation available but obscured by cloud cover (best: 45.3%, threshold: 30.0%)"
433,Industrial-context thermal event,0.85,"Industrial-context thermal event
Supporting evidence:
- activity is recurring (active_days=3)
- activity is spatially stationary (displacement=0.41 km)
- high spectral brightness temperature contrast (bt_diff=39.5 K)
- industrial facility detected nearby (works at 0.10 km)
- land-cover context is UNKNOWN
- satellite observation unavailable/obscured",3,short_lived_repeated,329.97,39.52,6.91,STATIONARY,0.412,works,none,0.1,found,UNKNOWN,False,UNKNOWN,,"Sentinel-2 observation available but obscured by cloud cover (best: 64.4%, threshold: 30.0%)"
434,Industrial-context thermal event,0.65,"Industrial-context thermal event
Supporting evidence:
- activity is recurring (active_days=2)
- activity is spatially stationary (displacement=0.24 km)
- industrial facility detected nearby (industrial at 0.76 km)
- land-cover context is UNKNOWN
- satellite observation unavailable/obscured",2,short_lived_repeated,312.38,22.58,1.78,STATIONARY,0.24,industrial,none,0.759,found,UNKNOWN,False,UNKNOWN,,"Sentinel-2 observation available but obscured by cloud cover (best: 86.9%, threshold: 30.0%)"
435,Industrial-context thermal event,0.65,"Industrial-context thermal event
Supporting evidence:
- activity is recurring (active_days=2)
- activity is spatially stationary (displacement=0.03 km)
- industrial facility detected nearby (industrial at 0.07 km)
- land-cover context is UNKNOWN
- satellite observation unavailable/obscured",2,short_lived_repeated,311.2,20.91,2.03,STATIONARY,0.028,industrial,none,0.071,found,UNKNOWN,False,UNKNOWN,,"Sentinel-2 observation available but obscured by cloud cover (best: 86.9%, threshold: 30.0%)"
436,Unknown / Insufficient Evidence,0.0,"Unknown / Insufficient Evidence
Supporting evidence:
- insufficient or conflicting physical & contextual evidence
- OSM industrial context is UNKNOWN
- land-cover context is UNKNOWN
- satellite observation unavailable/obscured",1,isolated,308.73,19.17,1.26,INSUFFICIENT_DATA,0.0,none,none,inf,not_found,UNKNOWN,False,UNKNOWN,,"Sentinel-2 observation available but obscured by cloud cover (best: 64.4%, threshold: 30.0%)"
437,Unknown / Insufficient Evidence,0.0,"Unknown / Insufficient Evidence
Supporting evidence:
- insufficient or conflicting physical & contextual evidence
- land-cover context is UNKNOWN
- satellite observation unavailable/obscured",2,short_lived_repeated,306.13,19.85,3.89,MOVING,0.63,industrial,Jayaswal Neco,0.856,found,UNKNOWN,False,UNKNOWN,,"Sentinel-2 observation available but obscured by cloud cover (best: 86.9%, threshold: 30.0%)"
438,Unknown / Insufficient Evidence,0.0,"Unknown / Insufficient Evidence
Supporting evidence:
- insufficient or conflicting physical & contextual evidence
- land-cover context is UNKNOWN
- satellite observation unavailable/obscured",1,isolated,306.94,19.65,1.52,INSUFFICIENT_DATA,0.0,industrial,none,1.285,found,UNKNOWN,False,UNKNOWN,,"Sentinel-2 observation available but obscured by cloud cover (best: 86.9%, threshold: 30.0%)"
439,Unknown / Insufficient Evidence,0.0,"Unknown / Insufficient Evidence
Supporting evidence:
- insufficient or conflicting physical & contextual evidence
- land-cover context is UNKNOWN
- satellite observation unavailable/obscured",1,isolated,306.74,18.79,1.85,INSUFFICIENT_DATA,0.0,industrial,none,0.163,found,UNKNOWN,False,UNKNOWN,,"Sentinel-2 observation available but obscured by cloud cover (best: 86.9%, threshold: 30.0%)"
440,Industrial-context thermal event,0.65,"Industrial-context thermal event
Supporting evidence:
- activity is recurring (active_days=3)
- activity is spatially stationary (displacement=0.19 km)
- industrial facility detected nearby (industrial at 0.88 km)
- land-cover context is UNKNOWN
- satellite observation unavailable/obscured",3,short_lived_repeated,308.46,19.08,3.58,STATIONARY,0.192,industrial,none,0.88,found,UNKNOWN,False,UNKNOWN,,"Sentinel-2 observation available but obscured by cloud cover (best: 86.9%, threshold: 30.0%)"
441,Unknown / Insufficient Evidence,0.0,"Unknown / Insufficient Evidence
Supporting evidence:
- insufficient or conflicting physical & contextual evidence
- land-cover context is UNKNOWN
- satellite observation unavailable/obscured",1,isolated,312.33,21.66,1.34,INSUFFICIENT_DATA,0.0,industrial,none,0.084,found,UNKNOWN,False,UNKNOWN,,"Sentinel-2 observation available but obscured by cloud cover (best: 55.4%, threshold: 30.0%)"
442,Industrial-context thermal event,0.85,"Industrial-context thermal event
Supporting evidence:
- activity is recurring (active_days=2)
- activity is spatially stationary (displacement=0.10 km)
- high spectral brightness temperature contrast (bt_diff=41.3 K)
- industrial facility detected nearby (industrial at 0.44 km)
- land-cover context is UNKNOWN
- satellite observation unavailable/obscured",2,short_lived_repeated,331.58,41.28,3.26,STATIONARY,0.096,industrial,Shyam Metallic & Energy,0.436,found,UNKNOWN,False,UNKNOWN,,"Sentinel-2 observation available but obscured by cloud cover (best: 77.4%, threshold: 30.0%)"
443,Unknown / Insufficient Evidence,0.0,"Unknown / Insufficient Evidence
Supporting evidence:
- insufficient or conflicting physical & contextual evidence
- land-cover context is UNKNOWN
- satellite observation unavailable/obscured",1,isolated,307.73,17.42,1.54,INSUFFICIENT_DATA,0.0,industrial,none,0.129,found,UNKNOWN,False,UNKNOWN,,"Sentinel-2 observation available but obscured by cloud cover (best: 60.3%, threshold: 30.0%)"
444,Unknown / Insufficient Evidence,0.0,"Unknown / Insufficient Evidence
Supporting evidence:
- insufficient or conflicting physical & contextual evidence
- land-cover context is UNKNOWN
- satellite observation unavailable/obscured",1,isolated,317.49,26.8,3.92,INSUFFICIENT_DATA,0.0,industrial,none,1.938,found,UNKNOWN,False,UNKNOWN,,"Sentinel-2 observation available but obscured by cloud cover (best: 64.9%, threshold: 30.0%)"
445,Industrial-context thermal event,0.85,"Industrial-context thermal event
Supporting evidence:
- activity is recurring (active_days=2)
- activity is spatially stationary (displacement=0.13 km)
- high spectral brightness temperature contrast (bt_diff=47.7 K)
- industrial facility detected nearby (industrial at 0.84 km)
- land-cover context is UNKNOWN
- satellite observation unavailable/obscured",2,short_lived_repeated,346.59,47.72,6.75,STATIONARY,0.132,industrial,Jindal Steel Works,0.845,found,UNKNOWN,False,UNKNOWN,,"Sentinel-2 observation available but obscured by cloud cover (best: 64.9%, threshold: 30.0%)"
446,Agricultural-context thermal event,0.55,"Agricultural-context thermal event
Supporting evidence:
- short-lived transient activity (active_days=2)
- minor localized plot displacement
- OSM industrial context is UNKNOWN
- land-cover context is UNKNOWN
- satellite observation unavailable/obscured",2,short_lived_repeated,310.43,19.58,2.75,STATIONARY,0.097,none,none,inf,not_found,UNKNOWN,False,UNKNOWN,,"Sentinel-2 observation available but obscured by cloud cover (best: 64.9%, threshold: 30.0%)"
447,Unknown / Insufficient Evidence,0.0,"Unknown / Insufficient Evidence
Supporting evidence:
- insufficient or conflicting physical & contextual evidence
- land-cover context is UNKNOWN
- satellite observation unavailable/obscured",1,isolated,306.07,15.3,1.92,INSUFFICIENT_DATA,0.0,industrial,none,1.849,found,UNKNOWN,False,UNKNOWN,,"Sentinel-2 observation available but obscured by cloud cover (best: 64.9%, threshold: 30.0%)"
448,Unknown / Insufficient Evidence,0.0,"Unknown / Insufficient Evidence
Supporting evidence:
- insufficient or conflicting physical & contextual evidence
- land-cover context is UNKNOWN
- satellite observation unavailable/obscured",1,isolated,307.3,16.52,2.14,INSUFFICIENT_DATA,0.0,industrial,none,1.547,found,UNKNOWN,False,UNKNOWN,,"Sentinel-2 observation available but obscured by cloud cover (best: 64.9%, threshold: 30.0%)"
449,Agricultural-context thermal event,0.55,"Agricultural-context thermal event
Supporting evidence:
- short-lived transient activity (active_days=2)
- minor localized plot displacement
- OSM industrial context is UNKNOWN
- land-cover context is UNKNOWN
- satellite observation unavailable/obscured",2,short_lived_repeated,321.44,30.15,2.21,STATIONARY,0.419,none,none,inf,not_found,UNKNOWN,False,UNKNOWN,,"Sentinel-2 observation available but obscured by cloud cover (best: 64.9%, threshold: 30.0%)"
450,Unknown / Insufficient Evidence,0.0,"Unknown / Insufficient Evidence
Supporting evidence:
- insufficient or conflicting physical & contextual evidence
- OSM industrial context is UNKNOWN
- land-cover context is UNKNOWN
- satellite observation unavailable/obscured",1,isolated,302.47,12.32,1.08,INSUFFICIENT_DATA,0.0,none,none,inf,not_found,UNKNOWN,False,UNKNOWN,,"Sentinel-2 observation available but obscured by cloud cover (best: 60.3%, threshold: 30.0%)"
451,Industrial-context thermal event,0.65,"Industrial-context thermal event
Supporting evidence:
- activity is recurring (active_days=3)
- activity is spatially stationary (displacement=0.12 km)
- industrial facility detected nearby (brickyard at 1.84 km)
- land-cover context is UNKNOWN
- satellite observation unavailable/obscured",3,short_lived_repeated,312.52,21.41,2.07,STATIONARY,0.115,brickyard,none,1.841,found,UNKNOWN,False,UNKNOWN,,"Sentinel-2 observation available but obscured by cloud cover (best: 35.6%, threshold: 30.0%)"
452,Industrial-context thermal event,0.65,"Industrial-context thermal event
Supporting evidence:
- activity is recurring (active_days=3)
- activity is spatially stationary (displacement=0.37 km)
- industrial facility detected nearby (brickyard at 1.39 km)
- land-cover context is UNKNOWN
- satellite observation unavailable/obscured",3,short_lived_repeated,320.3,27.35,4.68,STATIONARY,0.366,brickyard,none,1.389,found,UNKNOWN,False,UNKNOWN,,"Sentinel-2 observation available but obscured by cloud cover (best: 35.6%, threshold: 30.0%)"
453,Unknown / Insufficient Evidence,0.0,"Unknown / Insufficient Evidence
Supporting evidence:
- insufficient or conflicting physical & contextual evidence
- land-cover context is UNKNOWN",1,isolated,309.22,17.18,1.62,INSUFFICIENT_DATA,0.0,cement,Cement Factory,0.128,found,UNKNOWN,True,SeaLake,0.2909,Satellite CNN prediction: SeaLake (confidence: 0.29)
454,Unknown / Insufficient Evidence,0.0,"Unknown / Insufficient Evidence
Supporting evidence:
- insufficient or conflicting physical & contextual evidence
- land-cover context is UNKNOWN",1,isolated,306.26,13.19,0.85,INSUFFICIENT_DATA,0.0,industrial,none,1.59,found,UNKNOWN,True,SeaLake,0.991,Satellite CNN prediction: SeaLake (confidence: 0.99)
455,Forest/Natural-context thermal event,0.8,"Forest/Natural-context thermal event
Supporting evidence:
- active spatial displacement observed (movement=1.34 km)
- high peak thermal power surge (max_frp=21.9 MW)
- multi-day active fire duration
- OSM industrial context is UNKNOWN
- land-cover context is UNKNOWN
- satellite observation unavailable/obscured",2,short_lived_repeated,346.16,42.82,21.87,MOVING,1.337,none,none,inf,not_found,UNKNOWN,False,UNKNOWN,,"Sentinel-2 observation available but obscured by cloud cover (best: 47.8%, threshold: 30.0%)"
456,Unknown / Insufficient Evidence,0.0,"Unknown / Insufficient Evidence
Supporting evidence:
- insufficient or conflicting physical & contextual evidence
- OSM industrial context is UNKNOWN
- land-cover context is UNKNOWN",1,isolated,306.8,14.59,1.04,INSUFFICIENT_DATA,0.0,none,none,inf,not_found,UNKNOWN,True,SeaLake,0.9711,Satellite CNN prediction: SeaLake (confidence: 0.97)
457,Unknown / Insufficient Evidence,0.0,"Unknown / Insufficient Evidence
Supporting evidence:
- insufficient or conflicting physical & contextual evidence
- OSM industrial context is UNKNOWN
- land-cover context is UNKNOWN
- satellite observation unavailable/obscured",1,isolated,313.6,27.99,1.16,INSUFFICIENT_DATA,0.0,none,none,inf,not_found,UNKNOWN,False,UNKNOWN,,"Sentinel-2 observation available but obscured by cloud cover (best: 38.1%, threshold: 30.0%)"
458,Industrial-context thermal event,0.85,"Industrial-context thermal event
Supporting evidence:
- activity is recurring (active_days=3)
- activity is spatially stationary (displacement=0.36 km)
- high spectral brightness temperature contrast (bt_diff=42.5 K)
- industrial facility detected nearby (steel at 0.22 km)
- land-cover context is UNKNOWN
- satellite observation unavailable/obscured",3,short_lived_repeated,335.58,42.47,2.99,STATIONARY,0.361,steel,JSW Steel Plant,0.22,found,UNKNOWN,False,UNKNOWN,,"Sentinel-2 observation available but obscured by cloud cover (best: 55.9%, threshold: 30.0%)"
459,Unknown / Insufficient Evidence,0.0,"Unknown / Insufficient Evidence
Supporting evidence:
- insufficient or conflicting physical & contextual evidence
- OSM industrial context is UNKNOWN
- land-cover context is UNKNOWN
- satellite observation unavailable/obscured",1,isolated,309.49,25.94,0.69,INSUFFICIENT_DATA,0.0,none,none,inf,not_found,UNKNOWN,False,UNKNOWN,,"Sentinel-2 observation available but obscured by cloud cover (best: 60.7%, threshold: 30.0%)"
460,Unknown / Insufficient Evidence,0.0,"Unknown / Insufficient Evidence
Supporting evidence:
- insufficient or conflicting physical & contextual evidence
- OSM industrial context is UNKNOWN
- land-cover context is UNKNOWN
- satellite observation unavailable/obscured",1,isolated,302.53,13.38,0.49,INSUFFICIENT_DATA,0.0,none,none,inf,not_found,UNKNOWN,False,UNKNOWN,,"Sentinel-2 observation available but obscured by cloud cover (best: 59.6%, threshold: 30.0%)"
461,Unknown / Insufficient Evidence,0.0,"Unknown / Insufficient Evidence
Supporting evidence:
- insufficient or conflicting physical & contextual evidence
- land-cover context is UNKNOWN
- satellite observation unavailable/obscured",1,isolated,302.78,13.36,1.07,INSUFFICIENT_DATA,0.0,industrial,none,1.148,found,UNKNOWN,False,UNKNOWN,,"Sentinel-2 observation available but obscured by cloud cover (best: 59.6%, threshold: 30.0%)"
462,Unknown / Insufficient Evidence,0.0,"Unknown / Insufficient Evidence
Supporting evidence:
- insufficient or conflicting physical & contextual evidence
- OSM industrial context is UNKNOWN
- land-cover context is UNKNOWN
- satellite observation unavailable/obscured",1,isolated,301.07,15.59,0.4,INSUFFICIENT_DATA,0.0,none,none,inf,not_found,UNKNOWN,False,UNKNOWN,,"Sentinel-2 observation available but obscured by cloud cover (best: 30.0%, threshold: 30.0%)"
463,Industrial-context thermal event,0.65,"Industrial-context thermal event
Supporting evidence:
- activity is recurring (active_days=2)
- activity is spatially stationary (displacement=0.04 km)
- industrial facility detected nearby (industrial at 0.99 km)
- land-cover context is UNKNOWN
- satellite observation unavailable/obscured",2,short_lived_repeated,313.52,22.67,2.64,STATIONARY,0.041,industrial,none,0.987,found,UNKNOWN,False,UNKNOWN,,"Sentinel-2 observation available but obscured by cloud cover (best: 58.8%, threshold: 30.0%)"
464,Unknown / Insufficient Evidence,0.0,"Unknown / Insufficient Evidence
Supporting evidence:
- insufficient or conflicting physical & contextual evidence
- land-cover context is UNKNOWN
- satellite observation unavailable/obscured",1,isolated,304.91,17.21,1.13,INSUFFICIENT_DATA,0.0,plant,none,1.229,found,UNKNOWN,False,UNKNOWN,,"Sentinel-2 observation available but obscured by cloud cover (best: 59.5%, threshold: 30.0%)"
465,Unknown / Insufficient Evidence,0.0,"Unknown / Insufficient Evidence
Supporting evidence:
- insufficient or conflicting physical & contextual evidence
- OSM industrial context is UNKNOWN
- land-cover context is UNKNOWN
- satellite observation unavailable/obscured",1,isolated,299.54,15.65,0.65,INSUFFICIENT_DATA,0.0,none,none,inf,not_found,UNKNOWN,False,UNKNOWN,,"Sentinel-2 observation available but obscured by cloud cover (best: 39.0%, threshold: 30.0%)"
466,Unknown / Insufficient Evidence,0.0,"Unknown / Insufficient Evidence
Supporting evidence:
- insufficient or conflicting physical & contextual evidence
- land-cover context is UNKNOWN
- satellite observation unavailable/obscured",1,isolated,309.21,24.79,0.86,INSUFFICIENT_DATA,0.0,industrial,none,1.001,found,UNKNOWN,False,UNKNOWN,,"Sentinel-2 observation available but obscured by cloud cover (best: 100.0%, threshold: 30.0%)"
467,Unknown / Insufficient Evidence,0.0,"Unknown / Insufficient Evidence
Supporting evidence:
- insufficient or conflicting physical & contextual evidence
- OSM industrial context is UNKNOWN
- land-cover context is UNKNOWN",1,isolated,301.41,16.33,0.52,INSUFFICIENT_DATA,0.0,none,none,inf,not_found,UNKNOWN,True,HerbaceousVegetation,0.964,Satellite CNN prediction: HerbaceousVegetation (confidence: 0.96)
468,Unknown / Insufficient Evidence,0.0,"Unknown / Insufficient Evidence
Supporting evidence:
- insufficient or conflicting physical & contextual evidence
- land-cover context is UNKNOWN
- satellite observation unavailable/obscured",1,isolated,301.99,16.42,1.2,INSUFFICIENT_DATA,0.0,plant,none,0.163,found,UNKNOWN,False,UNKNOWN,,"Sentinel-2 observation available but obscured by cloud cover (best: 59.5%, threshold: 30.0%)"
469,Unknown / Insufficient Evidence,0.0,"Unknown / Insufficient Evidence
Supporting evidence:
- insufficient or conflicting physical & contextual evidence
- OSM industrial context is UNKNOWN
- land-cover context is UNKNOWN
- satellite observation unavailable/obscured",1,isolated,306.21,23.56,0.79,INSUFFICIENT_DATA,0.0,none,none,inf,not_found,UNKNOWN,False,UNKNOWN,,"Sentinel-2 observation available but obscured by cloud cover (best: 78.4%, threshold: 30.0%)"
470,Unknown / Insufficient Evidence,0.0,"Unknown / Insufficient Evidence
Supporting evidence:
- insufficient or conflicting physical & contextual evidence
- land-cover context is UNKNOWN
- satellite observation unavailable/obscured",1,isolated,301.74,19.84,1.23,INSUFFICIENT_DATA,0.0,refinery,Reliance Refinery,0.124,found,UNKNOWN,False,UNKNOWN,,"Sentinel-2 observation available but obscured by cloud cover (best: 96.1%, threshold: 30.0%)"
471,Unknown / Insufficient Evidence,0.0,"Unknown / Insufficient Evidence
Supporting evidence:
- insufficient or conflicting physical & contextual evidence
- land-cover context is UNKNOWN
- satellite observation unavailable/obscured",1,isolated,302.09,23.12,1.06,INSUFFICIENT_DATA,0.0,cooling,none,0.304,found,UNKNOWN,False,UNKNOWN,,"Sentinel-2 observation available but obscured by cloud cover (best: 96.1%, threshold: 30.0%)"
472,Unknown / Insufficient Evidence,0.0,"Unknown / Insufficient Evidence
Supporting evidence:
- insufficient or conflicting physical & contextual evidence
- land-cover context is UNKNOWN
- satellite observation unavailable/obscured",1,isolated,306.64,12.89,1.21,INSUFFICIENT_DATA,0.0,industrial,none,0.198,found,UNKNOWN,False,UNKNOWN,,"Sentinel-2 observation available but obscured by cloud cover (best: 79.6%, threshold: 30.0%)"
473,Unknown / Insufficient Evidence,0.0,"Unknown / Insufficient Evidence
Supporting evidence:
- insufficient or conflicting physical & contextual evidence
- land-cover context is UNKNOWN
- satellite observation unavailable/obscured",1,isolated,305.87,12.12,1.26,INSUFFICIENT_DATA,0.0,industrial,none,0.597,found,UNKNOWN,False,UNKNOWN,,"Sentinel-2 observation available but obscured by cloud cover (best: 79.6%, threshold: 30.0%)"
474,Unknown / Insufficient Evidence,0.0,"Unknown / Insufficient Evidence
Supporting evidence:
- insufficient or conflicting physical & contextual evidence
- land-cover context is UNKNOWN
- satellite observation unavailable/obscured",1,isolated,308.19,15.28,1.26,INSUFFICIENT_DATA,0.0,plant,SANGHIPURAM CEMENT,0.168,found,UNKNOWN,False,UNKNOWN,,"Sentinel-2 observation available but obscured by cloud cover (best: 62.4%, threshold: 30.0%)"
475,Unknown / Insufficient Evidence,0.0,"Unknown / Insufficient Evidence
Supporting evidence:
- insufficient or conflicting physical & contextual evidence
- OSM industrial context is UNKNOWN
- land-cover context is UNKNOWN
- satellite observation unavailable/obscured",1,isolated,304.66,19.54,1.12,INSUFFICIENT_DATA,0.0,none,none,inf,not_found,UNKNOWN,False,UNKNOWN,,"Sentinel-2 observation available but obscured by cloud cover (best: 67.5%, threshold: 30.0%)"
476,Industrial-context thermal event,0.65,"Industrial-context thermal event
Supporting evidence:
- activity is recurring (active_days=2)
- activity is spatially stationary (displacement=0.22 km)
- industrial facility detected nearby (industrial at 0.72 km)
- land-cover context is UNKNOWN
- satellite observation unavailable/obscured",2,short_lived_repeated,318.43,25.66,2.14,STATIONARY,0.22,industrial,Arjas Steel Plant,0.719,found,UNKNOWN,False,UNKNOWN,,"Sentinel-2 observation available but obscured by cloud cover (best: 73.1%, threshold: 30.0%)"
477,Unknown / Insufficient Evidence,0.0,"Unknown / Insufficient Evidence
Supporting evidence:
- insufficient or conflicting physical & contextual evidence
- land-cover context is UNKNOWN
- satellite observation unavailable/obscured",1,isolated,300.48,15.18,1.32,INSUFFICIENT_DATA,0.0,industrial,none,0.464,found,UNKNOWN,False,UNKNOWN,,"Sentinel-2 observation available but obscured by cloud cover (best: 64.2%, threshold: 30.0%)"
478,Unknown / Insufficient Evidence,0.0,"Unknown / Insufficient Evidence
Supporting evidence:
- insufficient or conflicting physical & contextual evidence
- OSM industrial context is UNKNOWN
- land-cover context is UNKNOWN",1,isolated,300.48,12.88,0.75,INSUFFICIENT_DATA,0.0,none,none,inf,not_found,UNKNOWN,True,AnnualCrop,0.4408,Satellite CNN prediction: AnnualCrop (confidence: 0.44)
479,Industrial-context thermal event,0.85,"Industrial-context thermal event
Supporting evidence:
- activity is recurring (active_days=2)
- activity is spatially stationary (displacement=0.26 km)
- high spectral brightness temperature contrast (bt_diff=45.0 K)
- industrial facility detected nearby (industrial at 0.37 km)
- land-cover context is UNKNOWN
- satellite observation unavailable/obscured",2,short_lived_repeated,343.35,45.02,9.22,STATIONARY,0.257,industrial,none,0.369,found,UNKNOWN,False,UNKNOWN,,"Sentinel-2 observation available but obscured by cloud cover (best: 67.8%, threshold: 30.0%)"
480,Unknown / Insufficient Evidence,0.0,"Unknown / Insufficient Evidence
Supporting evidence:
- insufficient or conflicting physical & contextual evidence
- OSM industrial context is UNKNOWN
- land-cover context is UNKNOWN",1,isolated,330.95,37.74,3.77,INSUFFICIENT_DATA,0.0,none,none,inf,not_found,UNKNOWN,True,SeaLake,0.9939,Satellite CNN prediction: SeaLake (confidence: 0.99)
481,Unknown / Insufficient Evidence,0.0,"Unknown / Insufficient Evidence
Supporting evidence:
- insufficient or conflicting physical & contextual evidence
- OSM industrial context is UNKNOWN
- land-cover context is UNKNOWN",1,isolated,330.23,36.6,3.82,INSUFFICIENT_DATA,0.0,none,none,inf,not_found,UNKNOWN,True,SeaLake,0.9986,Satellite CNN prediction: SeaLake (confidence: 1.00)
482,Agricultural-context thermal event,0.55,"Agricultural-context thermal event
Supporting evidence:
- short-lived transient activity (active_days=1)
- satellite CNN visual context is PermanentCrop (model confidence=0.92)
- OSM industrial context is UNKNOWN
- land-cover context is UNKNOWN",1,isolated,333.44,39.18,2.84,INSUFFICIENT_DATA,0.0,none,none,inf,not_found,UNKNOWN,True,PermanentCrop,0.9167,Satellite CNN prediction: PermanentCrop (confidence: 0.92)
483,Unknown / Insufficient Evidence,0.0,"Unknown / Insufficient Evidence
Supporting evidence:
- insufficient or conflicting physical & contextual evidence
- OSM industrial context is UNKNOWN
- land-cover context is UNKNOWN
- satellite observation unavailable/obscured",1,isolated,331.44,39.64,1.86,INSUFFICIENT_DATA,0.0,none,none,inf,not_found,UNKNOWN,False,UNKNOWN,,"Sentinel-2 observation available but obscured by cloud cover (best: 44.7%, threshold: 30.0%)"
484,Unknown / Insufficient Evidence,0.0,"Unknown / Insufficient Evidence
Supporting evidence:
- insufficient or conflicting physical & contextual evidence
- OSM industrial context is UNKNOWN
- land-cover context is UNKNOWN",1,isolated,331.55,37.29,3.31,INSUFFICIENT_DATA,0.0,none,none,inf,not_found,UNKNOWN,True,SeaLake,0.9808,Satellite CNN prediction: SeaLake (confidence: 0.98)
485,Agricultural-context thermal event,0.55,"Agricultural-context thermal event
Supporting evidence:
- short-lived transient activity (active_days=1)
- moderate thermal power typical of crop burning (max_frp=5.8 MW)
- OSM industrial context is UNKNOWN
- land-cover context is UNKNOWN
- satellite observation unavailable/obscured",1,isolated,330.94,37.93,5.81,INSUFFICIENT_DATA,0.0,none,none,inf,not_found,UNKNOWN,False,UNKNOWN,,"Sentinel-2 observation available but obscured by cloud cover (best: 38.1%, threshold: 30.0%)"
486,Agricultural-context thermal event,0.55,"Agricultural-context thermal event
Supporting evidence:
- short-lived transient activity (active_days=1)
- moderate thermal power typical of crop burning (max_frp=5.8 MW)
- OSM industrial context is UNKNOWN
- land-cover context is UNKNOWN
- satellite observation unavailable/obscured",1,isolated,337.35,45.15,5.76,INSUFFICIENT_DATA,0.0,none,none,inf,not_found,UNKNOWN,False,UNKNOWN,,"Sentinel-2 observation available but obscured by cloud cover (best: 38.1%, threshold: 30.0%)"
487,Agricultural-context thermal event,0.55,"Agricultural-context thermal event
Supporting evidence:
- short-lived transient activity (active_days=1)
- moderate thermal power typical of crop burning (max_frp=5.3 MW)
- OSM industrial context is UNKNOWN
- land-cover context is UNKNOWN",1,isolated,336.01,42.29,5.35,INSUFFICIENT_DATA,0.0,none,none,inf,not_found,UNKNOWN,True,River,0.4871,Satellite CNN prediction: River (confidence: 0.49)
488,Unknown / Insufficient Evidence,0.0,"Unknown / Insufficient Evidence
Supporting evidence:
- insufficient or conflicting physical & contextual evidence
- OSM industrial context is UNKNOWN
- land-cover context is UNKNOWN",1,isolated,344.62,45.63,4.29,INSUFFICIENT_DATA,0.0,none,none,inf,not_found,UNKNOWN,True,HerbaceousVegetation,0.3735,Satellite CNN prediction: HerbaceousVegetation (confidence: 0.37)
489,Unknown / Insufficient Evidence,0.0,"Unknown / Insufficient Evidence
Supporting evidence:
- insufficient or conflicting physical & contextual evidence
- OSM industrial context is UNKNOWN
- land-cover context is UNKNOWN
- satellite observation unavailable/obscured",1,isolated,334.23,40.41,4.44,INSUFFICIENT_DATA,0.0,none,none,inf,not_found,UNKNOWN,False,UNKNOWN,,"Sentinel-2 observation available but obscured by cloud cover (best: 60.7%, threshold: 30.0%)"
490,Agricultural-context thermal event,0.55,"Agricultural-context thermal event
Supporting evidence:
- short-lived transient activity (active_days=1)
- moderate thermal power typical of crop burning (max_frp=5.7 MW)
- OSM industrial context is UNKNOWN
- land-cover context is UNKNOWN
- satellite observation unavailable/obscured",1,isolated,338.62,43.87,5.7,INSUFFICIENT_DATA,0.0,none,none,inf,not_found,UNKNOWN,False,UNKNOWN,,"Sentinel-2 observation available but obscured by cloud cover (best: 60.7%, threshold: 30.0%)"
491,Agricultural-context thermal event,0.75,"Agricultural-context thermal event
Supporting evidence:
- short-lived transient activity (active_days=1)
- moderate thermal power typical of crop burning (max_frp=22.5 MW)
- satellite CNN visual context is PermanentCrop (model confidence=0.99)
- OSM industrial context is UNKNOWN
- land-cover context is UNKNOWN",1,isolated,339.29,40.57,22.49,INSUFFICIENT_DATA,0.0,none,none,inf,not_found,UNKNOWN,True,PermanentCrop,0.9902,Satellite CNN prediction: PermanentCrop (confidence: 0.99)
492,Agricultural-context thermal event,0.55,"Agricultural-context thermal event
Supporting evidence:
- short-lived transient activity (active_days=1)
- moderate thermal power typical of crop burning (max_frp=14.7 MW)
- OSM industrial context is UNKNOWN
- land-cover context is UNKNOWN
- satellite observation unavailable/obscured",1,isolated,340.59,43.18,14.68,INSUFFICIENT_DATA,0.0,none,none,inf,not_found,UNKNOWN,False,UNKNOWN,,"Sentinel-2 observation available but obscured by cloud cover (best: 84.9%, threshold: 30.0%)"
493,Industrial-context thermal event,0.45,"Industrial-context thermal event
Supporting evidence:
- high spectral brightness temperature contrast (bt_diff=41.7 K)
- industrial facility detected nearby (industrial at 1.70 km)
- land-cover context is UNKNOWN
- satellite observation unavailable/obscured",1,isolated,339.64,41.73,6.42,INSUFFICIENT_DATA,0.0,industrial,none,1.7,found,UNKNOWN,False,UNKNOWN,,"Sentinel-2 observation available but obscured by cloud cover (best: 84.9%, threshold: 30.0%)"
494,Agricultural-context thermal event,0.55,"Agricultural-context thermal event
Supporting evidence:
- short-lived transient activity (active_days=1)
- moderate thermal power typical of crop burning (max_frp=10.1 MW)
- OSM industrial context is UNKNOWN
- land-cover context is UNKNOWN",1,isolated,335.94,39.6,10.14,INSUFFICIENT_DATA,0.0,none,none,inf,not_found,UNKNOWN,True,SeaLake,0.9904,Satellite CNN prediction: SeaLake (confidence: 0.99)
495,Agricultural-context thermal event,0.55,"Agricultural-context thermal event
Supporting evidence:
- short-lived transient activity (active_days=1)
- moderate thermal power typical of crop burning (max_frp=9.6 MW)
- OSM industrial context is UNKNOWN
- land-cover context is UNKNOWN
- satellite observation unavailable/obscured",1,isolated,342.05,43.58,9.56,INSUFFICIENT_DATA,0.0,none,none,inf,not_found,UNKNOWN,False,UNKNOWN,,"Sentinel-2 observation available but obscured by cloud cover (best: 84.9%, threshold: 30.0%)"
496,Agricultural-context thermal event,0.55,"Agricultural-context thermal event
Supporting evidence:
- short-lived transient activity (active_days=1)
- moderate thermal power typical of crop burning (max_frp=9.8 MW)
- OSM industrial context is UNKNOWN
- land-cover context is UNKNOWN",1,isolated,340.24,40.71,9.77,INSUFFICIENT_DATA,0.0,none,none,inf,not_found,UNKNOWN,True,SeaLake,0.9711,Satellite CNN prediction: SeaLake (confidence: 0.97)
497,Industrial-context thermal event,0.45,"Industrial-context thermal event
Supporting evidence:
- high spectral brightness temperature contrast (bt_diff=44.1 K)
- industrial facility detected nearby (depot at 1.63 km)
- land-cover context is UNKNOWN",1,isolated,339.22,44.11,8.95,INSUFFICIENT_DATA,0.0,depot,"APSRTC Bus Depot , Rajampeta",1.629,found,UNKNOWN,True,SeaLake,0.9943,Satellite CNN prediction: SeaLake (confidence: 0.99)
498,Unknown / Insufficient Evidence,0.0,"Unknown / Insufficient Evidence
Supporting evidence:
- insufficient or conflicting physical & contextual evidence
- OSM industrial context is UNKNOWN
- land-cover context is UNKNOWN
- satellite observation unavailable/obscured",1,isolated,342.18,45.4,4.76,INSUFFICIENT_DATA,0.0,none,none,inf,not_found,UNKNOWN,False,UNKNOWN,,"Sentinel-2 observation available but obscured by cloud cover (best: 38.4%, threshold: 30.0%)"
499,Agricultural-context thermal event,0.55,"Agricultural-context thermal event
Supporting evidence:
- short-lived transient activity (active_days=1)
- moderate thermal power typical of crop burning (max_frp=15.2 MW)
- OSM industrial context is UNKNOWN
- land-cover context is UNKNOWN",1,isolated,345.75,47.31,15.23,INSUFFICIENT_DATA,0.0,none,none,inf,not_found,UNKNOWN,True,SeaLake,0.9908,Satellite CNN prediction: SeaLake (confidence: 0.99)
500,Agricultural-context thermal event,0.55,"Agricultural-context thermal event
Supporting evidence:
- short-lived transient activity (active_days=1)
- moderate thermal power typical of crop burning (max_frp=6.0 MW)
- OSM industrial context is UNKNOWN
- land-cover context is UNKNOWN",1,isolated,335.61,36.85,5.99,INSUFFICIENT_DATA,0.0,none,none,inf,not_found,UNKNOWN,True,SeaLake,0.9675,Satellite CNN prediction: SeaLake (confidence: 0.97)
501,Agricultural-context thermal event,0.55,"Agricultural-context thermal event
Supporting evidence:
- short-lived transient activity (active_days=2)
- moderate thermal power typical of crop burning (max_frp=7.2 MW)
- OSM industrial context is UNKNOWN
- land-cover context is UNKNOWN",2,short_lived_repeated,347.18,39.32,7.21,MOVING,0.728,none,none,inf,not_found,UNKNOWN,True,SeaLake,0.9748,Satellite CNN prediction: SeaLake (confidence: 0.97)
502,Unknown / Insufficient Evidence,0.0,"Unknown / Insufficient Evidence
Supporting evidence:
- insufficient or conflicting physical & contextual evidence
- OSM industrial context is UNKNOWN
- land-cover context is UNKNOWN",1,isolated,330.0,30.08,3.53,INSUFFICIENT_DATA,0.0,none,none,inf,not_found,UNKNOWN,True,SeaLake,0.9993,Satellite CNN prediction: SeaLake (confidence: 1.00)
503,Unknown / Insufficient Evidence,0.0,"Unknown / Insufficient Evidence
Supporting evidence:
- insufficient or conflicting physical & contextual evidence
- OSM industrial context is UNKNOWN
- land-cover context is UNKNOWN",1,isolated,336.63,39.25,4.22,INSUFFICIENT_DATA,0.0,none,none,inf,not_found,UNKNOWN,True,SeaLake,0.9975,Satellite CNN prediction: SeaLake (confidence: 1.00)
504,Unknown / Insufficient Evidence,0.0,"Unknown / Insufficient Evidence
Supporting evidence:
- insufficient or conflicting physical & contextual evidence
- OSM industrial context is UNKNOWN
- land-cover context is UNKNOWN
- satellite observation unavailable/obscured",1,isolated,331.15,32.63,2.85,INSUFFICIENT_DATA,0.0,none,none,inf,not_found,UNKNOWN,False,UNKNOWN,,"Sentinel-2 observation available but obscured by cloud cover (best: 81.5%, threshold: 30.0%)"
505,Unknown / Insufficient Evidence,0.0,"Unknown / Insufficient Evidence
Supporting evidence:
- insufficient or conflicting physical & contextual evidence
- OSM industrial context is UNKNOWN
- land-cover context is UNKNOWN
- satellite observation unavailable/obscured",1,isolated,332.49,32.92,4.51,INSUFFICIENT_DATA,0.0,none,none,inf,not_found,UNKNOWN,False,UNKNOWN,,"Sentinel-2 observation available but obscured by cloud cover (best: 38.3%, threshold: 30.0%)"
506,Agricultural-context thermal event,0.55,"Agricultural-context thermal event
Supporting evidence:
- short-lived transient activity (active_days=1)
- moderate thermal power typical of crop burning (max_frp=5.4 MW)
- OSM industrial context is UNKNOWN
- land-cover context is UNKNOWN
- satellite observation unavailable/obscured",1,isolated,342.14,40.55,5.44,INSUFFICIENT_DATA,0.0,none,none,inf,not_found,UNKNOWN,False,UNKNOWN,,"Sentinel-2 observation available but obscured by cloud cover (best: 38.3%, threshold: 30.0%)"
507,Agricultural-context thermal event,0.55,"Agricultural-context thermal event
Supporting evidence:
- short-lived transient activity (active_days=1)
- moderate thermal power typical of crop burning (max_frp=7.3 MW)
- OSM industrial context is UNKNOWN
- land-cover context is UNKNOWN
- satellite observation unavailable/obscured",1,isolated,343.75,46.84,7.34,INSUFFICIENT_DATA,0.0,none,none,inf,not_found,UNKNOWN,False,UNKNOWN,,"Sentinel-2 observation available but obscured by cloud cover (best: 50.0%, threshold: 30.0%)"
508,Agricultural-context thermal event,0.55,"Agricultural-context thermal event
Supporting evidence:
- short-lived transient activity (active_days=1)
- moderate thermal power typical of crop burning (max_frp=7.0 MW)
- OSM industrial context is UNKNOWN
- land-cover context is UNKNOWN
- satellite observation unavailable/obscured",1,isolated,335.57,38.66,7.02,INSUFFICIENT_DATA,0.0,none,none,inf,not_found,UNKNOWN,False,UNKNOWN,,"Sentinel-2 observation available but obscured by cloud cover (best: 97.0%, threshold: 30.0%)"
509,Unknown / Insufficient Evidence,0.0,"Unknown / Insufficient Evidence
Supporting evidence:
- insufficient or conflicting physical & contextual evidence
- OSM industrial context is UNKNOWN
- land-cover context is UNKNOWN
- satellite observation unavailable/obscured",1,isolated,336.47,35.82,3.89,INSUFFICIENT_DATA,0.0,none,none,inf,not_found,UNKNOWN,False,UNKNOWN,,"Sentinel-2 observation available but obscured by cloud cover (best: 73.0%, threshold: 30.0%)"
510,Agricultural-context thermal event,0.55,"Agricultural-context thermal event
Supporting evidence:
- short-lived transient activity (active_days=1)
- moderate thermal power typical of crop burning (max_frp=12.3 MW)
- OSM industrial context is UNKNOWN
- land-cover context is UNKNOWN
- satellite observation unavailable/obscured",1,isolated,354.72,53.03,12.35,INSUFFICIENT_DATA,0.0,none,none,inf,not_found,UNKNOWN,False,UNKNOWN,,"Sentinel-2 observation available but obscured by cloud cover (best: 73.0%, threshold: 30.0%)"
511,Agricultural-context thermal event,0.55,"Agricultural-context thermal event
Supporting evidence:
- short-lived transient activity (active_days=1)
- moderate thermal power typical of crop burning (max_frp=6.6 MW)
- OSM industrial context is UNKNOWN
- land-cover context is UNKNOWN
- satellite observation unavailable/obscured",1,isolated,342.6,42.34,6.58,INSUFFICIENT_DATA,0.0,none,none,inf,not_found,UNKNOWN,False,UNKNOWN,,"Sentinel-2 observation available but obscured by cloud cover (best: 73.0%, threshold: 30.0%)"
512,Agricultural-context thermal event,0.55,"Agricultural-context thermal event
Supporting evidence:
- short-lived transient activity (active_days=1)
- moderate thermal power typical of crop burning (max_frp=5.8 MW)
- OSM industrial context is UNKNOWN
- land-cover context is UNKNOWN
- satellite observation unavailable/obscured",1,isolated,342.33,42.9,5.8,INSUFFICIENT_DATA,0.0,none,none,inf,not_found,UNKNOWN,False,UNKNOWN,,"Sentinel-2 observation available but obscured by cloud cover (best: 73.0%, threshold: 30.0%)"
513,Agricultural-context thermal event,0.55,"Agricultural-context thermal event
Supporting evidence:
- short-lived transient activity (active_days=1)
- moderate thermal power typical of crop burning (max_frp=10.1 MW)
- OSM industrial context is UNKNOWN
- land-cover context is UNKNOWN
- satellite observation unavailable/obscured",1,isolated,351.18,60.82,10.14,INSUFFICIENT_DATA,0.0,none,none,inf,not_found,UNKNOWN,False,UNKNOWN,,"Sentinel-2 observation available but obscured by cloud cover (best: 84.9%, threshold: 30.0%)"
514,Agricultural-context thermal event,0.55,"Agricultural-context thermal event
Supporting evidence:
- short-lived transient activity (active_days=1)
- moderate thermal power typical of crop burning (max_frp=15.6 MW)
- OSM industrial context is UNKNOWN
- land-cover context is UNKNOWN",1,isolated,353.11,56.34,15.58,INSUFFICIENT_DATA,0.0,none,none,inf,not_found,UNKNOWN,True,HerbaceousVegetation,0.9983,Satellite CNN prediction: HerbaceousVegetation (confidence: 1.00)
515,Agricultural-context thermal event,0.55,"Agricultural-context thermal event
Supporting evidence:
- short-lived transient activity (active_days=1)
- moderate thermal power typical of crop burning (max_frp=9.0 MW)
- OSM industrial context is UNKNOWN
- land-cover context is UNKNOWN",1,isolated,332.53,37.35,9.04,INSUFFICIENT_DATA,0.0,none,none,inf,not_found,UNKNOWN,True,SeaLake,0.9964,Satellite CNN prediction: SeaLake (confidence: 1.00)
516,Unknown / Insufficient Evidence,0.0,"Unknown / Insufficient Evidence
Supporting evidence:
- insufficient or conflicting physical & contextual evidence
- OSM industrial context is UNKNOWN
- land-cover context is UNKNOWN
- satellite observation unavailable/obscured",1,isolated,331.4,41.51,1.76,INSUFFICIENT_DATA,0.0,none,none,inf,not_found,UNKNOWN,False,UNKNOWN,,"Sentinel-2 observation available but obscured by cloud cover (best: 45.4%, threshold: 30.0%)"
517,Agricultural-context thermal event,0.55,"Agricultural-context thermal event
Supporting evidence:
- short-lived transient activity (active_days=2)
- moderate thermal power typical of crop burning (max_frp=5.1 MW)
- OSM industrial context is UNKNOWN
- land-cover context is UNKNOWN",2,short_lived_repeated,338.08,34.01,5.11,MOVING,0.777,none,none,inf,not_found,UNKNOWN,True,SeaLake,0.2747,Satellite CNN prediction: SeaLake (confidence: 0.27)
518,Agricultural-context thermal event,0.55,"Agricultural-context thermal event
Supporting evidence:
- short-lived transient activity (active_days=1)
- moderate thermal power typical of crop burning (max_frp=6.3 MW)
- OSM industrial context is UNKNOWN
- land-cover context is UNKNOWN",1,isolated,340.37,34.55,6.32,INSUFFICIENT_DATA,0.0,none,none,inf,not_found,UNKNOWN,True,SeaLake,0.988,Satellite CNN prediction: SeaLake (confidence: 0.99)
519,Agricultural-context thermal event,0.55,"Agricultural-context thermal event
Supporting evidence:
- short-lived transient activity (active_days=1)
- moderate thermal power typical of crop burning (max_frp=6.8 MW)
- OSM industrial context is UNKNOWN
- land-cover context is UNKNOWN",1,isolated,342.06,35.11,6.79,INSUFFICIENT_DATA,0.0,none,none,inf,not_found,UNKNOWN,True,SeaLake,0.4311,Satellite CNN prediction: SeaLake (confidence: 0.43)
520,Unknown / Insufficient Evidence,0.0,"Unknown / Insufficient Evidence
Supporting evidence:
- insufficient or conflicting physical & contextual evidence
- OSM industrial context is UNKNOWN
- land-cover context is UNKNOWN
- satellite observation unavailable/obscured",1,isolated,347.39,42.99,3.17,INSUFFICIENT_DATA,0.0,none,none,inf,not_found,UNKNOWN,False,UNKNOWN,,"Sentinel-2 observation available but obscured by cloud cover (best: 47.8%, threshold: 30.0%)"
521,Unknown / Insufficient Evidence,0.0,"Unknown / Insufficient Evidence
Supporting evidence:
- insufficient or conflicting physical & contextual evidence
- OSM industrial context is UNKNOWN
- land-cover context is UNKNOWN",1,isolated,335.67,34.74,3.08,INSUFFICIENT_DATA,0.0,none,none,inf,not_found,UNKNOWN,True,PermanentCrop,0.4839,Satellite CNN prediction: PermanentCrop (confidence: 0.48)
522,Agricultural-context thermal event,0.55,"Agricultural-context thermal event
Supporting evidence:
- short-lived transient activity (active_days=1)
- moderate thermal power typical of crop burning (max_frp=10.4 MW)
- OSM industrial context is UNKNOWN
- land-cover context is UNKNOWN",1,isolated,338.78,35.08,10.42,INSUFFICIENT_DATA,0.0,none,none,inf,not_found,UNKNOWN,True,SeaLake,0.9971,Satellite CNN prediction: SeaLake (confidence: 1.00)
523,Agricultural-context thermal event,0.55,"Agricultural-context thermal event
Supporting evidence:
- short-lived transient activity (active_days=1)
- moderate thermal power typical of crop burning (max_frp=12.6 MW)
- OSM industrial context is UNKNOWN
- land-cover context is UNKNOWN
- satellite observation unavailable/obscured",1,isolated,341.53,33.29,12.57,INSUFFICIENT_DATA,0.0,none,none,inf,not_found,UNKNOWN,False,UNKNOWN,,"Sentinel-2 observation available but obscured by cloud cover (best: 47.8%, threshold: 30.0%)"
524,Agricultural-context thermal event,0.55,"Agricultural-context thermal event
Supporting evidence:
- short-lived transient activity (active_days=1)
- moderate thermal power typical of crop burning (max_frp=8.9 MW)
- OSM industrial context is UNKNOWN
- land-cover context is UNKNOWN
- satellite observation unavailable/obscured",1,isolated,344.8,40.26,8.88,INSUFFICIENT_DATA,0.0,none,none,inf,not_found,UNKNOWN,False,UNKNOWN,,"Sentinel-2 observation available but obscured by cloud cover (best: 47.8%, threshold: 30.0%)"
525,Unknown / Insufficient Evidence,0.0,"Unknown / Insufficient Evidence
Supporting evidence:
- insufficient or conflicting physical & contextual evidence
- OSM industrial context is UNKNOWN
- land-cover context is UNKNOWN",1,isolated,333.08,29.72,2.23,INSUFFICIENT_DATA,0.0,none,none,inf,not_found,UNKNOWN,True,SeaLake,0.936,Satellite CNN prediction: SeaLake (confidence: 0.94)
526,Agricultural-context thermal event,0.55,"Agricultural-context thermal event
Supporting evidence:
- short-lived transient activity (active_days=1)
- moderate thermal power typical of crop burning (max_frp=11.7 MW)
- OSM industrial context is UNKNOWN
- land-cover context is UNKNOWN",1,isolated,341.86,34.55,11.65,INSUFFICIENT_DATA,0.0,none,none,inf,not_found,UNKNOWN,True,SeaLake,0.9859,Satellite CNN prediction: SeaLake (confidence: 0.99)
527,Agricultural-context thermal event,0.55,"Agricultural-context thermal event
Supporting evidence:
- short-lived transient activity (active_days=1)
- moderate thermal power typical of crop burning (max_frp=23.9 MW)
- OSM industrial context is UNKNOWN
- land-cover context is UNKNOWN
- satellite observation unavailable/obscured",1,isolated,347.17,46.3,23.88,INSUFFICIENT_DATA,0.0,none,none,inf,not_found,UNKNOWN,False,UNKNOWN,,"Sentinel-2 observation available but obscured by cloud cover (best: 47.8%, threshold: 30.0%)"
528,Industrial-context thermal event,0.45,"Industrial-context thermal event
Supporting evidence:
- high spectral brightness temperature contrast (bt_diff=37.5 K)
- industrial facility detected nearby (plant at 0.38 km)
- land-cover context is UNKNOWN",1,isolated,337.78,37.46,4.88,INSUFFICIENT_DATA,0.0,plant,none,0.381,found,UNKNOWN,True,SeaLake,0.9982,Satellite CNN prediction: SeaLake (confidence: 1.00)
529,Agricultural-context thermal event,0.55,"Agricultural-context thermal event
Supporting evidence:
- short-lived transient activity (active_days=1)
- moderate thermal power typical of crop burning (max_frp=6.1 MW)
- OSM industrial context is UNKNOWN
- land-cover context is UNKNOWN
- satellite observation unavailable/obscured",1,isolated,339.66,36.55,6.1,INSUFFICIENT_DATA,0.0,none,none,inf,not_found,UNKNOWN,False,UNKNOWN,,"Sentinel-2 observation available but obscured by cloud cover (best: 38.1%, threshold: 30.0%)"
530,Unknown / Insufficient Evidence,0.0,"Unknown / Insufficient Evidence
Supporting evidence:
- insufficient or conflicting physical & contextual evidence
- OSM industrial context is UNKNOWN
- land-cover context is UNKNOWN",1,isolated,331.1,30.97,3.81,INSUFFICIENT_DATA,0.0,none,none,inf,not_found,UNKNOWN,True,SeaLake,0.7517,Satellite CNN prediction: SeaLake (confidence: 0.75)
531,Unknown / Insufficient Evidence,0.0,"Unknown / Insufficient Evidence
Supporting evidence:
- insufficient or conflicting physical & contextual evidence
- OSM industrial context is UNKNOWN
- land-cover context is UNKNOWN",1,isolated,331.26,34.0,1.3,INSUFFICIENT_DATA,0.0,none,none,inf,not_found,UNKNOWN,True,SeaLake,0.6549,Satellite CNN prediction: SeaLake (confidence: 0.65)
532,Agricultural-context thermal event,0.55,"Agricultural-context thermal event
Supporting evidence:
- short-lived transient activity (active_days=1)
- moderate thermal power typical of crop burning (max_frp=5.5 MW)
- OSM industrial context is UNKNOWN
- land-cover context is UNKNOWN",1,isolated,335.42,32.07,5.48,INSUFFICIENT_DATA,0.0,none,none,inf,not_found,UNKNOWN,True,SeaLake,0.7682,Satellite CNN prediction: SeaLake (confidence: 0.77)
533,Agricultural-context thermal event,0.55,"Agricultural-context thermal event
Supporting evidence:
- short-lived transient activity (active_days=1)
- moderate thermal power typical of crop burning (max_frp=9.3 MW)
- OSM industrial context is UNKNOWN
- land-cover context is UNKNOWN",1,isolated,339.84,35.64,9.31,INSUFFICIENT_DATA,0.0,none,none,inf,not_found,UNKNOWN,True,SeaLake,0.7149,Satellite CNN prediction: SeaLake (confidence: 0.71)
534,Agricultural-context thermal event,0.4,"Agricultural-context thermal event
Supporting evidence:
- short-lived transient activity (active_days=1)
- satellite CNN visual context is Pasture (model confidence=0.87)
- land-cover context is UNKNOWN",1,isolated,335.66,32.82,2.72,INSUFFICIENT_DATA,0.0,industrial,none,0.836,found,UNKNOWN,True,Pasture,0.8693,Satellite CNN prediction: Pasture (confidence: 0.87)
535,Agricultural-context thermal event,0.55,"Agricultural-context thermal event
Supporting evidence:
- short-lived transient activity (active_days=1)
- moderate thermal power typical of crop burning (max_frp=6.6 MW)
- OSM industrial context is UNKNOWN
- land-cover context is UNKNOWN
- satellite observation unavailable/obscured",1,isolated,336.43,34.89,6.6,INSUFFICIENT_DATA,0.0,none,none,inf,not_found,UNKNOWN,False,UNKNOWN,,"Sentinel-2 observation available but obscured by cloud cover (best: 39.6%, threshold: 30.0%)"
536,Unknown / Insufficient Evidence,0.0,"Unknown / Insufficient Evidence
Supporting evidence:
- insufficient or conflicting physical & contextual evidence
- OSM industrial context is UNKNOWN
- land-cover context is UNKNOWN
- satellite observation unavailable/obscured",1,isolated,338.33,39.72,4.34,INSUFFICIENT_DATA,0.0,none,none,inf,not_found,UNKNOWN,False,UNKNOWN,,"Sentinel-2 observation available but obscured by cloud cover (best: 72.8%, threshold: 30.0%)"
537,Unknown / Insufficient Evidence,0.0,"Unknown / Insufficient Evidence
Supporting evidence:
- insufficient or conflicting physical & contextual evidence
- OSM industrial context is UNKNOWN
- land-cover context is UNKNOWN
- satellite observation unavailable/obscured",1,isolated,336.61,36.38,3.05,INSUFFICIENT_DATA,0.0,none,none,inf,not_found,UNKNOWN,False,UNKNOWN,,"Sentinel-2 observation available but obscured by cloud cover (best: 72.8%, threshold: 30.0%)"
538,Unknown / Insufficient Evidence,0.0,"Unknown / Insufficient Evidence
Supporting evidence:
- insufficient or conflicting physical & contextual evidence
- OSM industrial context is UNKNOWN
- land-cover context is UNKNOWN
- satellite observation unavailable/obscured",1,isolated,335.51,36.11,3.75,INSUFFICIENT_DATA,0.0,none,none,inf,not_found,UNKNOWN,False,UNKNOWN,,"Sentinel-2 observation available but obscured by cloud cover (best: 83.1%, threshold: 30.0%)"
539,Unknown / Insufficient Evidence,0.0,"Unknown / Insufficient Evidence
Supporting evidence:
- insufficient or conflicting physical & contextual evidence
- OSM industrial context is UNKNOWN
- land-cover context is UNKNOWN
- satellite observation unavailable/obscured",1,isolated,334.7,34.76,2.77,INSUFFICIENT_DATA,0.0,none,none,inf,not_found,UNKNOWN,False,UNKNOWN,,"Sentinel-2 observation available but obscured by cloud cover (best: 55.9%, threshold: 30.0%)"
540,Unknown / Insufficient Evidence,0.0,"Unknown / Insufficient Evidence
Supporting evidence:
- insufficient or conflicting physical & contextual evidence
- OSM industrial context is UNKNOWN
- land-cover context is UNKNOWN
- satellite observation unavailable/obscured",1,isolated,330.41,32.26,3.01,INSUFFICIENT_DATA,0.0,none,none,inf,not_found,UNKNOWN,False,UNKNOWN,,"Sentinel-2 observation available but obscured by cloud cover (best: 83.1%, threshold: 30.0%)"
541,Agricultural-context thermal event,0.55,"Agricultural-context thermal event
Supporting evidence:
- short-lived transient activity (active_days=1)
- moderate thermal power typical of crop burning (max_frp=5.6 MW)
- OSM industrial context is UNKNOWN
- land-cover context is UNKNOWN
- satellite observation unavailable/obscured",1,isolated,334.51,34.61,5.57,INSUFFICIENT_DATA,0.0,none,none,inf,not_found,UNKNOWN,False,UNKNOWN,,"Sentinel-2 observation available but obscured by cloud cover (best: 100.0%, threshold: 30.0%)"
542,Unknown / Insufficient Evidence,0.0,"Unknown / Insufficient Evidence
Supporting evidence:
- insufficient or conflicting physical & contextual evidence
- OSM industrial context is UNKNOWN
- land-cover context is UNKNOWN
- satellite observation unavailable/obscured",1,isolated,332.22,33.58,2.11,INSUFFICIENT_DATA,0.0,none,none,inf,not_found,UNKNOWN,False,UNKNOWN,,"Sentinel-2 observation available but obscured by cloud cover (best: 71.8%, threshold: 30.0%)"
543,Unknown / Insufficient Evidence,0.0,"Unknown / Insufficient Evidence
Supporting evidence:
- insufficient or conflicting physical & contextual evidence
- OSM industrial context is UNKNOWN
- land-cover context is UNKNOWN
- satellite observation unavailable/obscured",1,isolated,335.2,36.11,3.03,INSUFFICIENT_DATA,0.0,none,none,inf,not_found,UNKNOWN,False,UNKNOWN,,"Sentinel-2 observation available but obscured by cloud cover (best: 59.6%, threshold: 30.0%)"
544,Agricultural-context thermal event,0.4,"Agricultural-context thermal event
Supporting evidence:
- short-lived transient activity (active_days=1)
- moderate thermal power typical of crop burning (max_frp=5.1 MW)
- land-cover context is UNKNOWN
- satellite observation unavailable/obscured",1,isolated,333.13,34.87,5.07,INSUFFICIENT_DATA,0.0,plant,JRD 360 SolarCity,1.515,found,UNKNOWN,False,UNKNOWN,,"Sentinel-2 observation available but obscured by cloud cover (best: 30.0%, threshold: 30.0%)"
545,Unknown / Insufficient Evidence,0.0,"Unknown / Insufficient Evidence
Supporting evidence:
- insufficient or conflicting physical & contextual evidence
- land-cover context is UNKNOWN
- satellite observation unavailable/obscured",1,isolated,330.41,31.6,3.1,INSUFFICIENT_DATA,0.0,industrial,none,0.146,found,UNKNOWN,False,UNKNOWN,,"Sentinel-2 observation available but obscured by cloud cover (best: 58.8%, threshold: 30.0%)"
546,Agricultural-context thermal event,0.55,"Agricultural-context thermal event
Supporting evidence:
- short-lived transient activity (active_days=1)
- moderate thermal power typical of crop burning (max_frp=9.5 MW)
- OSM industrial context is UNKNOWN
- land-cover context is UNKNOWN
- satellite observation unavailable/obscured",1,isolated,337.51,35.36,9.5,INSUFFICIENT_DATA,0.0,none,none,inf,not_found,UNKNOWN,False,UNKNOWN,,"Sentinel-2 observation available but obscured by cloud cover (best: 30.0%, threshold: 30.0%)"
547,Unknown / Insufficient Evidence,0.0,"Unknown / Insufficient Evidence
Supporting evidence:
- insufficient or conflicting physical & contextual evidence
- OSM industrial context is UNKNOWN
- land-cover context is UNKNOWN
- satellite observation unavailable/obscured",1,isolated,333.66,31.78,3.87,INSUFFICIENT_DATA,0.0,none,none,inf,not_found,UNKNOWN,False,UNKNOWN,,"Sentinel-2 observation available but obscured by cloud cover (best: 30.0%, threshold: 30.0%)"
548,Industrial-context thermal event,0.45,"Industrial-context thermal event
Supporting evidence:
- high spectral brightness temperature contrast (bt_diff=35.4 K)
- industrial facility detected nearby (plant at 0.17 km)
- land-cover context is UNKNOWN
- satellite observation unavailable/obscured",1,isolated,337.24,35.44,4.53,INSUFFICIENT_DATA,0.0,plant,none,0.165,found,UNKNOWN,False,UNKNOWN,,"Sentinel-2 observation available but obscured by cloud cover (best: 67.6%, threshold: 30.0%)"
549,Unknown / Insufficient Evidence,0.0,"Unknown / Insufficient Evidence
Supporting evidence:
- insufficient or conflicting physical & contextual evidence
- OSM industrial context is UNKNOWN
- land-cover context is UNKNOWN
- satellite observation unavailable/obscured",1,isolated,332.77,31.48,3.89,INSUFFICIENT_DATA,0.0,none,none,inf,not_found,UNKNOWN,False,UNKNOWN,,"Sentinel-2 observation available but obscured by cloud cover (best: 35.1%, threshold: 30.0%)"
550,Industrial-context thermal event,0.45,"Industrial-context thermal event
Supporting evidence:
- high spectral brightness temperature contrast (bt_diff=48.5 K)
- industrial facility detected nearby (plant at 1.64 km)
- land-cover context is UNKNOWN
- satellite observation unavailable/obscured",1,isolated,349.09,48.45,4.95,INSUFFICIENT_DATA,0.0,plant,none,1.637,found,UNKNOWN,False,UNKNOWN,,"Sentinel-2 observation available but obscured by cloud cover (best: 67.6%, threshold: 30.0%)"
551,Industrial-context thermal event,0.45,"Industrial-context thermal event
Supporting evidence:
- high spectral brightness temperature contrast (bt_diff=46.7 K)
- industrial facility detected nearby (plant at 0.26 km)
- land-cover context is UNKNOWN
- satellite observation unavailable/obscured",1,isolated,346.62,46.67,10.0,INSUFFICIENT_DATA,0.0,plant,none,0.261,found,UNKNOWN,False,UNKNOWN,,"Sentinel-2 observation available but obscured by cloud cover (best: 38.4%, threshold: 30.0%)"
552,Agricultural-context thermal event,0.55,"Agricultural-context thermal event
Supporting evidence:
- short-lived transient activity (active_days=1)
- moderate thermal power typical of crop burning (max_frp=5.8 MW)
- OSM industrial context is UNKNOWN
- land-cover context is UNKNOWN
- satellite observation unavailable/obscured",1,isolated,338.59,36.27,5.8,INSUFFICIENT_DATA,0.0,none,none,inf,not_found,UNKNOWN,False,UNKNOWN,,"Sentinel-2 observation available but obscured by cloud cover (best: 67.6%, threshold: 30.0%)"
553,Agricultural-context thermal event,0.55,"Agricultural-context thermal event
Supporting evidence:
- short-lived transient activity (active_days=1)
- moderate thermal power typical of crop burning (max_frp=24.5 MW)
- OSM industrial context is UNKNOWN
- land-cover context is UNKNOWN
- satellite observation unavailable/obscured",1,isolated,356.07,52.86,24.5,INSUFFICIENT_DATA,0.0,none,none,inf,not_found,UNKNOWN,False,UNKNOWN,,"Sentinel-2 observation available but obscured by cloud cover (best: 67.6%, threshold: 30.0%)"
554,Unknown / Insufficient Evidence,0.0,"Unknown / Insufficient Evidence
Supporting evidence:
- insufficient or conflicting physical & contextual evidence
- OSM industrial context is UNKNOWN
- land-cover context is UNKNOWN
- satellite observation unavailable/obscured",1,isolated,337.25,38.95,4.54,INSUFFICIENT_DATA,0.0,none,none,inf,not_found,UNKNOWN,False,UNKNOWN,,"Sentinel-2 observation available but obscured by cloud cover (best: 67.6%, threshold: 30.0%)"
555,Agricultural-context thermal event,0.55,"Agricultural-context thermal event
Supporting evidence:
- short-lived transient activity (active_days=1)
- moderate thermal power typical of crop burning (max_frp=5.1 MW)
- OSM industrial context is UNKNOWN
- land-cover context is UNKNOWN
- satellite observation unavailable/obscured",1,isolated,355.06,53.9,5.09,INSUFFICIENT_DATA,0.0,none,none,inf,not_found,UNKNOWN,False,UNKNOWN,,"Sentinel-2 observation available but obscured by cloud cover (best: 67.6%, threshold: 30.0%)"
556,Agricultural-context thermal event,0.55,"Agricultural-context thermal event
Supporting evidence:
- short-lived transient activity (active_days=1)
- moderate thermal power typical of crop burning (max_frp=9.4 MW)
- OSM industrial context is UNKNOWN
- land-cover context is UNKNOWN
- satellite observation unavailable/obscured",1,isolated,338.34,47.75,9.38,INSUFFICIENT_DATA,0.0,none,none,inf,not_found,UNKNOWN,False,UNKNOWN,,"Sentinel-2 observation available but obscured by cloud cover (best: 69.6%, threshold: 30.0%)"
557,Unknown / Insufficient Evidence,0.0,"Unknown / Insufficient Evidence
Supporting evidence:
- insufficient or conflicting physical & contextual evidence
- OSM industrial context is UNKNOWN
- land-cover context is UNKNOWN
- satellite observation unavailable/obscured",1,isolated,331.89,34.61,1.97,INSUFFICIENT_DATA,0.0,none,none,inf,not_found,UNKNOWN,False,UNKNOWN,,"Sentinel-2 observation available but obscured by cloud cover (best: 69.6%, threshold: 30.0%)"
558,Unknown / Insufficient Evidence,0.0,"Unknown / Insufficient Evidence
Supporting evidence:
- insufficient or conflicting physical & contextual evidence
- OSM industrial context is UNKNOWN
- land-cover context is UNKNOWN
- satellite observation unavailable/obscured",1,isolated,336.64,36.36,2.63,INSUFFICIENT_DATA,0.0,none,none,inf,not_found,UNKNOWN,False,UNKNOWN,,"Sentinel-2 observation available but obscured by cloud cover (best: 69.6%, threshold: 30.0%)"
559,Unknown / Insufficient Evidence,0.0,"Unknown / Insufficient Evidence
Supporting evidence:
- insufficient or conflicting physical & contextual evidence
- OSM industrial context is UNKNOWN
- land-cover context is UNKNOWN",1,isolated,332.22,32.48,3.3,INSUFFICIENT_DATA,0.0,none,none,inf,not_found,UNKNOWN,True,SeaLake,0.9705,Satellite CNN prediction: SeaLake (confidence: 0.97)
560,Unknown / Insufficient Evidence,0.0,"Unknown / Insufficient Evidence
Supporting evidence:
- insufficient or conflicting physical & contextual evidence
- OSM industrial context is UNKNOWN
- land-cover context is UNKNOWN
- satellite observation unavailable/obscured",1,isolated,337.54,35.25,4.53,INSUFFICIENT_DATA,0.0,none,none,inf,not_found,UNKNOWN,False,UNKNOWN,,"Sentinel-2 observation available but obscured by cloud cover (best: 69.6%, threshold: 30.0%)"
561,Agricultural-context thermal event,0.55,"Agricultural-context thermal event
Supporting evidence:
- short-lived transient activity (active_days=1)
- moderate thermal power typical of crop burning (max_frp=5.4 MW)
- OSM industrial context is UNKNOWN
- land-cover context is UNKNOWN
- satellite observation unavailable/obscured",1,isolated,338.18,38.26,5.38,INSUFFICIENT_DATA,0.0,none,none,inf,not_found,UNKNOWN,False,UNKNOWN,,"Sentinel-2 observation available but obscured by cloud cover (best: 73.1%, threshold: 30.0%)"
562,Agricultural-context thermal event,0.55,"Agricultural-context thermal event
Supporting evidence:
- short-lived transient activity (active_days=1)
- satellite CNN visual context is AnnualCrop (model confidence=0.68)
- OSM industrial context is UNKNOWN
- land-cover context is UNKNOWN",1,isolated,336.77,33.78,3.6,INSUFFICIENT_DATA,0.0,none,none,inf,not_found,UNKNOWN,True,AnnualCrop,0.6796,Satellite CNN prediction: AnnualCrop (confidence: 0.68)
563,Unknown / Insufficient Evidence,0.0,"Unknown / Insufficient Evidence
Supporting evidence:
- insufficient or conflicting physical & contextual evidence
- OSM industrial context is UNKNOWN
- land-cover context is UNKNOWN",1,isolated,333.0,31.3,2.72,INSUFFICIENT_DATA,0.0,none,none,inf,not_found,UNKNOWN,True,Forest,0.4151,Satellite CNN prediction: Forest (confidence: 0.42)
564,Agricultural-context thermal event,0.55,"Agricultural-context thermal event
Supporting evidence:
- short-lived transient activity (active_days=1)
- moderate thermal power typical of crop burning (max_frp=5.7 MW)
- OSM industrial context is UNKNOWN
- land-cover context is UNKNOWN",1,isolated,339.81,41.06,5.68,INSUFFICIENT_DATA,0.0,none,none,inf,not_found,UNKNOWN,True,SeaLake,0.9976,Satellite CNN prediction: SeaLake (confidence: 1.00)
565,Unknown / Insufficient Evidence,0.0,"Unknown / Insufficient Evidence
Supporting evidence:
- insufficient or conflicting physical & contextual evidence
- OSM industrial context is UNKNOWN
- land-cover context is UNKNOWN
- satellite observation unavailable/obscured",1,isolated,337.68,40.4,2.54,INSUFFICIENT_DATA,0.0,none,none,inf,not_found,UNKNOWN,False,UNKNOWN,,"Sentinel-2 observation available but obscured by cloud cover (best: 64.2%, threshold: 30.0%)"
566,Unknown / Insufficient Evidence,0.0,"Unknown / Insufficient Evidence
Supporting evidence:
- insufficient or conflicting physical & contextual evidence
- OSM industrial context is UNKNOWN
- land-cover context is UNKNOWN
- satellite observation unavailable/obscured",1,isolated,332.11,31.75,0.97,INSUFFICIENT_DATA,0.0,none,none,inf,not_found,UNKNOWN,False,UNKNOWN,,"Sentinel-2 observation available but obscured by cloud cover (best: 73.0%, threshold: 30.0%)"
567,Agricultural-context thermal event,0.55,"Agricultural-context thermal event
Supporting evidence:
- short-lived transient activity (active_days=1)
- moderate thermal power typical of crop burning (max_frp=17.1 MW)
- OSM industrial context is UNKNOWN
- land-cover context is UNKNOWN
- satellite observation unavailable/obscured",1,isolated,351.78,46.59,17.07,INSUFFICIENT_DATA,0.0,none,none,inf,not_found,UNKNOWN,False,UNKNOWN,,"Sentinel-2 observation available but obscured by cloud cover (best: 73.0%, threshold: 30.0%)"
568,Unknown / Insufficient Evidence,0.0,"Unknown / Insufficient Evidence
Supporting evidence:
- insufficient or conflicting physical & contextual evidence
- OSM industrial context is UNKNOWN
- land-cover context is UNKNOWN
- satellite observation unavailable/obscured",1,isolated,339.78,37.34,1.88,INSUFFICIENT_DATA,0.0,none,none,inf,not_found,UNKNOWN,False,UNKNOWN,,"Sentinel-2 observation available but obscured by cloud cover (best: 84.9%, threshold: 30.0%)"
569,Industrial-context thermal event,0.45,"Industrial-context thermal event
Supporting evidence:
- high spectral brightness temperature contrast (bt_diff=45.5 K)
- industrial facility detected nearby (plant at 0.63 km)
- land-cover context is UNKNOWN
- satellite observation unavailable/obscured",1,isolated,343.31,45.51,7.6,INSUFFICIENT_DATA,0.0,plant,none,0.629,found,UNKNOWN,False,UNKNOWN,,"Sentinel-2 observation available but obscured by cloud cover (best: 84.9%, threshold: 30.0%)"
570,Unknown / Insufficient Evidence,0.0,"Unknown / Insufficient Evidence
Supporting evidence:
- insufficient or conflicting physical & contextual evidence
- OSM industrial context is UNKNOWN
- land-cover context is UNKNOWN
- satellite observation unavailable/obscured",1,isolated,330.25,37.23,3.6,INSUFFICIENT_DATA,0.0,none,none,inf,not_found,UNKNOWN,False,UNKNOWN,,"Sentinel-2 observation available but obscured by cloud cover (best: 61.6%, threshold: 30.0%)"
571,Unknown / Insufficient Evidence,0.0,"Unknown / Insufficient Evidence
Supporting evidence:
- insufficient or conflicting physical & contextual evidence
- OSM industrial context is UNKNOWN
- land-cover context is UNKNOWN
- satellite observation unavailable/obscured",1,isolated,334.72,34.25,1.71,INSUFFICIENT_DATA,0.0,none,none,inf,not_found,UNKNOWN,False,UNKNOWN,,"Sentinel-2 observation available but obscured by cloud cover (best: 73.0%, threshold: 30.0%)"
572,Unknown / Insufficient Evidence,0.0,"Unknown / Insufficient Evidence
Supporting evidence:
- insufficient or conflicting physical & contextual evidence
- OSM industrial context is UNKNOWN
- land-cover context is UNKNOWN
- satellite observation unavailable/obscured",1,isolated,343.53,43.58,4.66,INSUFFICIENT_DATA,0.0,none,none,inf,not_found,UNKNOWN,False,UNKNOWN,,"Sentinel-2 observation available but obscured by cloud cover (best: 97.0%, threshold: 30.0%)"
573,Industrial-context thermal event,0.45,"Industrial-context thermal event
Supporting evidence:
- high spectral brightness temperature contrast (bt_diff=36.7 K)
- industrial facility detected nearby (plant at 1.31 km)
- land-cover context is UNKNOWN
- satellite observation unavailable/obscured",1,isolated,338.1,36.73,3.0,INSUFFICIENT_DATA,0.0,plant,none,1.306,found,UNKNOWN,False,UNKNOWN,,"Sentinel-2 observation available but obscured by cloud cover (best: 84.9%, threshold: 30.0%)"
574,Unknown / Insufficient Evidence,0.0,"Unknown / Insufficient Evidence
Supporting evidence:
- insufficient or conflicting physical & contextual evidence
- OSM industrial context is UNKNOWN
- land-cover context is UNKNOWN
- satellite observation unavailable/obscured",1,isolated,336.88,37.77,4.29,INSUFFICIENT_DATA,0.0,none,none,inf,not_found,UNKNOWN,False,UNKNOWN,,"Sentinel-2 observation available but obscured by cloud cover (best: 73.0%, threshold: 30.0%)"
575,Unknown / Insufficient Evidence,0.0,"Unknown / Insufficient Evidence
Supporting evidence:
- insufficient or conflicting physical & contextual evidence
- OSM industrial context is UNKNOWN
- land-cover context is UNKNOWN
- satellite observation unavailable/obscured",1,isolated,330.08,30.18,3.88,INSUFFICIENT_DATA,0.0,none,none,inf,not_found,UNKNOWN,False,UNKNOWN,,"Sentinel-2 observation available but obscured by cloud cover (best: 67.4%, threshold: 30.0%)"
576,Unknown / Insufficient Evidence,0.0,"Unknown / Insufficient Evidence
Supporting evidence:
- insufficient or conflicting physical & contextual evidence
- land-cover context is UNKNOWN
- satellite observation unavailable/obscured",1,isolated,330.0,31.57,1.41,INSUFFICIENT_DATA,0.0,plant,none,0.027,found,UNKNOWN,False,UNKNOWN,,"Sentinel-2 observation available but obscured by cloud cover (best: 88.4%, threshold: 30.0%)"
577,Unknown / Insufficient Evidence,0.0,"Unknown / Insufficient Evidence
Supporting evidence:
- insufficient or conflicting physical & contextual evidence
- OSM industrial context is UNKNOWN
- land-cover context is UNKNOWN
- satellite observation unavailable/obscured",1,isolated,308.83,17.69,4.17,INSUFFICIENT_DATA,0.0,none,none,inf,not_found,UNKNOWN,False,UNKNOWN,,"Sentinel-2 observation available but obscured by cloud cover (best: 47.5%, threshold: 30.0%)"
578,Unknown / Insufficient Evidence,0.0,"Unknown / Insufficient Evidence
Supporting evidence:
- insufficient or conflicting physical & contextual evidence
- land-cover context is UNKNOWN",1,isolated,306.89,15.26,4.96,INSUFFICIENT_DATA,0.0,industrial,none,0.502,found,UNKNOWN,True,HerbaceousVegetation,0.9874,Satellite CNN prediction: HerbaceousVegetation (confidence: 0.99)
579,Unknown / Insufficient Evidence,0.0,"Unknown / Insufficient Evidence
Supporting evidence:
- insufficient or conflicting physical & contextual evidence
- OSM industrial context is UNKNOWN
- land-cover context is UNKNOWN",1,isolated,308.55,19.73,3.01,INSUFFICIENT_DATA,0.0,none,none,inf,not_found,UNKNOWN,True,AnnualCrop,0.3085,Satellite CNN prediction: AnnualCrop (confidence: 0.31)
580,Unknown / Insufficient Evidence,0.0,"Unknown / Insufficient Evidence
Supporting evidence:
- insufficient or conflicting physical & contextual evidence
- OSM industrial context is UNKNOWN
- land-cover context is UNKNOWN
- satellite observation unavailable/obscured",1,isolated,310.86,19.42,1.77,INSUFFICIENT_DATA,0.0,none,none,inf,not_found,UNKNOWN,False,UNKNOWN,,"Sentinel-2 observation available but obscured by cloud cover (best: 38.3%, threshold: 30.0%)"
581,Agricultural-context thermal event,0.55,"Agricultural-context thermal event
Supporting evidence:
- short-lived transient activity (active_days=2)
- minor localized plot displacement
- OSM industrial context is UNKNOWN
- land-cover context is UNKNOWN
- satellite observation unavailable/obscured",2,short_lived_repeated,330.24,32.73,4.55,STATIONARY,0.252,none,none,inf,not_found,UNKNOWN,False,UNKNOWN,,"Sentinel-2 observation available but obscured by cloud cover (best: 85.7%, threshold: 30.0%)"
582,Unknown / Insufficient Evidence,0.0,"Unknown / Insufficient Evidence
Supporting evidence:
- insufficient or conflicting physical & contextual evidence
- land-cover context is UNKNOWN
- satellite observation unavailable/obscured",1,isolated,304.41,22.76,1.61,INSUFFICIENT_DATA,0.0,industrial,Rourkela Steel Plant,1.094,found,UNKNOWN,False,UNKNOWN,,"Sentinel-2 observation available but obscured by cloud cover (best: 93.1%, threshold: 30.0%)"
583,Unknown / Insufficient Evidence,0.0,"Unknown / Insufficient Evidence
Supporting evidence:
- insufficient or conflicting physical & contextual evidence
- land-cover context is UNKNOWN
- satellite observation unavailable/obscured",1,isolated,305.07,31.36,1.0,INSUFFICIENT_DATA,0.0,plant,none,0.921,found,UNKNOWN,False,UNKNOWN,,"Sentinel-2 observation available but obscured by cloud cover (best: 93.1%, threshold: 30.0%)"
584,Unknown / Insufficient Evidence,0.0,"Unknown / Insufficient Evidence
Supporting evidence:
- insufficient or conflicting physical & contextual evidence
- OSM industrial context is UNKNOWN
- land-cover context is UNKNOWN
- satellite observation unavailable/obscured",1,isolated,308.2,17.11,1.35,INSUFFICIENT_DATA,0.0,none,none,inf,not_found,UNKNOWN,False,UNKNOWN,,"Sentinel-2 observation available but obscured by cloud cover (best: 35.6%, threshold: 30.0%)"
585,Unknown / Insufficient Evidence,0.0,"Unknown / Insufficient Evidence
Supporting evidence:
- insufficient or conflicting physical & contextual evidence
- OSM industrial context is UNKNOWN
- land-cover context is UNKNOWN
- satellite observation unavailable/obscured",1,isolated,306.21,14.64,1.26,INSUFFICIENT_DATA,0.0,none,none,inf,not_found,UNKNOWN,False,UNKNOWN,,"Sentinel-2 observation available but obscured by cloud cover (best: 35.6%, threshold: 30.0%)"
586,Unknown / Insufficient Evidence,0.0,"Unknown / Insufficient Evidence
Supporting evidence:
- insufficient or conflicting physical & contextual evidence
- land-cover context is UNKNOWN
- satellite observation unavailable/obscured",1,isolated,309.62,18.11,1.55,INSUFFICIENT_DATA,0.0,industrial,none,0.244,found,UNKNOWN,False,UNKNOWN,,"Sentinel-2 observation available but obscured by cloud cover (best: 35.6%, threshold: 30.0%)"
587,Unknown / Insufficient Evidence,0.0,"Unknown / Insufficient Evidence
Supporting evidence:
- insufficient or conflicting physical & contextual evidence
- land-cover context is UNKNOWN
- satellite observation unavailable/obscured",1,isolated,305.81,14.86,1.51,INSUFFICIENT_DATA,0.0,industrial,none,1.187,found,UNKNOWN,False,UNKNOWN,,"Sentinel-2 observation available but obscured by cloud cover (best: 35.6%, threshold: 30.0%)"
588,Unknown / Insufficient Evidence,0.0,"Unknown / Insufficient Evidence
Supporting evidence:
- insufficient or conflicting physical & contextual evidence
- land-cover context is UNKNOWN
- satellite observation unavailable/obscured",1,isolated,313.13,21.85,2.1,INSUFFICIENT_DATA,0.0,industrial,none,1.533,found,UNKNOWN,False,UNKNOWN,,"Sentinel-2 observation available but obscured by cloud cover (best: 35.6%, threshold: 30.0%)"
589,Agricultural-context thermal event,0.55,"Agricultural-context thermal event
Supporting evidence:
- short-lived transient activity (active_days=2)
- minor localized plot displacement
- OSM industrial context is UNKNOWN
- land-cover context is UNKNOWN
- satellite observation unavailable/obscured",2,short_lived_repeated,315.89,24.69,2.47,STATIONARY,0.232,none,none,inf,not_found,UNKNOWN,False,UNKNOWN,,"Sentinel-2 observation available but obscured by cloud cover (best: 35.6%, threshold: 30.0%)"
590,Unknown / Insufficient Evidence,0.0,"Unknown / Insufficient Evidence
Supporting evidence:
- insufficient or conflicting physical & contextual evidence
- land-cover context is UNKNOWN
- satellite observation unavailable/obscured",1,isolated,308.54,16.95,1.38,INSUFFICIENT_DATA,0.0,brickyard,none,1.408,found,UNKNOWN,False,UNKNOWN,,"Sentinel-2 observation available but obscured by cloud cover (best: 35.6%, threshold: 30.0%)"
591,Industrial-context thermal event,0.65,"Industrial-context thermal event
Supporting evidence:
- activity is recurring (active_days=2)
- activity is spatially stationary (displacement=0.12 km)
- industrial facility detected nearby (mine at 0.72 km)
- land-cover context is UNKNOWN
- satellite observation unavailable/obscured",2,short_lived_repeated,319.06,26.9,1.98,STATIONARY,0.116,mine,West Bokaro Coal Mine,0.72,found,UNKNOWN,False,UNKNOWN,,"Sentinel-2 observation available but obscured by cloud cover (best: 35.6%, threshold: 30.0%)"
592,Unknown / Insufficient Evidence,0.0,"Unknown / Insufficient Evidence
Supporting evidence:
- insufficient or conflicting physical & contextual evidence
- land-cover context is UNKNOWN
- satellite observation unavailable/obscured",1,isolated,308.01,15.43,2.07,INSUFFICIENT_DATA,0.0,industrial,none,0.67,found,UNKNOWN,False,UNKNOWN,,"Sentinel-2 observation available but obscured by cloud cover (best: 35.6%, threshold: 30.0%)"
593,Unknown / Insufficient Evidence,0.0,"Unknown / Insufficient Evidence
Supporting evidence:
- insufficient or conflicting physical & contextual evidence
- land-cover context is UNKNOWN
- satellite observation unavailable/obscured",1,isolated,307.63,15.07,1.5,INSUFFICIENT_DATA,0.0,brickyard,none,1.327,found,UNKNOWN,False,UNKNOWN,,"Sentinel-2 observation available but obscured by cloud cover (best: 35.6%, threshold: 30.0%)"
594,Unknown / Insufficient Evidence,0.0,"Unknown / Insufficient Evidence
Supporting evidence:
- insufficient or conflicting physical & contextual evidence
- land-cover context is UNKNOWN",1,isolated,309.16,17.17,3.66,INSUFFICIENT_DATA,0.0,works,UltraTech Cement Ltd Factory,0.2,found,UNKNOWN,True,AnnualCrop,0.4257,Satellite CNN prediction: AnnualCrop (confidence: 0.43)
595,Unknown / Insufficient Evidence,0.0,"Unknown / Insufficient Evidence
Supporting evidence:
- insufficient or conflicting physical & contextual evidence
- OSM industrial context is UNKNOWN
- land-cover context is UNKNOWN",1,isolated,309.08,17.23,3.9,INSUFFICIENT_DATA,0.0,none,none,inf,not_found,UNKNOWN,True,SeaLake,0.8779,Satellite CNN prediction: SeaLake (confidence: 0.88)
596,Agricultural-context thermal event,0.55,"Agricultural-context thermal event
Supporting evidence:
- short-lived transient activity (active_days=2)
- moderate thermal power typical of crop burning (max_frp=10.8 MW)
- OSM industrial context is UNKNOWN
- land-cover context is UNKNOWN
- satellite observation unavailable/obscured",2,short_lived_repeated,347.58,54.94,10.75,MOVING,0.67,none,none,inf,not_found,UNKNOWN,False,UNKNOWN,,"Sentinel-2 observation available but obscured by cloud cover (best: 47.8%, threshold: 30.0%)"
597,Unknown / Insufficient Evidence,0.0,"Unknown / Insufficient Evidence
Supporting evidence:
- insufficient or conflicting physical & contextual evidence
- land-cover context is UNKNOWN
- satellite observation unavailable/obscured",1,isolated,303.22,19.31,1.49,INSUFFICIENT_DATA,0.0,plant,none,1.896,found,UNKNOWN,False,UNKNOWN,,"Sentinel-2 observation available but obscured by cloud cover (best: 47.8%, threshold: 30.0%)"
598,Unknown / Insufficient Evidence,0.0,"Unknown / Insufficient Evidence
Supporting evidence:
- insufficient or conflicting physical & contextual evidence
- OSM industrial context is UNKNOWN
- land-cover context is UNKNOWN
- satellite observation unavailable/obscured",1,isolated,322.37,29.93,4.47,INSUFFICIENT_DATA,0.0,none,none,inf,not_found,UNKNOWN,False,UNKNOWN,,"Sentinel-2 observation available but obscured by cloud cover (best: 46.7%, threshold: 30.0%)"
599,Unknown / Insufficient Evidence,0.0,"Unknown / Insufficient Evidence
Supporting evidence:
- insufficient or conflicting physical & contextual evidence
- OSM industrial context is UNKNOWN
- land-cover context is UNKNOWN
- satellite observation unavailable/obscured",1,isolated,305.26,16.67,0.76,INSUFFICIENT_DATA,0.0,none,none,inf,not_found,UNKNOWN,False,UNKNOWN,,"Sentinel-2 observation available but obscured by cloud cover (best: 38.1%, threshold: 30.0%)"
600,Industrial-context thermal event,0.65,"Industrial-context thermal event
Supporting evidence:
- activity is recurring (active_days=2)
- activity is spatially stationary (displacement=0.22 km)
- industrial facility detected nearby (plant at 1.14 km)
- land-cover context is UNKNOWN
- satellite observation unavailable/obscured",2,short_lived_repeated,298.76,15.37,1.31,STATIONARY,0.217,plant,none,1.142,found,UNKNOWN,False,UNKNOWN,,"Sentinel-2 observation available but obscured by cloud cover (best: 86.9%, threshold: 30.0%)"
601,Unknown / Insufficient Evidence,0.0,"Unknown / Insufficient Evidence
Supporting evidence:
- insufficient or conflicting physical & contextual evidence
- land-cover context is UNKNOWN
- satellite observation unavailable/obscured",1,isolated,296.61,30.47,0.26,INSUFFICIENT_DATA,0.0,industrial,TPP Aditya Cement Works UltraTech Cement Works,0.169,found,UNKNOWN,False,UNKNOWN,,"Sentinel-2 observation available but obscured by cloud cover (best: 84.8%, threshold: 30.0%)"
602,Agricultural-context thermal event,0.55,"Agricultural-context thermal event
Supporting evidence:
- short-lived transient activity (active_days=2)
- minor localized plot displacement
- OSM industrial context is UNKNOWN
- land-cover context is UNKNOWN
- satellite observation unavailable/obscured",2,short_lived_repeated,304.59,16.57,1.13,STATIONARY,0.084,none,none,inf,not_found,UNKNOWN,False,UNKNOWN,,"Sentinel-2 observation available but obscured by cloud cover (best: 77.8%, threshold: 30.0%)"
603,Unknown / Insufficient Evidence,0.0,"Unknown / Insufficient Evidence
Supporting evidence:
- insufficient or conflicting physical & contextual evidence
- land-cover context is UNKNOWN
- satellite observation unavailable/obscured",1,isolated,310.02,20.95,0.93,INSUFFICIENT_DATA,0.0,industrial,none,1.941,found,UNKNOWN,False,UNKNOWN,,"Sentinel-2 observation available but obscured by cloud cover (best: 47.8%, threshold: 30.0%)"
604,Unknown / Insufficient Evidence,0.0,"Unknown / Insufficient Evidence
Supporting evidence:
- insufficient or conflicting physical & contextual evidence
- OSM industrial context is UNKNOWN
- land-cover context is UNKNOWN
- satellite observation unavailable/obscured",1,isolated,307.91,19.08,1.1,INSUFFICIENT_DATA,0.0,none,none,inf,not_found,UNKNOWN,False,UNKNOWN,,"Sentinel-2 observation available but obscured by cloud cover (best: 47.8%, threshold: 30.0%)"
605,Unknown / Insufficient Evidence,0.0,"Unknown / Insufficient Evidence
Supporting evidence:
- insufficient or conflicting physical & contextual evidence
- OSM industrial context is UNKNOWN
- land-cover context is UNKNOWN
- satellite observation unavailable/obscured",1,isolated,302.96,21.03,0.97,INSUFFICIENT_DATA,0.0,none,none,inf,not_found,UNKNOWN,False,UNKNOWN,,"Sentinel-2 observation available but obscured by cloud cover (best: 47.8%, threshold: 30.0%)"
606,Agricultural-context thermal event,0.55,"Agricultural-context thermal event
Supporting evidence:
- short-lived transient activity (active_days=1)
- moderate thermal power typical of crop burning (max_frp=8.5 MW)
- OSM industrial context is UNKNOWN
- land-cover context is UNKNOWN
- satellite observation unavailable/obscured",1,isolated,337.86,48.45,8.53,INSUFFICIENT_DATA,0.0,none,none,inf,not_found,UNKNOWN,False,UNKNOWN,,"Sentinel-2 observation available but obscured by cloud cover (best: 35.8%, threshold: 30.0%)"
607,Agricultural-context thermal event,0.55,"Agricultural-context thermal event
Supporting evidence:
- short-lived transient activity (active_days=1)
- moderate thermal power typical of crop burning (max_frp=6.2 MW)
- OSM industrial context is UNKNOWN
- land-cover context is UNKNOWN",1,isolated,331.18,29.79,6.21,INSUFFICIENT_DATA,0.0,none,none,inf,not_found,UNKNOWN,True,Pasture,0.2297,Satellite CNN prediction: Pasture (confidence: 0.23)
608,Unknown / Insufficient Evidence,0.0,"Unknown / Insufficient Evidence
Supporting evidence:
- insufficient or conflicting physical & contextual evidence
- OSM industrial context is UNKNOWN
- land-cover context is UNKNOWN",1,isolated,329.71,27.69,4.04,INSUFFICIENT_DATA,0.0,none,none,inf,not_found,UNKNOWN,True,SeaLake,0.3805,Satellite CNN prediction: SeaLake (confidence: 0.38)
609,Forest/Natural-context thermal event,0.55,"Forest/Natural-context thermal event
Supporting evidence:
- active spatial displacement observed (movement=1.53 km)
- multi-day active fire duration
- OSM industrial context is UNKNOWN
- land-cover context is UNKNOWN",3,short_lived_repeated,331.77,27.69,13.11,MOVING,1.53,none,none,inf,not_found,UNKNOWN,True,SeaLake,0.3227,Satellite CNN prediction: SeaLake (confidence: 0.32)
610,Agricultural-context thermal event,0.55,"Agricultural-context thermal event
Supporting evidence:
- short-lived transient activity (active_days=1)
- moderate thermal power typical of crop burning (max_frp=12.4 MW)
- OSM industrial context is UNKNOWN
- land-cover context is UNKNOWN
- satellite observation unavailable/obscured",1,isolated,347.03,43.79,12.38,INSUFFICIENT_DATA,0.0,none,none,inf,not_found,UNKNOWN,False,UNKNOWN,,"Sentinel-2 observation available but obscured by cloud cover (best: 58.8%, threshold: 30.0%)"
611,Agricultural-context thermal event,0.55,"Agricultural-context thermal event
Supporting evidence:
- short-lived transient activity (active_days=1)
- moderate thermal power typical of crop burning (max_frp=16.3 MW)
- OSM industrial context is UNKNOWN
- land-cover context is UNKNOWN",1,isolated,353.84,62.08,16.26,INSUFFICIENT_DATA,0.0,none,none,inf,not_found,UNKNOWN,True,SeaLake,0.8889,Satellite CNN prediction: SeaLake (confidence: 0.89)
612,Agricultural-context thermal event,0.55,"Agricultural-context thermal event
Supporting evidence:
- short-lived transient activity (active_days=1)
- moderate thermal power typical of crop burning (max_frp=5.4 MW)
- OSM industrial context is UNKNOWN
- land-cover context is UNKNOWN
- satellite observation unavailable/obscured",1,isolated,337.62,45.03,5.39,INSUFFICIENT_DATA,0.0,none,none,inf,not_found,UNKNOWN,False,UNKNOWN,,"Sentinel-2 observation available but obscured by cloud cover (best: 73.0%, threshold: 30.0%)"
613,Industrial-context thermal event,0.45,"Industrial-context thermal event
Supporting evidence:
- high spectral brightness temperature contrast (bt_diff=76.5 K)
- industrial facility detected nearby (plant at 1.49 km)
- land-cover context is UNKNOWN
- satellite observation unavailable/obscured",1,isolated,367.0,76.55,12.48,INSUFFICIENT_DATA,0.0,plant,none,1.492,found,UNKNOWN,False,UNKNOWN,,"Sentinel-2 observation available but obscured by cloud cover (best: 97.5%, threshold: 30.0%)"
614,Industrial-context thermal event,0.45,"Industrial-context thermal event
Supporting evidence:
- high spectral brightness temperature contrast (bt_diff=35.9 K)
- industrial facility detected nearby (industrial at 0.35 km)
- land-cover context is UNKNOWN",1,isolated,337.06,35.91,5.15,INSUFFICIENT_DATA,0.0,industrial,none,0.347,found,UNKNOWN,True,SeaLake,0.9747,Satellite CNN prediction: SeaLake (confidence: 0.97)
615,Agricultural-context thermal event,0.75,"Agricultural-context thermal event
Supporting evidence:
- short-lived transient activity (active_days=2)
- minor localized plot displacement
- moderate thermal power typical of crop burning (max_frp=10.6 MW)
- OSM industrial context is UNKNOWN
- land-cover context is UNKNOWN",2,short_lived_repeated,342.89,45.37,10.61,STATIONARY,0.246,none,none,inf,not_found,UNKNOWN,True,SeaLake,0.4192,Satellite CNN prediction: SeaLake (confidence: 0.42)
616,Unknown / Insufficient Evidence,0.0,"Unknown / Insufficient Evidence
Supporting evidence:
- insufficient or conflicting physical & contextual evidence
- OSM industrial context is UNKNOWN
- land-cover context is UNKNOWN
- satellite observation unavailable/obscured",1,isolated,331.92,35.44,2.8,INSUFFICIENT_DATA,0.0,none,none,inf,not_found,UNKNOWN,False,UNKNOWN,,"Sentinel-2 observation available but obscured by cloud cover (best: 54.2%, threshold: 30.0%)"
617,Unknown / Insufficient Evidence,0.0,"Unknown / Insufficient Evidence
Supporting evidence:
- insufficient or conflicting physical & contextual evidence
- OSM industrial context is UNKNOWN
- land-cover context is UNKNOWN",1,isolated,338.37,39.7,4.77,INSUFFICIENT_DATA,0.0,none,none,inf,not_found,UNKNOWN,True,Highway,0.3824,Satellite CNN prediction: Highway (confidence: 0.38)
618,Agricultural-context thermal event,0.55,"Agricultural-context thermal event
Supporting evidence:
- short-lived transient activity (active_days=1)
- moderate thermal power typical of crop burning (max_frp=5.6 MW)
- OSM industrial context is UNKNOWN
- land-cover context is UNKNOWN",1,isolated,335.9,38.24,5.56,INSUFFICIENT_DATA,0.0,none,none,inf,not_found,UNKNOWN,True,SeaLake,0.2793,Satellite CNN prediction: SeaLake (confidence: 0.28)
619,Unknown / Insufficient Evidence,0.0,"Unknown / Insufficient Evidence
Supporting evidence:
- insufficient or conflicting physical & contextual evidence
- OSM industrial context is UNKNOWN
- land-cover context is UNKNOWN",1,isolated,331.74,37.98,4.34,INSUFFICIENT_DATA,0.0,none,none,inf,not_found,UNKNOWN,True,SeaLake,0.9483,Satellite CNN prediction: SeaLake (confidence: 0.95)
620,Industrial-context thermal event,0.45,"Industrial-context thermal event
Supporting evidence:
- high spectral brightness temperature contrast (bt_diff=39.6 K)
- industrial facility detected nearby (plant at 0.23 km)
- land-cover context is UNKNOWN",1,isolated,335.99,39.64,5.07,INSUFFICIENT_DATA,0.0,plant,none,0.226,found,UNKNOWN,True,HerbaceousVegetation,0.91,Satellite CNN prediction: HerbaceousVegetation (confidence: 0.91)
621,Unknown / Insufficient Evidence,0.0,"Unknown / Insufficient Evidence
Supporting evidence:
- insufficient or conflicting physical & contextual evidence
- OSM industrial context is UNKNOWN
- land-cover context is UNKNOWN
- satellite observation unavailable/obscured",1,isolated,331.35,29.49,3.13,INSUFFICIENT_DATA,0.0,none,none,inf,not_found,UNKNOWN,False,UNKNOWN,,"Sentinel-2 observation available but obscured by cloud cover (best: 58.8%, threshold: 30.0%)"
622,Unknown / Insufficient Evidence,0.0,"Unknown / Insufficient Evidence
Supporting evidence:
- insufficient or conflicting physical & contextual evidence
- OSM industrial context is UNKNOWN
- land-cover context is UNKNOWN
- satellite observation unavailable/obscured",1,isolated,332.78,37.07,2.27,INSUFFICIENT_DATA,0.0,none,none,inf,not_found,UNKNOWN,False,UNKNOWN,,"Sentinel-2 observation available but obscured by cloud cover (best: 83.7%, threshold: 30.0%)"
623,Agricultural-context thermal event,0.55,"Agricultural-context thermal event
Supporting evidence:
- short-lived transient activity (active_days=1)
- moderate thermal power typical of crop burning (max_frp=7.4 MW)
- OSM industrial context is UNKNOWN
- land-cover context is UNKNOWN
- satellite observation unavailable/obscured",1,isolated,337.0,35.26,7.37,INSUFFICIENT_DATA,0.0,none,none,inf,not_found,UNKNOWN,False,UNKNOWN,,"Sentinel-2 observation available but obscured by cloud cover (best: 67.6%, threshold: 30.0%)"
624,Agricultural-context thermal event,0.55,"Agricultural-context thermal event
Supporting evidence:
- short-lived transient activity (active_days=1)
- moderate thermal power typical of crop burning (max_frp=6.6 MW)
- OSM industrial context is UNKNOWN
- land-cover context is UNKNOWN
- satellite observation unavailable/obscured",1,isolated,340.26,33.62,6.58,INSUFFICIENT_DATA,0.0,none,none,inf,not_found,UNKNOWN,False,UNKNOWN,,"Sentinel-2 observation available but obscured by cloud cover (best: 73.0%, threshold: 30.0%)"
625,Unknown / Insufficient Evidence,0.0,"Unknown / Insufficient Evidence
Supporting evidence:
- insufficient or conflicting physical & contextual evidence
- OSM industrial context is UNKNOWN
- land-cover context is UNKNOWN
- satellite observation unavailable/obscured",1,isolated,348.35,35.92,36.14,INSUFFICIENT_DATA,0.0,none,none,inf,not_found,UNKNOWN,False,UNKNOWN,,"Sentinel-2 observation available but obscured by cloud cover (best: 73.0%, threshold: 30.0%)"
626,Agricultural-context thermal event,0.55,"Agricultural-context thermal event
Supporting evidence:
- short-lived transient activity (active_days=1)
- moderate thermal power typical of crop burning (max_frp=6.2 MW)
- OSM industrial context is UNKNOWN
- land-cover context is UNKNOWN
- satellite observation unavailable/obscured",1,isolated,338.38,35.34,6.19,INSUFFICIENT_DATA,0.0,none,none,inf,not_found,UNKNOWN,False,UNKNOWN,,"Sentinel-2 observation available but obscured by cloud cover (best: 73.0%, threshold: 30.0%)"
627,Unknown / Insufficient Evidence,0.0,"Unknown / Insufficient Evidence
Supporting evidence:
- insufficient or conflicting physical & contextual evidence
- OSM industrial context is UNKNOWN
- land-cover context is UNKNOWN
- satellite observation unavailable/obscured",1,isolated,337.28,34.15,4.5,INSUFFICIENT_DATA,0.0,none,none,inf,not_found,UNKNOWN,False,UNKNOWN,,"Sentinel-2 observation available but obscured by cloud cover (best: 73.0%, threshold: 30.0%)"
628,Unknown / Insufficient Evidence,0.0,"Unknown / Insufficient Evidence
Supporting evidence:
- insufficient or conflicting physical & contextual evidence
- OSM industrial context is UNKNOWN
- land-cover context is UNKNOWN",1,isolated,335.0,30.85,4.39,INSUFFICIENT_DATA,0.0,none,none,inf,not_found,UNKNOWN,True,SeaLake,0.9366,Satellite CNN prediction: SeaLake (confidence: 0.94)
629,Unknown / Insufficient Evidence,0.0,"Unknown / Insufficient Evidence
Supporting evidence:
- insufficient or conflicting physical & contextual evidence
- OSM industrial context is UNKNOWN
- land-cover context is UNKNOWN",1,isolated,332.77,29.83,1.93,INSUFFICIENT_DATA,0.0,none,none,inf,not_found,UNKNOWN,True,SeaLake,0.6919,Satellite CNN prediction: SeaLake (confidence: 0.69)
630,Unknown / Insufficient Evidence,0.0,"Unknown / Insufficient Evidence
Supporting evidence:
- insufficient or conflicting physical & contextual evidence
- OSM industrial context is UNKNOWN
- land-cover context is UNKNOWN
- satellite observation unavailable/obscured",1,isolated,331.58,30.22,1.98,INSUFFICIENT_DATA,0.0,none,none,inf,not_found,UNKNOWN,False,UNKNOWN,,"Sentinel-2 observation available but obscured by cloud cover (best: 97.5%, threshold: 30.0%)"
631,Agricultural-context thermal event,0.55,"Agricultural-context thermal event
Supporting evidence:
- short-lived transient activity (active_days=1)
- moderate thermal power typical of crop burning (max_frp=6.9 MW)
- OSM industrial context is UNKNOWN
- land-cover context is UNKNOWN",1,isolated,336.66,36.52,6.94,INSUFFICIENT_DATA,0.0,none,none,inf,not_found,UNKNOWN,True,Residential,0.4761,Satellite CNN prediction: Residential (confidence: 0.48)
632,Unknown / Insufficient Evidence,0.0,"Unknown / Insufficient Evidence
Supporting evidence:
- insufficient or conflicting physical & contextual evidence
- OSM industrial context is UNKNOWN
- land-cover context is UNKNOWN",1,isolated,338.17,39.15,4.91,INSUFFICIENT_DATA,0.0,none,none,inf,not_found,UNKNOWN,True,SeaLake,0.5097,Satellite CNN prediction: SeaLake (confidence: 0.51)
633,Unknown / Insufficient Evidence,0.0,"Unknown / Insufficient Evidence
Supporting evidence:
- insufficient or conflicting physical & contextual evidence
- OSM industrial context is UNKNOWN
- land-cover context is UNKNOWN
- satellite observation unavailable/obscured",1,isolated,331.33,35.21,1.33,INSUFFICIENT_DATA,0.0,none,none,inf,not_found,UNKNOWN,False,UNKNOWN,,"Sentinel-2 observation available but obscured by cloud cover (best: 31.4%, threshold: 30.0%)"
634,Unknown / Insufficient Evidence,0.0,"Unknown / Insufficient Evidence
Supporting evidence:
- insufficient or conflicting physical & contextual evidence
- OSM industrial context is UNKNOWN
- land-cover context is UNKNOWN
- satellite observation unavailable/obscured",1,isolated,334.77,36.89,4.99,INSUFFICIENT_DATA,0.0,none,none,inf,not_found,UNKNOWN,False,UNKNOWN,,"Sentinel-2 observation available but obscured by cloud cover (best: 31.4%, threshold: 30.0%)"
635,Unknown / Insufficient Evidence,0.0,"Unknown / Insufficient Evidence
Supporting evidence:
- insufficient or conflicting physical & contextual evidence
- OSM industrial context is UNKNOWN
- land-cover context is UNKNOWN
- satellite observation unavailable/obscured",1,isolated,331.57,32.62,2.12,INSUFFICIENT_DATA,0.0,none,none,inf,not_found,UNKNOWN,False,UNKNOWN,,"Sentinel-2 observation available but obscured by cloud cover (best: 97.5%, threshold: 30.0%)"
636,Unknown / Insufficient Evidence,0.0,"Unknown / Insufficient Evidence
Supporting evidence:
- insufficient or conflicting physical & contextual evidence
- OSM industrial context is UNKNOWN
- land-cover context is UNKNOWN
- satellite observation unavailable/obscured",1,isolated,330.65,34.17,2.17,INSUFFICIENT_DATA,0.0,none,none,inf,not_found,UNKNOWN,False,UNKNOWN,,"Sentinel-2 observation available but obscured by cloud cover (best: 79.0%, threshold: 30.0%)"
637,Unknown / Insufficient Evidence,0.0,"Unknown / Insufficient Evidence
Supporting evidence:
- insufficient or conflicting physical & contextual evidence
- OSM industrial context is UNKNOWN
- land-cover context is UNKNOWN
- satellite observation unavailable/obscured",1,isolated,336.76,38.65,2.56,INSUFFICIENT_DATA,0.0,none,none,inf,not_found,UNKNOWN,False,UNKNOWN,,"Sentinel-2 observation available but obscured by cloud cover (best: 85.7%, threshold: 30.0%)"
638,Unknown / Insufficient Evidence,0.0,"Unknown / Insufficient Evidence
Supporting evidence:
- insufficient or conflicting physical & contextual evidence
- OSM industrial context is UNKNOWN
- land-cover context is UNKNOWN
- satellite observation unavailable/obscured",1,isolated,334.53,40.33,4.12,INSUFFICIENT_DATA,0.0,none,none,inf,not_found,UNKNOWN,False,UNKNOWN,,"Sentinel-2 observation available but obscured by cloud cover (best: 83.9%, threshold: 30.0%)"
639,Industrial-context thermal event,0.45,"Industrial-context thermal event
Supporting evidence:
- high spectral brightness temperature contrast (bt_diff=43.2 K)
- industrial facility detected nearby (industrial at 0.58 km)
- land-cover context is UNKNOWN",1,isolated,342.37,43.19,3.99,INSUFFICIENT_DATA,0.0,industrial,none,0.58,found,UNKNOWN,True,SeaLake,0.9741,Satellite CNN prediction: SeaLake (confidence: 0.97)
640,Unknown / Insufficient Evidence,0.0,"Unknown / Insufficient Evidence
Supporting evidence:
- insufficient or conflicting physical & contextual evidence
- OSM industrial context is UNKNOWN
- land-cover context is UNKNOWN",1,isolated,330.71,29.34,3.21,INSUFFICIENT_DATA,0.0,none,none,inf,not_found,UNKNOWN,True,HerbaceousVegetation,0.1599,Satellite CNN prediction: HerbaceousVegetation (confidence: 0.16)
641,Agricultural-context thermal event,0.75,"Agricultural-context thermal event
Supporting evidence:
- short-lived transient activity (active_days=2)
- minor localized plot displacement
- moderate thermal power typical of crop burning (max_frp=6.8 MW)
- OSM industrial context is UNKNOWN
- land-cover context is UNKNOWN
- satellite observation unavailable/obscured",2,short_lived_repeated,338.94,42.88,6.84,STATIONARY,0.141,none,none,inf,not_found,UNKNOWN,False,UNKNOWN,,"Sentinel-2 observation available but obscured by cloud cover (best: 60.3%, threshold: 30.0%)"
642,Unknown / Insufficient Evidence,0.0,"Unknown / Insufficient Evidence
Supporting evidence:
- insufficient or conflicting physical & contextual evidence
- OSM industrial context is UNKNOWN
- land-cover context is UNKNOWN",1,isolated,337.47,46.63,4.77,INSUFFICIENT_DATA,0.0,none,none,inf,not_found,UNKNOWN,True,SeaLake,0.9477,Satellite CNN prediction: SeaLake (confidence: 0.95)
643,Agricultural-context thermal event,0.55,"Agricultural-context thermal event
Supporting evidence:
- short-lived transient activity (active_days=1)
- moderate thermal power typical of crop burning (max_frp=15.5 MW)
- OSM industrial context is UNKNOWN
- land-cover context is UNKNOWN
- satellite observation unavailable/obscured",1,isolated,367.0,76.13,15.53,INSUFFICIENT_DATA,0.0,none,none,inf,not_found,UNKNOWN,False,UNKNOWN,,"Sentinel-2 observation available but obscured by cloud cover (best: 35.7%, threshold: 30.0%)"
644,Agricultural-context thermal event,0.55,"Agricultural-context thermal event
Supporting evidence:
- short-lived transient activity (active_days=1)
- moderate thermal power typical of crop burning (max_frp=9.2 MW)
- OSM industrial context is UNKNOWN
- land-cover context is UNKNOWN
- satellite observation unavailable/obscured",1,isolated,340.25,49.05,9.21,INSUFFICIENT_DATA,0.0,none,none,inf,not_found,UNKNOWN,False,UNKNOWN,,"Sentinel-2 observation available but obscured by cloud cover (best: 30.0%, threshold: 30.0%)"
645,Unknown / Insufficient Evidence,0.0,"Unknown / Insufficient Evidence
Supporting evidence:
- insufficient or conflicting physical & contextual evidence
- OSM industrial context is UNKNOWN
- land-cover context is UNKNOWN
- satellite observation unavailable/obscured",1,isolated,331.24,39.36,4.88,INSUFFICIENT_DATA,0.0,none,none,inf,not_found,UNKNOWN,False,UNKNOWN,,"Sentinel-2 observation available but obscured by cloud cover (best: 38.4%, threshold: 30.0%)"
646,Agricultural-context thermal event,0.55,"Agricultural-context thermal event
Supporting evidence:
- short-lived transient activity (active_days=1)
- moderate thermal power typical of crop burning (max_frp=14.2 MW)
- OSM industrial context is UNKNOWN
- land-cover context is UNKNOWN",1,isolated,333.09,42.03,14.2,INSUFFICIENT_DATA,0.0,none,none,inf,not_found,UNKNOWN,True,SeaLake,0.2906,Satellite CNN prediction: SeaLake (confidence: 0.29)
647,Agricultural-context thermal event,0.55,"Agricultural-context thermal event
Supporting evidence:
- short-lived transient activity (active_days=1)
- moderate thermal power typical of crop burning (max_frp=5.9 MW)
- OSM industrial context is UNKNOWN
- land-cover context is UNKNOWN
- satellite observation unavailable/obscured",1,isolated,346.93,52.04,5.88,INSUFFICIENT_DATA,0.0,none,none,inf,not_found,UNKNOWN,False,UNKNOWN,,"Sentinel-2 observation available but obscured by cloud cover (best: 73.1%, threshold: 30.0%)"
648,Agricultural-context thermal event,0.55,"Agricultural-context thermal event
Supporting evidence:
- short-lived transient activity (active_days=1)
- moderate thermal power typical of crop burning (max_frp=13.6 MW)
- OSM industrial context is UNKNOWN
- land-cover context is UNKNOWN
- satellite observation unavailable/obscured",1,isolated,343.95,52.63,13.62,INSUFFICIENT_DATA,0.0,none,none,inf,not_found,UNKNOWN,False,UNKNOWN,,"Sentinel-2 observation available but obscured by cloud cover (best: 73.0%, threshold: 30.0%)"
649,Agricultural-context thermal event,0.55,"Agricultural-context thermal event
Supporting evidence:
- short-lived transient activity (active_days=1)
- moderate thermal power typical of crop burning (max_frp=9.2 MW)
- OSM industrial context is UNKNOWN
- land-cover context is UNKNOWN
- satellite observation unavailable/obscured",1,isolated,295.25,10.17,9.22,INSUFFICIENT_DATA,0.0,none,none,inf,not_found,UNKNOWN,False,UNKNOWN,,"Sentinel-2 observation available but obscured by cloud cover (best: 61.0%, threshold: 30.0%)"
650,Unknown / Insufficient Evidence,0.0,"Unknown / Insufficient Evidence
Supporting evidence:
- insufficient or conflicting physical & contextual evidence
- land-cover context is UNKNOWN
- satellite observation unavailable/obscured",1,isolated,302.9,19.01,1.17,INSUFFICIENT_DATA,0.0,industrial,none,0.648,found,UNKNOWN,False,UNKNOWN,,"Sentinel-2 observation available but obscured by cloud cover (best: 45.8%, threshold: 30.0%)"
651,Unknown / Insufficient Evidence,0.0,"Unknown / Insufficient Evidence
Supporting evidence:
- insufficient or conflicting physical & contextual evidence
- land-cover context is UNKNOWN
- satellite observation unavailable/obscured",1,isolated,313.44,19.32,1.46,INSUFFICIENT_DATA,0.0,refinery,Bongaigaon Refinery,0.264,found,UNKNOWN,False,UNKNOWN,,"Sentinel-2 observation available but obscured by cloud cover (best: 53.2%, threshold: 30.0%)"
652,Unknown / Insufficient Evidence,0.0,"Unknown / Insufficient Evidence
Supporting evidence:
- insufficient or conflicting physical & contextual evidence
- OSM industrial context is UNKNOWN
- land-cover context is UNKNOWN
- satellite observation unavailable/obscured",1,isolated,296.25,10.06,3.55,INSUFFICIENT_DATA,0.0,none,none,inf,not_found,UNKNOWN,False,UNKNOWN,,"Sentinel-2 observation available but obscured by cloud cover (best: 73.0%, threshold: 30.0%)"
653,Unknown / Insufficient Evidence,0.0,"Unknown / Insufficient Evidence
Supporting evidence:
- insufficient or conflicting physical & contextual evidence
- land-cover context is UNKNOWN
- satellite observation unavailable/obscured",1,isolated,303.57,14.05,0.8,INSUFFICIENT_DATA,0.0,steelmaking,Nagarnar Steel Plant,1.195,found,UNKNOWN,False,UNKNOWN,,"Sentinel-2 observation available but obscured by cloud cover (best: 96.8%, threshold: 30.0%)"
654,Unknown / Insufficient Evidence,0.0,"Unknown / Insufficient Evidence
Supporting evidence:
- insufficient or conflicting physical & contextual evidence
- land-cover context is UNKNOWN
- satellite observation unavailable/obscured",1,isolated,302.52,19.44,3.31,INSUFFICIENT_DATA,0.0,industrial,none,0.309,found,UNKNOWN,False,UNKNOWN,,"Sentinel-2 observation available but obscured by cloud cover (best: 86.9%, threshold: 30.0%)"
655,Unknown / Insufficient Evidence,0.0,"Unknown / Insufficient Evidence
Supporting evidence:
- insufficient or conflicting physical & contextual evidence
- OSM industrial context is UNKNOWN
- land-cover context is UNKNOWN
- satellite observation unavailable/obscured",1,isolated,319.07,29.78,1.88,INSUFFICIENT_DATA,0.0,none,none,inf,not_found,UNKNOWN,False,UNKNOWN,,"Sentinel-2 observation available but obscured by cloud cover (best: 47.8%, threshold: 30.0%)"
656,Unknown / Insufficient Evidence,0.0,"Unknown / Insufficient Evidence
Supporting evidence:
- insufficient or conflicting physical & contextual evidence
- land-cover context is UNKNOWN
- satellite observation unavailable/obscured",1,isolated,303.38,22.7,1.11,INSUFFICIENT_DATA,0.0,industrial,none,1.247,found,UNKNOWN,False,UNKNOWN,,"Sentinel-2 observation available but obscured by cloud cover (best: 59.6%, threshold: 30.0%)"
657,Unknown / Insufficient Evidence,0.0,"Unknown / Insufficient Evidence
Supporting evidence:
- insufficient or conflicting physical & contextual evidence
- land-cover context is UNKNOWN
- satellite observation unavailable/obscured",1,isolated,309.9,16.74,1.41,INSUFFICIENT_DATA,0.0,industrial,none,0.462,found,UNKNOWN,False,UNKNOWN,,"Sentinel-2 observation available but obscured by cloud cover (best: 99.9%, threshold: 30.0%)"
658,Unknown / Insufficient Evidence,0.0,"Unknown / Insufficient Evidence
Supporting evidence:
- insufficient or conflicting physical & contextual evidence
- land-cover context is UNKNOWN
- satellite observation unavailable/obscured",1,isolated,311.4,18.33,1.43,INSUFFICIENT_DATA,0.0,industrial,none,1.149,found,UNKNOWN,False,UNKNOWN,,"Sentinel-2 observation available but obscured by cloud cover (best: 99.9%, threshold: 30.0%)"
659,Industrial-context thermal event,0.65,"Industrial-context thermal event
Supporting evidence:
- activity is recurring (active_days=2)
- activity is spatially stationary (displacement=0.06 km)
- industrial facility detected nearby (industrial at 1.08 km)
- land-cover context is UNKNOWN
- satellite observation unavailable/obscured",2,short_lived_repeated,310.58,17.57,2.43,STATIONARY,0.063,industrial,none,1.083,found,UNKNOWN,False,UNKNOWN,,"Sentinel-2 observation available but obscured by cloud cover (best: 99.9%, threshold: 30.0%)"
660,Industrial-context thermal event,0.65,"Industrial-context thermal event
Supporting evidence:
- activity is recurring (active_days=2)
- activity is spatially stationary (displacement=0.28 km)
- industrial facility detected nearby (industrial at 0.27 km)
- land-cover context is UNKNOWN
- satellite observation unavailable/obscured",2,short_lived_repeated,311.79,18.92,3.12,STATIONARY,0.285,industrial,none,0.272,found,UNKNOWN,False,UNKNOWN,,"Sentinel-2 observation available but obscured by cloud cover (best: 99.9%, threshold: 30.0%)"
661,Unknown / Insufficient Evidence,0.0,"Unknown / Insufficient Evidence
Supporting evidence:
- insufficient or conflicting physical & contextual evidence
- land-cover context is UNKNOWN
- satellite observation unavailable/obscured",1,isolated,307.62,18.95,1.19,INSUFFICIENT_DATA,0.0,works,Sunflag Steel,0.395,found,UNKNOWN,False,UNKNOWN,,"Sentinel-2 observation available but obscured by cloud cover (best: 79.1%, threshold: 30.0%)"
662,Unknown / Insufficient Evidence,0.0,"Unknown / Insufficient Evidence
Supporting evidence:
- insufficient or conflicting physical & contextual evidence
- land-cover context is UNKNOWN
- satellite observation unavailable/obscured",1,isolated,303.75,25.19,1.01,INSUFFICIENT_DATA,0.0,industrial,none,0.617,found,UNKNOWN,False,UNKNOWN,,"Sentinel-2 observation available but obscured by cloud cover (best: 83.7%, threshold: 30.0%)"
663,Unknown / Insufficient Evidence,0.0,"Unknown / Insufficient Evidence
Supporting evidence:
- insufficient or conflicting physical & contextual evidence
- land-cover context is UNKNOWN
- satellite observation unavailable/obscured",1,isolated,308.17,17.54,0.93,INSUFFICIENT_DATA,0.0,industrial,none,0.097,found,UNKNOWN,False,UNKNOWN,,"Sentinel-2 observation available but obscured by cloud cover (best: 64.8%, threshold: 30.0%)"
664,Unknown / Insufficient Evidence,0.0,"Unknown / Insufficient Evidence
Supporting evidence:
- insufficient or conflicting physical & contextual evidence
- land-cover context is UNKNOWN
- satellite observation unavailable/obscured",1,isolated,306.82,13.69,2.28,INSUFFICIENT_DATA,0.0,industrial,Dalmia Cements,0.176,found,UNKNOWN,False,UNKNOWN,,"Sentinel-2 observation available but obscured by cloud cover (best: 73.1%, threshold: 30.0%)"
665,Unknown / Insufficient Evidence,0.0,"Unknown / Insufficient Evidence
Supporting evidence:
- insufficient or conflicting physical & contextual evidence
- land-cover context is UNKNOWN
- satellite observation unavailable/obscured",1,isolated,298.82,24.33,0.4,INSUFFICIENT_DATA,0.0,industrial,A P Paper Mill,0.924,found,UNKNOWN,False,UNKNOWN,,"Sentinel-2 observation available but obscured by cloud cover (best: 79.0%, threshold: 30.0%)"
666,Unknown / Insufficient Evidence,0.0,"Unknown / Insufficient Evidence
Supporting evidence:
- insufficient or conflicting physical & contextual evidence
- land-cover context is UNKNOWN
- satellite observation unavailable/obscured",1,isolated,297.07,23.88,0.62,INSUFFICIENT_DATA,0.0,works,Footwear factory outlet,1.168,found,UNKNOWN,False,UNKNOWN,,"Sentinel-2 observation available but obscured by cloud cover (best: 79.0%, threshold: 30.0%)"
667,Unknown / Insufficient Evidence,0.0,"Unknown / Insufficient Evidence
Supporting evidence:
- insufficient or conflicting physical & contextual evidence
- OSM industrial context is UNKNOWN
- land-cover context is UNKNOWN
- satellite observation unavailable/obscured",1,isolated,305.24,14.65,0.7,INSUFFICIENT_DATA,0.0,none,none,inf,not_found,UNKNOWN,False,UNKNOWN,,"Sentinel-2 observation available but obscured by cloud cover (best: 47.8%, threshold: 30.0%)"
668,Agricultural-context thermal event,0.55,"Agricultural-context thermal event
Supporting evidence:
- short-lived transient activity (active_days=1)
- moderate thermal power typical of crop burning (max_frp=5.9 MW)
- OSM industrial context is UNKNOWN
- land-cover context is UNKNOWN
- satellite observation unavailable/obscured",1,isolated,335.56,38.45,5.87,INSUFFICIENT_DATA,0.0,none,none,inf,not_found,UNKNOWN,False,UNKNOWN,,"Sentinel-2 observation available but obscured by cloud cover (best: 47.8%, threshold: 30.0%)"
669,Agricultural-context thermal event,0.55,"Agricultural-context thermal event
Supporting evidence:
- short-lived transient activity (active_days=1)
- moderate thermal power typical of crop burning (max_frp=10.1 MW)
- OSM industrial context is UNKNOWN
- land-cover context is UNKNOWN
- satellite observation unavailable/obscured",1,isolated,341.99,42.96,10.1,INSUFFICIENT_DATA,0.0,none,none,inf,not_found,UNKNOWN,False,UNKNOWN,,"Sentinel-2 observation available but obscured by cloud cover (best: 47.8%, threshold: 30.0%)"
670,Unknown / Insufficient Evidence,0.0,"Unknown / Insufficient Evidence
Supporting evidence:
- insufficient or conflicting physical & contextual evidence
- OSM industrial context is UNKNOWN
- land-cover context is UNKNOWN",1,isolated,341.3,43.61,4.82,INSUFFICIENT_DATA,0.0,none,none,inf,not_found,UNKNOWN,True,SeaLake,0.965,Satellite CNN prediction: SeaLake (confidence: 0.96)
671,Unknown / Insufficient Evidence,0.0,"Unknown / Insufficient Evidence
Supporting evidence:
- insufficient or conflicting physical & contextual evidence
- OSM industrial context is UNKNOWN
- land-cover context is UNKNOWN
- satellite observation unavailable/obscured",1,isolated,335.31,36.62,4.17,INSUFFICIENT_DATA,0.0,none,none,inf,not_found,UNKNOWN,False,UNKNOWN,,"Sentinel-2 observation available but obscured by cloud cover (best: 46.7%, threshold: 30.0%)"
672,Agricultural-context thermal event,0.75,"Agricultural-context thermal event
Supporting evidence:
- short-lived transient activity (active_days=2)
- moderate thermal power typical of crop burning (max_frp=6.0 MW)
- satellite CNN visual context is Pasture (model confidence=0.83)
- OSM industrial context is UNKNOWN
- land-cover context is UNKNOWN",2,short_lived_repeated,338.9,37.08,5.99,MOVING,0.568,none,none,inf,not_found,UNKNOWN,True,Pasture,0.8275,Satellite CNN prediction: Pasture (confidence: 0.83)
673,Unknown / Insufficient Evidence,0.0,"Unknown / Insufficient Evidence
Supporting evidence:
- insufficient or conflicting physical & contextual evidence
- OSM industrial context is UNKNOWN
- land-cover context is UNKNOWN",1,isolated,331.42,34.46,2.56,INSUFFICIENT_DATA,0.0,none,none,inf,not_found,UNKNOWN,True,SeaLake,0.9972,Satellite CNN prediction: SeaLake (confidence: 1.00)
674,Unknown / Insufficient Evidence,0.0,"Unknown / Insufficient Evidence
Supporting evidence:
- insufficient or conflicting physical & contextual evidence
- OSM industrial context is UNKNOWN
- land-cover context is UNKNOWN",1,isolated,333.73,38.34,2.55,INSUFFICIENT_DATA,0.0,none,none,inf,not_found,UNKNOWN,True,SeaLake,0.4893,Satellite CNN prediction: SeaLake (confidence: 0.49)
675,Agricultural-context thermal event,0.75,"Agricultural-context thermal event
Supporting evidence:
- short-lived transient activity (active_days=2)
- minor localized plot displacement
- moderate thermal power typical of crop burning (max_frp=6.2 MW)
- OSM industrial context is UNKNOWN
- land-cover context is UNKNOWN",2,short_lived_repeated,343.0,43.9,6.21,STATIONARY,0.187,none,none,inf,not_found,UNKNOWN,True,SeaLake,0.1777,Satellite CNN prediction: SeaLake (confidence: 0.18)
676,Unknown / Insufficient Evidence,0.0,"Unknown / Insufficient Evidence
Supporting evidence:
- insufficient or conflicting physical & contextual evidence
- OSM industrial context is UNKNOWN
- land-cover context is UNKNOWN",1,isolated,330.5,31.05,3.6,INSUFFICIENT_DATA,0.0,none,none,inf,not_found,UNKNOWN,True,SeaLake,0.9952,Satellite CNN prediction: SeaLake (confidence: 1.00)
677,Unknown / Insufficient Evidence,0.0,"Unknown / Insufficient Evidence
Supporting evidence:
- insufficient or conflicting physical & contextual evidence
- OSM industrial context is UNKNOWN
- land-cover context is UNKNOWN
- satellite observation unavailable/obscured",1,isolated,338.97,40.42,3.13,INSUFFICIENT_DATA,0.0,none,none,inf,not_found,UNKNOWN,False,UNKNOWN,,"Sentinel-2 observation available but obscured by cloud cover (best: 96.2%, threshold: 30.0%)"
678,Unknown / Insufficient Evidence,0.0,"Unknown / Insufficient Evidence
Supporting evidence:
- insufficient or conflicting physical & contextual evidence
- OSM industrial context is UNKNOWN
- land-cover context is UNKNOWN
- satellite observation unavailable/obscured",1,isolated,330.5,32.16,2.05,INSUFFICIENT_DATA,0.0,none,none,inf,not_found,UNKNOWN,False,UNKNOWN,,"Sentinel-2 observation available but obscured by cloud cover (best: 96.2%, threshold: 30.0%)"
679,Unknown / Insufficient Evidence,0.0,"Unknown / Insufficient Evidence
Supporting evidence:
- insufficient or conflicting physical & contextual evidence
- OSM industrial context is UNKNOWN
- land-cover context is UNKNOWN
- satellite observation unavailable/obscured",1,isolated,330.07,29.44,1.95,INSUFFICIENT_DATA,0.0,none,none,inf,not_found,UNKNOWN,False,UNKNOWN,,"Sentinel-2 observation available but obscured by cloud cover (best: 89.0%, threshold: 30.0%)"
680,Unknown / Insufficient Evidence,0.0,"Unknown / Insufficient Evidence
Supporting evidence:
- insufficient or conflicting physical & contextual evidence
- OSM industrial context is UNKNOWN
- land-cover context is UNKNOWN
- satellite observation unavailable/obscured",1,isolated,333.57,35.9,2.63,INSUFFICIENT_DATA,0.0,none,none,inf,not_found,UNKNOWN,False,UNKNOWN,,"Sentinel-2 observation available but obscured by cloud cover (best: 62.6%, threshold: 30.0%)"
681,Unknown / Insufficient Evidence,0.0,"Unknown / Insufficient Evidence
Supporting evidence:
- insufficient or conflicting physical & contextual evidence
- OSM industrial context is UNKNOWN
- land-cover context is UNKNOWN
- satellite observation unavailable/obscured",1,isolated,356.33,67.12,39.17,INSUFFICIENT_DATA,0.0,none,none,inf,not_found,UNKNOWN,False,UNKNOWN,,"Sentinel-2 observation available but obscured by cloud cover (best: 83.9%, threshold: 30.0%)"
682,Unknown / Insufficient Evidence,0.0,"Unknown / Insufficient Evidence
Supporting evidence:
- insufficient or conflicting physical & contextual evidence
- OSM industrial context is UNKNOWN
- land-cover context is UNKNOWN",1,isolated,330.3,29.07,2.78,INSUFFICIENT_DATA,0.0,none,none,inf,not_found,UNKNOWN,True,SeaLake,0.9908,Satellite CNN prediction: SeaLake (confidence: 0.99)
683,Agricultural-context thermal event,0.55,"Agricultural-context thermal event
Supporting evidence:
- short-lived transient activity (active_days=1)
- moderate thermal power typical of crop burning (max_frp=5.4 MW)
- OSM industrial context is UNKNOWN
- land-cover context is UNKNOWN",1,isolated,336.4,32.06,5.43,INSUFFICIENT_DATA,0.0,none,none,inf,not_found,UNKNOWN,True,SeaLake,0.6009,Satellite CNN prediction: SeaLake (confidence: 0.60)
684,Industrial-context thermal event,0.45,"Industrial-context thermal event
Supporting evidence:
- high spectral brightness temperature contrast (bt_diff=46.2 K)
- industrial facility detected nearby (plant at 1.57 km)
- land-cover context is UNKNOWN",1,isolated,338.87,46.23,3.8,INSUFFICIENT_DATA,0.0,plant,none,1.566,found,UNKNOWN,True,SeaLake,0.8904,Satellite CNN prediction: SeaLake (confidence: 0.89)
685,Agricultural-context thermal event,0.4,"Agricultural-context thermal event
Supporting evidence:
- short-lived transient activity (active_days=1)
- moderate thermal power typical of crop burning (max_frp=5.3 MW)
- land-cover context is UNKNOWN
- satellite observation unavailable/obscured",1,isolated,332.85,29.33,5.29,INSUFFICIENT_DATA,0.0,industrial,none,1.862,found,UNKNOWN,False,UNKNOWN,,"Sentinel-2 observation available but obscured by cloud cover (best: 80.7%, threshold: 30.0%)"
686,Agricultural-context thermal event,0.4,"Agricultural-context thermal event
Supporting evidence:
- short-lived transient activity (active_days=1)
- moderate thermal power typical of crop burning (max_frp=5.1 MW)
- land-cover context is UNKNOWN",1,isolated,330.44,29.3,5.11,INSUFFICIENT_DATA,0.0,industrial,none,0.097,found,UNKNOWN,True,HerbaceousVegetation,0.2779,Satellite CNN prediction: HerbaceousVegetation (confidence: 0.28)
687,Industrial-context thermal event,0.45,"Industrial-context thermal event
Supporting evidence:
- high spectral brightness temperature contrast (bt_diff=39.6 K)
- industrial facility detected nearby (plant at 1.56 km)
- land-cover context is UNKNOWN",1,isolated,343.59,39.56,48.72,INSUFFICIENT_DATA,0.0,plant,none,1.56,found,UNKNOWN,True,SeaLake,0.8316,Satellite CNN prediction: SeaLake (confidence: 0.83)
688,Industrial-context thermal event,0.45,"Industrial-context thermal event
Supporting evidence:
- high spectral brightness temperature contrast (bt_diff=40.1 K)
- industrial facility detected nearby (plant at 1.30 km)
- land-cover context is UNKNOWN",1,isolated,343.67,40.09,9.93,INSUFFICIENT_DATA,0.0,plant,none,1.298,found,UNKNOWN,True,SeaLake,0.8042,Satellite CNN prediction: SeaLake (confidence: 0.80)
689,Unknown / Insufficient Evidence,0.0,"Unknown / Insufficient Evidence
Supporting evidence:
- insufficient or conflicting physical & contextual evidence
- OSM industrial context is UNKNOWN
- land-cover context is UNKNOWN",1,isolated,335.97,34.01,4.5,INSUFFICIENT_DATA,0.0,none,none,inf,not_found,UNKNOWN,True,SeaLake,0.7831,Satellite CNN prediction: SeaLake (confidence: 0.78)
690,Agricultural-context thermal event,0.55,"Agricultural-context thermal event
Supporting evidence:
- short-lived transient activity (active_days=1)
- moderate thermal power typical of crop burning (max_frp=13.1 MW)
- OSM industrial context is UNKNOWN
- land-cover context is UNKNOWN
- satellite observation unavailable/obscured",1,isolated,345.29,36.71,13.05,INSUFFICIENT_DATA,0.0,none,none,inf,not_found,UNKNOWN,False,UNKNOWN,,"Sentinel-2 observation available but obscured by cloud cover (best: 47.8%, threshold: 30.0%)"
691,Unknown / Insufficient Evidence,0.0,"Unknown / Insufficient Evidence
Supporting evidence:
- insufficient or conflicting physical & contextual evidence
- OSM industrial context is UNKNOWN
- land-cover context is UNKNOWN",1,isolated,331.89,37.93,3.39,INSUFFICIENT_DATA,0.0,none,none,inf,not_found,UNKNOWN,True,HerbaceousVegetation,0.6464,Satellite CNN prediction: HerbaceousVegetation (confidence: 0.65)
692,Industrial-context thermal event,0.45,"Industrial-context thermal event
Supporting evidence:
- high spectral brightness temperature contrast (bt_diff=41.3 K)
- industrial facility detected nearby (industrial at 1.68 km)
- land-cover context is UNKNOWN
- satellite observation unavailable/obscured",1,isolated,344.86,41.27,5.23,INSUFFICIENT_DATA,0.0,industrial,none,1.684,found,UNKNOWN,False,UNKNOWN,,"Sentinel-2 observation available but obscured by cloud cover (best: 47.8%, threshold: 30.0%)"
693,Agricultural-context thermal event,0.55,"Agricultural-context thermal event
Supporting evidence:
- short-lived transient activity (active_days=1)
- moderate thermal power typical of crop burning (max_frp=12.4 MW)
- OSM industrial context is UNKNOWN
- land-cover context is UNKNOWN
- satellite observation unavailable/obscured",1,isolated,344.37,38.21,12.36,INSUFFICIENT_DATA,0.0,none,none,inf,not_found,UNKNOWN,False,UNKNOWN,,"Sentinel-2 observation available but obscured by cloud cover (best: 47.8%, threshold: 30.0%)"
694,Agricultural-context thermal event,0.55,"Agricultural-context thermal event
Supporting evidence:
- short-lived transient activity (active_days=1)
- moderate thermal power typical of crop burning (max_frp=9.7 MW)
- OSM industrial context is UNKNOWN
- land-cover context is UNKNOWN
- satellite observation unavailable/obscured",1,isolated,341.87,35.9,9.7,INSUFFICIENT_DATA,0.0,none,none,inf,not_found,UNKNOWN,False,UNKNOWN,,"Sentinel-2 observation available but obscured by cloud cover (best: 47.8%, threshold: 30.0%)"
695,Unknown / Insufficient Evidence,0.0,"Unknown / Insufficient Evidence
Supporting evidence:
- insufficient or conflicting physical & contextual evidence
- OSM industrial context is UNKNOWN
- land-cover context is UNKNOWN",1,isolated,334.24,35.27,3.76,INSUFFICIENT_DATA,0.0,none,none,inf,not_found,UNKNOWN,True,SeaLake,0.9958,Satellite CNN prediction: SeaLake (confidence: 1.00)
696,Agricultural-context thermal event,0.55,"Agricultural-context thermal event
Supporting evidence:
- short-lived transient activity (active_days=1)
- moderate thermal power typical of crop burning (max_frp=6.4 MW)
- OSM industrial context is UNKNOWN
- land-cover context is UNKNOWN",1,isolated,334.81,36.25,6.39,INSUFFICIENT_DATA,0.0,none,none,inf,not_found,UNKNOWN,True,SeaLake,0.9173,Satellite CNN prediction: SeaLake (confidence: 0.92)
697,Agricultural-context thermal event,0.75,"Agricultural-context thermal event
Supporting evidence:
- short-lived transient activity (active_days=1)
- moderate thermal power typical of crop burning (max_frp=5.2 MW)
- satellite CNN visual context is Pasture (model confidence=0.92)
- OSM industrial context is UNKNOWN
- land-cover context is UNKNOWN",1,isolated,342.07,42.33,5.24,INSUFFICIENT_DATA,0.0,none,none,inf,not_found,UNKNOWN,True,Pasture,0.9246,Satellite CNN prediction: Pasture (confidence: 0.92)
698,Unknown / Insufficient Evidence,0.0,"Unknown / Insufficient Evidence
Supporting evidence:
- insufficient or conflicting physical & contextual evidence
- OSM industrial context is UNKNOWN
- land-cover context is UNKNOWN",1,isolated,336.99,35.77,2.32,INSUFFICIENT_DATA,0.0,none,none,inf,not_found,UNKNOWN,True,SeaLake,0.4676,Satellite CNN prediction: SeaLake (confidence: 0.47)
699,Agricultural-context thermal event,0.55,"Agricultural-context thermal event
Supporting evidence:
- short-lived transient activity (active_days=1)
- moderate thermal power typical of crop burning (max_frp=9.0 MW)
- OSM industrial context is UNKNOWN
- land-cover context is UNKNOWN
- satellite observation unavailable/obscured",1,isolated,342.04,41.48,8.97,INSUFFICIENT_DATA,0.0,none,none,inf,not_found,UNKNOWN,False,UNKNOWN,,"Sentinel-2 observation available but obscured by cloud cover (best: 62.6%, threshold: 30.0%)"
700,Agricultural-context thermal event,0.55,"Agricultural-context thermal event
Supporting evidence:
- short-lived transient activity (active_days=1)
- moderate thermal power typical of crop burning (max_frp=11.8 MW)
- OSM industrial context is UNKNOWN
- land-cover context is UNKNOWN
- satellite observation unavailable/obscured",1,isolated,341.05,40.64,11.75,INSUFFICIENT_DATA,0.0,none,none,inf,not_found,UNKNOWN,False,UNKNOWN,,"Sentinel-2 observation available but obscured by cloud cover (best: 39.6%, threshold: 30.0%)"
701,Unknown / Insufficient Evidence,0.0,"Unknown / Insufficient Evidence
Supporting evidence:
- insufficient or conflicting physical & contextual evidence
- OSM industrial context is UNKNOWN
- land-cover context is UNKNOWN
- satellite observation unavailable/obscured",1,isolated,331.82,42.03,3.23,INSUFFICIENT_DATA,0.0,none,none,inf,not_found,UNKNOWN,False,UNKNOWN,,"Sentinel-2 observation available but obscured by cloud cover (best: 72.8%, threshold: 30.0%)"
702,Unknown / Insufficient Evidence,0.0,"Unknown / Insufficient Evidence
Supporting evidence:
- insufficient or conflicting physical & contextual evidence
- OSM industrial context is UNKNOWN
- land-cover context is UNKNOWN",1,isolated,330.46,43.45,2.86,INSUFFICIENT_DATA,0.0,none,none,inf,not_found,UNKNOWN,True,SeaLake,0.9745,Satellite CNN prediction: SeaLake (confidence: 0.97)
703,Industrial-context thermal event,0.45,"Industrial-context thermal event
Supporting evidence:
- high spectral brightness temperature contrast (bt_diff=48.7 K)
- industrial facility detected nearby (plant at 1.19 km)
- land-cover context is UNKNOWN
- satellite observation unavailable/obscured",1,isolated,340.13,48.66,3.79,INSUFFICIENT_DATA,0.0,plant,none,1.188,found,UNKNOWN,False,UNKNOWN,,"Sentinel-2 observation available but obscured by cloud cover (best: 64.8%, threshold: 30.0%)"
704,Agricultural-context thermal event,0.75,"Agricultural-context thermal event
Supporting evidence:
- short-lived transient activity (active_days=1)
- moderate thermal power typical of crop burning (max_frp=6.7 MW)
- satellite CNN visual context is Pasture (model confidence=0.56)
- OSM industrial context is UNKNOWN
- land-cover context is UNKNOWN",1,isolated,339.4,38.38,6.73,INSUFFICIENT_DATA,0.0,none,none,inf,not_found,UNKNOWN,True,Pasture,0.5633,Satellite CNN prediction: Pasture (confidence: 0.56)
705,Unknown / Insufficient Evidence,0.0,"Unknown / Insufficient Evidence
Supporting evidence:
- insufficient or conflicting physical & contextual evidence
- OSM industrial context is UNKNOWN
- land-cover context is UNKNOWN
- satellite observation unavailable/obscured",1,isolated,301.27,16.94,1.25,INSUFFICIENT_DATA,0.0,none,none,inf,not_found,UNKNOWN,False,UNKNOWN,,"Sentinel-2 observation available but obscured by cloud cover (best: 51.7%, threshold: 30.0%)"
706,Unknown / Insufficient Evidence,0.0,"Unknown / Insufficient Evidence
Supporting evidence:
- insufficient or conflicting physical & contextual evidence
- OSM industrial context is UNKNOWN
- land-cover context is UNKNOWN
- satellite observation unavailable/obscured",1,isolated,298.4,22.83,2.72,INSUFFICIENT_DATA,0.0,none,none,inf,not_found,UNKNOWN,False,UNKNOWN,,"Sentinel-2 observation available but obscured by cloud cover (best: 60.3%, threshold: 30.0%)"
707,Unknown / Insufficient Evidence,0.0,"Unknown / Insufficient Evidence
Supporting evidence:
- insufficient or conflicting physical & contextual evidence
- OSM industrial context is UNKNOWN
- land-cover context is UNKNOWN
- satellite observation unavailable/obscured",1,isolated,304.2,20.63,0.44,INSUFFICIENT_DATA,0.0,none,none,inf,not_found,UNKNOWN,False,UNKNOWN,,"Sentinel-2 observation available but obscured by cloud cover (best: 56.5%, threshold: 30.0%)"
708,Industrial-context thermal event,0.65,"Industrial-context thermal event
Supporting evidence:
- activity is recurring (active_days=2)
- activity is spatially stationary (displacement=0.37 km)
- industrial facility detected nearby (works at 0.42 km)
- land-cover context is UNKNOWN
- satellite observation unavailable/obscured",2,short_lived_repeated,312.79,21.66,1.18,STATIONARY,0.368,works,none,0.418,found,UNKNOWN,False,UNKNOWN,,"Sentinel-2 observation available but obscured by cloud cover (best: 100.0%, threshold: 30.0%)"
709,Unknown / Insufficient Evidence,0.0,"Unknown / Insufficient Evidence
Supporting evidence:
- insufficient or conflicting physical & contextual evidence
- land-cover context is UNKNOWN
- satellite observation unavailable/obscured",1,isolated,304.49,19.86,0.51,INSUFFICIENT_DATA,0.0,industrial,none,1.519,found,UNKNOWN,False,UNKNOWN,,"Sentinel-2 observation available but obscured by cloud cover (best: 46.7%, threshold: 30.0%)"
710,Unknown / Insufficient Evidence,0.0,"Unknown / Insufficient Evidence
Supporting evidence:
- insufficient or conflicting physical & contextual evidence
- OSM industrial context is UNKNOWN
- land-cover context is UNKNOWN
- satellite observation unavailable/obscured",1,isolated,318.72,34.31,1.39,INSUFFICIENT_DATA,0.0,none,none,inf,not_found,UNKNOWN,False,UNKNOWN,,"Sentinel-2 observation available but obscured by cloud cover (best: 89.1%, threshold: 30.0%)"
711,Unknown / Insufficient Evidence,0.0,"Unknown / Insufficient Evidence
Supporting evidence:
- insufficient or conflicting physical & contextual evidence
- land-cover context is UNKNOWN
- satellite observation unavailable/obscured",1,isolated,306.78,25.12,0.97,INSUFFICIENT_DATA,0.0,industrial,none,1.941,found,UNKNOWN,False,UNKNOWN,,"Sentinel-2 observation available but obscured by cloud cover (best: 39.6%, threshold: 30.0%)"
712,Unknown / Insufficient Evidence,0.0,"Unknown / Insufficient Evidence
Supporting evidence:
- insufficient or conflicting physical & contextual evidence
- OSM industrial context is UNKNOWN
- land-cover context is UNKNOWN
- satellite observation unavailable/obscured",1,isolated,302.25,20.25,0.49,INSUFFICIENT_DATA,0.0,none,none,inf,not_found,UNKNOWN,False,UNKNOWN,,"Sentinel-2 observation available but obscured by cloud cover (best: 89.1%, threshold: 30.0%)"
713,Unknown / Insufficient Evidence,0.0,"Unknown / Insufficient Evidence
Supporting evidence:
- insufficient or conflicting physical & contextual evidence
- OSM industrial context is UNKNOWN
- land-cover context is UNKNOWN
- satellite observation unavailable/obscured",1,isolated,317.57,37.23,1.88,INSUFFICIENT_DATA,0.0,none,none,inf,not_found,UNKNOWN,False,UNKNOWN,,"Sentinel-2 observation available but obscured by cloud cover (best: 72.8%, threshold: 30.0%)"
714,Unknown / Insufficient Evidence,0.0,"Unknown / Insufficient Evidence
Supporting evidence:
- insufficient or conflicting physical & contextual evidence
- land-cover context is UNKNOWN
- satellite observation unavailable/obscured",1,isolated,307.04,17.5,0.82,INSUFFICIENT_DATA,0.0,industrial,none,0.924,found,UNKNOWN,False,UNKNOWN,,"Sentinel-2 observation available but obscured by cloud cover (best: 64.4%, threshold: 30.0%)"
715,Unknown / Insufficient Evidence,0.0,"Unknown / Insufficient Evidence
Supporting evidence:
- insufficient or conflicting physical & contextual evidence
- OSM industrial context is UNKNOWN
- land-cover context is UNKNOWN
- satellite observation unavailable/obscured",1,isolated,305.21,20.56,1.06,INSUFFICIENT_DATA,0.0,none,none,inf,not_found,UNKNOWN,False,UNKNOWN,,"Sentinel-2 observation available but obscured by cloud cover (best: 79.1%, threshold: 30.0%)"
716,Unknown / Insufficient Evidence,0.0,"Unknown / Insufficient Evidence
Supporting evidence:
- insufficient or conflicting physical & contextual evidence
- land-cover context is UNKNOWN
- satellite observation unavailable/obscured",1,isolated,307.98,18.77,1.85,INSUFFICIENT_DATA,0.0,industrial,none,0.13,found,UNKNOWN,False,UNKNOWN,,"Sentinel-2 observation available but obscured by cloud cover (best: 86.9%, threshold: 30.0%)"
717,Unknown / Insufficient Evidence,0.0,"Unknown / Insufficient Evidence
Supporting evidence:
- insufficient or conflicting physical & contextual evidence
- OSM industrial context is UNKNOWN
- land-cover context is UNKNOWN
- satellite observation unavailable/obscured",1,isolated,305.11,20.91,1.23,INSUFFICIENT_DATA,0.0,none,none,inf,not_found,UNKNOWN,False,UNKNOWN,,"Sentinel-2 observation available but obscured by cloud cover (best: 79.1%, threshold: 30.0%)"
718,Unknown / Insufficient Evidence,0.0,"Unknown / Insufficient Evidence
Supporting evidence:
- insufficient or conflicting physical & contextual evidence
- land-cover context is UNKNOWN
- satellite observation unavailable/obscured",1,isolated,305.98,18.88,0.81,INSUFFICIENT_DATA,0.0,industrial,none,0.283,found,UNKNOWN,False,UNKNOWN,,"Sentinel-2 observation available but obscured by cloud cover (best: 86.9%, threshold: 30.0%)"
719,Unknown / Insufficient Evidence,0.0,"Unknown / Insufficient Evidence
Supporting evidence:
- insufficient or conflicting physical & contextual evidence
- land-cover context is UNKNOWN
- satellite observation unavailable/obscured",1,isolated,302.49,19.5,0.67,INSUFFICIENT_DATA,0.0,mine,Adasa Coal Mine,1.275,found,UNKNOWN,False,UNKNOWN,,"Sentinel-2 observation available but obscured by cloud cover (best: 86.6%, threshold: 30.0%)"
720,Industrial-context thermal event,0.45,"Industrial-context thermal event
Supporting evidence:
- high spectral brightness temperature contrast (bt_diff=36.0 K)
- industrial facility detected nearby (plant at 0.50 km)
- land-cover context is UNKNOWN
- satellite observation unavailable/obscured",1,isolated,309.86,36.04,1.13,INSUFFICIENT_DATA,0.0,plant,Raigarh Jindal power station,0.501,found,UNKNOWN,False,UNKNOWN,,"Sentinel-2 observation available but obscured by cloud cover (best: 64.9%, threshold: 30.0%)"
721,Unknown / Insufficient Evidence,0.0,"Unknown / Insufficient Evidence
Supporting evidence:
- insufficient or conflicting physical & contextual evidence
- OSM industrial context is UNKNOWN
- land-cover context is UNKNOWN
- satellite observation unavailable/obscured",1,isolated,300.01,19.62,0.58,INSUFFICIENT_DATA,0.0,none,none,inf,not_found,UNKNOWN,False,UNKNOWN,,"Sentinel-2 observation available but obscured by cloud cover (best: 60.3%, threshold: 30.0%)"
722,Unknown / Insufficient Evidence,0.0,"Unknown / Insufficient Evidence
Supporting evidence:
- insufficient or conflicting physical & contextual evidence
- OSM industrial context is UNKNOWN
- land-cover context is UNKNOWN
- satellite observation unavailable/obscured",1,isolated,312.44,25.73,1.96,INSUFFICIENT_DATA,0.0,none,none,inf,not_found,UNKNOWN,False,UNKNOWN,,"Sentinel-2 observation available but obscured by cloud cover (best: 64.9%, threshold: 30.0%)"
723,Unknown / Insufficient Evidence,0.0,"Unknown / Insufficient Evidence
Supporting evidence:
- insufficient or conflicting physical & contextual evidence
- OSM industrial context is UNKNOWN
- land-cover context is UNKNOWN",1,isolated,304.22,20.59,1.2,INSUFFICIENT_DATA,0.0,none,none,inf,not_found,UNKNOWN,True,SeaLake,0.9258,Satellite CNN prediction: SeaLake (confidence: 0.93)
724,Industrial-context thermal event,0.45,"Industrial-context thermal event
Supporting evidence:
- high spectral brightness temperature contrast (bt_diff=55.7 K)
- industrial facility detected nearby (industrial at 1.75 km)
- land-cover context is UNKNOWN
- satellite observation unavailable/obscured",1,isolated,341.34,55.69,9.3,INSUFFICIENT_DATA,0.0,industrial,none,1.747,found,UNKNOWN,False,UNKNOWN,,"Sentinel-2 observation available but obscured by cloud cover (best: 58.8%, threshold: 30.0%)"
725,Unknown / Insufficient Evidence,0.0,"Unknown / Insufficient Evidence
Supporting evidence:
- insufficient or conflicting physical & contextual evidence
- OSM industrial context is UNKNOWN
- land-cover context is UNKNOWN",1,isolated,304.67,23.81,1.34,INSUFFICIENT_DATA,0.0,none,none,inf,not_found,UNKNOWN,True,SeaLake,0.9827,Satellite CNN prediction: SeaLake (confidence: 0.98)
726,Unknown / Insufficient Evidence,0.0,"Unknown / Insufficient Evidence
Supporting evidence:
- insufficient or conflicting physical & contextual evidence
- land-cover context is UNKNOWN
- satellite observation unavailable/obscured",1,isolated,307.02,16.46,1.13,INSUFFICIENT_DATA,0.0,works,none,1.989,found,UNKNOWN,False,UNKNOWN,,"Sentinel-2 observation available but obscured by cloud cover (best: 79.1%, threshold: 30.0%)"
727,Industrial-context thermal event,0.65,"Industrial-context thermal event
Supporting evidence:
- activity is recurring (active_days=3)
- activity is spatially stationary (displacement=0.40 km)
- industrial facility detected nearby (industrial at 0.31 km)
- land-cover context is UNKNOWN
- satellite observation unavailable/obscured",3,short_lived_repeated,305.34,13.92,1.43,STATIONARY,0.404,industrial,Ambuja Cements Limited,0.309,found,UNKNOWN,False,UNKNOWN,,"Sentinel-2 observation available but obscured by cloud cover (best: 30.4%, threshold: 30.0%)"
728,Unknown / Insufficient Evidence,0.0,"Unknown / Insufficient Evidence
Supporting evidence:
- insufficient or conflicting physical & contextual evidence
- OSM industrial context is UNKNOWN
- land-cover context is UNKNOWN
- satellite observation unavailable/obscured",1,isolated,301.79,37.37,2.31,INSUFFICIENT_DATA,0.0,none,none,inf,not_found,UNKNOWN,False,UNKNOWN,,"Sentinel-2 observation available but obscured by cloud cover (best: 50.6%, threshold: 30.0%)"
729,Unknown / Insufficient Evidence,0.0,"Unknown / Insufficient Evidence
Supporting evidence:
- insufficient or conflicting physical & contextual evidence
- OSM industrial context is UNKNOWN
- land-cover context is UNKNOWN",1,isolated,295.02,13.13,4.25,INSUFFICIENT_DATA,0.0,none,none,inf,not_found,UNKNOWN,True,SeaLake,0.9422,Satellite CNN prediction: SeaLake (confidence: 0.94)
730,Agricultural-context thermal event,0.55,"Agricultural-context thermal event
Supporting evidence:
- short-lived transient activity (active_days=1)
- moderate thermal power typical of crop burning (max_frp=5.0 MW)
- OSM industrial context is UNKNOWN
- land-cover context is UNKNOWN",1,isolated,341.06,45.86,5.03,INSUFFICIENT_DATA,0.0,none,none,inf,not_found,UNKNOWN,True,River,0.5795,Satellite CNN prediction: River (confidence: 0.58)
731,Unknown / Insufficient Evidence,0.0,"Unknown / Insufficient Evidence
Supporting evidence:
- insufficient or conflicting physical & contextual evidence
- OSM industrial context is UNKNOWN
- land-cover context is UNKNOWN",1,isolated,334.43,45.64,3.4,INSUFFICIENT_DATA,0.0,none,none,inf,not_found,UNKNOWN,True,SeaLake,0.828,Satellite CNN prediction: SeaLake (confidence: 0.83)
732,Unknown / Insufficient Evidence,0.0,"Unknown / Insufficient Evidence
Supporting evidence:
- insufficient or conflicting physical & contextual evidence
- OSM industrial context is UNKNOWN
- land-cover context is UNKNOWN",1,isolated,331.34,40.37,3.15,INSUFFICIENT_DATA,0.0,none,none,inf,not_found,UNKNOWN,True,SeaLake,0.276,Satellite CNN prediction: SeaLake (confidence: 0.28)
733,Industrial-context thermal event,0.85,"Industrial-context thermal event
Supporting evidence:
- activity is recurring (active_days=2)
- activity is spatially stationary (displacement=0.21 km)
- high spectral brightness temperature contrast (bt_diff=40.2 K)
- industrial facility detected nearby (mine at 1.33 km)
- land-cover context is UNKNOWN
- satellite observation unavailable/obscured",2,short_lived_repeated,334.95,40.24,3.65,STATIONARY,0.208,mine,none,1.334,found,UNKNOWN,False,UNKNOWN,,"Sentinel-2 observation available but obscured by cloud cover (best: 42.9%, threshold: 30.0%)"
734,Unknown / Insufficient Evidence,0.0,"Unknown / Insufficient Evidence
Supporting evidence:
- insufficient or conflicting physical & contextual evidence
- OSM industrial context is UNKNOWN
- land-cover context is UNKNOWN
- satellite observation unavailable/obscured",1,isolated,335.42,41.33,2.39,INSUFFICIENT_DATA,0.0,none,none,inf,not_found,UNKNOWN,False,UNKNOWN,,"Sentinel-2 observation available but obscured by cloud cover (best: 84.6%, threshold: 30.0%)"
735,Agricultural-context thermal event,0.55,"Agricultural-context thermal event
Supporting evidence:
- short-lived transient activity (active_days=1)
- moderate thermal power typical of crop burning (max_frp=6.6 MW)
- OSM industrial context is UNKNOWN
- land-cover context is UNKNOWN",1,isolated,342.38,48.5,6.64,INSUFFICIENT_DATA,0.0,none,none,inf,not_found,UNKNOWN,True,PermanentCrop,0.3741,Satellite CNN prediction: PermanentCrop (confidence: 0.37)
736,Agricultural-context thermal event,0.55,"Agricultural-context thermal event
Supporting evidence:
- short-lived transient activity (active_days=1)
- moderate thermal power typical of crop burning (max_frp=6.6 MW)
- OSM industrial context is UNKNOWN
- land-cover context is UNKNOWN",1,isolated,342.18,48.68,6.62,INSUFFICIENT_DATA,0.0,none,none,inf,not_found,UNKNOWN,True,HerbaceousVegetation,0.9955,Satellite CNN prediction: HerbaceousVegetation (confidence: 1.00)
737,Unknown / Insufficient Evidence,0.0,"Unknown / Insufficient Evidence
Supporting evidence:
- insufficient or conflicting physical & contextual evidence
- land-cover context is UNKNOWN
- satellite observation unavailable/obscured",1,isolated,330.18,32.92,3.85,INSUFFICIENT_DATA,0.0,factory,Century Pulp And Paper Mill,0.286,found,UNKNOWN,False,UNKNOWN,,"Sentinel-2 observation available but obscured by cloud cover (best: 38.5%, threshold: 30.0%)"
738,Unknown / Insufficient Evidence,0.0,"Unknown / Insufficient Evidence
Supporting evidence:
- insufficient or conflicting physical & contextual evidence
- OSM industrial context is UNKNOWN
- land-cover context is UNKNOWN",1,isolated,337.3,34.04,4.93,INSUFFICIENT_DATA,0.0,none,none,inf,not_found,UNKNOWN,True,SeaLake,0.4879,Satellite CNN prediction: SeaLake (confidence: 0.49)
739,Unknown / Insufficient Evidence,0.0,"Unknown / Insufficient Evidence
Supporting evidence:
- insufficient or conflicting physical & contextual evidence
- OSM industrial context is UNKNOWN
- land-cover context is UNKNOWN",1,isolated,339.89,39.1,4.71,INSUFFICIENT_DATA,0.0,none,none,inf,not_found,UNKNOWN,True,SeaLake,0.9909,Satellite CNN prediction: SeaLake (confidence: 0.99)
740,Unknown / Insufficient Evidence,0.0,"Unknown / Insufficient Evidence
Supporting evidence:
- insufficient or conflicting physical & contextual evidence
- OSM industrial context is UNKNOWN
- land-cover context is UNKNOWN",1,isolated,335.85,31.5,2.22,INSUFFICIENT_DATA,0.0,none,none,inf,not_found,UNKNOWN,True,SeaLake,0.9393,Satellite CNN prediction: SeaLake (confidence: 0.94)
741,Unknown / Insufficient Evidence,0.0,"Unknown / Insufficient Evidence
Supporting evidence:
- insufficient or conflicting physical & contextual evidence
- OSM industrial context is UNKNOWN
- land-cover context is UNKNOWN",1,isolated,338.11,33.7,2.79,INSUFFICIENT_DATA,0.0,none,none,inf,not_found,UNKNOWN,True,SeaLake,0.997,Satellite CNN prediction: SeaLake (confidence: 1.00)
742,Agricultural-context thermal event,0.55,"Agricultural-context thermal event
Supporting evidence:
- short-lived transient activity (active_days=1)
- moderate thermal power typical of crop burning (max_frp=10.3 MW)
- OSM industrial context is UNKNOWN
- land-cover context is UNKNOWN",1,isolated,339.68,35.52,10.32,INSUFFICIENT_DATA,0.0,none,none,inf,not_found,UNKNOWN,True,SeaLake,0.9885,Satellite CNN prediction: SeaLake (confidence: 0.99)
743,Agricultural-context thermal event,0.55,"Agricultural-context thermal event
Supporting evidence:
- short-lived transient activity (active_days=1)
- moderate thermal power typical of crop burning (max_frp=12.9 MW)
- OSM industrial context is UNKNOWN
- land-cover context is UNKNOWN",1,isolated,352.69,50.74,12.87,INSUFFICIENT_DATA,0.0,none,none,inf,not_found,UNKNOWN,True,River,0.3234,Satellite CNN prediction: River (confidence: 0.32)
744,Unknown / Insufficient Evidence,0.0,"Unknown / Insufficient Evidence
Supporting evidence:
- insufficient or conflicting physical & contextual evidence
- OSM industrial context is UNKNOWN
- land-cover context is UNKNOWN
- satellite observation unavailable/obscured",1,isolated,334.04,41.06,1.59,INSUFFICIENT_DATA,0.0,none,none,inf,not_found,UNKNOWN,False,UNKNOWN,,"Sentinel-2 observation available but obscured by cloud cover (best: 89.1%, threshold: 30.0%)"
745,Unknown / Insufficient Evidence,0.0,"Unknown / Insufficient Evidence
Supporting evidence:
- insufficient or conflicting physical & contextual evidence
- OSM industrial context is UNKNOWN
- land-cover context is UNKNOWN
- satellite observation unavailable/obscured",1,isolated,337.61,41.67,4.14,INSUFFICIENT_DATA,0.0,none,none,inf,not_found,UNKNOWN,False,UNKNOWN,,"Sentinel-2 observation available but obscured by cloud cover (best: 96.2%, threshold: 30.0%)"
746,Unknown / Insufficient Evidence,0.0,"Unknown / Insufficient Evidence
Supporting evidence:
- insufficient or conflicting physical & contextual evidence
- OSM industrial context is UNKNOWN
- land-cover context is UNKNOWN",1,isolated,332.2,31.78,3.41,INSUFFICIENT_DATA,0.0,none,none,inf,not_found,UNKNOWN,True,SeaLake,0.3905,Satellite CNN prediction: SeaLake (confidence: 0.39)
747,Unknown / Insufficient Evidence,0.0,"Unknown / Insufficient Evidence
Supporting evidence:
- insufficient or conflicting physical & contextual evidence
- land-cover context is UNKNOWN",1,isolated,331.42,32.08,3.37,INSUFFICIENT_DATA,0.0,industrial,none,1.599,found,UNKNOWN,True,Forest,0.5282,Satellite CNN prediction: Forest (confidence: 0.53)
748,Agricultural-context thermal event,0.55,"Agricultural-context thermal event
Supporting evidence:
- short-lived transient activity (active_days=2)
- moderate thermal power typical of crop burning (max_frp=7.2 MW)
- OSM industrial context is UNKNOWN
- land-cover context is UNKNOWN",2,short_lived_repeated,331.94,26.49,7.15,MOVING,0.613,none,none,inf,not_found,UNKNOWN,True,SeaLake,0.632,Satellite CNN prediction: SeaLake (confidence: 0.63)
749,Unknown / Insufficient Evidence,0.0,"Unknown / Insufficient Evidence
Supporting evidence:
- insufficient or conflicting physical & contextual evidence
- OSM industrial context is UNKNOWN
- land-cover context is UNKNOWN
- satellite observation unavailable/obscured",1,isolated,299.86,14.97,1.37,INSUFFICIENT_DATA,0.0,none,none,inf,not_found,UNKNOWN,False,UNKNOWN,,"Sentinel-2 observation available but obscured by cloud cover (best: 42.9%, threshold: 30.0%)"
750,Unknown / Insufficient Evidence,0.0,"Unknown / Insufficient Evidence
Supporting evidence:
- insufficient or conflicting physical & contextual evidence
- land-cover context is UNKNOWN
- satellite observation unavailable/obscured",1,isolated,296.17,27.61,0.29,INSUFFICIENT_DATA,0.0,industrial,ACC Cement,0.665,found,UNKNOWN,False,UNKNOWN,,"Sentinel-2 observation available but obscured by cloud cover (best: 60.5%, threshold: 30.0%)"
751,Unknown / Insufficient Evidence,0.0,"Unknown / Insufficient Evidence
Supporting evidence:
- insufficient or conflicting physical & contextual evidence
- OSM industrial context is UNKNOWN
- land-cover context is UNKNOWN
- satellite observation unavailable/obscured",1,isolated,306.93,21.39,2.33,INSUFFICIENT_DATA,0.0,none,none,inf,not_found,UNKNOWN,False,UNKNOWN,,"Sentinel-2 observation available but obscured by cloud cover (best: 47.8%, threshold: 30.0%)"
752,Agricultural-context thermal event,0.55,"Agricultural-context thermal event
Supporting evidence:
- short-lived transient activity (active_days=1)
- satellite CNN visual context is AnnualCrop (model confidence=0.54)
- OSM industrial context is UNKNOWN
- land-cover context is UNKNOWN",1,isolated,302.76,25.14,0.25,INSUFFICIENT_DATA,0.0,none,none,inf,not_found,UNKNOWN,True,AnnualCrop,0.5444,Satellite CNN prediction: AnnualCrop (confidence: 0.54)
753,Unknown / Insufficient Evidence,0.0,"Unknown / Insufficient Evidence
Supporting evidence:
- insufficient or conflicting physical & contextual evidence
- OSM industrial context is UNKNOWN
- land-cover context is UNKNOWN
- satellite observation unavailable/obscured",1,isolated,329.87,59.97,4.47,INSUFFICIENT_DATA,0.0,none,none,inf,not_found,UNKNOWN,False,UNKNOWN,,"Sentinel-2 observation available but obscured by cloud cover (best: 46.7%, threshold: 30.0%)"
754,Unknown / Insufficient Evidence,0.0,"Unknown / Insufficient Evidence
Supporting evidence:
- insufficient or conflicting physical & contextual evidence
- OSM industrial context is UNKNOWN
- land-cover context is UNKNOWN",1,isolated,304.93,13.38,1.36,INSUFFICIENT_DATA,0.0,none,none,inf,not_found,UNKNOWN,True,SeaLake,0.6919,Satellite CNN prediction: SeaLake (confidence: 0.69)
755,Unknown / Insufficient Evidence,0.0,"Unknown / Insufficient Evidence
Supporting evidence:
- insufficient or conflicting physical & contextual evidence
- land-cover context is UNKNOWN
- satellite observation unavailable/obscured",1,isolated,316.67,32.79,1.3,INSUFFICIENT_DATA,0.0,works,none,0.603,found,UNKNOWN,False,UNKNOWN,,"Sentinel-2 observation available but obscured by cloud cover (best: 79.1%, threshold: 30.0%)"
756,Industrial-context thermal event,0.65,"Industrial-context thermal event
Supporting evidence:
- activity is recurring (active_days=2)
- activity is spatially stationary (displacement=0.38 km)
- industrial facility detected nearby (industrial at 0.37 km)
- land-cover context is UNKNOWN",2,short_lived_repeated,310.57,19.08,1.66,STATIONARY,0.379,industrial,none,0.372,found,UNKNOWN,True,SeaLake,0.5855,Satellite CNN prediction: SeaLake (confidence: 0.59)
757,Unknown / Insufficient Evidence,0.0,"Unknown / Insufficient Evidence
Supporting evidence:
- insufficient or conflicting physical & contextual evidence
- land-cover context is UNKNOWN
- satellite observation unavailable/obscured",1,isolated,305.92,16.07,0.97,INSUFFICIENT_DATA,0.0,industrial,Jaypee Cements,0.213,found,UNKNOWN,False,UNKNOWN,,"Sentinel-2 observation available but obscured by cloud cover (best: 30.4%, threshold: 30.0%)"
758,Unknown / Insufficient Evidence,0.0,"Unknown / Insufficient Evidence
Supporting evidence:
- insufficient or conflicting physical & contextual evidence
- land-cover context is UNKNOWN
- satellite observation unavailable/obscured",1,isolated,298.14,14.2,3.37,INSUFFICIENT_DATA,0.0,works,none,0.409,found,UNKNOWN,False,UNKNOWN,,"Sentinel-2 observation available but obscured by cloud cover (best: 77.4%, threshold: 30.0%)"
759,Unknown / Insufficient Evidence,0.0,"Unknown / Insufficient Evidence
Supporting evidence:
- insufficient or conflicting physical & contextual evidence
- land-cover context is UNKNOWN
- satellite observation unavailable/obscured",1,isolated,305.93,16.04,1.95,INSUFFICIENT_DATA,0.0,industrial,none,0.512,found,UNKNOWN,False,UNKNOWN,,"Sentinel-2 observation available but obscured by cloud cover (best: 82.2%, threshold: 30.0%)"
760,Industrial-context thermal event,0.65,"Industrial-context thermal event
Supporting evidence:
- activity is recurring (active_days=2)
- activity is spatially stationary (displacement=0.15 km)
- industrial facility detected nearby (industrial at 0.13 km)
- land-cover context is UNKNOWN
- satellite observation unavailable/obscured",2,short_lived_repeated,314.56,23.48,2.43,STATIONARY,0.15,industrial,Vedanta Limited,0.134,found,UNKNOWN,False,UNKNOWN,,"Sentinel-2 observation available but obscured by cloud cover (best: 45.2%, threshold: 30.0%)"
761,Unknown / Insufficient Evidence,0.0,"Unknown / Insufficient Evidence
Supporting evidence:
- insufficient or conflicting physical & contextual evidence
- OSM industrial context is UNKNOWN
- land-cover context is UNKNOWN
- satellite observation unavailable/obscured",1,isolated,302.22,15.65,0.5,INSUFFICIENT_DATA,0.0,none,none,inf,not_found,UNKNOWN,False,UNKNOWN,,"Sentinel-2 observation available but obscured by cloud cover (best: 84.3%, threshold: 30.0%)"
762,Agricultural-context thermal event,0.55,"Agricultural-context thermal event
Supporting evidence:
- short-lived transient activity (active_days=1)
- moderate thermal power typical of crop burning (max_frp=6.0 MW)
- OSM industrial context is UNKNOWN
- land-cover context is UNKNOWN
- satellite observation unavailable/obscured",1,isolated,347.64,53.34,5.98,INSUFFICIENT_DATA,0.0,none,none,inf,not_found,UNKNOWN,False,UNKNOWN,,"Sentinel-2 observation available but obscured by cloud cover (best: 33.4%, threshold: 30.0%)"
763,Unknown / Insufficient Evidence,0.0,"Unknown / Insufficient Evidence
Supporting evidence:
- insufficient or conflicting physical & contextual evidence
- OSM industrial context is UNKNOWN
- land-cover context is UNKNOWN",1,isolated,334.78,41.23,3.11,INSUFFICIENT_DATA,0.0,none,none,inf,not_found,UNKNOWN,True,PermanentCrop,0.2927,Satellite CNN prediction: PermanentCrop (confidence: 0.29)
764,Unknown / Insufficient Evidence,0.0,"Unknown / Insufficient Evidence
Supporting evidence:
- insufficient or conflicting physical & contextual evidence
- OSM industrial context is UNKNOWN
- land-cover context is UNKNOWN
- satellite observation unavailable/obscured",1,isolated,333.86,36.42,2.67,INSUFFICIENT_DATA,0.0,none,none,inf,not_found,UNKNOWN,False,UNKNOWN,,"Sentinel-2 observation available but obscured by cloud cover (best: 45.4%, threshold: 30.0%)"
765,Unknown / Insufficient Evidence,0.0,"Unknown / Insufficient Evidence
Supporting evidence:
- insufficient or conflicting physical & contextual evidence
- OSM industrial context is UNKNOWN
- land-cover context is UNKNOWN
- satellite observation unavailable/obscured",1,isolated,332.42,35.37,3.28,INSUFFICIENT_DATA,0.0,none,none,inf,not_found,UNKNOWN,False,UNKNOWN,,"Sentinel-2 observation available but obscured by cloud cover (best: 45.4%, threshold: 30.0%)"
766,Agricultural-context thermal event,0.55,"Agricultural-context thermal event
Supporting evidence:
- short-lived transient activity (active_days=1)
- moderate thermal power typical of crop burning (max_frp=6.2 MW)
- OSM industrial context is UNKNOWN
- land-cover context is UNKNOWN
- satellite observation unavailable/obscured",1,isolated,346.08,54.56,6.19,INSUFFICIENT_DATA,0.0,none,none,inf,not_found,UNKNOWN,False,UNKNOWN,,"Sentinel-2 observation available but obscured by cloud cover (best: 45.4%, threshold: 30.0%)"
767,Unknown / Insufficient Evidence,0.0,"Unknown / Insufficient Evidence
Supporting evidence:
- insufficient or conflicting physical & contextual evidence
- OSM industrial context is UNKNOWN
- land-cover context is UNKNOWN",1,isolated,334.57,37.14,1.74,INSUFFICIENT_DATA,0.0,none,none,inf,not_found,UNKNOWN,True,SeaLake,0.6494,Satellite CNN prediction: SeaLake (confidence: 0.65)
768,Unknown / Insufficient Evidence,0.0,"Unknown / Insufficient Evidence
Supporting evidence:
- insufficient or conflicting physical & contextual evidence
- land-cover context is UNKNOWN
- satellite observation unavailable/obscured",1,isolated,331.99,32.93,2.92,INSUFFICIENT_DATA,0.0,plant,Shezhilanallur,1.933,found,UNKNOWN,False,UNKNOWN,,"Sentinel-2 observation available but obscured by cloud cover (best: 76.1%, threshold: 30.0%)"
769,Agricultural-context thermal event,0.55,"Agricultural-context thermal event
Supporting evidence:
- short-lived transient activity (active_days=1)
- moderate thermal power typical of crop burning (max_frp=11.3 MW)
- OSM industrial context is UNKNOWN
- land-cover context is UNKNOWN",1,isolated,343.81,41.69,11.29,INSUFFICIENT_DATA,0.0,none,none,inf,not_found,UNKNOWN,True,SeaLake,0.9986,Satellite CNN prediction: SeaLake (confidence: 1.00)
770,Unknown / Insufficient Evidence,0.0,"Unknown / Insufficient Evidence
Supporting evidence:
- insufficient or conflicting physical & contextual evidence
- OSM industrial context is UNKNOWN
- land-cover context is UNKNOWN",1,isolated,334.2,34.46,4.26,INSUFFICIENT_DATA,0.0,none,none,inf,not_found,UNKNOWN,True,SeaLake,0.8398,Satellite CNN prediction: SeaLake (confidence: 0.84)
771,Industrial-context thermal event,0.45,"Industrial-context thermal event
Supporting evidence:
- high spectral brightness temperature contrast (bt_diff=36.0 K)
- industrial facility detected nearby (industrial at 1.15 km)
- land-cover context is UNKNOWN",1,isolated,338.52,36.03,4.93,INSUFFICIENT_DATA,0.0,industrial,none,1.146,found,UNKNOWN,True,SeaLake,0.8912,Satellite CNN prediction: SeaLake (confidence: 0.89)
772,Agricultural-context thermal event,0.55,"Agricultural-context thermal event
Supporting evidence:
- short-lived transient activity (active_days=1)
- moderate thermal power typical of crop burning (max_frp=7.2 MW)
- OSM industrial context is UNKNOWN
- land-cover context is UNKNOWN",1,isolated,337.53,35.79,7.25,INSUFFICIENT_DATA,0.0,none,none,inf,not_found,UNKNOWN,True,SeaLake,0.9765,Satellite CNN prediction: SeaLake (confidence: 0.98)
773,Agricultural-context thermal event,0.55,"Agricultural-context thermal event
Supporting evidence:
- short-lived transient activity (active_days=1)
- moderate thermal power typical of crop burning (max_frp=12.1 MW)
- OSM industrial context is UNKNOWN
- land-cover context is UNKNOWN",1,isolated,336.21,34.6,12.14,INSUFFICIENT_DATA,0.0,none,none,inf,not_found,UNKNOWN,True,SeaLake,0.9684,Satellite CNN prediction: SeaLake (confidence: 0.97)
774,Unknown / Insufficient Evidence,0.0,"Unknown / Insufficient Evidence
Supporting evidence:
- insufficient or conflicting physical & contextual evidence
- OSM industrial context is UNKNOWN
- land-cover context is UNKNOWN",1,isolated,332.95,39.3,4.88,INSUFFICIENT_DATA,0.0,none,none,inf,not_found,UNKNOWN,True,SeaLake,0.9866,Satellite CNN prediction: SeaLake (confidence: 0.99)
775,Industrial-context thermal event,0.45,"Industrial-context thermal event
Supporting evidence:
- high spectral brightness temperature contrast (bt_diff=36.7 K)
- industrial facility detected nearby (plant at 0.35 km)
- land-cover context is UNKNOWN",1,isolated,334.35,36.71,3.12,INSUFFICIENT_DATA,0.0,plant,none,0.353,found,UNKNOWN,True,River,0.2691,Satellite CNN prediction: River (confidence: 0.27)
776,Agricultural-context thermal event,0.55,"Agricultural-context thermal event
Supporting evidence:
- short-lived transient activity (active_days=1)
- moderate thermal power typical of crop burning (max_frp=5.0 MW)
- OSM industrial context is UNKNOWN
- land-cover context is UNKNOWN",1,isolated,335.27,37.23,5.02,INSUFFICIENT_DATA,0.0,none,none,inf,not_found,UNKNOWN,True,PermanentCrop,0.3515,Satellite CNN prediction: PermanentCrop (confidence: 0.35)
777,Agricultural-context thermal event,0.55,"Agricultural-context thermal event
Supporting evidence:
- short-lived transient activity (active_days=1)
- moderate thermal power typical of crop burning (max_frp=6.6 MW)
- OSM industrial context is UNKNOWN
- land-cover context is UNKNOWN",1,isolated,334.7,35.89,6.63,INSUFFICIENT_DATA,0.0,none,none,inf,not_found,UNKNOWN,True,SeaLake,0.7557,Satellite CNN prediction: SeaLake (confidence: 0.76)
778,Unknown / Insufficient Evidence,0.0,"Unknown / Insufficient Evidence
Supporting evidence:
- insufficient or conflicting physical & contextual evidence
- OSM industrial context is UNKNOWN
- land-cover context is UNKNOWN
- satellite observation unavailable/obscured",1,isolated,333.71,51.09,2.92,INSUFFICIENT_DATA,0.0,none,none,inf,not_found,UNKNOWN,False,UNKNOWN,,"Sentinel-2 observation available but obscured by cloud cover (best: 84.9%, threshold: 30.0%)"
779,Agricultural-context thermal event,0.55,"Agricultural-context thermal event
Supporting evidence:
- short-lived transient activity (active_days=1)
- moderate thermal power typical of crop burning (max_frp=9.7 MW)
- OSM industrial context is UNKNOWN
- land-cover context is UNKNOWN
- satellite observation unavailable/obscured",1,isolated,338.91,47.37,9.67,INSUFFICIENT_DATA,0.0,none,none,inf,not_found,UNKNOWN,False,UNKNOWN,,"Sentinel-2 observation available but obscured by cloud cover (best: 79.0%, threshold: 30.0%)"
780,Unknown / Insufficient Evidence,0.0,"Unknown / Insufficient Evidence
Supporting evidence:
- insufficient or conflicting physical & contextual evidence
- OSM industrial context is UNKNOWN
- land-cover context is UNKNOWN",1,isolated,347.59,56.47,4.36,INSUFFICIENT_DATA,0.0,none,none,inf,not_found,UNKNOWN,True,SeaLake,0.9915,Satellite CNN prediction: SeaLake (confidence: 0.99)
781,Industrial-context thermal event,0.45,"Industrial-context thermal event
Supporting evidence:
- high spectral brightness temperature contrast (bt_diff=49.5 K)
- industrial facility detected nearby (industrial at 0.33 km)
- land-cover context is UNKNOWN",1,isolated,341.75,49.45,4.27,INSUFFICIENT_DATA,0.0,industrial,none,0.327,found,UNKNOWN,True,AnnualCrop,0.3589,Satellite CNN prediction: AnnualCrop (confidence: 0.36)
782,Agricultural-context thermal event,0.55,"Agricultural-context thermal event
Supporting evidence:
- short-lived transient activity (active_days=1)
- moderate thermal power typical of crop burning (max_frp=7.5 MW)
- OSM industrial context is UNKNOWN
- land-cover context is UNKNOWN",1,isolated,351.98,59.31,7.47,INSUFFICIENT_DATA,0.0,none,none,inf,not_found,UNKNOWN,True,Pasture,0.4684,Satellite CNN prediction: Pasture (confidence: 0.47)
783,Unknown / Insufficient Evidence,0.0,"Unknown / Insufficient Evidence
Supporting evidence:
- insufficient or conflicting physical & contextual evidence
- OSM industrial context is UNKNOWN
- land-cover context is UNKNOWN
- satellite observation unavailable/obscured",1,isolated,330.73,36.28,1.82,INSUFFICIENT_DATA,0.0,none,none,inf,not_found,UNKNOWN,False,UNKNOWN,,"Sentinel-2 observation available but obscured by cloud cover (best: 47.8%, threshold: 30.0%)"
784,Agricultural-context thermal event,0.55,"Agricultural-context thermal event
Supporting evidence:
- short-lived transient activity (active_days=1)
- moderate thermal power typical of crop burning (max_frp=5.3 MW)
- OSM industrial context is UNKNOWN
- land-cover context is UNKNOWN
- satellite observation unavailable/obscured",1,isolated,340.87,45.31,5.27,INSUFFICIENT_DATA,0.0,none,none,inf,not_found,UNKNOWN,False,UNKNOWN,,"Sentinel-2 observation available but obscured by cloud cover (best: 47.8%, threshold: 30.0%)"
785,Agricultural-context thermal event,0.55,"Agricultural-context thermal event
Supporting evidence:
- short-lived transient activity (active_days=1)
- moderate thermal power typical of crop burning (max_frp=6.8 MW)
- OSM industrial context is UNKNOWN
- land-cover context is UNKNOWN",1,isolated,338.34,43.88,6.82,INSUFFICIENT_DATA,0.0,none,none,inf,not_found,UNKNOWN,True,SeaLake,0.9897,Satellite CNN prediction: SeaLake (confidence: 0.99)
786,Unknown / Insufficient Evidence,0.0,"Unknown / Insufficient Evidence
Supporting evidence:
- insufficient or conflicting physical & contextual evidence
- OSM industrial context is UNKNOWN
- land-cover context is UNKNOWN",1,isolated,350.48,55.59,4.18,INSUFFICIENT_DATA,0.0,none,none,inf,not_found,UNKNOWN,True,Forest,0.5673,Satellite CNN prediction: Forest (confidence: 0.57)
787,Unknown / Insufficient Evidence,0.0,"Unknown / Insufficient Evidence
Supporting evidence:
- insufficient or conflicting physical & contextual evidence
- OSM industrial context is UNKNOWN
- land-cover context is UNKNOWN
- satellite observation unavailable/obscured",1,isolated,338.71,50.29,4.51,INSUFFICIENT_DATA,0.0,none,none,inf,not_found,UNKNOWN,False,UNKNOWN,,"Sentinel-2 observation available but obscured by cloud cover (best: 35.1%, threshold: 30.0%)"
788,Unknown / Insufficient Evidence,0.0,"Unknown / Insufficient Evidence
Supporting evidence:
- insufficient or conflicting physical & contextual evidence
- OSM industrial context is UNKNOWN
- land-cover context is UNKNOWN
- satellite observation unavailable/obscured",1,isolated,297.18,10.02,4.28,INSUFFICIENT_DATA,0.0,none,none,inf,not_found,UNKNOWN,False,UNKNOWN,,"Sentinel-2 observation available but obscured by cloud cover (best: 47.5%, threshold: 30.0%)"
789,Unknown / Insufficient Evidence,0.0,"Unknown / Insufficient Evidence
Supporting evidence:
- insufficient or conflicting physical & contextual evidence
- OSM industrial context is UNKNOWN
- land-cover context is UNKNOWN",1,isolated,299.67,11.54,3.16,INSUFFICIENT_DATA,0.0,none,none,inf,not_found,UNKNOWN,True,AnnualCrop,0.2971,Satellite CNN prediction: AnnualCrop (confidence: 0.30)
790,Unknown / Insufficient Evidence,0.0,"Unknown / Insufficient Evidence
Supporting evidence:
- insufficient or conflicting physical & contextual evidence
- OSM industrial context is UNKNOWN
- land-cover context is UNKNOWN",1,isolated,295.11,30.4,0.46,INSUFFICIENT_DATA,0.0,none,none,inf,not_found,UNKNOWN,True,SeaLake,0.6858,Satellite CNN prediction: SeaLake (confidence: 0.69)
791,Agricultural-context thermal event,0.55,"Agricultural-context thermal event
Supporting evidence:
- short-lived transient activity (active_days=2)
- minor localized plot displacement
- OSM industrial context is UNKNOWN
- land-cover context is UNKNOWN
- satellite observation unavailable/obscured",2,short_lived_repeated,305.22,28.34,0.9,STATIONARY,0.424,none,none,inf,not_found,UNKNOWN,False,UNKNOWN,,"Sentinel-2 observation available but obscured by cloud cover (best: 42.9%, threshold: 30.0%)"
792,Unknown / Insufficient Evidence,0.0,"Unknown / Insufficient Evidence
Supporting evidence:
- insufficient or conflicting physical & contextual evidence
- land-cover context is UNKNOWN
- satellite observation unavailable/obscured",1,isolated,301.56,19.71,1.24,INSUFFICIENT_DATA,0.0,industrial,none,0.234,found,UNKNOWN,False,UNKNOWN,,"Sentinel-2 observation available but obscured by cloud cover (best: 60.3%, threshold: 30.0%)"
793,Unknown / Insufficient Evidence,0.0,"Unknown / Insufficient Evidence
Supporting evidence:
- insufficient or conflicting physical & contextual evidence
- OSM industrial context is UNKNOWN
- land-cover context is UNKNOWN
- satellite observation unavailable/obscured",1,isolated,296.28,17.72,1.04,INSUFFICIENT_DATA,0.0,none,none,inf,not_found,UNKNOWN,False,UNKNOWN,,"Sentinel-2 observation available but obscured by cloud cover (best: 82.2%, threshold: 30.0%)"
794,Unknown / Insufficient Evidence,0.0,"Unknown / Insufficient Evidence
Supporting evidence:
- insufficient or conflicting physical & contextual evidence
- OSM industrial context is UNKNOWN
- land-cover context is UNKNOWN
- satellite observation unavailable/obscured",1,isolated,309.9,25.98,1.33,INSUFFICIENT_DATA,0.0,none,none,inf,not_found,UNKNOWN,False,UNKNOWN,,"Sentinel-2 observation available but obscured by cloud cover (best: 79.1%, threshold: 30.0%)"
795,Unknown / Insufficient Evidence,0.0,"Unknown / Insufficient Evidence
Supporting evidence:
- insufficient or conflicting physical & contextual evidence
- OSM industrial context is UNKNOWN
- land-cover context is UNKNOWN
- satellite observation unavailable/obscured",1,isolated,301.26,19.34,0.63,INSUFFICIENT_DATA,0.0,none,none,inf,not_found,UNKNOWN,False,UNKNOWN,,"Sentinel-2 observation available but obscured by cloud cover (best: 74.8%, threshold: 30.0%)"
796,Industrial-context thermal event,0.65,"Industrial-context thermal event
Supporting evidence:
- activity is recurring (active_days=2)
- activity is spatially stationary (displacement=0.11 km)
- industrial facility detected nearby (industrial at 0.21 km)
- land-cover context is UNKNOWN
- satellite observation unavailable/obscured",2,short_lived_repeated,302.25,18.62,1.09,STATIONARY,0.112,industrial,none,0.209,found,UNKNOWN,False,UNKNOWN,,"Sentinel-2 observation available but obscured by cloud cover (best: 39.8%, threshold: 30.0%)"
797,Unknown / Insufficient Evidence,0.0,"Unknown / Insufficient Evidence
Supporting evidence:
- insufficient or conflicting physical & contextual evidence
- land-cover context is UNKNOWN
- satellite observation unavailable/obscured",1,isolated,301.63,13.85,2.08,INSUFFICIENT_DATA,0.0,cooling,none,0.299,found,UNKNOWN,False,UNKNOWN,,"Sentinel-2 observation available but obscured by cloud cover (best: 84.2%, threshold: 30.0%)"
798,Unknown / Insufficient Evidence,0.0,"Unknown / Insufficient Evidence
Supporting evidence:
- insufficient or conflicting physical & contextual evidence
- land-cover context is UNKNOWN
- satellite observation unavailable/obscured",1,isolated,307.6,31.53,1.16,INSUFFICIENT_DATA,0.0,industrial,none,1.222,found,UNKNOWN,False,UNKNOWN,,"Sentinel-2 observation available but obscured by cloud cover (best: 59.6%, threshold: 30.0%)"
799,Unknown / Insufficient Evidence,0.0,"Unknown / Insufficient Evidence
Supporting evidence:
- insufficient or conflicting physical & contextual evidence
- land-cover context is UNKNOWN
- satellite observation unavailable/obscured",1,isolated,304.21,16.82,1.78,INSUFFICIENT_DATA,0.0,industrial,none,0.329,found,UNKNOWN,False,UNKNOWN,,"Sentinel-2 observation available but obscured by cloud cover (best: 64.2%, threshold: 30.0%)"
800,Unknown / Insufficient Evidence,0.0,"Unknown / Insufficient Evidence
Supporting evidence:
- insufficient or conflicting physical & contextual evidence
- land-cover context is UNKNOWN
- satellite observation unavailable/obscured",1,isolated,304.01,13.67,0.75,INSUFFICIENT_DATA,0.0,industrial,Jindal SAW,1.044,found,UNKNOWN,False,UNKNOWN,,"Sentinel-2 observation available but obscured by cloud cover (best: 64.2%, threshold: 30.0%)"
801,Industrial-context thermal event,0.4,"Industrial-context thermal event
Supporting evidence:
- activity is recurring (active_days=3)
- activity is spatially stationary (displacement=0.43 km)
- OSM industrial context is UNKNOWN
- land-cover context is UNKNOWN
- satellite observation unavailable/obscured",3,short_lived_repeated,319.58,29.07,1.54,STATIONARY,0.435,none,none,inf,not_found,UNKNOWN,False,UNKNOWN,,"Sentinel-2 observation available but obscured by cloud cover (best: 64.2%, threshold: 30.0%)"
802,Unknown / Insufficient Evidence,0.0,"Unknown / Insufficient Evidence
Supporting evidence:
- insufficient or conflicting physical & contextual evidence
- land-cover context is UNKNOWN
- satellite observation unavailable/obscured",1,isolated,314.96,24.93,1.87,INSUFFICIENT_DATA,0.0,industrial,Hospet Steels,0.501,found,UNKNOWN,False,UNKNOWN,,"Sentinel-2 observation available but obscured by cloud cover (best: 64.2%, threshold: 30.0%)"
803,Industrial-context thermal event,0.65,"Industrial-context thermal event
Supporting evidence:
- activity is recurring (active_days=2)
- activity is spatially stationary (displacement=0.36 km)
- industrial facility detected nearby (plant at 0.61 km)
- land-cover context is UNKNOWN
- satellite observation unavailable/obscured",2,short_lived_repeated,312.98,24.78,2.25,STATIONARY,0.357,plant,none,0.613,found,UNKNOWN,False,UNKNOWN,,"Sentinel-2 observation available but obscured by cloud cover (best: 70.7%, threshold: 30.0%)"
804,Unknown / Insufficient Evidence,0.0,"Unknown / Insufficient Evidence
Supporting evidence:
- insufficient or conflicting physical & contextual evidence
- OSM industrial context is UNKNOWN
- land-cover context is UNKNOWN
- satellite observation unavailable/obscured",1,isolated,334.27,36.68,4.13,INSUFFICIENT_DATA,0.0,none,none,inf,not_found,UNKNOWN,False,UNKNOWN,,"Sentinel-2 observation available but obscured by cloud cover (best: 65.3%, threshold: 30.0%)"
805,Agricultural-context thermal event,0.55,"Agricultural-context thermal event
Supporting evidence:
- short-lived transient activity (active_days=1)
- moderate thermal power typical of crop burning (max_frp=23.8 MW)
- OSM industrial context is UNKNOWN
- land-cover context is UNKNOWN",1,isolated,347.52,52.15,23.76,INSUFFICIENT_DATA,0.0,none,none,inf,not_found,UNKNOWN,True,Highway,0.6556,Satellite CNN prediction: Highway (confidence: 0.66)
806,Agricultural-context thermal event,0.55,"Agricultural-context thermal event
Supporting evidence:
- short-lived transient activity (active_days=1)
- moderate thermal power typical of crop burning (max_frp=6.5 MW)
- OSM industrial context is UNKNOWN
- land-cover context is UNKNOWN
- satellite observation unavailable/obscured",1,isolated,330.59,42.71,6.52,INSUFFICIENT_DATA,0.0,none,none,inf,not_found,UNKNOWN,False,UNKNOWN,,"Sentinel-2 observation available but obscured by cloud cover (best: 60.7%, threshold: 30.0%)"
807,Unknown / Insufficient Evidence,0.0,"Unknown / Insufficient Evidence
Supporting evidence:
- insufficient or conflicting physical & contextual evidence
- OSM industrial context is UNKNOWN
- land-cover context is UNKNOWN
- satellite observation unavailable/obscured",1,isolated,332.09,40.39,4.17,INSUFFICIENT_DATA,0.0,none,none,inf,not_found,UNKNOWN,False,UNKNOWN,,"Sentinel-2 observation available but obscured by cloud cover (best: 47.7%, threshold: 30.0%)"
808,Unknown / Insufficient Evidence,0.0,"Unknown / Insufficient Evidence
Supporting evidence:
- insufficient or conflicting physical & contextual evidence
- OSM industrial context is UNKNOWN
- land-cover context is UNKNOWN",1,isolated,333.24,39.3,4.98,INSUFFICIENT_DATA,0.0,none,none,inf,not_found,UNKNOWN,True,PermanentCrop,0.2707,Satellite CNN prediction: PermanentCrop (confidence: 0.27)
809,Unknown / Insufficient Evidence,0.0,"Unknown / Insufficient Evidence
Supporting evidence:
- insufficient or conflicting physical & contextual evidence
- OSM industrial context is UNKNOWN
- land-cover context is UNKNOWN
- satellite observation unavailable/obscured",1,isolated,329.65,39.48,1.72,INSUFFICIENT_DATA,0.0,none,none,inf,not_found,UNKNOWN,False,UNKNOWN,,"Sentinel-2 observation available but obscured by cloud cover (best: 35.8%, threshold: 30.0%)"
810,Industrial-context thermal event,0.45,"Industrial-context thermal event
Supporting evidence:
- high spectral brightness temperature contrast (bt_diff=36.9 K)
- industrial facility detected nearby (industrial at 1.59 km)
- land-cover context is UNKNOWN",1,isolated,342.4,36.92,6.81,INSUFFICIENT_DATA,0.0,industrial,none,1.592,found,UNKNOWN,True,River,0.3682,Satellite CNN prediction: River (confidence: 0.37)
811,Unknown / Insufficient Evidence,0.0,"Unknown / Insufficient Evidence
Supporting evidence:
- insufficient or conflicting physical & contextual evidence
- land-cover context is UNKNOWN",1,isolated,330.16,29.95,2.86,INSUFFICIENT_DATA,0.0,industrial,none,1.064,found,UNKNOWN,True,SeaLake,0.3506,Satellite CNN prediction: SeaLake (confidence: 0.35)
812,Unknown / Insufficient Evidence,0.0,"Unknown / Insufficient Evidence
Supporting evidence:
- insufficient or conflicting physical & contextual evidence
- land-cover context is UNKNOWN",1,isolated,332.27,33.17,3.01,INSUFFICIENT_DATA,0.0,industrial,none,0.922,found,UNKNOWN,True,Forest,0.4307,Satellite CNN prediction: Forest (confidence: 0.43)
813,Unknown / Insufficient Evidence,0.0,"Unknown / Insufficient Evidence
Supporting evidence:
- insufficient or conflicting physical & contextual evidence
- OSM industrial context is UNKNOWN
- land-cover context is UNKNOWN",1,isolated,333.46,38.14,2.34,INSUFFICIENT_DATA,0.0,none,none,inf,not_found,UNKNOWN,True,SeaLake,0.9848,Satellite CNN prediction: SeaLake (confidence: 0.98)
814,Unknown / Insufficient Evidence,0.0,"Unknown / Insufficient Evidence
Supporting evidence:
- insufficient or conflicting physical & contextual evidence
- OSM industrial context is UNKNOWN
- land-cover context is UNKNOWN",1,isolated,332.02,40.12,1.8,INSUFFICIENT_DATA,0.0,none,none,inf,not_found,UNKNOWN,True,SeaLake,0.8332,Satellite CNN prediction: SeaLake (confidence: 0.83)
815,Unknown / Insufficient Evidence,0.0,"Unknown / Insufficient Evidence
Supporting evidence:
- insufficient or conflicting physical & contextual evidence
- OSM industrial context is UNKNOWN
- land-cover context is UNKNOWN",1,isolated,331.28,43.18,2.1,INSUFFICIENT_DATA,0.0,none,none,inf,not_found,UNKNOWN,True,SeaLake,0.7571,Satellite CNN prediction: SeaLake (confidence: 0.76)
816,Agricultural-context thermal event,0.55,"Agricultural-context thermal event
Supporting evidence:
- short-lived transient activity (active_days=1)
- moderate thermal power typical of crop burning (max_frp=8.2 MW)
- OSM industrial context is UNKNOWN
- land-cover context is UNKNOWN",1,isolated,337.67,51.3,8.23,INSUFFICIENT_DATA,0.0,none,none,inf,not_found,UNKNOWN,True,SeaLake,0.9649,Satellite CNN prediction: SeaLake (confidence: 0.96)
817,Unknown / Insufficient Evidence,0.0,"Unknown / Insufficient Evidence
Supporting evidence:
- insufficient or conflicting physical & contextual evidence
- OSM industrial context is UNKNOWN
- land-cover context is UNKNOWN
- satellite observation unavailable/obscured",1,isolated,334.12,52.12,4.02,INSUFFICIENT_DATA,0.0,none,none,inf,not_found,UNKNOWN,False,UNKNOWN,,"Sentinel-2 observation available but obscured by cloud cover (best: 47.8%, threshold: 30.0%)"
818,Unknown / Insufficient Evidence,0.0,"Unknown / Insufficient Evidence
Supporting evidence:
- insufficient or conflicting physical & contextual evidence
- OSM industrial context is UNKNOWN
- land-cover context is UNKNOWN
- satellite observation unavailable/obscured",1,isolated,330.76,47.34,2.19,INSUFFICIENT_DATA,0.0,none,none,inf,not_found,UNKNOWN,False,UNKNOWN,,"Sentinel-2 observation available but obscured by cloud cover (best: 61.3%, threshold: 30.0%)"
819,Agricultural-context thermal event,0.55,"Agricultural-context thermal event
Supporting evidence:
- short-lived transient activity (active_days=1)
- moderate thermal power typical of crop burning (max_frp=7.6 MW)
- OSM industrial context is UNKNOWN
- land-cover context is UNKNOWN
- satellite observation unavailable/obscured",1,isolated,340.3,60.15,7.64,INSUFFICIENT_DATA,0.0,none,none,inf,not_found,UNKNOWN,False,UNKNOWN,,"Sentinel-2 observation available but obscured by cloud cover (best: 60.7%, threshold: 30.0%)"
820,Industrial-context thermal event,0.45,"Industrial-context thermal event
Supporting evidence:
- high spectral brightness temperature contrast (bt_diff=49.6 K)
- industrial facility detected nearby (plant at 0.09 km)
- land-cover context is UNKNOWN
- satellite observation unavailable/obscured",1,isolated,346.45,49.57,5.3,INSUFFICIENT_DATA,0.0,plant,none,0.086,found,UNKNOWN,False,UNKNOWN,,"Sentinel-2 observation available but obscured by cloud cover (best: 74.0%, threshold: 30.0%)"
821,Unknown / Insufficient Evidence,0.0,"Unknown / Insufficient Evidence
Supporting evidence:
- insufficient or conflicting physical & contextual evidence
- OSM industrial context is UNKNOWN
- land-cover context is UNKNOWN
- satellite observation unavailable/obscured",1,isolated,331.98,31.89,2.31,INSUFFICIENT_DATA,0.0,none,none,inf,not_found,UNKNOWN,False,UNKNOWN,,"Sentinel-2 observation available but obscured by cloud cover (best: 60.7%, threshold: 30.0%)"
822,Agricultural-context thermal event,0.55,"Agricultural-context thermal event
Supporting evidence:
- short-lived transient activity (active_days=1)
- moderate thermal power typical of crop burning (max_frp=13.5 MW)
- OSM industrial context is UNKNOWN
- land-cover context is UNKNOWN
- satellite observation unavailable/obscured",1,isolated,332.53,39.83,13.54,INSUFFICIENT_DATA,0.0,none,none,inf,not_found,UNKNOWN,False,UNKNOWN,,"Sentinel-2 observation available but obscured by cloud cover (best: 55.9%, threshold: 30.0%)"
823,Agricultural-context thermal event,0.55,"Agricultural-context thermal event
Supporting evidence:
- short-lived transient activity (active_days=1)
- satellite CNN visual context is PermanentCrop (model confidence=0.64)
- OSM industrial context is UNKNOWN
- land-cover context is UNKNOWN",1,isolated,332.58,37.43,3.22,INSUFFICIENT_DATA,0.0,none,none,inf,not_found,UNKNOWN,True,PermanentCrop,0.6422,Satellite CNN prediction: PermanentCrop (confidence: 0.64)
824,Agricultural-context thermal event,0.55,"Agricultural-context thermal event
Supporting evidence:
- short-lived transient activity (active_days=1)
- moderate thermal power typical of crop burning (max_frp=12.6 MW)
- OSM industrial context is UNKNOWN
- land-cover context is UNKNOWN",1,isolated,350.57,65.14,12.56,INSUFFICIENT_DATA,0.0,none,none,inf,not_found,UNKNOWN,True,SeaLake,0.8111,Satellite CNN prediction: SeaLake (confidence: 0.81)
825,Agricultural-context thermal event,0.55,"Agricultural-context thermal event
Supporting evidence:
- short-lived transient activity (active_days=1)
- moderate thermal power typical of crop burning (max_frp=5.6 MW)
- OSM industrial context is UNKNOWN
- land-cover context is UNKNOWN",1,isolated,330.16,38.24,5.63,INSUFFICIENT_DATA,0.0,none,none,inf,not_found,UNKNOWN,True,SeaLake,0.9687,Satellite CNN prediction: SeaLake (confidence: 0.97)
826,Unknown / Insufficient Evidence,0.0,"Unknown / Insufficient Evidence
Supporting evidence:
- insufficient or conflicting physical & contextual evidence
- OSM industrial context is UNKNOWN
- land-cover context is UNKNOWN
- satellite observation unavailable/obscured",1,isolated,332.5,46.52,1.69,INSUFFICIENT_DATA,0.0,none,none,inf,not_found,UNKNOWN,False,UNKNOWN,,"Sentinel-2 observation available but obscured by cloud cover (best: 83.7%, threshold: 30.0%)"
827,Unknown / Insufficient Evidence,0.0,"Unknown / Insufficient Evidence
Supporting evidence:
- insufficient or conflicting physical & contextual evidence
- OSM industrial context is UNKNOWN
- land-cover context is UNKNOWN",1,isolated,331.63,40.8,1.73,INSUFFICIENT_DATA,0.0,none,none,inf,not_found,UNKNOWN,True,SeaLake,0.9977,Satellite CNN prediction: SeaLake (confidence: 1.00)
828,Agricultural-context thermal event,0.4,"Agricultural-context thermal event
Supporting evidence:
- short-lived transient activity (active_days=1)
- moderate thermal power typical of crop burning (max_frp=5.3 MW)
- land-cover context is UNKNOWN
- satellite observation unavailable/obscured",1,isolated,330.84,31.07,5.34,INSUFFICIENT_DATA,0.0,industrial,Ford India,0.066,found,UNKNOWN,False,UNKNOWN,,"Sentinel-2 observation available but obscured by cloud cover (best: 96.3%, threshold: 30.0%)"
829,Unknown / Insufficient Evidence,0.0,"Unknown / Insufficient Evidence
Supporting evidence:
- insufficient or conflicting physical & contextual evidence
- OSM industrial context is UNKNOWN
- land-cover context is UNKNOWN",1,isolated,340.29,38.76,3.27,INSUFFICIENT_DATA,0.0,none,none,inf,not_found,UNKNOWN,True,HerbaceousVegetation,0.6678,Satellite CNN prediction: HerbaceousVegetation (confidence: 0.67)
830,Unknown / Insufficient Evidence,0.0,"Unknown / Insufficient Evidence
Supporting evidence:
- insufficient or conflicting physical & contextual evidence
- land-cover context is UNKNOWN
- satellite observation unavailable/obscured",1,isolated,297.48,23.25,0.85,INSUFFICIENT_DATA,0.0,industrial,none,1.713,found,UNKNOWN,False,UNKNOWN,,"Sentinel-2 observation available but obscured by cloud cover (best: 67.8%, threshold: 30.0%)"
831,Industrial-context thermal event,1.0,"Industrial-context thermal event
Supporting evidence:
- activity is persistent (active_days=6)
- activity is spatially stationary (displacement=0.47 km)
- high spectral brightness temperature contrast (bt_diff=43.2 K)
- industrial facility detected nearby (industrial at 0.71 km)
- land-cover context is UNKNOWN
- satellite observation unavailable/obscured",6,persistent,339.22,43.24,8.88,STATIONARY,0.466,industrial,Tata Steel,0.713,found,UNKNOWN,False,UNKNOWN,,"Sentinel-2 observation available but obscured by cloud cover (best: 31.7%, threshold: 30.0%)"
832,Industrial-context thermal event,0.85,"Industrial-context thermal event
Supporting evidence:
- activity is recurring (active_days=2)
- activity is spatially stationary (displacement=0.42 km)
- high spectral brightness temperature contrast (bt_diff=67.6 K)
- industrial facility detected nearby (works at 0.78 km)
- land-cover context is UNKNOWN
- satellite observation unavailable/obscured",2,short_lived_repeated,337.89,67.56,1.94,STATIONARY,0.421,works,none,0.777,found,UNKNOWN,False,UNKNOWN,,"Sentinel-2 observation available but obscured by cloud cover (best: 75.9%, threshold: 30.0%)"
833,Industrial-context thermal event,0.85,"Industrial-context thermal event
Supporting evidence:
- activity is recurring (active_days=2)
- activity is spatially stationary (displacement=0.08 km)
- high spectral brightness temperature contrast (bt_diff=42.6 K)
- industrial facility detected nearby (mine at 0.61 km)
- land-cover context is UNKNOWN
- satellite observation unavailable/obscured",2,short_lived_repeated,311.53,42.61,2.18,STATIONARY,0.083,mine,none,0.609,found,UNKNOWN,False,UNKNOWN,,"Sentinel-2 observation available but obscured by cloud cover (best: 35.6%, threshold: 30.0%)"
834,Industrial-context thermal event,0.45,"Industrial-context thermal event
Supporting evidence:
- high spectral brightness temperature contrast (bt_diff=42.7 K)
- industrial facility detected nearby (mine at 1.42 km)
- land-cover context is UNKNOWN
- satellite observation unavailable/obscured",1,isolated,318.53,42.72,2.82,INSUFFICIENT_DATA,0.0,mine,Belbaid,1.419,found,UNKNOWN,False,UNKNOWN,,"Sentinel-2 observation available but obscured by cloud cover (best: 45.2%, threshold: 30.0%)"
835,Unknown / Insufficient Evidence,0.0,"Unknown / Insufficient Evidence
Supporting evidence:
- insufficient or conflicting physical & contextual evidence
- land-cover context is UNKNOWN
- satellite observation unavailable/obscured",1,isolated,311.83,30.23,1.2,INSUFFICIENT_DATA,0.0,industrial,none,0.314,found,UNKNOWN,False,UNKNOWN,,"Sentinel-2 observation available but obscured by cloud cover (best: 45.2%, threshold: 30.0%)"
836,Unknown / Insufficient Evidence,0.0,"Unknown / Insufficient Evidence
Supporting evidence:
- insufficient or conflicting physical & contextual evidence
- land-cover context is UNKNOWN
- satellite observation unavailable/obscured",1,isolated,305.4,18.7,1.28,INSUFFICIENT_DATA,0.0,industrial,none,0.502,found,UNKNOWN,False,UNKNOWN,,"Sentinel-2 observation available but obscured by cloud cover (best: 45.8%, threshold: 30.0%)"
837,Unknown / Insufficient Evidence,0.0,"Unknown / Insufficient Evidence
Supporting evidence:
- insufficient or conflicting physical & contextual evidence
- OSM industrial context is UNKNOWN
- land-cover context is UNKNOWN
- satellite observation unavailable/obscured",1,isolated,303.87,17.38,0.99,INSUFFICIENT_DATA,0.0,none,none,inf,not_found,UNKNOWN,False,UNKNOWN,,"Sentinel-2 observation available but obscured by cloud cover (best: 45.8%, threshold: 30.0%)"
838,Unknown / Insufficient Evidence,0.0,"Unknown / Insufficient Evidence
Supporting evidence:
- insufficient or conflicting physical & contextual evidence
- land-cover context is UNKNOWN
- satellite observation unavailable/obscured",1,isolated,304.71,26.12,1.16,INSUFFICIENT_DATA,0.0,plant,Jojobera Tata Unit 6 Power Station,0.511,found,UNKNOWN,False,UNKNOWN,,"Sentinel-2 observation available but obscured by cloud cover (best: 31.7%, threshold: 30.0%)"
839,Industrial-context thermal event,0.65,"Industrial-context thermal event
Supporting evidence:
- activity is recurring (active_days=2)
- activity is spatially stationary (displacement=0.17 km)
- industrial facility detected nearby (plant at 0.42 km)
- land-cover context is UNKNOWN
- satellite observation unavailable/obscured",2,short_lived_repeated,314.02,28.26,1.94,STATIONARY,0.17,plant,Adityapur Works Power Station,0.425,found,UNKNOWN,False,UNKNOWN,,"Sentinel-2 observation available but obscured by cloud cover (best: 31.7%, threshold: 30.0%)"
840,Unknown / Insufficient Evidence,0.0,"Unknown / Insufficient Evidence
Supporting evidence:
- insufficient or conflicting physical & contextual evidence
- land-cover context is UNKNOWN
- satellite observation unavailable/obscured",1,isolated,307.29,32.31,0.92,INSUFFICIENT_DATA,0.0,cooling,none,0.93,found,UNKNOWN,False,UNKNOWN,,"Sentinel-2 observation available but obscured by cloud cover (best: 35.6%, threshold: 30.0%)"
841,Unknown / Insufficient Evidence,0.0,"Unknown / Insufficient Evidence
Supporting evidence:
- insufficient or conflicting physical & contextual evidence
- OSM industrial context is UNKNOWN
- land-cover context is UNKNOWN
- satellite observation unavailable/obscured",1,isolated,297.12,30.18,0.48,INSUFFICIENT_DATA,0.0,none,none,inf,not_found,UNKNOWN,False,UNKNOWN,,"Sentinel-2 observation available but obscured by cloud cover (best: 42.9%, threshold: 30.0%)"
842,Industrial-context thermal event,0.65,"Industrial-context thermal event
Supporting evidence:
- activity is recurring (active_days=2)
- activity is spatially stationary (displacement=0.25 km)
- industrial facility detected nearby (industrial at 1.91 km)
- land-cover context is UNKNOWN
- satellite observation unavailable/obscured",2,short_lived_repeated,306.72,28.96,1.31,STATIONARY,0.248,industrial,none,1.907,found,UNKNOWN,False,UNKNOWN,,"Sentinel-2 observation available but obscured by cloud cover (best: 42.9%, threshold: 30.0%)"
843,Unknown / Insufficient Evidence,0.0,"Unknown / Insufficient Evidence
Supporting evidence:
- insufficient or conflicting physical & contextual evidence
- OSM industrial context is UNKNOWN
- land-cover context is UNKNOWN
- satellite observation unavailable/obscured",1,isolated,301.4,32.02,1.02,INSUFFICIENT_DATA,0.0,none,none,inf,not_found,UNKNOWN,False,UNKNOWN,,"Sentinel-2 observation available but obscured by cloud cover (best: 42.9%, threshold: 30.0%)"
844,Unknown / Insufficient Evidence,0.0,"Unknown / Insufficient Evidence
Supporting evidence:
- insufficient or conflicting physical & contextual evidence
- OSM industrial context is UNKNOWN
- land-cover context is UNKNOWN
- satellite observation unavailable/obscured",1,isolated,302.16,27.05,1.08,INSUFFICIENT_DATA,0.0,none,none,inf,not_found,UNKNOWN,False,UNKNOWN,,"Sentinel-2 observation available but obscured by cloud cover (best: 60.7%, threshold: 30.0%)"
845,Unknown / Insufficient Evidence,0.0,"Unknown / Insufficient Evidence
Supporting evidence:
- insufficient or conflicting physical & contextual evidence
- OSM industrial context is UNKNOWN
- land-cover context is UNKNOWN
- satellite observation unavailable/obscured",1,isolated,307.39,24.32,1.16,INSUFFICIENT_DATA,0.0,none,none,inf,not_found,UNKNOWN,False,UNKNOWN,,"Sentinel-2 observation available but obscured by cloud cover (best: 58.8%, threshold: 30.0%)"
846,Unknown / Insufficient Evidence,0.0,"Unknown / Insufficient Evidence
Supporting evidence:
- insufficient or conflicting physical & contextual evidence
- OSM industrial context is UNKNOWN
- land-cover context is UNKNOWN
- satellite observation unavailable/obscured",1,isolated,298.68,19.48,0.43,INSUFFICIENT_DATA,0.0,none,none,inf,not_found,UNKNOWN,False,UNKNOWN,,"Sentinel-2 observation available but obscured by cloud cover (best: 64.8%, threshold: 30.0%)"
847,Industrial-context thermal event,0.65,"Industrial-context thermal event
Supporting evidence:
- activity is recurring (active_days=2)
- activity is spatially stationary (displacement=0.16 km)
- industrial facility detected nearby (industrial at 0.49 km)
- land-cover context is UNKNOWN
- satellite observation unavailable/obscured",2,short_lived_repeated,315.9,27.83,2.22,STATIONARY,0.161,industrial,Ultratech Cement Limited,0.494,found,UNKNOWN,False,UNKNOWN,,"Sentinel-2 observation available but obscured by cloud cover (best: 73.1%, threshold: 30.0%)"
848,Unknown / Insufficient Evidence,0.0,"Unknown / Insufficient Evidence
Supporting evidence:
- insufficient or conflicting physical & contextual evidence
- land-cover context is UNKNOWN
- satellite observation unavailable/obscured",1,isolated,310.28,22.91,1.63,INSUFFICIENT_DATA,0.0,industrial,JSW Ispat Steel Plant,1.271,found,UNKNOWN,False,UNKNOWN,,"Sentinel-2 observation available but obscured by cloud cover (best: 84.1%, threshold: 30.0%)"
849,Agricultural-context thermal event,0.4,"Agricultural-context thermal event
Supporting evidence:
- short-lived transient activity (active_days=1)
- moderate thermal power typical of crop burning (max_frp=5.1 MW)
- land-cover context is UNKNOWN
- satellite observation unavailable/obscured",1,isolated,324.75,34.82,5.13,INSUFFICIENT_DATA,0.0,plant,none,0.23,found,UNKNOWN,False,UNKNOWN,,"Sentinel-2 observation available but obscured by cloud cover (best: 84.1%, threshold: 30.0%)"
850,Unknown / Insufficient Evidence,0.0,"Unknown / Insufficient Evidence
Supporting evidence:
- insufficient or conflicting physical & contextual evidence
- land-cover context is UNKNOWN",1,isolated,301.57,23.44,0.4,INSUFFICIENT_DATA,0.0,industrial,none,1.534,found,UNKNOWN,True,SeaLake,0.3372,Satellite CNN prediction: SeaLake (confidence: 0.34)
851,Agricultural-context thermal event,0.55,"Agricultural-context thermal event
Supporting evidence:
- short-lived transient activity (active_days=1)
- satellite CNN visual context is Pasture (model confidence=0.51)
- OSM industrial context is UNKNOWN
- land-cover context is UNKNOWN",1,isolated,312.96,35.33,0.99,INSUFFICIENT_DATA,0.0,none,none,inf,not_found,UNKNOWN,True,Pasture,0.5081,Satellite CNN prediction: Pasture (confidence: 0.51)
852,Unknown / Insufficient Evidence,0.0,"Unknown / Insufficient Evidence
Supporting evidence:
- insufficient or conflicting physical & contextual evidence
- OSM industrial context is UNKNOWN
- land-cover context is UNKNOWN
- satellite observation unavailable/obscured",1,isolated,303.54,26.74,0.64,INSUFFICIENT_DATA,0.0,none,none,inf,not_found,UNKNOWN,False,UNKNOWN,,"Sentinel-2 observation available but obscured by cloud cover (best: 46.7%, threshold: 30.0%)"
853,Unknown / Insufficient Evidence,0.0,"Unknown / Insufficient Evidence
Supporting evidence:
- insufficient or conflicting physical & contextual evidence
- OSM industrial context is UNKNOWN
- land-cover context is UNKNOWN",1,isolated,330.62,61.27,4.52,INSUFFICIENT_DATA,0.0,none,none,inf,not_found,UNKNOWN,True,SeaLake,0.2051,Satellite CNN prediction: SeaLake (confidence: 0.21)
854,Unknown / Insufficient Evidence,0.0,"Unknown / Insufficient Evidence
Supporting evidence:
- insufficient or conflicting physical & contextual evidence
- OSM industrial context is UNKNOWN
- land-cover context is UNKNOWN
- satellite observation unavailable/obscured",1,isolated,303.95,25.23,0.53,INSUFFICIENT_DATA,0.0,none,none,inf,not_found,UNKNOWN,False,UNKNOWN,,"Sentinel-2 observation available but obscured by cloud cover (best: 60.7%, threshold: 30.0%)"
855,Industrial-context thermal event,0.65,"Industrial-context thermal event
Supporting evidence:
- activity is recurring (active_days=2)
- activity is spatially stationary (displacement=0.32 km)
- industrial facility detected nearby (industrial at 0.07 km)
- land-cover context is UNKNOWN
- satellite observation unavailable/obscured",2,short_lived_repeated,306.06,14.95,0.92,STATIONARY,0.32,industrial,none,0.067,found,UNKNOWN,False,UNKNOWN,,"Sentinel-2 observation available but obscured by cloud cover (best: 55.7%, threshold: 30.0%)"
856,Industrial-context thermal event,0.55,"Industrial-context thermal event
Supporting evidence:
- activity is persistent (active_days=9)
- activity is spatially stationary (displacement=0.11 km)
- OSM industrial context is UNKNOWN
- land-cover context is UNKNOWN
- satellite observation unavailable/obscured",9,persistent,312.82,18.36,2.18,STATIONARY,0.114,none,none,inf,not_found,UNKNOWN,False,UNKNOWN,,"Sentinel-2 observation available but obscured by cloud cover (best: 55.7%, threshold: 30.0%)"
857,Industrial-context thermal event,1.0,"Industrial-context thermal event
Supporting evidence:
- activity is persistent (active_days=6)
- activity is spatially stationary (displacement=0.27 km)
- high spectral brightness temperature contrast (bt_diff=47.9 K)
- industrial facility detected nearby (industrial at 1.01 km)
- land-cover context is UNKNOWN
- satellite observation unavailable/obscured",6,persistent,341.77,47.93,11.04,STATIONARY,0.266,industrial,none,1.01,found,UNKNOWN,False,UNKNOWN,,"Sentinel-2 observation available but obscured by cloud cover (best: 56.5%, threshold: 30.0%)"
858,Unknown / Insufficient Evidence,0.0,"Unknown / Insufficient Evidence
Supporting evidence:
- insufficient or conflicting physical & contextual evidence
- land-cover context is UNKNOWN
- satellite observation unavailable/obscured",15,persistent,367.0,64.68,12.56,MOVING,0.77,works,ArcelorMittal Nippon Steel India,0.608,found,UNKNOWN,False,UNKNOWN,,"Sentinel-2 observation available but obscured by cloud cover (best: 97.9%, threshold: 30.0%)"
859,Unknown / Insufficient Evidence,0.0,"Unknown / Insufficient Evidence
Supporting evidence:
- insufficient or conflicting physical & contextual evidence
- OSM industrial context is UNKNOWN
- land-cover context is UNKNOWN
- satellite observation unavailable/obscured",1,isolated,302.62,14.39,0.99,INSUFFICIENT_DATA,0.0,none,none,inf,not_found,UNKNOWN,False,UNKNOWN,,"Sentinel-2 observation available but obscured by cloud cover (best: 93.4%, threshold: 30.0%)"
860,Unknown / Insufficient Evidence,0.0,"Unknown / Insufficient Evidence
Supporting evidence:
- insufficient or conflicting physical & contextual evidence
- OSM industrial context is UNKNOWN
- land-cover context is UNKNOWN
- satellite observation unavailable/obscured",1,isolated,297.11,26.72,0.42,INSUFFICIENT_DATA,0.0,none,none,inf,not_found,UNKNOWN,False,UNKNOWN,,"Sentinel-2 observation available but obscured by cloud cover (best: 86.3%, threshold: 30.0%)"
861,Unknown / Insufficient Evidence,0.0,"Unknown / Insufficient Evidence
Supporting evidence:
- insufficient or conflicting physical & contextual evidence
- OSM industrial context is UNKNOWN
- land-cover context is UNKNOWN
- satellite observation unavailable/obscured",1,isolated,302.58,33.28,1.43,INSUFFICIENT_DATA,0.0,none,none,inf,not_found,UNKNOWN,False,UNKNOWN,,"Sentinel-2 observation available but obscured by cloud cover (best: 60.7%, threshold: 30.0%)"
862,Industrial-context thermal event,0.65,"Industrial-context thermal event
Supporting evidence:
- activity is recurring (active_days=2)
- activity is spatially stationary (displacement=0.47 km)
- industrial facility detected nearby (plant at 0.70 km)
- land-cover context is UNKNOWN
- satellite observation unavailable/obscured",2,short_lived_repeated,304.07,16.47,3.98,STATIONARY,0.468,plant,CPCL Manali Refinery Captive Power Station,0.705,found,UNKNOWN,False,UNKNOWN,,"Sentinel-2 observation available but obscured by cloud cover (best: 83.7%, threshold: 30.0%)"
863,Unknown / Insufficient Evidence,0.0,"Unknown / Insufficient Evidence
Supporting evidence:
- insufficient or conflicting physical & contextual evidence
- OSM industrial context is UNKNOWN
- land-cover context is UNKNOWN",1,isolated,295.51,11.12,3.81,INSUFFICIENT_DATA,0.0,none,none,inf,not_found,UNKNOWN,True,SeaLake,0.9993,Satellite CNN prediction: SeaLake (confidence: 1.00)
864,Unknown / Insufficient Evidence,0.0,"Unknown / Insufficient Evidence
Supporting evidence:
- insufficient or conflicting physical & contextual evidence
- OSM industrial context is UNKNOWN
- land-cover context is UNKNOWN
- satellite observation unavailable/obscured",1,isolated,333.34,28.49,2.99,INSUFFICIENT_DATA,0.0,none,none,inf,not_found,UNKNOWN,False,UNKNOWN,,"Sentinel-2 observation available but obscured by cloud cover (best: 71.4%, threshold: 30.0%)"
865,Unknown / Insufficient Evidence,0.0,"Unknown / Insufficient Evidence
Supporting evidence:
- insufficient or conflicting physical & contextual evidence
- OSM industrial context is UNKNOWN
- land-cover context is UNKNOWN
- satellite observation unavailable/obscured",1,isolated,332.84,41.66,2.73,INSUFFICIENT_DATA,0.0,none,none,inf,not_found,UNKNOWN,False,UNKNOWN,,"Sentinel-2 observation available but obscured by cloud cover (best: 71.4%, threshold: 30.0%)"
866,Unknown / Insufficient Evidence,0.0,"Unknown / Insufficient Evidence
Supporting evidence:
- insufficient or conflicting physical & contextual evidence
- OSM industrial context is UNKNOWN
- land-cover context is UNKNOWN",1,isolated,335.32,34.62,4.09,INSUFFICIENT_DATA,0.0,none,none,inf,not_found,UNKNOWN,True,AnnualCrop,0.344,Satellite CNN prediction: AnnualCrop (confidence: 0.34)
867,Unknown / Insufficient Evidence,0.0,"Unknown / Insufficient Evidence
Supporting evidence:
- insufficient or conflicting physical & contextual evidence
- OSM industrial context is UNKNOWN
- land-cover context is UNKNOWN
- satellite observation unavailable/obscured",1,isolated,336.03,37.18,1.83,INSUFFICIENT_DATA,0.0,none,none,inf,not_found,UNKNOWN,False,UNKNOWN,,"Sentinel-2 observation available but obscured by cloud cover (best: 54.9%, threshold: 30.0%)"
868,Agricultural-context thermal event,0.55,"Agricultural-context thermal event
Supporting evidence:
- short-lived transient activity (active_days=1)
- moderate thermal power typical of crop burning (max_frp=10.1 MW)
- OSM industrial context is UNKNOWN
- land-cover context is UNKNOWN
- satellite observation unavailable/obscured",1,isolated,346.29,38.78,10.08,INSUFFICIENT_DATA,0.0,none,none,inf,not_found,UNKNOWN,False,UNKNOWN,,"Sentinel-2 observation available but obscured by cloud cover (best: 30.1%, threshold: 30.0%)"
869,Unknown / Insufficient Evidence,0.0,"Unknown / Insufficient Evidence
Supporting evidence:
- insufficient or conflicting physical & contextual evidence
- OSM industrial context is UNKNOWN
- land-cover context is UNKNOWN",1,isolated,340.48,36.1,2.78,INSUFFICIENT_DATA,0.0,none,none,inf,not_found,UNKNOWN,True,SeaLake,0.7546,Satellite CNN prediction: SeaLake (confidence: 0.75)
870,Agricultural-context thermal event,0.55,"Agricultural-context thermal event
Supporting evidence:
- short-lived transient activity (active_days=1)
- moderate thermal power typical of crop burning (max_frp=21.9 MW)
- OSM industrial context is UNKNOWN
- land-cover context is UNKNOWN
- satellite observation unavailable/obscured",1,isolated,347.16,39.28,21.89,INSUFFICIENT_DATA,0.0,none,none,inf,not_found,UNKNOWN,False,UNKNOWN,,"Sentinel-2 observation available but obscured by cloud cover (best: 92.6%, threshold: 30.0%)"
871,Unknown / Insufficient Evidence,0.0,"Unknown / Insufficient Evidence
Supporting evidence:
- insufficient or conflicting physical & contextual evidence
- OSM industrial context is UNKNOWN
- land-cover context is UNKNOWN",1,isolated,338.78,33.75,3.9,INSUFFICIENT_DATA,0.0,none,none,inf,not_found,UNKNOWN,True,River,0.6633,Satellite CNN prediction: River (confidence: 0.66)
872,Agricultural-context thermal event,0.55,"Agricultural-context thermal event
Supporting evidence:
- short-lived transient activity (active_days=1)
- satellite CNN visual context is AnnualCrop (model confidence=0.50)
- OSM industrial context is UNKNOWN
- land-cover context is UNKNOWN",1,isolated,330.5,28.7,1.54,INSUFFICIENT_DATA,0.0,none,none,inf,not_found,UNKNOWN,True,AnnualCrop,0.5029,Satellite CNN prediction: AnnualCrop (confidence: 0.50)
873,Unknown / Insufficient Evidence,0.0,"Unknown / Insufficient Evidence
Supporting evidence:
- insufficient or conflicting physical & contextual evidence
- land-cover context is UNKNOWN",1,isolated,335.18,30.79,2.48,INSUFFICIENT_DATA,0.0,industrial,none,0.713,found,UNKNOWN,True,SeaLake,0.2752,Satellite CNN prediction: SeaLake (confidence: 0.28)
874,Unknown / Insufficient Evidence,0.0,"Unknown / Insufficient Evidence
Supporting evidence:
- insufficient or conflicting physical & contextual evidence
- OSM industrial context is UNKNOWN
- land-cover context is UNKNOWN
- satellite observation unavailable/obscured",1,isolated,336.49,33.1,1.51,INSUFFICIENT_DATA,0.0,none,none,inf,not_found,UNKNOWN,False,UNKNOWN,,"Sentinel-2 observation available but obscured by cloud cover (best: 86.3%, threshold: 30.0%)"
875,Unknown / Insufficient Evidence,0.0,"Unknown / Insufficient Evidence
Supporting evidence:
- insufficient or conflicting physical & contextual evidence
- OSM industrial context is UNKNOWN
- land-cover context is UNKNOWN
- satellite observation unavailable/obscured",1,isolated,330.82,26.69,3.21,INSUFFICIENT_DATA,0.0,none,none,inf,not_found,UNKNOWN,False,UNKNOWN,,"Sentinel-2 observation available but obscured by cloud cover (best: 80.8%, threshold: 30.0%)"
876,Agricultural-context thermal event,0.55,"Agricultural-context thermal event
Supporting evidence:
- short-lived transient activity (active_days=1)
- moderate thermal power typical of crop burning (max_frp=5.9 MW)
- OSM industrial context is UNKNOWN
- land-cover context is UNKNOWN
- satellite observation unavailable/obscured",1,isolated,346.37,40.74,5.9,INSUFFICIENT_DATA,0.0,none,none,inf,not_found,UNKNOWN,False,UNKNOWN,,"Sentinel-2 observation available but obscured by cloud cover (best: 62.6%, threshold: 30.0%)"
877,Unknown / Insufficient Evidence,0.0,"Unknown / Insufficient Evidence
Supporting evidence:
- insufficient or conflicting physical & contextual evidence
- OSM industrial context is UNKNOWN
- land-cover context is UNKNOWN
- satellite observation unavailable/obscured",1,isolated,338.86,31.44,3.28,INSUFFICIENT_DATA,0.0,none,none,inf,not_found,UNKNOWN,False,UNKNOWN,,"Sentinel-2 observation available but obscured by cloud cover (best: 89.2%, threshold: 30.0%)"
878,Unknown / Insufficient Evidence,0.0,"Unknown / Insufficient Evidence
Supporting evidence:
- insufficient or conflicting physical & contextual evidence
- OSM industrial context is UNKNOWN
- land-cover context is UNKNOWN
- satellite observation unavailable/obscured",1,isolated,335.52,32.37,2.48,INSUFFICIENT_DATA,0.0,none,none,inf,not_found,UNKNOWN,False,UNKNOWN,,"Sentinel-2 observation available but obscured by cloud cover (best: 62.6%, threshold: 30.0%)"
879,Unknown / Insufficient Evidence,0.0,"Unknown / Insufficient Evidence
Supporting evidence:
- insufficient or conflicting physical & contextual evidence
- OSM industrial context is UNKNOWN
- land-cover context is UNKNOWN
- satellite observation unavailable/obscured",1,isolated,332.83,26.11,2.22,INSUFFICIENT_DATA,0.0,none,none,inf,not_found,UNKNOWN,False,UNKNOWN,,"Sentinel-2 observation available but obscured by cloud cover (best: 62.6%, threshold: 30.0%)"
880,Unknown / Insufficient Evidence,0.0,"Unknown / Insufficient Evidence
Supporting evidence:
- insufficient or conflicting physical & contextual evidence
- OSM industrial context is UNKNOWN
- land-cover context is UNKNOWN
- satellite observation unavailable/obscured",1,isolated,337.89,33.73,3.28,INSUFFICIENT_DATA,0.0,none,none,inf,not_found,UNKNOWN,False,UNKNOWN,,"Sentinel-2 observation available but obscured by cloud cover (best: 62.6%, threshold: 30.0%)"
881,Unknown / Insufficient Evidence,0.0,"Unknown / Insufficient Evidence
Supporting evidence:
- insufficient or conflicting physical & contextual evidence
- OSM industrial context is UNKNOWN
- land-cover context is UNKNOWN
- satellite observation unavailable/obscured",1,isolated,336.37,33.03,3.33,INSUFFICIENT_DATA,0.0,none,none,inf,not_found,UNKNOWN,False,UNKNOWN,,"Sentinel-2 observation available but obscured by cloud cover (best: 62.6%, threshold: 30.0%)"
882,Unknown / Insufficient Evidence,0.0,"Unknown / Insufficient Evidence
Supporting evidence:
- insufficient or conflicting physical & contextual evidence
- OSM industrial context is UNKNOWN
- land-cover context is UNKNOWN
- satellite observation unavailable/obscured",1,isolated,339.61,33.02,4.33,INSUFFICIENT_DATA,0.0,none,none,inf,not_found,UNKNOWN,False,UNKNOWN,,"Sentinel-2 observation available but obscured by cloud cover (best: 98.7%, threshold: 30.0%)"
883,Unknown / Insufficient Evidence,0.0,"Unknown / Insufficient Evidence
Supporting evidence:
- insufficient or conflicting physical & contextual evidence
- OSM industrial context is UNKNOWN
- land-cover context is UNKNOWN
- satellite observation unavailable/obscured",1,isolated,331.42,27.65,1.2,INSUFFICIENT_DATA,0.0,none,none,inf,not_found,UNKNOWN,False,UNKNOWN,,"Sentinel-2 observation available but obscured by cloud cover (best: 94.8%, threshold: 30.0%)"
884,Unknown / Insufficient Evidence,0.0,"Unknown / Insufficient Evidence
Supporting evidence:
- insufficient or conflicting physical & contextual evidence
- OSM industrial context is UNKNOWN
- land-cover context is UNKNOWN
- satellite observation unavailable/obscured",1,isolated,333.28,27.12,2.52,INSUFFICIENT_DATA,0.0,none,none,inf,not_found,UNKNOWN,False,UNKNOWN,,"Sentinel-2 observation available but obscured by cloud cover (best: 71.4%, threshold: 30.0%)"
885,Agricultural-context thermal event,0.55,"Agricultural-context thermal event
Supporting evidence:
- short-lived transient activity (active_days=1)
- moderate thermal power typical of crop burning (max_frp=7.9 MW)
- OSM industrial context is UNKNOWN
- land-cover context is UNKNOWN
- satellite observation unavailable/obscured",1,isolated,331.85,27.4,7.94,INSUFFICIENT_DATA,0.0,none,none,inf,not_found,UNKNOWN,False,UNKNOWN,,"Sentinel-2 observation available but obscured by cloud cover (best: 71.4%, threshold: 30.0%)"
886,Industrial-context thermal event,0.45,"Industrial-context thermal event
Supporting evidence:
- high spectral brightness temperature contrast (bt_diff=37.4 K)
- industrial facility detected nearby (industrial at 0.32 km)
- land-cover context is UNKNOWN
- satellite observation unavailable/obscured",1,isolated,342.84,37.38,6.83,INSUFFICIENT_DATA,0.0,industrial,none,0.317,found,UNKNOWN,False,UNKNOWN,,"Sentinel-2 observation available but obscured by cloud cover (best: 94.8%, threshold: 30.0%)"
887,Unknown / Insufficient Evidence,0.0,"Unknown / Insufficient Evidence
Supporting evidence:
- insufficient or conflicting physical & contextual evidence
- land-cover context is UNKNOWN
- satellite observation unavailable/obscured",1,isolated,336.82,33.91,3.27,INSUFFICIENT_DATA,0.0,industrial,none,0.716,found,UNKNOWN,False,UNKNOWN,,"Sentinel-2 observation available but obscured by cloud cover (best: 71.4%, threshold: 30.0%)"
888,Unknown / Insufficient Evidence,0.0,"Unknown / Insufficient Evidence
Supporting evidence:
- insufficient or conflicting physical & contextual evidence
- OSM industrial context is UNKNOWN
- land-cover context is UNKNOWN
- satellite observation unavailable/obscured",1,isolated,337.4,35.58,3.09,INSUFFICIENT_DATA,0.0,none,none,inf,not_found,UNKNOWN,False,UNKNOWN,,"Sentinel-2 observation available but obscured by cloud cover (best: 71.4%, threshold: 30.0%)"
889,Unknown / Insufficient Evidence,0.0,"Unknown / Insufficient Evidence
Supporting evidence:
- insufficient or conflicting physical & contextual evidence
- OSM industrial context is UNKNOWN
- land-cover context is UNKNOWN
- satellite observation unavailable/obscured",1,isolated,335.41,31.83,3.68,INSUFFICIENT_DATA,0.0,none,none,inf,not_found,UNKNOWN,False,UNKNOWN,,"Sentinel-2 observation available but obscured by cloud cover (best: 58.8%, threshold: 30.0%)"
890,Industrial-context thermal event,0.45,"Industrial-context thermal event
Supporting evidence:
- high spectral brightness temperature contrast (bt_diff=58.1 K)
- industrial facility detected nearby (plant at 0.96 km)
- land-cover context is UNKNOWN
- satellite observation unavailable/obscured",1,isolated,336.81,58.08,3.36,INSUFFICIENT_DATA,0.0,plant,none,0.958,found,UNKNOWN,False,UNKNOWN,,"Sentinel-2 observation available but obscured by cloud cover (best: 60.8%, threshold: 30.0%)"
891,Agricultural-context thermal event,0.55,"Agricultural-context thermal event
Supporting evidence:
- short-lived transient activity (active_days=1)
- moderate thermal power typical of crop burning (max_frp=5.4 MW)
- OSM industrial context is UNKNOWN
- land-cover context is UNKNOWN
- satellite observation unavailable/obscured",1,isolated,337.61,40.39,5.44,INSUFFICIENT_DATA,0.0,none,none,inf,not_found,UNKNOWN,False,UNKNOWN,,"Sentinel-2 observation available but obscured by cloud cover (best: 80.4%, threshold: 30.0%)"
892,Unknown / Insufficient Evidence,0.0,"Unknown / Insufficient Evidence
Supporting evidence:
- insufficient or conflicting physical & contextual evidence
- OSM industrial context is UNKNOWN
- land-cover context is UNKNOWN
- satellite observation unavailable/obscured",1,isolated,334.9,38.34,3.04,INSUFFICIENT_DATA,0.0,none,none,inf,not_found,UNKNOWN,False,UNKNOWN,,"Sentinel-2 observation available but obscured by cloud cover (best: 76.5%, threshold: 30.0%)"
893,Unknown / Insufficient Evidence,0.0,"Unknown / Insufficient Evidence
Supporting evidence:
- insufficient or conflicting physical & contextual evidence
- OSM industrial context is UNKNOWN
- land-cover context is UNKNOWN
- satellite observation unavailable/obscured",1,isolated,340.04,45.09,3.9,INSUFFICIENT_DATA,0.0,none,none,inf,not_found,UNKNOWN,False,UNKNOWN,,"Sentinel-2 observation available but obscured by cloud cover (best: 80.4%, threshold: 30.0%)"
894,Unknown / Insufficient Evidence,0.0,"Unknown / Insufficient Evidence
Supporting evidence:
- insufficient or conflicting physical & contextual evidence
- OSM industrial context is UNKNOWN
- land-cover context is UNKNOWN
- satellite observation unavailable/obscured",1,isolated,334.89,44.34,1.91,INSUFFICIENT_DATA,0.0,none,none,inf,not_found,UNKNOWN,False,UNKNOWN,,"Sentinel-2 observation available but obscured by cloud cover (best: 80.4%, threshold: 30.0%)"
895,Unknown / Insufficient Evidence,0.0,"Unknown / Insufficient Evidence
Supporting evidence:
- insufficient or conflicting physical & contextual evidence
- OSM industrial context is UNKNOWN
- land-cover context is UNKNOWN
- satellite observation unavailable/obscured",1,isolated,330.48,35.16,3.02,INSUFFICIENT_DATA,0.0,none,none,inf,not_found,UNKNOWN,False,UNKNOWN,,"Sentinel-2 observation available but obscured by cloud cover (best: 49.4%, threshold: 30.0%)"
896,Industrial-context thermal event,1.0,"Industrial-context thermal event
Supporting evidence:
- activity is persistent (active_days=12)
- activity is spatially stationary (displacement=0.18 km)
- high spectral brightness temperature contrast (bt_diff=47.9 K)
- industrial facility detected nearby (industrial at 0.39 km)
- land-cover context is UNKNOWN
- satellite observation unavailable/obscured",12,persistent,342.9,47.88,10.47,STATIONARY,0.184,industrial,none,0.393,found,UNKNOWN,False,UNKNOWN,,"Sentinel-2 observation available but obscured by cloud cover (best: 58.4%, threshold: 30.0%)"
897,Unknown / Insufficient Evidence,0.0,"Unknown / Insufficient Evidence
Supporting evidence:
- insufficient or conflicting physical & contextual evidence
- OSM industrial context is UNKNOWN
- land-cover context is UNKNOWN",1,isolated,334.22,33.55,2.36,INSUFFICIENT_DATA,0.0,none,none,inf,not_found,UNKNOWN,True,AnnualCrop,0.4919,Satellite CNN prediction: AnnualCrop (confidence: 0.49)
898,Agricultural-context thermal event,0.55,"Agricultural-context thermal event
Supporting evidence:
- short-lived transient activity (active_days=1)
- moderate thermal power typical of crop burning (max_frp=6.6 MW)
- OSM industrial context is UNKNOWN
- land-cover context is UNKNOWN",1,isolated,331.68,26.8,6.56,INSUFFICIENT_DATA,0.0,none,none,inf,not_found,UNKNOWN,True,HerbaceousVegetation,0.4457,Satellite CNN prediction: HerbaceousVegetation (confidence: 0.45)
899,Agricultural-context thermal event,0.75,"Agricultural-context thermal event
Supporting evidence:
- short-lived transient activity (active_days=1)
- moderate thermal power typical of crop burning (max_frp=5.0 MW)
- satellite CNN visual context is Pasture (model confidence=0.53)
- OSM industrial context is UNKNOWN
- land-cover context is UNKNOWN",1,isolated,330.12,25.98,5.03,INSUFFICIENT_DATA,0.0,none,none,inf,not_found,UNKNOWN,True,Pasture,0.5253,Satellite CNN prediction: Pasture (confidence: 0.53)
900,Industrial-context thermal event,0.45,"Industrial-context thermal event
Supporting evidence:
- high spectral brightness temperature contrast (bt_diff=41.7 K)
- industrial facility detected nearby (plant at 0.05 km)
- land-cover context is UNKNOWN
- satellite observation unavailable/obscured",1,isolated,338.05,41.71,2.13,INSUFFICIENT_DATA,0.0,plant,none,0.053,found,UNKNOWN,False,UNKNOWN,,"Sentinel-2 observation available but obscured by cloud cover (best: 33.8%, threshold: 30.0%)"
901,Agricultural-context thermal event,0.55,"Agricultural-context thermal event
Supporting evidence:
- short-lived transient activity (active_days=1)
- moderate thermal power typical of crop burning (max_frp=5.0 MW)
- OSM industrial context is UNKNOWN
- land-cover context is UNKNOWN
- satellite observation unavailable/obscured",1,isolated,336.21,43.12,5.02,INSUFFICIENT_DATA,0.0,none,none,inf,not_found,UNKNOWN,False,UNKNOWN,,"Sentinel-2 observation available but obscured by cloud cover (best: 30.1%, threshold: 30.0%)"
902,Agricultural-context thermal event,0.55,"Agricultural-context thermal event
Supporting evidence:
- short-lived transient activity (active_days=2)
- moderate thermal power typical of crop burning (max_frp=10.8 MW)
- OSM industrial context is UNKNOWN
- land-cover context is UNKNOWN
- satellite observation unavailable/obscured",2,short_lived_repeated,336.14,34.02,10.84,MOVING,0.962,none,none,inf,not_found,UNKNOWN,False,UNKNOWN,,"Sentinel-2 observation available but obscured by cloud cover (best: 67.6%, threshold: 30.0%)"
903,Industrial-context thermal event,0.45,"Industrial-context thermal event
Supporting evidence:
- high spectral brightness temperature contrast (bt_diff=39.4 K)
- industrial facility detected nearby (plant at 1.24 km)
- land-cover context is UNKNOWN
- satellite observation unavailable/obscured",1,isolated,332.97,39.43,3.62,INSUFFICIENT_DATA,0.0,plant,none,1.243,found,UNKNOWN,False,UNKNOWN,,"Sentinel-2 observation available but obscured by cloud cover (best: 70.2%, threshold: 30.0%)"
904,Unknown / Insufficient Evidence,0.0,"Unknown / Insufficient Evidence
Supporting evidence:
- insufficient or conflicting physical & contextual evidence
- OSM industrial context is UNKNOWN
- land-cover context is UNKNOWN
- satellite observation unavailable/obscured",1,isolated,367.0,75.11,25.54,INSUFFICIENT_DATA,0.0,none,none,inf,not_found,UNKNOWN,False,UNKNOWN,,"Sentinel-2 observation available but obscured by cloud cover (best: 94.8%, threshold: 30.0%)"
905,Agricultural-context thermal event,0.55,"Agricultural-context thermal event
Supporting evidence:
- short-lived transient activity (active_days=1)
- moderate thermal power typical of crop burning (max_frp=9.3 MW)
- OSM industrial context is UNKNOWN
- land-cover context is UNKNOWN
- satellite observation unavailable/obscured",1,isolated,339.72,72.35,9.27,INSUFFICIENT_DATA,0.0,none,none,inf,not_found,UNKNOWN,False,UNKNOWN,,"Sentinel-2 observation available but obscured by cloud cover (best: 83.0%, threshold: 30.0%)"
906,Industrial-context thermal event,0.45,"Industrial-context thermal event
Supporting evidence:
- high spectral brightness temperature contrast (bt_diff=49.6 K)
- industrial facility detected nearby (plant at 1.45 km)
- land-cover context is UNKNOWN",1,isolated,342.67,49.56,4.49,INSUFFICIENT_DATA,0.0,plant,Godelai,1.454,found,UNKNOWN,True,Pasture,0.4297,Satellite CNN prediction: Pasture (confidence: 0.43)
907,Unknown / Insufficient Evidence,0.0,"Unknown / Insufficient Evidence
Supporting evidence:
- insufficient or conflicting physical & contextual evidence
- OSM industrial context is UNKNOWN
- land-cover context is UNKNOWN",1,isolated,331.95,34.64,1.24,INSUFFICIENT_DATA,0.0,none,none,inf,not_found,UNKNOWN,True,Pasture,0.3731,Satellite CNN prediction: Pasture (confidence: 0.37)
908,Unknown / Insufficient Evidence,0.0,"Unknown / Insufficient Evidence
Supporting evidence:
- insufficient or conflicting physical & contextual evidence
- land-cover context is UNKNOWN
- satellite observation unavailable/obscured",1,isolated,305.35,17.33,2.55,INSUFFICIENT_DATA,0.0,industrial,none,0.316,found,UNKNOWN,False,UNKNOWN,,"Sentinel-2 observation available but obscured by cloud cover (best: 39.7%, threshold: 30.0%)"
909,Agricultural-context thermal event,0.55,"Agricultural-context thermal event
Supporting evidence:
- short-lived transient activity (active_days=2)
- minor localized plot displacement
- OSM industrial context is UNKNOWN
- land-cover context is UNKNOWN
- satellite observation unavailable/obscured",2,short_lived_repeated,310.42,20.0,1.4,STATIONARY,0.309,none,none,inf,not_found,UNKNOWN,False,UNKNOWN,,"Sentinel-2 observation available but obscured by cloud cover (best: 39.7%, threshold: 30.0%)"
910,Industrial-context thermal event,0.65,"Industrial-context thermal event
Supporting evidence:
- activity is recurring (active_days=2)
- activity is spatially stationary (displacement=0.14 km)
- industrial facility detected nearby (industrial at 0.13 km)
- land-cover context is UNKNOWN
- satellite observation unavailable/obscured",2,short_lived_repeated,302.4,13.83,1.22,STATIONARY,0.14,industrial,none,0.131,found,UNKNOWN,False,UNKNOWN,,"Sentinel-2 observation available but obscured by cloud cover (best: 45.8%, threshold: 30.0%)"
911,Industrial-context thermal event,0.4,"Industrial-context thermal event
Supporting evidence:
- activity is recurring (active_days=3)
- activity is spatially stationary (displacement=0.36 km)
- OSM industrial context is UNKNOWN
- land-cover context is UNKNOWN
- satellite observation unavailable/obscured",3,short_lived_repeated,306.4,20.92,1.5,STATIONARY,0.358,none,none,inf,not_found,UNKNOWN,False,UNKNOWN,,"Sentinel-2 observation available but obscured by cloud cover (best: 35.6%, threshold: 30.0%)"
912,Unknown / Insufficient Evidence,0.0,"Unknown / Insufficient Evidence
Supporting evidence:
- insufficient or conflicting physical & contextual evidence
- land-cover context is UNKNOWN
- satellite observation unavailable/obscured",1,isolated,303.6,27.61,0.56,INSUFFICIENT_DATA,0.0,industrial,Bokaro Steel Plant,0.462,found,UNKNOWN,False,UNKNOWN,,"Sentinel-2 observation available but obscured by cloud cover (best: 42.9%, threshold: 30.0%)"
913,Unknown / Insufficient Evidence,0.0,"Unknown / Insufficient Evidence
Supporting evidence:
- insufficient or conflicting physical & contextual evidence
- OSM industrial context is UNKNOWN
- land-cover context is UNKNOWN
- satellite observation unavailable/obscured",1,isolated,299.67,25.72,1.0,INSUFFICIENT_DATA,0.0,none,none,inf,not_found,UNKNOWN,False,UNKNOWN,,"Sentinel-2 observation available but obscured by cloud cover (best: 35.6%, threshold: 30.0%)"
914,Unknown / Insufficient Evidence,0.0,"Unknown / Insufficient Evidence
Supporting evidence:
- insufficient or conflicting physical & contextual evidence
- OSM industrial context is UNKNOWN
- land-cover context is UNKNOWN
- satellite observation unavailable/obscured",1,isolated,300.77,22.06,0.81,INSUFFICIENT_DATA,0.0,none,none,inf,not_found,UNKNOWN,False,UNKNOWN,,"Sentinel-2 observation available but obscured by cloud cover (best: 53.7%, threshold: 30.0%)"
915,Unknown / Insufficient Evidence,0.0,"Unknown / Insufficient Evidence
Supporting evidence:
- insufficient or conflicting physical & contextual evidence
- land-cover context is UNKNOWN
- satellite observation unavailable/obscured",1,isolated,302.03,24.61,0.79,INSUFFICIENT_DATA,0.0,brickyard,none,1.576,found,UNKNOWN,False,UNKNOWN,,"Sentinel-2 observation available but obscured by cloud cover (best: 35.6%, threshold: 30.0%)"
916,Unknown / Insufficient Evidence,0.0,"Unknown / Insufficient Evidence
Supporting evidence:
- insufficient or conflicting physical & contextual evidence
- land-cover context is UNKNOWN
- satellite observation unavailable/obscured",1,isolated,307.66,28.9,2.79,INSUFFICIENT_DATA,0.0,industrial,none,1.814,found,UNKNOWN,False,UNKNOWN,,"Sentinel-2 observation available but obscured by cloud cover (best: 35.6%, threshold: 30.0%)"
917,Unknown / Insufficient Evidence,0.0,"Unknown / Insufficient Evidence
Supporting evidence:
- insufficient or conflicting physical & contextual evidence
- land-cover context is UNKNOWN
- satellite observation unavailable/obscured",1,isolated,304.0,22.99,1.29,INSUFFICIENT_DATA,0.0,industrial,none,1.984,found,UNKNOWN,False,UNKNOWN,,"Sentinel-2 observation available but obscured by cloud cover (best: 35.6%, threshold: 30.0%)"
918,Industrial-context thermal event,0.65,"Industrial-context thermal event
Supporting evidence:
- activity is recurring (active_days=3)
- activity is spatially stationary (displacement=0.36 km)
- industrial facility detected nearby (brickyard at 1.16 km)
- land-cover context is UNKNOWN
- satellite observation unavailable/obscured",3,short_lived_repeated,306.79,15.66,2.3,STATIONARY,0.364,brickyard,none,1.159,found,UNKNOWN,False,UNKNOWN,,"Sentinel-2 observation available but obscured by cloud cover (best: 35.6%, threshold: 30.0%)"
919,Unknown / Insufficient Evidence,0.0,"Unknown / Insufficient Evidence
Supporting evidence:
- insufficient or conflicting physical & contextual evidence
- OSM industrial context is UNKNOWN
- land-cover context is UNKNOWN
- satellite observation unavailable/obscured",1,isolated,298.61,20.79,1.1,INSUFFICIENT_DATA,0.0,none,none,inf,not_found,UNKNOWN,False,UNKNOWN,,"Sentinel-2 observation available but obscured by cloud cover (best: 69.4%, threshold: 30.0%)"
920,Unknown / Insufficient Evidence,0.0,"Unknown / Insufficient Evidence
Supporting evidence:
- insufficient or conflicting physical & contextual evidence
- land-cover context is UNKNOWN
- satellite observation unavailable/obscured",1,isolated,303.98,27.92,0.88,INSUFFICIENT_DATA,0.0,mine,West Bokaro Coal Mine,0.553,found,UNKNOWN,False,UNKNOWN,,"Sentinel-2 observation available but obscured by cloud cover (best: 35.6%, threshold: 30.0%)"
921,Industrial-context thermal event,0.55,"Industrial-context thermal event
Supporting evidence:
- activity is persistent (active_days=4)
- activity is spatially stationary (displacement=0.25 km)
- OSM industrial context is UNKNOWN
- land-cover context is UNKNOWN",4,short_lived_repeated,315.83,27.11,2.21,STATIONARY,0.251,none,none,inf,not_found,UNKNOWN,True,SeaLake,0.7639,Satellite CNN prediction: SeaLake (confidence: 0.76)
922,Unknown / Insufficient Evidence,0.0,"Unknown / Insufficient Evidence
Supporting evidence:
- insufficient or conflicting physical & contextual evidence
- OSM industrial context is UNKNOWN
- land-cover context is UNKNOWN
- satellite observation unavailable/obscured",1,isolated,306.75,28.67,1.15,INSUFFICIENT_DATA,0.0,none,none,inf,not_found,UNKNOWN,False,UNKNOWN,,"Sentinel-2 observation available but obscured by cloud cover (best: 78.8%, threshold: 30.0%)"
923,Unknown / Insufficient Evidence,0.0,"Unknown / Insufficient Evidence
Supporting evidence:
- insufficient or conflicting physical & contextual evidence
- land-cover context is UNKNOWN
- satellite observation unavailable/obscured",1,isolated,313.98,32.97,1.92,INSUFFICIENT_DATA,0.0,works,none,0.085,found,UNKNOWN,False,UNKNOWN,,"Sentinel-2 observation available but obscured by cloud cover (best: 44.0%, threshold: 30.0%)"
924,Agricultural-context thermal event,0.55,"Agricultural-context thermal event
Supporting evidence:
- short-lived transient activity (active_days=1)
- moderate thermal power typical of crop burning (max_frp=5.2 MW)
- OSM industrial context is UNKNOWN
- land-cover context is UNKNOWN",1,isolated,315.86,24.32,5.24,INSUFFICIENT_DATA,0.0,none,none,inf,not_found,UNKNOWN,True,SeaLake,0.6493,Satellite CNN prediction: SeaLake (confidence: 0.65)
925,Unknown / Insufficient Evidence,0.0,"Unknown / Insufficient Evidence
Supporting evidence:
- insufficient or conflicting physical & contextual evidence
- OSM industrial context is UNKNOWN
- land-cover context is UNKNOWN",1,isolated,306.2,24.08,0.94,INSUFFICIENT_DATA,0.0,none,none,inf,not_found,UNKNOWN,True,SeaLake,0.9219,Satellite CNN prediction: SeaLake (confidence: 0.92)
926,Unknown / Insufficient Evidence,0.0,"Unknown / Insufficient Evidence
Supporting evidence:
- insufficient or conflicting physical & contextual evidence
- land-cover context is UNKNOWN
- satellite observation unavailable/obscured",1,isolated,296.97,22.2,0.41,INSUFFICIENT_DATA,0.0,brickyard,none,1.667,found,UNKNOWN,False,UNKNOWN,,"Sentinel-2 observation available but obscured by cloud cover (best: 80.2%, threshold: 30.0%)"
927,Agricultural-context thermal event,0.55,"Agricultural-context thermal event
Supporting evidence:
- short-lived transient activity (active_days=1)
- satellite CNN visual context is PermanentCrop (model confidence=0.76)
- OSM industrial context is UNKNOWN
- land-cover context is UNKNOWN",1,isolated,307.79,12.76,1.35,INSUFFICIENT_DATA,0.0,none,none,inf,not_found,UNKNOWN,True,PermanentCrop,0.7609,Satellite CNN prediction: PermanentCrop (confidence: 0.76)
928,Unknown / Insufficient Evidence,0.0,"Unknown / Insufficient Evidence
Supporting evidence:
- insufficient or conflicting physical & contextual evidence
- OSM industrial context is UNKNOWN
- land-cover context is UNKNOWN
- satellite observation unavailable/obscured",1,isolated,304.76,23.98,0.45,INSUFFICIENT_DATA,0.0,none,none,inf,not_found,UNKNOWN,False,UNKNOWN,,"Sentinel-2 observation available but obscured by cloud cover (best: 42.3%, threshold: 30.0%)"
929,Industrial-context thermal event,0.4,"Industrial-context thermal event
Supporting evidence:
- activity is recurring (active_days=3)
- activity is spatially stationary (displacement=0.18 km)
- OSM industrial context is UNKNOWN
- land-cover context is UNKNOWN",3,short_lived_repeated,308.88,14.81,1.11,STATIONARY,0.177,none,none,inf,not_found,UNKNOWN,True,Industrial,0.4579,Satellite CNN prediction: Industrial (confidence: 0.46)
930,Unknown / Insufficient Evidence,0.0,"Unknown / Insufficient Evidence
Supporting evidence:
- insufficient or conflicting physical & contextual evidence
- land-cover context is UNKNOWN
- satellite observation unavailable/obscured",4,short_lived_repeated,322.52,32.89,2.12,MOVING,0.507,plant,Danapuram BMM Captive Power Plant 1,0.473,found,UNKNOWN,False,UNKNOWN,,"Sentinel-2 observation available but obscured by cloud cover (best: 83.0%, threshold: 30.0%)"
931,Unknown / Insufficient Evidence,0.0,"Unknown / Insufficient Evidence
Supporting evidence:
- insufficient or conflicting physical & contextual evidence
- land-cover context is UNKNOWN
- satellite observation unavailable/obscured",1,isolated,304.85,26.52,0.71,INSUFFICIENT_DATA,0.0,industrial,Shatavahana Kudatini Steels,0.276,found,UNKNOWN,False,UNKNOWN,,"Sentinel-2 observation available but obscured by cloud cover (best: 83.0%, threshold: 30.0%)"
932,Unknown / Insufficient Evidence,0.0,"Unknown / Insufficient Evidence
Supporting evidence:
- insufficient or conflicting physical & contextual evidence
- OSM industrial context is UNKNOWN
- land-cover context is UNKNOWN
- satellite observation unavailable/obscured",1,isolated,301.78,18.38,0.97,INSUFFICIENT_DATA,0.0,none,none,inf,not_found,UNKNOWN,False,UNKNOWN,,"Sentinel-2 observation available but obscured by cloud cover (best: 83.7%, threshold: 30.0%)"
933,Unknown / Insufficient Evidence,0.0,"Unknown / Insufficient Evidence
Supporting evidence:
- insufficient or conflicting physical & contextual evidence
- OSM industrial context is UNKNOWN
- land-cover context is UNKNOWN
- satellite observation unavailable/obscured",1,isolated,317.34,27.63,1.71,INSUFFICIENT_DATA,0.0,none,none,inf,not_found,UNKNOWN,False,UNKNOWN,,"Sentinel-2 observation available but obscured by cloud cover (best: 68.3%, threshold: 30.0%)"
934,Unknown / Insufficient Evidence,0.0,"Unknown / Insufficient Evidence
Supporting evidence:
- insufficient or conflicting physical & contextual evidence
- OSM industrial context is UNKNOWN
- land-cover context is UNKNOWN
- satellite observation unavailable/obscured",1,isolated,305.87,36.24,1.28,INSUFFICIENT_DATA,0.0,none,none,inf,not_found,UNKNOWN,False,UNKNOWN,,"Sentinel-2 observation available but obscured by cloud cover (best: 70.2%, threshold: 30.0%)"
935,Unknown / Insufficient Evidence,0.0,"Unknown / Insufficient Evidence
Supporting evidence:
- insufficient or conflicting physical & contextual evidence
- OSM industrial context is UNKNOWN
- land-cover context is UNKNOWN
- satellite observation unavailable/obscured",1,isolated,299.08,21.58,1.21,INSUFFICIENT_DATA,0.0,none,none,inf,not_found,UNKNOWN,False,UNKNOWN,,"Sentinel-2 observation available but obscured by cloud cover (best: 70.2%, threshold: 30.0%)"
936,Unknown / Insufficient Evidence,0.0,"Unknown / Insufficient Evidence
Supporting evidence:
- insufficient or conflicting physical & contextual evidence
- OSM industrial context is UNKNOWN
- land-cover context is UNKNOWN
- satellite observation unavailable/obscured",1,isolated,302.06,18.51,0.38,INSUFFICIENT_DATA,0.0,none,none,inf,not_found,UNKNOWN,False,UNKNOWN,,"Sentinel-2 observation available but obscured by cloud cover (best: 99.5%, threshold: 30.0%)"
937,Unknown / Insufficient Evidence,0.0,"Unknown / Insufficient Evidence
Supporting evidence:
- insufficient or conflicting physical & contextual evidence
- OSM industrial context is UNKNOWN
- land-cover context is UNKNOWN",1,isolated,306.1,16.44,0.76,INSUFFICIENT_DATA,0.0,none,none,inf,not_found,UNKNOWN,True,PermanentCrop,0.2248,Satellite CNN prediction: PermanentCrop (confidence: 0.22)
938,Industrial-context thermal event,0.45,"Industrial-context thermal event
Supporting evidence:
- high spectral brightness temperature contrast (bt_diff=40.9 K)
- industrial facility detected nearby (industrial at 1.81 km)
- land-cover context is UNKNOWN
- satellite observation unavailable/obscured",1,isolated,333.78,40.93,1.97,INSUFFICIENT_DATA,0.0,industrial,none,1.812,found,UNKNOWN,False,UNKNOWN,,"Sentinel-2 observation available but obscured by cloud cover (best: 45.2%, threshold: 30.0%)"
939,Industrial-context thermal event,0.45,"Industrial-context thermal event
Supporting evidence:
- high spectral brightness temperature contrast (bt_diff=36.9 K)
- industrial facility detected nearby (industrial at 1.70 km)
- land-cover context is UNKNOWN
- satellite observation unavailable/obscured",1,isolated,334.52,36.86,7.84,INSUFFICIENT_DATA,0.0,industrial,none,1.696,found,UNKNOWN,False,UNKNOWN,,"Sentinel-2 observation available but obscured by cloud cover (best: 30.1%, threshold: 30.0%)"
940,Unknown / Insufficient Evidence,0.0,"Unknown / Insufficient Evidence
Supporting evidence:
- insufficient or conflicting physical & contextual evidence
- OSM industrial context is UNKNOWN
- land-cover context is UNKNOWN",1,isolated,333.92,40.45,1.5,INSUFFICIENT_DATA,0.0,none,none,inf,not_found,UNKNOWN,True,HerbaceousVegetation,0.6951,Satellite CNN prediction: HerbaceousVegetation (confidence: 0.70)
941,Industrial-context thermal event,0.45,"Industrial-context thermal event
Supporting evidence:
- high spectral brightness temperature contrast (bt_diff=43.6 K)
- industrial facility detected nearby (industrial at 0.39 km)
- land-cover context is UNKNOWN
- satellite observation unavailable/obscured",1,isolated,335.1,43.57,3.04,INSUFFICIENT_DATA,0.0,industrial,none,0.393,found,UNKNOWN,False,UNKNOWN,,"Sentinel-2 observation available but obscured by cloud cover (best: 30.1%, threshold: 30.0%)"
942,Agricultural-context thermal event,0.55,"Agricultural-context thermal event
Supporting evidence:
- short-lived transient activity (active_days=1)
- moderate thermal power typical of crop burning (max_frp=9.9 MW)
- OSM industrial context is UNKNOWN
- land-cover context is UNKNOWN
- satellite observation unavailable/obscured",1,isolated,343.99,48.62,9.93,INSUFFICIENT_DATA,0.0,none,none,inf,not_found,UNKNOWN,False,UNKNOWN,,"Sentinel-2 observation available but obscured by cloud cover (best: 30.1%, threshold: 30.0%)"
943,Unknown / Insufficient Evidence,0.0,"Unknown / Insufficient Evidence
Supporting evidence:
- insufficient or conflicting physical & contextual evidence
- OSM industrial context is UNKNOWN
- land-cover context is UNKNOWN
- satellite observation unavailable/obscured",1,isolated,331.37,33.01,1.59,INSUFFICIENT_DATA,0.0,none,none,inf,not_found,UNKNOWN,False,UNKNOWN,,"Sentinel-2 observation available but obscured by cloud cover (best: 54.9%, threshold: 30.0%)"
944,Agricultural-context thermal event,0.55,"Agricultural-context thermal event
Supporting evidence:
- short-lived transient activity (active_days=1)
- moderate thermal power typical of crop burning (max_frp=6.2 MW)
- OSM industrial context is UNKNOWN
- land-cover context is UNKNOWN",1,isolated,343.24,46.44,6.23,INSUFFICIENT_DATA,0.0,none,none,inf,not_found,UNKNOWN,True,SeaLake,0.9904,Satellite CNN prediction: SeaLake (confidence: 0.99)
945,Unknown / Insufficient Evidence,0.0,"Unknown / Insufficient Evidence
Supporting evidence:
- insufficient or conflicting physical & contextual evidence
- OSM industrial context is UNKNOWN
- land-cover context is UNKNOWN
- satellite observation unavailable/obscured",1,isolated,343.7,44.4,2.61,INSUFFICIENT_DATA,0.0,none,none,inf,not_found,UNKNOWN,False,UNKNOWN,,"Sentinel-2 observation available but obscured by cloud cover (best: 30.1%, threshold: 30.0%)"
946,Industrial-context thermal event,0.45,"Industrial-context thermal event
Supporting evidence:
- high spectral brightness temperature contrast (bt_diff=37.3 K)
- industrial facility detected nearby (plant at 1.44 km)
- land-cover context is UNKNOWN
- satellite observation unavailable/obscured",1,isolated,336.11,37.31,4.04,INSUFFICIENT_DATA,0.0,plant,none,1.442,found,UNKNOWN,False,UNKNOWN,,"Sentinel-2 observation available but obscured by cloud cover (best: 82.4%, threshold: 30.0%)"
947,Agricultural-context thermal event,0.55,"Agricultural-context thermal event
Supporting evidence:
- short-lived transient activity (active_days=1)
- moderate thermal power typical of crop burning (max_frp=5.0 MW)
- OSM industrial context is UNKNOWN
- land-cover context is UNKNOWN",1,isolated,335.92,37.04,5.01,INSUFFICIENT_DATA,0.0,none,none,inf,not_found,UNKNOWN,True,AnnualCrop,0.2967,Satellite CNN prediction: AnnualCrop (confidence: 0.30)
948,Agricultural-context thermal event,0.55,"Agricultural-context thermal event
Supporting evidence:
- short-lived transient activity (active_days=1)
- moderate thermal power typical of crop burning (max_frp=7.7 MW)
- OSM industrial context is UNKNOWN
- land-cover context is UNKNOWN
- satellite observation unavailable/obscured",1,isolated,343.71,52.39,7.74,INSUFFICIENT_DATA,0.0,none,none,inf,not_found,UNKNOWN,False,UNKNOWN,,"Sentinel-2 observation available but obscured by cloud cover (best: 98.9%, threshold: 30.0%)"
949,Agricultural-context thermal event,0.55,"Agricultural-context thermal event
Supporting evidence:
- short-lived transient activity (active_days=1)
- moderate thermal power typical of crop burning (max_frp=5.1 MW)
- OSM industrial context is UNKNOWN
- land-cover context is UNKNOWN
- satellite observation unavailable/obscured",1,isolated,341.82,45.21,5.09,INSUFFICIENT_DATA,0.0,none,none,inf,not_found,UNKNOWN,False,UNKNOWN,,"Sentinel-2 observation available but obscured by cloud cover (best: 54.9%, threshold: 30.0%)"
950,Agricultural-context thermal event,0.55,"Agricultural-context thermal event
Supporting evidence:
- short-lived transient activity (active_days=1)
- moderate thermal power typical of crop burning (max_frp=6.1 MW)
- OSM industrial context is UNKNOWN
- land-cover context is UNKNOWN
- satellite observation unavailable/obscured",1,isolated,337.73,39.3,6.1,INSUFFICIENT_DATA,0.0,none,none,inf,not_found,UNKNOWN,False,UNKNOWN,,"Sentinel-2 observation available but obscured by cloud cover (best: 82.4%, threshold: 30.0%)"
951,Industrial-context thermal event,0.6,"Industrial-context thermal event
Supporting evidence:
- activity is recurring (active_days=2)
- activity is spatially stationary (displacement=0.09 km)
- high spectral brightness temperature contrast (bt_diff=39.3 K)
- OSM industrial context is UNKNOWN
- land-cover context is UNKNOWN
- satellite observation unavailable/obscured",2,short_lived_repeated,337.36,39.29,4.55,STATIONARY,0.087,none,none,inf,not_found,UNKNOWN,False,UNKNOWN,,"Sentinel-2 observation available but obscured by cloud cover (best: 80.9%, threshold: 30.0%)"
952,Agricultural-context thermal event,0.55,"Agricultural-context thermal event
Supporting evidence:
- short-lived transient activity (active_days=1)
- moderate thermal power typical of crop burning (max_frp=9.8 MW)
- OSM industrial context is UNKNOWN
- land-cover context is UNKNOWN
- satellite observation unavailable/obscured",1,isolated,353.64,71.52,9.85,INSUFFICIENT_DATA,0.0,none,none,inf,not_found,UNKNOWN,False,UNKNOWN,,"Sentinel-2 observation available but obscured by cloud cover (best: 47.7%, threshold: 30.0%)"
953,Industrial-context thermal event,0.45,"Industrial-context thermal event
Supporting evidence:
- high spectral brightness temperature contrast (bt_diff=35.9 K)
- industrial facility detected nearby (port at 1.01 km)
- land-cover context is UNKNOWN
- satellite observation unavailable/obscured",1,isolated,336.46,35.94,7.37,INSUFFICIENT_DATA,0.0,port,Tuna-Tekra Container Terminal,1.009,found,UNKNOWN,False,UNKNOWN,,"Sentinel-2 observation available but obscured by cloud cover (best: 86.3%, threshold: 30.0%)"
954,Unknown / Insufficient Evidence,0.0,"Unknown / Insufficient Evidence
Supporting evidence:
- insufficient or conflicting physical & contextual evidence
- OSM industrial context is UNKNOWN
- land-cover context is UNKNOWN
- satellite observation unavailable/obscured",1,isolated,309.57,20.16,1.18,INSUFFICIENT_DATA,0.0,none,none,inf,not_found,UNKNOWN,False,UNKNOWN,,"Sentinel-2 observation available but obscured by cloud cover (best: 47.5%, threshold: 30.0%)"
955,Agricultural-context thermal event,0.55,"Agricultural-context thermal event
Supporting evidence:
- short-lived transient activity (active_days=1)
- moderate thermal power typical of crop burning (max_frp=6.9 MW)
- OSM industrial context is UNKNOWN
- land-cover context is UNKNOWN
- satellite observation unavailable/obscured",1,isolated,327.12,36.65,6.91,INSUFFICIENT_DATA,0.0,none,none,inf,not_found,UNKNOWN,False,UNKNOWN,,"Sentinel-2 observation available but obscured by cloud cover (best: 92.6%, threshold: 30.0%)"
956,Unknown / Insufficient Evidence,0.0,"Unknown / Insufficient Evidence
Supporting evidence:
- insufficient or conflicting physical & contextual evidence
- land-cover context is UNKNOWN
- satellite observation unavailable/obscured",1,isolated,304.87,20.71,0.89,INSUFFICIENT_DATA,0.0,works,Lloyd,0.191,found,UNKNOWN,False,UNKNOWN,,"Sentinel-2 observation available but obscured by cloud cover (best: 81.1%, threshold: 30.0%)"
957,Unknown / Insufficient Evidence,0.0,"Unknown / Insufficient Evidence
Supporting evidence:
- insufficient or conflicting physical & contextual evidence
- OSM industrial context is UNKNOWN
- land-cover context is UNKNOWN
- satellite observation unavailable/obscured",1,isolated,309.85,17.0,2.76,INSUFFICIENT_DATA,0.0,none,none,inf,not_found,UNKNOWN,False,UNKNOWN,,"Sentinel-2 observation available but obscured by cloud cover (best: 67.6%, threshold: 30.0%)"
958,Unknown / Insufficient Evidence,0.0,"Unknown / Insufficient Evidence
Supporting evidence:
- insufficient or conflicting physical & contextual evidence
- OSM industrial context is UNKNOWN
- land-cover context is UNKNOWN
- satellite observation unavailable/obscured",1,isolated,325.39,32.31,3.69,INSUFFICIENT_DATA,0.0,none,none,inf,not_found,UNKNOWN,False,UNKNOWN,,"Sentinel-2 observation available but obscured by cloud cover (best: 86.3%, threshold: 30.0%)"
959,Unknown / Insufficient Evidence,0.0,"Unknown / Insufficient Evidence
Supporting evidence:
- insufficient or conflicting physical & contextual evidence
- OSM industrial context is UNKNOWN
- land-cover context is UNKNOWN
- satellite observation unavailable/obscured",1,isolated,304.11,12.65,0.57,INSUFFICIENT_DATA,0.0,none,none,inf,not_found,UNKNOWN,False,UNKNOWN,,"Sentinel-2 observation available but obscured by cloud cover (best: 70.2%, threshold: 30.0%)"
960,Unknown / Insufficient Evidence,0.0,"Unknown / Insufficient Evidence
Supporting evidence:
- insufficient or conflicting physical & contextual evidence
- land-cover context is UNKNOWN
- satellite observation unavailable/obscured",1,isolated,307.67,16.22,1.06,INSUFFICIENT_DATA,0.0,industrial,none,1.722,found,UNKNOWN,False,UNKNOWN,,"Sentinel-2 observation available but obscured by cloud cover (best: 70.2%, threshold: 30.0%)"
961,Unknown / Insufficient Evidence,0.0,"Unknown / Insufficient Evidence
Supporting evidence:
- insufficient or conflicting physical & contextual evidence
- OSM industrial context is UNKNOWN
- land-cover context is UNKNOWN
- satellite observation unavailable/obscured",1,isolated,312.9,21.06,3.61,INSUFFICIENT_DATA,0.0,none,none,inf,not_found,UNKNOWN,False,UNKNOWN,,"Sentinel-2 observation available but obscured by cloud cover (best: 62.6%, threshold: 30.0%)"
962,Unknown / Insufficient Evidence,0.0,"Unknown / Insufficient Evidence
Supporting evidence:
- insufficient or conflicting physical & contextual evidence
- OSM industrial context is UNKNOWN
- land-cover context is UNKNOWN
- satellite observation unavailable/obscured",1,isolated,309.79,16.84,2.88,INSUFFICIENT_DATA,0.0,none,none,inf,not_found,UNKNOWN,False,UNKNOWN,,"Sentinel-2 observation available but obscured by cloud cover (best: 89.0%, threshold: 30.0%)"
963,Industrial-context thermal event,1.0,"Industrial-context thermal event
Supporting evidence:
- activity is persistent (active_days=4)
- activity is spatially stationary (displacement=0.14 km)
- high spectral brightness temperature contrast (bt_diff=36.7 K)
- industrial facility detected nearby (steel at 0.29 km)
- land-cover context is UNKNOWN
- satellite observation unavailable/obscured",4,short_lived_repeated,343.83,36.68,3.37,STATIONARY,0.144,steel,JSW Steel Plant,0.287,found,UNKNOWN,False,UNKNOWN,,"Sentinel-2 observation available but obscured by cloud cover (best: 98.7%, threshold: 30.0%)"
964,Industrial-context thermal event,0.65,"Industrial-context thermal event
Supporting evidence:
- activity is recurring (active_days=2)
- activity is spatially stationary (displacement=0.22 km)
- industrial facility detected nearby (industrial at 1.18 km)
- land-cover context is UNKNOWN
- satellite observation unavailable/obscured",2,short_lived_repeated,311.39,22.37,1.3,STATIONARY,0.222,industrial,none,1.181,found,UNKNOWN,False,UNKNOWN,,"Sentinel-2 observation available but obscured by cloud cover (best: 96.5%, threshold: 30.0%)"
965,Unknown / Insufficient Evidence,0.0,"Unknown / Insufficient Evidence
Supporting evidence:
- insufficient or conflicting physical & contextual evidence
- land-cover context is UNKNOWN
- satellite observation unavailable/obscured",1,isolated,314.08,21.39,3.28,INSUFFICIENT_DATA,0.0,brickyard,none,0.673,found,UNKNOWN,False,UNKNOWN,,"Sentinel-2 observation available but obscured by cloud cover (best: 58.8%, threshold: 30.0%)"
966,Industrial-context thermal event,0.65,"Industrial-context thermal event
Supporting evidence:
- activity is recurring (active_days=2)
- activity is spatially stationary (displacement=0.03 km)
- industrial facility detected nearby (industrial at 0.92 km)
- land-cover context is UNKNOWN
- satellite observation unavailable/obscured",2,short_lived_repeated,313.52,20.38,2.93,STATIONARY,0.026,industrial,none,0.918,found,UNKNOWN,False,UNKNOWN,,"Sentinel-2 observation available but obscured by cloud cover (best: 52.3%, threshold: 30.0%)"
967,Unknown / Insufficient Evidence,0.0,"Unknown / Insufficient Evidence
Supporting evidence:
- insufficient or conflicting physical & contextual evidence
- land-cover context is UNKNOWN
- satellite observation unavailable/obscured",1,isolated,297.19,26.67,0.61,INSUFFICIENT_DATA,0.0,industrial,ACC Cement,0.307,found,UNKNOWN,False,UNKNOWN,,"Sentinel-2 observation available but obscured by cloud cover (best: 74.8%, threshold: 30.0%)"
968,Agricultural-context thermal event,0.55,"Agricultural-context thermal event
Supporting evidence:
- short-lived transient activity (active_days=2)
- minor localized plot displacement
- OSM industrial context is UNKNOWN
- land-cover context is UNKNOWN",2,short_lived_repeated,313.03,18.56,1.66,STATIONARY,0.344,none,none,inf,not_found,UNKNOWN,True,SeaLake,0.5871,Satellite CNN prediction: SeaLake (confidence: 0.59)
969,Unknown / Insufficient Evidence,0.0,"Unknown / Insufficient Evidence
Supporting evidence:
- insufficient or conflicting physical & contextual evidence
- OSM industrial context is UNKNOWN
- land-cover context is UNKNOWN
- satellite observation unavailable/obscured",1,isolated,307.69,13.21,0.61,INSUFFICIENT_DATA,0.0,none,none,inf,not_found,UNKNOWN,False,UNKNOWN,,"Sentinel-2 observation available but obscured by cloud cover (best: 54.9%, threshold: 30.0%)"
970,Unknown / Insufficient Evidence,0.0,"Unknown / Insufficient Evidence
Supporting evidence:
- insufficient or conflicting physical & contextual evidence
- land-cover context is UNKNOWN
- satellite observation unavailable/obscured",1,isolated,298.79,12.49,1.59,INSUFFICIENT_DATA,0.0,industrial,none,0.251,found,UNKNOWN,False,UNKNOWN,,"Sentinel-2 observation available but obscured by cloud cover (best: 86.2%, threshold: 30.0%)"
971,Unknown / Insufficient Evidence,0.0,"Unknown / Insufficient Evidence
Supporting evidence:
- insufficient or conflicting physical & contextual evidence
- land-cover context is UNKNOWN
- satellite observation unavailable/obscured",1,isolated,303.84,11.7,1.37,INSUFFICIENT_DATA,0.0,industrial,none,0.191,found,UNKNOWN,False,UNKNOWN,,"Sentinel-2 observation available but obscured by cloud cover (best: 90.8%, threshold: 30.0%)"
972,Unknown / Insufficient Evidence,0.0,"Unknown / Insufficient Evidence
Supporting evidence:
- insufficient or conflicting physical & contextual evidence
- OSM industrial context is UNKNOWN
- land-cover context is UNKNOWN
- satellite observation unavailable/obscured",1,isolated,305.8,19.45,1.36,INSUFFICIENT_DATA,0.0,none,none,inf,not_found,UNKNOWN,False,UNKNOWN,,"Sentinel-2 observation available but obscured by cloud cover (best: 74.1%, threshold: 30.0%)"
973,Unknown / Insufficient Evidence,0.0,"Unknown / Insufficient Evidence
Supporting evidence:
- insufficient or conflicting physical & contextual evidence
- OSM industrial context is UNKNOWN
- land-cover context is UNKNOWN
- satellite observation unavailable/obscured",1,isolated,317.44,32.5,4.07,INSUFFICIENT_DATA,0.0,none,none,inf,not_found,UNKNOWN,False,UNKNOWN,,"Sentinel-2 observation available but obscured by cloud cover (best: 75.5%, threshold: 30.0%)"
974,Unknown / Insufficient Evidence,0.0,"Unknown / Insufficient Evidence
Supporting evidence:
- insufficient or conflicting physical & contextual evidence
- OSM industrial context is UNKNOWN
- land-cover context is UNKNOWN",1,isolated,333.36,36.99,4.54,INSUFFICIENT_DATA,0.0,none,none,inf,not_found,UNKNOWN,True,SeaLake,0.9548,Satellite CNN prediction: SeaLake (confidence: 0.95)
975,Industrial-context thermal event,0.45,"Industrial-context thermal event
Supporting evidence:
- high spectral brightness temperature contrast (bt_diff=69.9 K)
- industrial facility detected nearby (plant at 1.45 km)
- land-cover context is UNKNOWN
- satellite observation unavailable/obscured",1,isolated,367.0,69.9,8.71,INSUFFICIENT_DATA,0.0,plant,none,1.446,found,UNKNOWN,False,UNKNOWN,,"Sentinel-2 observation available but obscured by cloud cover (best: 45.2%, threshold: 30.0%)"
976,Industrial-context thermal event,0.45,"Industrial-context thermal event
Supporting evidence:
- high spectral brightness temperature contrast (bt_diff=36.7 K)
- industrial facility detected nearby (plant at 1.45 km)
- land-cover context is UNKNOWN",1,isolated,346.42,36.74,14.99,INSUFFICIENT_DATA,0.0,plant,none,1.452,found,UNKNOWN,True,SeaLake,0.7894,Satellite CNN prediction: SeaLake (confidence: 0.79)
977,Unknown / Insufficient Evidence,0.0,"Unknown / Insufficient Evidence
Supporting evidence:
- insufficient or conflicting physical & contextual evidence
- OSM industrial context is UNKNOWN
- land-cover context is UNKNOWN
- satellite observation unavailable/obscured",1,isolated,339.7,44.53,4.49,INSUFFICIENT_DATA,0.0,none,none,inf,not_found,UNKNOWN,False,UNKNOWN,,"Sentinel-2 observation available but obscured by cloud cover (best: 45.2%, threshold: 30.0%)"
978,Unknown / Insufficient Evidence,0.0,"Unknown / Insufficient Evidence
Supporting evidence:
- insufficient or conflicting physical & contextual evidence
- OSM industrial context is UNKNOWN
- land-cover context is UNKNOWN
- satellite observation unavailable/obscured",1,isolated,333.52,35.29,3.71,INSUFFICIENT_DATA,0.0,none,none,inf,not_found,UNKNOWN,False,UNKNOWN,,"Sentinel-2 observation available but obscured by cloud cover (best: 54.9%, threshold: 30.0%)"
979,Unknown / Insufficient Evidence,0.0,"Unknown / Insufficient Evidence
Supporting evidence:
- insufficient or conflicting physical & contextual evidence
- OSM industrial context is UNKNOWN
- land-cover context is UNKNOWN",1,isolated,330.19,34.27,0.99,INSUFFICIENT_DATA,0.0,none,none,inf,not_found,UNKNOWN,True,SeaLake,0.9241,Satellite CNN prediction: SeaLake (confidence: 0.92)
980,Agricultural-context thermal event,0.55,"Agricultural-context thermal event
Supporting evidence:
- short-lived transient activity (active_days=1)
- satellite CNN visual context is Pasture (model confidence=0.66)
- OSM industrial context is UNKNOWN
- land-cover context is UNKNOWN",1,isolated,334.23,40.12,2.48,INSUFFICIENT_DATA,0.0,none,none,inf,not_found,UNKNOWN,True,Pasture,0.6607,Satellite CNN prediction: Pasture (confidence: 0.66)
981,Agricultural-context thermal event,0.55,"Agricultural-context thermal event
Supporting evidence:
- short-lived transient activity (active_days=1)
- moderate thermal power typical of crop burning (max_frp=8.2 MW)
- OSM industrial context is UNKNOWN
- land-cover context is UNKNOWN
- satellite observation unavailable/obscured",1,isolated,341.94,28.91,8.24,INSUFFICIENT_DATA,0.0,none,none,inf,not_found,UNKNOWN,False,UNKNOWN,,"Sentinel-2 observation available but obscured by cloud cover (best: 54.9%, threshold: 30.0%)"
982,Agricultural-context thermal event,0.55,"Agricultural-context thermal event
Supporting evidence:
- short-lived transient activity (active_days=1)
- moderate thermal power typical of crop burning (max_frp=9.5 MW)
- OSM industrial context is UNKNOWN
- land-cover context is UNKNOWN
- satellite observation unavailable/obscured",1,isolated,345.28,35.9,9.49,INSUFFICIENT_DATA,0.0,none,none,inf,not_found,UNKNOWN,False,UNKNOWN,,"Sentinel-2 observation available but obscured by cloud cover (best: 54.9%, threshold: 30.0%)"
983,Agricultural-context thermal event,0.55,"Agricultural-context thermal event
Supporting evidence:
- short-lived transient activity (active_days=1)
- moderate thermal power typical of crop burning (max_frp=8.1 MW)
- OSM industrial context is UNKNOWN
- land-cover context is UNKNOWN
- satellite observation unavailable/obscured",1,isolated,349.04,50.98,8.05,INSUFFICIENT_DATA,0.0,none,none,inf,not_found,UNKNOWN,False,UNKNOWN,,"Sentinel-2 observation available but obscured by cloud cover (best: 54.9%, threshold: 30.0%)"
984,Unknown / Insufficient Evidence,0.0,"Unknown / Insufficient Evidence
Supporting evidence:
- insufficient or conflicting physical & contextual evidence
- OSM industrial context is UNKNOWN
- land-cover context is UNKNOWN",1,isolated,334.45,38.77,2.85,INSUFFICIENT_DATA,0.0,none,none,inf,not_found,UNKNOWN,True,SeaLake,0.8242,Satellite CNN prediction: SeaLake (confidence: 0.82)
985,Unknown / Insufficient Evidence,0.0,"Unknown / Insufficient Evidence
Supporting evidence:
- insufficient or conflicting physical & contextual evidence
- OSM industrial context is UNKNOWN
- land-cover context is UNKNOWN",1,isolated,336.33,39.32,2.85,INSUFFICIENT_DATA,0.0,none,none,inf,not_found,UNKNOWN,True,SeaLake,0.6301,Satellite CNN prediction: SeaLake (confidence: 0.63)
986,Unknown / Insufficient Evidence,0.0,"Unknown / Insufficient Evidence
Supporting evidence:
- insufficient or conflicting physical & contextual evidence
- OSM industrial context is UNKNOWN
- land-cover context is UNKNOWN
- satellite observation unavailable/obscured",1,isolated,336.63,44.03,2.67,INSUFFICIENT_DATA,0.0,none,none,inf,not_found,UNKNOWN,False,UNKNOWN,,"Sentinel-2 observation available but obscured by cloud cover (best: 92.6%, threshold: 30.0%)"
987,Unknown / Insufficient Evidence,0.0,"Unknown / Insufficient Evidence
Supporting evidence:
- insufficient or conflicting physical & contextual evidence
- OSM industrial context is UNKNOWN
- land-cover context is UNKNOWN
- satellite observation unavailable/obscured",1,isolated,340.25,44.24,1.94,INSUFFICIENT_DATA,0.0,none,none,inf,not_found,UNKNOWN,False,UNKNOWN,,"Sentinel-2 observation available but obscured by cloud cover (best: 45.4%, threshold: 30.0%)"
988,Unknown / Insufficient Evidence,0.0,"Unknown / Insufficient Evidence
Supporting evidence:
- insufficient or conflicting physical & contextual evidence
- OSM industrial context is UNKNOWN
- land-cover context is UNKNOWN
- satellite observation unavailable/obscured",1,isolated,330.88,33.75,3.58,INSUFFICIENT_DATA,0.0,none,none,inf,not_found,UNKNOWN,False,UNKNOWN,,"Sentinel-2 observation available but obscured by cloud cover (best: 45.4%, threshold: 30.0%)"
989,Unknown / Insufficient Evidence,0.0,"Unknown / Insufficient Evidence
Supporting evidence:
- insufficient or conflicting physical & contextual evidence
- OSM industrial context is UNKNOWN
- land-cover context is UNKNOWN
- satellite observation unavailable/obscured",1,isolated,337.07,36.61,1.61,INSUFFICIENT_DATA,0.0,none,none,inf,not_found,UNKNOWN,False,UNKNOWN,,"Sentinel-2 observation available but obscured by cloud cover (best: 45.4%, threshold: 30.0%)"
990,Unknown / Insufficient Evidence,0.0,"Unknown / Insufficient Evidence
Supporting evidence:
- insufficient or conflicting physical & contextual evidence
- OSM industrial context is UNKNOWN
- land-cover context is UNKNOWN
- satellite observation unavailable/obscured",1,isolated,334.6,38.15,2.3,INSUFFICIENT_DATA,0.0,none,none,inf,not_found,UNKNOWN,False,UNKNOWN,,"Sentinel-2 observation available but obscured by cloud cover (best: 45.4%, threshold: 30.0%)"
991,Agricultural-context thermal event,0.55,"Agricultural-context thermal event
Supporting evidence:
- short-lived transient activity (active_days=1)
- moderate thermal power typical of crop burning (max_frp=9.6 MW)
- OSM industrial context is UNKNOWN
- land-cover context is UNKNOWN
- satellite observation unavailable/obscured",1,isolated,342.0,38.12,9.6,INSUFFICIENT_DATA,0.0,none,none,inf,not_found,UNKNOWN,False,UNKNOWN,,"Sentinel-2 observation available but obscured by cloud cover (best: 76.7%, threshold: 30.0%)"
992,Unknown / Insufficient Evidence,0.0,"Unknown / Insufficient Evidence
Supporting evidence:
- insufficient or conflicting physical & contextual evidence
- OSM industrial context is UNKNOWN
- land-cover context is UNKNOWN
- satellite observation unavailable/obscured",1,isolated,332.07,36.29,1.86,INSUFFICIENT_DATA,0.0,none,none,inf,not_found,UNKNOWN,False,UNKNOWN,,"Sentinel-2 observation available but obscured by cloud cover (best: 82.4%, threshold: 30.0%)"
993,Unknown / Insufficient Evidence,0.0,"Unknown / Insufficient Evidence
Supporting evidence:
- insufficient or conflicting physical & contextual evidence
- OSM industrial context is UNKNOWN
- land-cover context is UNKNOWN
- satellite observation unavailable/obscured",1,isolated,336.51,32.99,3.94,INSUFFICIENT_DATA,0.0,none,none,inf,not_found,UNKNOWN,False,UNKNOWN,,"Sentinel-2 observation available but obscured by cloud cover (best: 76.7%, threshold: 30.0%)"
994,Unknown / Insufficient Evidence,0.0,"Unknown / Insufficient Evidence
Supporting evidence:
- insufficient or conflicting physical & contextual evidence
- OSM industrial context is UNKNOWN
- land-cover context is UNKNOWN
- satellite observation unavailable/obscured",1,isolated,338.59,37.16,3.77,INSUFFICIENT_DATA,0.0,none,none,inf,not_found,UNKNOWN,False,UNKNOWN,,"Sentinel-2 observation available but obscured by cloud cover (best: 70.2%, threshold: 30.0%)"
995,Agricultural-context thermal event,0.55,"Agricultural-context thermal event
Supporting evidence:
- short-lived transient activity (active_days=1)
- moderate thermal power typical of crop burning (max_frp=7.1 MW)
- OSM industrial context is UNKNOWN
- land-cover context is UNKNOWN
- satellite observation unavailable/obscured",1,isolated,338.95,35.6,7.09,INSUFFICIENT_DATA,0.0,none,none,inf,not_found,UNKNOWN,False,UNKNOWN,,"Sentinel-2 observation available but obscured by cloud cover (best: 86.3%, threshold: 30.0%)"
996,Unknown / Insufficient Evidence,0.0,"Unknown / Insufficient Evidence
Supporting evidence:
- insufficient or conflicting physical & contextual evidence
- OSM industrial context is UNKNOWN
- land-cover context is UNKNOWN
- satellite observation unavailable/obscured",1,isolated,333.48,39.48,1.7,INSUFFICIENT_DATA,0.0,none,none,inf,not_found,UNKNOWN,False,UNKNOWN,,"Sentinel-2 observation available but obscured by cloud cover (best: 90.5%, threshold: 30.0%)"
997,Agricultural-context thermal event,0.55,"Agricultural-context thermal event
Supporting evidence:
- short-lived transient activity (active_days=1)
- moderate thermal power typical of crop burning (max_frp=6.1 MW)
- OSM industrial context is UNKNOWN
- land-cover context is UNKNOWN
- satellite observation unavailable/obscured",1,isolated,343.39,39.41,6.13,INSUFFICIENT_DATA,0.0,none,none,inf,not_found,UNKNOWN,False,UNKNOWN,,"Sentinel-2 observation available but obscured by cloud cover (best: 86.3%, threshold: 30.0%)"
998,Unknown / Insufficient Evidence,0.0,"Unknown / Insufficient Evidence
Supporting evidence:
- insufficient or conflicting physical & contextual evidence
- OSM industrial context is UNKNOWN
- land-cover context is UNKNOWN
- satellite observation unavailable/obscured",1,isolated,335.07,41.01,4.04,INSUFFICIENT_DATA,0.0,none,none,inf,not_found,UNKNOWN,False,UNKNOWN,,"Sentinel-2 observation available but obscured by cloud cover (best: 86.3%, threshold: 30.0%)"
999,Unknown / Insufficient Evidence,0.0,"Unknown / Insufficient Evidence
Supporting evidence:
- insufficient or conflicting physical & contextual evidence
- OSM industrial context is UNKNOWN
- land-cover context is UNKNOWN
- satellite observation unavailable/obscured",1,isolated,335.23,41.15,4.37,INSUFFICIENT_DATA,0.0,none,none,inf,not_found,UNKNOWN,False,UNKNOWN,,"Sentinel-2 observation available but obscured by cloud cover (best: 86.3%, threshold: 30.0%)"
1000,Agricultural-context thermal event,0.55,"Agricultural-context thermal event
Supporting evidence:
- short-lived transient activity (active_days=1)
- moderate thermal power typical of crop burning (max_frp=5.3 MW)
- OSM industrial context is UNKNOWN
- land-cover context is UNKNOWN
- satellite observation unavailable/obscured",1,isolated,333.76,42.47,5.26,INSUFFICIENT_DATA,0.0,none,none,inf,not_found,UNKNOWN,False,UNKNOWN,,"Sentinel-2 observation available but obscured by cloud cover (best: 99.5%, threshold: 30.0%)"
1001,Agricultural-context thermal event,0.55,"Agricultural-context thermal event
Supporting evidence:
- short-lived transient activity (active_days=1)
- moderate thermal power typical of crop burning (max_frp=6.8 MW)
- OSM industrial context is UNKNOWN
- land-cover context is UNKNOWN
- satellite observation unavailable/obscured",1,isolated,343.53,46.53,6.83,INSUFFICIENT_DATA,0.0,none,none,inf,not_found,UNKNOWN,False,UNKNOWN,,"Sentinel-2 observation available but obscured by cloud cover (best: 90.3%, threshold: 30.0%)"
1002,Unknown / Insufficient Evidence,0.0,"Unknown / Insufficient Evidence
Supporting evidence:
- insufficient or conflicting physical & contextual evidence
- OSM industrial context is UNKNOWN
- land-cover context is UNKNOWN
- satellite observation unavailable/obscured",1,isolated,330.52,47.95,3.9,INSUFFICIENT_DATA,0.0,none,none,inf,not_found,UNKNOWN,False,UNKNOWN,,"Sentinel-2 observation available but obscured by cloud cover (best: 69.2%, threshold: 30.0%)"
1003,Agricultural-context thermal event,0.55,"Agricultural-context thermal event
Supporting evidence:
- short-lived transient activity (active_days=1)
- moderate thermal power typical of crop burning (max_frp=7.3 MW)
- OSM industrial context is UNKNOWN
- land-cover context is UNKNOWN
- satellite observation unavailable/obscured",1,isolated,341.1,53.23,7.28,INSUFFICIENT_DATA,0.0,none,none,inf,not_found,UNKNOWN,False,UNKNOWN,,"Sentinel-2 observation available but obscured by cloud cover (best: 69.2%, threshold: 30.0%)"
1004,Unknown / Insufficient Evidence,0.0,"Unknown / Insufficient Evidence
Supporting evidence:
- insufficient or conflicting physical & contextual evidence
- OSM industrial context is UNKNOWN
- land-cover context is UNKNOWN
- satellite observation unavailable/obscured",1,isolated,339.53,45.7,3.76,INSUFFICIENT_DATA,0.0,none,none,inf,not_found,UNKNOWN,False,UNKNOWN,,"Sentinel-2 observation available but obscured by cloud cover (best: 69.2%, threshold: 30.0%)"
1005,Agricultural-context thermal event,0.55,"Agricultural-context thermal event
Supporting evidence:
- short-lived transient activity (active_days=1)
- moderate thermal power typical of crop burning (max_frp=12.4 MW)
- OSM industrial context is UNKNOWN
- land-cover context is UNKNOWN
- satellite observation unavailable/obscured",1,isolated,346.03,48.39,12.42,INSUFFICIENT_DATA,0.0,none,none,inf,not_found,UNKNOWN,False,UNKNOWN,,"Sentinel-2 observation available but obscured by cloud cover (best: 47.7%, threshold: 30.0%)"
1006,Unknown / Insufficient Evidence,0.0,"Unknown / Insufficient Evidence
Supporting evidence:
- insufficient or conflicting physical & contextual evidence
- OSM industrial context is UNKNOWN
- land-cover context is UNKNOWN
- satellite observation unavailable/obscured",1,isolated,337.62,51.43,4.01,INSUFFICIENT_DATA,0.0,none,none,inf,not_found,UNKNOWN,False,UNKNOWN,,"Sentinel-2 observation available but obscured by cloud cover (best: 89.9%, threshold: 30.0%)"
1007,Unknown / Insufficient Evidence,0.0,"Unknown / Insufficient Evidence
Supporting evidence:
- insufficient or conflicting physical & contextual evidence
- OSM industrial context is UNKNOWN
- land-cover context is UNKNOWN
- satellite observation unavailable/obscured",1,isolated,333.71,38.47,4.7,INSUFFICIENT_DATA,0.0,none,none,inf,not_found,UNKNOWN,False,UNKNOWN,,"Sentinel-2 observation available but obscured by cloud cover (best: 60.8%, threshold: 30.0%)"
1008,Agricultural-context thermal event,0.55,"Agricultural-context thermal event
Supporting evidence:
- short-lived transient activity (active_days=1)
- moderate thermal power typical of crop burning (max_frp=6.7 MW)
- OSM industrial context is UNKNOWN
- land-cover context is UNKNOWN
- satellite observation unavailable/obscured",1,isolated,342.22,48.2,6.66,INSUFFICIENT_DATA,0.0,none,none,inf,not_found,UNKNOWN,False,UNKNOWN,,"Sentinel-2 observation available but obscured by cloud cover (best: 73.0%, threshold: 30.0%)"
1009,Agricultural-context thermal event,0.55,"Agricultural-context thermal event
Supporting evidence:
- short-lived transient activity (active_days=1)
- moderate thermal power typical of crop burning (max_frp=14.9 MW)
- OSM industrial context is UNKNOWN
- land-cover context is UNKNOWN",1,isolated,339.94,28.67,14.87,INSUFFICIENT_DATA,0.0,none,none,inf,not_found,UNKNOWN,True,SeaLake,0.8781,Satellite CNN prediction: SeaLake (confidence: 0.88)
1010,Unknown / Insufficient Evidence,0.0,"Unknown / Insufficient Evidence
Supporting evidence:
- insufficient or conflicting physical & contextual evidence
- OSM industrial context is UNKNOWN
- land-cover context is UNKNOWN",1,isolated,334.1,26.15,3.37,INSUFFICIENT_DATA,0.0,none,none,inf,not_found,UNKNOWN,True,SeaLake,0.8314,Satellite CNN prediction: SeaLake (confidence: 0.83)
1011,Agricultural-context thermal event,0.55,"Agricultural-context thermal event
Supporting evidence:
- short-lived transient activity (active_days=1)
- moderate thermal power typical of crop burning (max_frp=8.9 MW)
- OSM industrial context is UNKNOWN
- land-cover context is UNKNOWN",1,isolated,338.98,28.94,8.91,INSUFFICIENT_DATA,0.0,none,none,inf,not_found,UNKNOWN,True,Forest,0.696,Satellite CNN prediction: Forest (confidence: 0.70)
1012,Unknown / Insufficient Evidence,0.0,"Unknown / Insufficient Evidence
Supporting evidence:
- insufficient or conflicting physical & contextual evidence
- land-cover context is UNKNOWN
- satellite observation unavailable/obscured",1,isolated,335.69,27.82,3.22,INSUFFICIENT_DATA,0.0,industrial,none,1.699,found,UNKNOWN,False,UNKNOWN,,"Sentinel-2 observation available but obscured by cloud cover (best: 45.2%, threshold: 30.0%)"
1013,Unknown / Insufficient Evidence,0.0,"Unknown / Insufficient Evidence
Supporting evidence:
- insufficient or conflicting physical & contextual evidence
- OSM industrial context is UNKNOWN
- land-cover context is UNKNOWN",1,isolated,339.91,30.13,2.07,INSUFFICIENT_DATA,0.0,none,none,inf,not_found,UNKNOWN,True,Forest,0.6732,Satellite CNN prediction: Forest (confidence: 0.67)
1014,Unknown / Insufficient Evidence,0.0,"Unknown / Insufficient Evidence
Supporting evidence:
- insufficient or conflicting physical & contextual evidence
- OSM industrial context is UNKNOWN
- land-cover context is UNKNOWN
- satellite observation unavailable/obscured",1,isolated,337.3,30.83,2.98,INSUFFICIENT_DATA,0.0,none,none,inf,not_found,UNKNOWN,False,UNKNOWN,,"Sentinel-2 observation available but obscured by cloud cover (best: 45.2%, threshold: 30.0%)"
1015,Agricultural-context thermal event,0.55,"Agricultural-context thermal event
Supporting evidence:
- short-lived transient activity (active_days=1)
- moderate thermal power typical of crop burning (max_frp=6.1 MW)
- OSM industrial context is UNKNOWN
- land-cover context is UNKNOWN",1,isolated,336.8,30.76,6.09,INSUFFICIENT_DATA,0.0,none,none,inf,not_found,UNKNOWN,True,SeaLake,0.509,Satellite CNN prediction: SeaLake (confidence: 0.51)
1016,Unknown / Insufficient Evidence,0.0,"Unknown / Insufficient Evidence
Supporting evidence:
- insufficient or conflicting physical & contextual evidence
- land-cover context is UNKNOWN
- satellite observation unavailable/obscured",1,isolated,339.88,31.19,3.06,INSUFFICIENT_DATA,0.0,plant,none,1.273,found,UNKNOWN,False,UNKNOWN,,"Sentinel-2 observation available but obscured by cloud cover (best: 45.2%, threshold: 30.0%)"
1017,Unknown / Insufficient Evidence,0.0,"Unknown / Insufficient Evidence
Supporting evidence:
- insufficient or conflicting physical & contextual evidence
- OSM industrial context is UNKNOWN
- land-cover context is UNKNOWN
- satellite observation unavailable/obscured",1,isolated,336.85,30.34,2.49,INSUFFICIENT_DATA,0.0,none,none,inf,not_found,UNKNOWN,False,UNKNOWN,,"Sentinel-2 observation available but obscured by cloud cover (best: 45.2%, threshold: 30.0%)"
1018,Agricultural-context thermal event,0.55,"Agricultural-context thermal event
Supporting evidence:
- short-lived transient activity (active_days=1)
- moderate thermal power typical of crop burning (max_frp=10.2 MW)
- OSM industrial context is UNKNOWN
- land-cover context is UNKNOWN",1,isolated,337.96,34.17,10.25,INSUFFICIENT_DATA,0.0,none,none,inf,not_found,UNKNOWN,True,SeaLake,0.9823,Satellite CNN prediction: SeaLake (confidence: 0.98)
1019,Unknown / Insufficient Evidence,0.0,"Unknown / Insufficient Evidence
Supporting evidence:
- insufficient or conflicting physical & contextual evidence
- OSM industrial context is UNKNOWN
- land-cover context is UNKNOWN",1,isolated,338.38,33.65,4.59,INSUFFICIENT_DATA,0.0,none,none,inf,not_found,UNKNOWN,True,Forest,0.4954,Satellite CNN prediction: Forest (confidence: 0.50)
1020,Agricultural-context thermal event,0.55,"Agricultural-context thermal event
Supporting evidence:
- short-lived transient activity (active_days=1)
- moderate thermal power typical of crop burning (max_frp=5.6 MW)
- OSM industrial context is UNKNOWN
- land-cover context is UNKNOWN
- satellite observation unavailable/obscured",1,isolated,339.11,29.35,5.64,INSUFFICIENT_DATA,0.0,none,none,inf,not_found,UNKNOWN,False,UNKNOWN,,"Sentinel-2 observation available but obscured by cloud cover (best: 54.9%, threshold: 30.0%)"
1021,Industrial-context thermal event,0.45,"Industrial-context thermal event
Supporting evidence:
- high spectral brightness temperature contrast (bt_diff=32.7 K)
- industrial facility detected nearby (plant at 0.23 km)
- land-cover context is UNKNOWN
- satellite observation unavailable/obscured",1,isolated,345.42,32.72,20.06,INSUFFICIENT_DATA,0.0,plant,none,0.228,found,UNKNOWN,False,UNKNOWN,,"Sentinel-2 observation available but obscured by cloud cover (best: 30.1%, threshold: 30.0%)"
1022,Unknown / Insufficient Evidence,0.0,"Unknown / Insufficient Evidence
Supporting evidence:
- insufficient or conflicting physical & contextual evidence
- OSM industrial context is UNKNOWN
- land-cover context is UNKNOWN
- satellite observation unavailable/obscured",1,isolated,334.97,27.29,3.29,INSUFFICIENT_DATA,0.0,none,none,inf,not_found,UNKNOWN,False,UNKNOWN,,"Sentinel-2 observation available but obscured by cloud cover (best: 54.9%, threshold: 30.0%)"
1023,Industrial-context thermal event,0.45,"Industrial-context thermal event
Supporting evidence:
- high spectral brightness temperature contrast (bt_diff=45.4 K)
- industrial facility detected nearby (plant at 0.09 km)
- land-cover context is UNKNOWN
- satellite observation unavailable/obscured",1,isolated,355.27,45.37,5.78,INSUFFICIENT_DATA,0.0,plant,Tiruchuli,0.085,found,UNKNOWN,False,UNKNOWN,,"Sentinel-2 observation available but obscured by cloud cover (best: 30.1%, threshold: 30.0%)"
1024,Industrial-context thermal event,0.85,"Industrial-context thermal event
Supporting evidence:
- activity is recurring (active_days=2)
- activity is spatially stationary (displacement=0.10 km)
- high spectral brightness temperature contrast (bt_diff=38.8 K)
- industrial facility detected nearby (plant at 0.69 km)
- land-cover context is UNKNOWN",2,short_lived_repeated,346.04,38.79,8.2,STATIONARY,0.1,plant,Narikudi,0.689,found,UNKNOWN,True,SeaLake,0.6378,Satellite CNN prediction: SeaLake (confidence: 0.64)
1025,Unknown / Insufficient Evidence,0.0,"Unknown / Insufficient Evidence
Supporting evidence:
- insufficient or conflicting physical & contextual evidence
- OSM industrial context is UNKNOWN
- land-cover context is UNKNOWN",1,isolated,336.28,33.33,3.48,INSUFFICIENT_DATA,0.0,none,none,inf,not_found,UNKNOWN,True,SeaLake,0.9856,Satellite CNN prediction: SeaLake (confidence: 0.99)
1026,Industrial-context thermal event,0.45,"Industrial-context thermal event
Supporting evidence:
- high spectral brightness temperature contrast (bt_diff=41.4 K)
- industrial facility detected nearby (plant at 0.46 km)
- land-cover context is UNKNOWN
- satellite observation unavailable/obscured",1,isolated,345.34,41.43,3.75,INSUFFICIENT_DATA,0.0,plant,none,0.459,found,UNKNOWN,False,UNKNOWN,,"Sentinel-2 observation available but obscured by cloud cover (best: 67.6%, threshold: 30.0%)"
1027,Unknown / Insufficient Evidence,0.0,"Unknown / Insufficient Evidence
Supporting evidence:
- insufficient or conflicting physical & contextual evidence
- OSM industrial context is UNKNOWN
- land-cover context is UNKNOWN
- satellite observation unavailable/obscured",1,isolated,334.38,31.6,2.89,INSUFFICIENT_DATA,0.0,none,none,inf,not_found,UNKNOWN,False,UNKNOWN,,"Sentinel-2 observation available but obscured by cloud cover (best: 82.4%, threshold: 30.0%)"
1028,Unknown / Insufficient Evidence,0.0,"Unknown / Insufficient Evidence
Supporting evidence:
- insufficient or conflicting physical & contextual evidence
- OSM industrial context is UNKNOWN
- land-cover context is UNKNOWN
- satellite observation unavailable/obscured",1,isolated,337.5,36.46,1.42,INSUFFICIENT_DATA,0.0,none,none,inf,not_found,UNKNOWN,False,UNKNOWN,,"Sentinel-2 observation available but obscured by cloud cover (best: 45.4%, threshold: 30.0%)"
1029,Agricultural-context thermal event,0.55,"Agricultural-context thermal event
Supporting evidence:
- short-lived transient activity (active_days=1)
- moderate thermal power typical of crop burning (max_frp=5.2 MW)
- OSM industrial context is UNKNOWN
- land-cover context is UNKNOWN
- satellite observation unavailable/obscured",1,isolated,339.1,31.61,5.2,INSUFFICIENT_DATA,0.0,none,none,inf,not_found,UNKNOWN,False,UNKNOWN,,"Sentinel-2 observation available but obscured by cloud cover (best: 82.4%, threshold: 30.0%)"
1030,Unknown / Insufficient Evidence,0.0,"Unknown / Insufficient Evidence
Supporting evidence:
- insufficient or conflicting physical & contextual evidence
- OSM industrial context is UNKNOWN
- land-cover context is UNKNOWN
- satellite observation unavailable/obscured",1,isolated,337.66,33.08,4.38,INSUFFICIENT_DATA,0.0,none,none,inf,not_found,UNKNOWN,False,UNKNOWN,,"Sentinel-2 observation available but obscured by cloud cover (best: 45.4%, threshold: 30.0%)"
1031,Industrial-context thermal event,0.45,"Industrial-context thermal event
Supporting evidence:
- high spectral brightness temperature contrast (bt_diff=37.9 K)
- industrial facility detected nearby (plant at 0.30 km)
- land-cover context is UNKNOWN
- satellite observation unavailable/obscured",1,isolated,343.44,37.92,11.17,INSUFFICIENT_DATA,0.0,plant,none,0.302,found,UNKNOWN,False,UNKNOWN,,"Sentinel-2 observation available but obscured by cloud cover (best: 92.6%, threshold: 30.0%)"
1032,Unknown / Insufficient Evidence,0.0,"Unknown / Insufficient Evidence
Supporting evidence:
- insufficient or conflicting physical & contextual evidence
- OSM industrial context is UNKNOWN
- land-cover context is UNKNOWN
- satellite observation unavailable/obscured",1,isolated,335.82,33.4,3.8,INSUFFICIENT_DATA,0.0,none,none,inf,not_found,UNKNOWN,False,UNKNOWN,,"Sentinel-2 observation available but obscured by cloud cover (best: 67.6%, threshold: 30.0%)"
1033,Agricultural-context thermal event,0.55,"Agricultural-context thermal event
Supporting evidence:
- short-lived transient activity (active_days=1)
- moderate thermal power typical of crop burning (max_frp=7.0 MW)
- OSM industrial context is UNKNOWN
- land-cover context is UNKNOWN
- satellite observation unavailable/obscured",1,isolated,337.46,28.51,6.96,INSUFFICIENT_DATA,0.0,none,none,inf,not_found,UNKNOWN,False,UNKNOWN,,"Sentinel-2 observation available but obscured by cloud cover (best: 82.4%, threshold: 30.0%)"
1034,Agricultural-context thermal event,0.55,"Agricultural-context thermal event
Supporting evidence:
- short-lived transient activity (active_days=1)
- moderate thermal power typical of crop burning (max_frp=5.1 MW)
- OSM industrial context is UNKNOWN
- land-cover context is UNKNOWN
- satellite observation unavailable/obscured",1,isolated,336.57,31.37,5.11,INSUFFICIENT_DATA,0.0,none,none,inf,not_found,UNKNOWN,False,UNKNOWN,,"Sentinel-2 observation available but obscured by cloud cover (best: 45.4%, threshold: 30.0%)"
1035,Unknown / Insufficient Evidence,0.0,"Unknown / Insufficient Evidence
Supporting evidence:
- insufficient or conflicting physical & contextual evidence
- OSM industrial context is UNKNOWN
- land-cover context is UNKNOWN
- satellite observation unavailable/obscured",1,isolated,337.6,35.23,4.35,INSUFFICIENT_DATA,0.0,none,none,inf,not_found,UNKNOWN,False,UNKNOWN,,"Sentinel-2 observation available but obscured by cloud cover (best: 76.7%, threshold: 30.0%)"
1036,Agricultural-context thermal event,0.55,"Agricultural-context thermal event
Supporting evidence:
- short-lived transient activity (active_days=1)
- moderate thermal power typical of crop burning (max_frp=8.8 MW)
- OSM industrial context is UNKNOWN
- land-cover context is UNKNOWN
- satellite observation unavailable/obscured",1,isolated,345.72,39.16,8.8,INSUFFICIENT_DATA,0.0,none,none,inf,not_found,UNKNOWN,False,UNKNOWN,,"Sentinel-2 observation available but obscured by cloud cover (best: 92.6%, threshold: 30.0%)"
1037,Agricultural-context thermal event,0.55,"Agricultural-context thermal event
Supporting evidence:
- short-lived transient activity (active_days=1)
- moderate thermal power typical of crop burning (max_frp=9.7 MW)
- OSM industrial context is UNKNOWN
- land-cover context is UNKNOWN
- satellite observation unavailable/obscured",1,isolated,339.79,36.61,9.65,INSUFFICIENT_DATA,0.0,none,none,inf,not_found,UNKNOWN,False,UNKNOWN,,"Sentinel-2 observation available but obscured by cloud cover (best: 76.7%, threshold: 30.0%)"
1038,Agricultural-context thermal event,0.55,"Agricultural-context thermal event
Supporting evidence:
- short-lived transient activity (active_days=1)
- moderate thermal power typical of crop burning (max_frp=7.3 MW)
- OSM industrial context is UNKNOWN
- land-cover context is UNKNOWN
- satellite observation unavailable/obscured",1,isolated,339.14,35.98,7.34,INSUFFICIENT_DATA,0.0,none,none,inf,not_found,UNKNOWN,False,UNKNOWN,,"Sentinel-2 observation available but obscured by cloud cover (best: 67.6%, threshold: 30.0%)"
1039,Agricultural-context thermal event,0.55,"Agricultural-context thermal event
Supporting evidence:
- short-lived transient activity (active_days=1)
- moderate thermal power typical of crop burning (max_frp=16.8 MW)
- OSM industrial context is UNKNOWN
- land-cover context is UNKNOWN
- satellite observation unavailable/obscured",1,isolated,347.67,43.06,16.8,INSUFFICIENT_DATA,0.0,none,none,inf,not_found,UNKNOWN,False,UNKNOWN,,"Sentinel-2 observation available but obscured by cloud cover (best: 73.3%, threshold: 30.0%)"
1040,Agricultural-context thermal event,0.55,"Agricultural-context thermal event
Supporting evidence:
- short-lived transient activity (active_days=1)
- moderate thermal power typical of crop burning (max_frp=12.0 MW)
- OSM industrial context is UNKNOWN
- land-cover context is UNKNOWN
- satellite observation unavailable/obscured",1,isolated,339.71,34.28,12.0,INSUFFICIENT_DATA,0.0,none,none,inf,not_found,UNKNOWN,False,UNKNOWN,,"Sentinel-2 observation available but obscured by cloud cover (best: 45.4%, threshold: 30.0%)"
1041,Unknown / Insufficient Evidence,0.0,"Unknown / Insufficient Evidence
Supporting evidence:
- insufficient or conflicting physical & contextual evidence
- OSM industrial context is UNKNOWN
- land-cover context is UNKNOWN
- satellite observation unavailable/obscured",1,isolated,337.91,35.93,3.94,INSUFFICIENT_DATA,0.0,none,none,inf,not_found,UNKNOWN,False,UNKNOWN,,"Sentinel-2 observation available but obscured by cloud cover (best: 73.3%, threshold: 30.0%)"
1042,Agricultural-context thermal event,0.55,"Agricultural-context thermal event
Supporting evidence:
- short-lived transient activity (active_days=1)
- moderate thermal power typical of crop burning (max_frp=7.6 MW)
- OSM industrial context is UNKNOWN
- land-cover context is UNKNOWN
- satellite observation unavailable/obscured",1,isolated,342.43,41.56,7.58,INSUFFICIENT_DATA,0.0,none,none,inf,not_found,UNKNOWN,False,UNKNOWN,,"Sentinel-2 observation available but obscured by cloud cover (best: 86.3%, threshold: 30.0%)"
1043,Agricultural-context thermal event,0.55,"Agricultural-context thermal event
Supporting evidence:
- short-lived transient activity (active_days=1)
- moderate thermal power typical of crop burning (max_frp=5.1 MW)
- OSM industrial context is UNKNOWN
- land-cover context is UNKNOWN
- satellite observation unavailable/obscured",1,isolated,338.42,35.31,5.07,INSUFFICIENT_DATA,0.0,none,none,inf,not_found,UNKNOWN,False,UNKNOWN,,"Sentinel-2 observation available but obscured by cloud cover (best: 86.3%, threshold: 30.0%)"
1044,Unknown / Insufficient Evidence,0.0,"Unknown / Insufficient Evidence
Supporting evidence:
- insufficient or conflicting physical & contextual evidence
- OSM industrial context is UNKNOWN
- land-cover context is UNKNOWN
- satellite observation unavailable/obscured",1,isolated,334.94,35.07,4.0,INSUFFICIENT_DATA,0.0,none,none,inf,not_found,UNKNOWN,False,UNKNOWN,,"Sentinel-2 observation available but obscured by cloud cover (best: 73.3%, threshold: 30.0%)"
1045,Agricultural-context thermal event,0.55,"Agricultural-context thermal event
Supporting evidence:
- short-lived transient activity (active_days=1)
- moderate thermal power typical of crop burning (max_frp=6.2 MW)
- OSM industrial context is UNKNOWN
- land-cover context is UNKNOWN
- satellite observation unavailable/obscured",1,isolated,339.64,40.19,6.18,INSUFFICIENT_DATA,0.0,none,none,inf,not_found,UNKNOWN,False,UNKNOWN,,"Sentinel-2 observation available but obscured by cloud cover (best: 89.2%, threshold: 30.0%)"
1046,Agricultural-context thermal event,0.55,"Agricultural-context thermal event
Supporting evidence:
- short-lived transient activity (active_days=2)
- moderate thermal power typical of crop burning (max_frp=8.4 MW)
- OSM industrial context is UNKNOWN
- land-cover context is UNKNOWN
- satellite observation unavailable/obscured",2,short_lived_repeated,347.55,44.66,8.44,MOVING,0.53,none,none,inf,not_found,UNKNOWN,False,UNKNOWN,,"Sentinel-2 observation available but obscured by cloud cover (best: 86.3%, threshold: 30.0%)"
1047,Agricultural-context thermal event,0.4,"Agricultural-context thermal event
Supporting evidence:
- short-lived transient activity (active_days=2)
- moderate thermal power typical of crop burning (max_frp=11.4 MW)
- land-cover context is UNKNOWN
- satellite observation unavailable/obscured",2,short_lived_repeated,341.71,32.38,11.37,MOVING,0.514,plant,Kottathur,0.086,found,UNKNOWN,False,UNKNOWN,,"Sentinel-2 observation available but obscured by cloud cover (best: 86.3%, threshold: 30.0%)"
1048,Unknown / Insufficient Evidence,0.0,"Unknown / Insufficient Evidence
Supporting evidence:
- insufficient or conflicting physical & contextual evidence
- OSM industrial context is UNKNOWN
- land-cover context is UNKNOWN
- satellite observation unavailable/obscured",1,isolated,331.52,34.79,3.13,INSUFFICIENT_DATA,0.0,none,none,inf,not_found,UNKNOWN,False,UNKNOWN,,"Sentinel-2 observation available but obscured by cloud cover (best: 73.3%, threshold: 30.0%)"
1049,Agricultural-context thermal event,0.55,"Agricultural-context thermal event
Supporting evidence:
- short-lived transient activity (active_days=1)
- moderate thermal power typical of crop burning (max_frp=13.4 MW)
- OSM industrial context is UNKNOWN
- land-cover context is UNKNOWN
- satellite observation unavailable/obscured",1,isolated,342.98,36.88,13.42,INSUFFICIENT_DATA,0.0,none,none,inf,not_found,UNKNOWN,False,UNKNOWN,,"Sentinel-2 observation available but obscured by cloud cover (best: 86.3%, threshold: 30.0%)"
1050,Agricultural-context thermal event,0.55,"Agricultural-context thermal event
Supporting evidence:
- short-lived transient activity (active_days=1)
- moderate thermal power typical of crop burning (max_frp=8.7 MW)
- OSM industrial context is UNKNOWN
- land-cover context is UNKNOWN
- satellite observation unavailable/obscured",1,isolated,340.72,37.53,8.73,INSUFFICIENT_DATA,0.0,none,none,inf,not_found,UNKNOWN,False,UNKNOWN,,"Sentinel-2 observation available but obscured by cloud cover (best: 70.2%, threshold: 30.0%)"
1051,Unknown / Insufficient Evidence,0.0,"Unknown / Insufficient Evidence
Supporting evidence:
- insufficient or conflicting physical & contextual evidence
- OSM industrial context is UNKNOWN
- land-cover context is UNKNOWN
- satellite observation unavailable/obscured",1,isolated,333.17,34.14,3.69,INSUFFICIENT_DATA,0.0,none,none,inf,not_found,UNKNOWN,False,UNKNOWN,,"Sentinel-2 observation available but obscured by cloud cover (best: 73.3%, threshold: 30.0%)"
1052,Unknown / Insufficient Evidence,0.0,"Unknown / Insufficient Evidence
Supporting evidence:
- insufficient or conflicting physical & contextual evidence
- OSM industrial context is UNKNOWN
- land-cover context is UNKNOWN
- satellite observation unavailable/obscured",1,isolated,336.52,34.65,2.9,INSUFFICIENT_DATA,0.0,none,none,inf,not_found,UNKNOWN,False,UNKNOWN,,"Sentinel-2 observation available but obscured by cloud cover (best: 86.3%, threshold: 30.0%)"
1053,Unknown / Insufficient Evidence,0.0,"Unknown / Insufficient Evidence
Supporting evidence:
- insufficient or conflicting physical & contextual evidence
- OSM industrial context is UNKNOWN
- land-cover context is UNKNOWN
- satellite observation unavailable/obscured",1,isolated,330.36,30.4,2.0,INSUFFICIENT_DATA,0.0,none,none,inf,not_found,UNKNOWN,False,UNKNOWN,,"Sentinel-2 observation available but obscured by cloud cover (best: 86.3%, threshold: 30.0%)"
1054,Unknown / Insufficient Evidence,0.0,"Unknown / Insufficient Evidence
Supporting evidence:
- insufficient or conflicting physical & contextual evidence
- OSM industrial context is UNKNOWN
- land-cover context is UNKNOWN
- satellite observation unavailable/obscured",1,isolated,339.28,44.46,46.2,INSUFFICIENT_DATA,0.0,none,none,inf,not_found,UNKNOWN,False,UNKNOWN,,"Sentinel-2 observation available but obscured by cloud cover (best: 86.3%, threshold: 30.0%)"
1055,Unknown / Insufficient Evidence,0.0,"Unknown / Insufficient Evidence
Supporting evidence:
- insufficient or conflicting physical & contextual evidence
- OSM industrial context is UNKNOWN
- land-cover context is UNKNOWN
- satellite observation unavailable/obscured",1,isolated,335.6,43.37,3.63,INSUFFICIENT_DATA,0.0,none,none,inf,not_found,UNKNOWN,False,UNKNOWN,,"Sentinel-2 observation available but obscured by cloud cover (best: 94.8%, threshold: 30.0%)"
1056,Agricultural-context thermal event,0.55,"Agricultural-context thermal event
Supporting evidence:
- short-lived transient activity (active_days=1)
- moderate thermal power typical of crop burning (max_frp=15.3 MW)
- OSM industrial context is UNKNOWN
- land-cover context is UNKNOWN
- satellite observation unavailable/obscured",1,isolated,342.68,45.45,15.32,INSUFFICIENT_DATA,0.0,none,none,inf,not_found,UNKNOWN,False,UNKNOWN,,"Sentinel-2 observation available but obscured by cloud cover (best: 94.8%, threshold: 30.0%)"
1057,Agricultural-context thermal event,0.55,"Agricultural-context thermal event
Supporting evidence:
- short-lived transient activity (active_days=1)
- moderate thermal power typical of crop burning (max_frp=6.8 MW)
- OSM industrial context is UNKNOWN
- land-cover context is UNKNOWN
- satellite observation unavailable/obscured",1,isolated,333.62,39.98,6.83,INSUFFICIENT_DATA,0.0,none,none,inf,not_found,UNKNOWN,False,UNKNOWN,,"Sentinel-2 observation available but obscured by cloud cover (best: 94.8%, threshold: 30.0%)"
1058,Unknown / Insufficient Evidence,0.0,"Unknown / Insufficient Evidence
Supporting evidence:
- insufficient or conflicting physical & contextual evidence
- OSM industrial context is UNKNOWN
- land-cover context is UNKNOWN
- satellite observation unavailable/obscured",1,isolated,333.1,35.88,2.57,INSUFFICIENT_DATA,0.0,none,none,inf,not_found,UNKNOWN,False,UNKNOWN,,"Sentinel-2 observation available but obscured by cloud cover (best: 90.3%, threshold: 30.0%)"
1059,Unknown / Insufficient Evidence,0.0,"Unknown / Insufficient Evidence
Supporting evidence:
- insufficient or conflicting physical & contextual evidence
- OSM industrial context is UNKNOWN
- land-cover context is UNKNOWN
- satellite observation unavailable/obscured",1,isolated,332.83,36.0,1.72,INSUFFICIENT_DATA,0.0,none,none,inf,not_found,UNKNOWN,False,UNKNOWN,,"Sentinel-2 observation available but obscured by cloud cover (best: 74.0%, threshold: 30.0%)"
1060,Unknown / Insufficient Evidence,0.0,"Unknown / Insufficient Evidence
Supporting evidence:
- insufficient or conflicting physical & contextual evidence
- OSM industrial context is UNKNOWN
- land-cover context is UNKNOWN
- satellite observation unavailable/obscured",1,isolated,334.66,37.87,3.38,INSUFFICIENT_DATA,0.0,none,none,inf,not_found,UNKNOWN,False,UNKNOWN,,"Sentinel-2 observation available but obscured by cloud cover (best: 74.0%, threshold: 30.0%)"
1061,Unknown / Insufficient Evidence,0.0,"Unknown / Insufficient Evidence
Supporting evidence:
- insufficient or conflicting physical & contextual evidence
- OSM industrial context is UNKNOWN
- land-cover context is UNKNOWN
- satellite observation unavailable/obscured",1,isolated,336.42,40.99,4.91,INSUFFICIENT_DATA,0.0,none,none,inf,not_found,UNKNOWN,False,UNKNOWN,,"Sentinel-2 observation available but obscured by cloud cover (best: 74.0%, threshold: 30.0%)"
1062,Unknown / Insufficient Evidence,0.0,"Unknown / Insufficient Evidence
Supporting evidence:
- insufficient or conflicting physical & contextual evidence
- OSM industrial context is UNKNOWN
- land-cover context is UNKNOWN
- satellite observation unavailable/obscured",1,isolated,334.04,37.31,3.01,INSUFFICIENT_DATA,0.0,none,none,inf,not_found,UNKNOWN,False,UNKNOWN,,"Sentinel-2 observation available but obscured by cloud cover (best: 96.5%, threshold: 30.0%)"
1063,Unknown / Insufficient Evidence,0.0,"Unknown / Insufficient Evidence
Supporting evidence:
- insufficient or conflicting physical & contextual evidence
- OSM industrial context is UNKNOWN
- land-cover context is UNKNOWN
- satellite observation unavailable/obscured",1,isolated,334.54,38.36,4.26,INSUFFICIENT_DATA,0.0,none,none,inf,not_found,UNKNOWN,False,UNKNOWN,,"Sentinel-2 observation available but obscured by cloud cover (best: 72.4%, threshold: 30.0%)"
1064,Unknown / Insufficient Evidence,0.0,"Unknown / Insufficient Evidence
Supporting evidence:
- insufficient or conflicting physical & contextual evidence
- OSM industrial context is UNKNOWN
- land-cover context is UNKNOWN
- satellite observation unavailable/obscured",1,isolated,336.3,36.85,3.37,INSUFFICIENT_DATA,0.0,none,none,inf,not_found,UNKNOWN,False,UNKNOWN,,"Sentinel-2 observation available but obscured by cloud cover (best: 85.5%, threshold: 30.0%)"
1065,Unknown / Insufficient Evidence,0.0,"Unknown / Insufficient Evidence
Supporting evidence:
- insufficient or conflicting physical & contextual evidence
- OSM industrial context is UNKNOWN
- land-cover context is UNKNOWN
- satellite observation unavailable/obscured",1,isolated,332.38,35.86,2.67,INSUFFICIENT_DATA,0.0,none,none,inf,not_found,UNKNOWN,False,UNKNOWN,,"Sentinel-2 observation available but obscured by cloud cover (best: 80.1%, threshold: 30.0%)"
1066,Unknown / Insufficient Evidence,0.0,"Unknown / Insufficient Evidence
Supporting evidence:
- insufficient or conflicting physical & contextual evidence
- OSM industrial context is UNKNOWN
- land-cover context is UNKNOWN
- satellite observation unavailable/obscured",1,isolated,330.75,34.36,3.56,INSUFFICIENT_DATA,0.0,none,none,inf,not_found,UNKNOWN,False,UNKNOWN,,"Sentinel-2 observation available but obscured by cloud cover (best: 89.9%, threshold: 30.0%)"
1067,Unknown / Insufficient Evidence,0.0,"Unknown / Insufficient Evidence
Supporting evidence:
- insufficient or conflicting physical & contextual evidence
- OSM industrial context is UNKNOWN
- land-cover context is UNKNOWN
- satellite observation unavailable/obscured",1,isolated,336.75,36.84,2.08,INSUFFICIENT_DATA,0.0,none,none,inf,not_found,UNKNOWN,False,UNKNOWN,,"Sentinel-2 observation available but obscured by cloud cover (best: 73.0%, threshold: 30.0%)"
1068,Industrial-context thermal event,0.45,"Industrial-context thermal event
Supporting evidence:
- high spectral brightness temperature contrast (bt_diff=44.5 K)
- industrial facility detected nearby (plant at 1.84 km)
- land-cover context is UNKNOWN
- satellite observation unavailable/obscured",1,isolated,344.31,44.53,5.29,INSUFFICIENT_DATA,0.0,plant,none,1.845,found,UNKNOWN,False,UNKNOWN,,"Sentinel-2 observation available but obscured by cloud cover (best: 61.6%, threshold: 30.0%)"
1069,Unknown / Insufficient Evidence,0.0,"Unknown / Insufficient Evidence
Supporting evidence:
- insufficient or conflicting physical & contextual evidence
- OSM industrial context is UNKNOWN
- land-cover context is UNKNOWN
- satellite observation unavailable/obscured",1,isolated,336.91,45.38,3.48,INSUFFICIENT_DATA,0.0,none,none,inf,not_found,UNKNOWN,False,UNKNOWN,,"Sentinel-2 observation available but obscured by cloud cover (best: 60.8%, threshold: 30.0%)"
1070,Agricultural-context thermal event,0.55,"Agricultural-context thermal event
Supporting evidence:
- short-lived transient activity (active_days=1)
- moderate thermal power typical of crop burning (max_frp=6.1 MW)
- OSM industrial context is UNKNOWN
- land-cover context is UNKNOWN
- satellite observation unavailable/obscured",1,isolated,342.89,42.33,6.07,INSUFFICIENT_DATA,0.0,none,none,inf,not_found,UNKNOWN,False,UNKNOWN,,"Sentinel-2 observation available but obscured by cloud cover (best: 89.9%, threshold: 30.0%)"
1071,Agricultural-context thermal event,0.55,"Agricultural-context thermal event
Supporting evidence:
- short-lived transient activity (active_days=1)
- moderate thermal power typical of crop burning (max_frp=7.3 MW)
- OSM industrial context is UNKNOWN
- land-cover context is UNKNOWN
- satellite observation unavailable/obscured",1,isolated,340.33,42.39,7.33,INSUFFICIENT_DATA,0.0,none,none,inf,not_found,UNKNOWN,False,UNKNOWN,,"Sentinel-2 observation available but obscured by cloud cover (best: 89.9%, threshold: 30.0%)"
1072,Unknown / Insufficient Evidence,0.0,"Unknown / Insufficient Evidence
Supporting evidence:
- insufficient or conflicting physical & contextual evidence
- OSM industrial context is UNKNOWN
- land-cover context is UNKNOWN
- satellite observation unavailable/obscured",1,isolated,330.19,47.95,3.58,INSUFFICIENT_DATA,0.0,none,none,inf,not_found,UNKNOWN,False,UNKNOWN,,"Sentinel-2 observation available but obscured by cloud cover (best: 80.4%, threshold: 30.0%)"
1073,Unknown / Insufficient Evidence,0.0,"Unknown / Insufficient Evidence
Supporting evidence:
- insufficient or conflicting physical & contextual evidence
- OSM industrial context is UNKNOWN
- land-cover context is UNKNOWN
- satellite observation unavailable/obscured",1,isolated,331.41,35.11,2.09,INSUFFICIENT_DATA,0.0,none,none,inf,not_found,UNKNOWN,False,UNKNOWN,,"Sentinel-2 observation available but obscured by cloud cover (best: 78.7%, threshold: 30.0%)"
1074,Unknown / Insufficient Evidence,0.0,"Unknown / Insufficient Evidence
Supporting evidence:
- insufficient or conflicting physical & contextual evidence
- OSM industrial context is UNKNOWN
- land-cover context is UNKNOWN
- satellite observation unavailable/obscured",1,isolated,333.29,34.42,3.92,INSUFFICIENT_DATA,0.0,none,none,inf,not_found,UNKNOWN,False,UNKNOWN,,"Sentinel-2 observation available but obscured by cloud cover (best: 74.1%, threshold: 30.0%)"
1075,Unknown / Insufficient Evidence,0.0,"Unknown / Insufficient Evidence
Supporting evidence:
- insufficient or conflicting physical & contextual evidence
- OSM industrial context is UNKNOWN
- land-cover context is UNKNOWN
- satellite observation unavailable/obscured",1,isolated,328.15,40.44,4.74,INSUFFICIENT_DATA,0.0,none,none,inf,not_found,UNKNOWN,False,UNKNOWN,,"Sentinel-2 observation available but obscured by cloud cover (best: 74.1%, threshold: 30.0%)"
1076,Industrial-context thermal event,0.8,"Industrial-context thermal event
Supporting evidence:
- activity is persistent (active_days=5)
- activity is spatially stationary (displacement=0.19 km)
- industrial facility detected nearby (industrial at 1.74 km)
- land-cover context is UNKNOWN",5,persistent,313.61,22.61,3.36,STATIONARY,0.189,industrial,none,1.735,found,UNKNOWN,True,AnnualCrop,0.9437,Satellite CNN prediction: AnnualCrop (confidence: 0.94)
1077,Unknown / Insufficient Evidence,0.0,"Unknown / Insufficient Evidence
Supporting evidence:
- insufficient or conflicting physical & contextual evidence
- OSM industrial context is UNKNOWN
- land-cover context is UNKNOWN",1,isolated,309.32,19.03,1.64,INSUFFICIENT_DATA,0.0,none,none,inf,not_found,UNKNOWN,True,SeaLake,0.7052,Satellite CNN prediction: SeaLake (confidence: 0.71)
1078,Unknown / Insufficient Evidence,0.0,"Unknown / Insufficient Evidence
Supporting evidence:
- insufficient or conflicting physical & contextual evidence
- land-cover context is UNKNOWN",1,isolated,306.82,16.14,0.58,INSUFFICIENT_DATA,0.0,plant,none,0.201,found,UNKNOWN,True,SeaLake,0.7934,Satellite CNN prediction: SeaLake (confidence: 0.79)
1079,Unknown / Insufficient Evidence,0.0,"Unknown / Insufficient Evidence
Supporting evidence:
- insufficient or conflicting physical & contextual evidence
- OSM industrial context is UNKNOWN
- land-cover context is UNKNOWN",1,isolated,305.31,17.16,1.69,INSUFFICIENT_DATA,0.0,none,none,inf,not_found,UNKNOWN,True,River,0.3725,Satellite CNN prediction: River (confidence: 0.37)
1080,Industrial-context thermal event,0.55,"Industrial-context thermal event
Supporting evidence:
- activity is persistent (active_days=4)
- activity is spatially stationary (displacement=0.32 km)
- OSM industrial context is UNKNOWN
- land-cover context is UNKNOWN",4,short_lived_repeated,311.22,21.26,2.89,STATIONARY,0.315,none,none,inf,not_found,UNKNOWN,True,SeaLake,0.573,Satellite CNN prediction: SeaLake (confidence: 0.57)
1081,Industrial-context thermal event,0.8,"Industrial-context thermal event
Supporting evidence:
- activity is persistent (active_days=4)
- activity is spatially stationary (displacement=0.14 km)
- industrial facility detected nearby (industrial at 0.43 km)
- land-cover context is UNKNOWN
- satellite observation unavailable/obscured",4,short_lived_repeated,311.58,21.02,2.1,STATIONARY,0.143,industrial,none,0.431,found,UNKNOWN,False,UNKNOWN,,"Sentinel-2 observation available but obscured by cloud cover (best: 39.7%, threshold: 30.0%)"
1082,Industrial-context thermal event,0.45,"Industrial-context thermal event
Supporting evidence:
- high spectral brightness temperature contrast (bt_diff=39.9 K)
- industrial facility detected nearby (industrial at 0.12 km)
- land-cover context is UNKNOWN
- satellite observation unavailable/obscured",1,isolated,331.65,39.88,6.28,INSUFFICIENT_DATA,0.0,industrial,none,0.121,found,UNKNOWN,False,UNKNOWN,,"Sentinel-2 observation available but obscured by cloud cover (best: 42.3%, threshold: 30.0%)"
1083,Unknown / Insufficient Evidence,0.0,"Unknown / Insufficient Evidence
Supporting evidence:
- insufficient or conflicting physical & contextual evidence
- land-cover context is UNKNOWN",1,isolated,309.32,17.69,2.47,INSUFFICIENT_DATA,0.0,industrial,none,0.785,found,UNKNOWN,True,SeaLake,0.4438,Satellite CNN prediction: SeaLake (confidence: 0.44)
1084,Unknown / Insufficient Evidence,0.0,"Unknown / Insufficient Evidence
Supporting evidence:
- insufficient or conflicting physical & contextual evidence
- land-cover context is UNKNOWN",1,isolated,308.89,26.76,2.04,INSUFFICIENT_DATA,0.0,industrial,none,1.775,found,UNKNOWN,True,SeaLake,0.999,Satellite CNN prediction: SeaLake (confidence: 1.00)
1085,Unknown / Insufficient Evidence,0.0,"Unknown / Insufficient Evidence
Supporting evidence:
- insufficient or conflicting physical & contextual evidence
- land-cover context is UNKNOWN",1,isolated,306.41,20.7,1.07,INSUFFICIENT_DATA,0.0,industrial,none,1.659,found,UNKNOWN,True,Highway,0.3203,Satellite CNN prediction: Highway (confidence: 0.32)
1086,Unknown / Insufficient Evidence,0.0,"Unknown / Insufficient Evidence
Supporting evidence:
- insufficient or conflicting physical & contextual evidence
- OSM industrial context is UNKNOWN
- land-cover context is UNKNOWN
- satellite observation unavailable/obscured",1,isolated,314.49,21.44,4.48,INSUFFICIENT_DATA,0.0,none,none,inf,not_found,UNKNOWN,False,UNKNOWN,,"Sentinel-2 observation available but obscured by cloud cover (best: 54.9%, threshold: 30.0%)"
1087,Unknown / Insufficient Evidence,0.0,"Unknown / Insufficient Evidence
Supporting evidence:
- insufficient or conflicting physical & contextual evidence
- OSM industrial context is UNKNOWN
- land-cover context is UNKNOWN
- satellite observation unavailable/obscured",1,isolated,322.7,32.61,3.84,INSUFFICIENT_DATA,0.0,none,none,inf,not_found,UNKNOWN,False,UNKNOWN,,"Sentinel-2 observation available but obscured by cloud cover (best: 76.7%, threshold: 30.0%)"
1088,Unknown / Insufficient Evidence,0.0,"Unknown / Insufficient Evidence
Supporting evidence:
- insufficient or conflicting physical & contextual evidence
- land-cover context is UNKNOWN
- satellite observation unavailable/obscured",1,isolated,303.89,14.61,1.33,INSUFFICIENT_DATA,0.0,industrial,none,1.424,found,UNKNOWN,False,UNKNOWN,,"Sentinel-2 observation available but obscured by cloud cover (best: 92.6%, threshold: 30.0%)"
1089,Unknown / Insufficient Evidence,0.0,"Unknown / Insufficient Evidence
Supporting evidence:
- insufficient or conflicting physical & contextual evidence
- land-cover context is UNKNOWN
- satellite observation unavailable/obscured",1,isolated,316.92,30.83,1.58,INSUFFICIENT_DATA,0.0,industrial,none,0.805,found,UNKNOWN,False,UNKNOWN,,"Sentinel-2 observation available but obscured by cloud cover (best: 70.2%, threshold: 30.0%)"
1090,Unknown / Insufficient Evidence,0.0,"Unknown / Insufficient Evidence
Supporting evidence:
- insufficient or conflicting physical & contextual evidence
- OSM industrial context is UNKNOWN
- land-cover context is UNKNOWN
- satellite observation unavailable/obscured",1,isolated,305.3,20.95,1.9,INSUFFICIENT_DATA,0.0,none,none,inf,not_found,UNKNOWN,False,UNKNOWN,,"Sentinel-2 observation available but obscured by cloud cover (best: 69.2%, threshold: 30.0%)"
1091,Industrial-context thermal event,0.4,"Industrial-context thermal event
Supporting evidence:
- activity is recurring (active_days=3)
- activity is spatially stationary (displacement=0.03 km)
- OSM industrial context is UNKNOWN
- land-cover context is UNKNOWN",3,short_lived_repeated,308.69,14.57,1.14,STATIONARY,0.029,none,none,inf,not_found,UNKNOWN,True,HerbaceousVegetation,0.9947,Satellite CNN prediction: HerbaceousVegetation (confidence: 0.99)
1092,Unknown / Insufficient Evidence,0.0,"Unknown / Insufficient Evidence
Supporting evidence:
- insufficient or conflicting physical & contextual evidence
- land-cover context is UNKNOWN",1,isolated,302.42,14.07,0.69,INSUFFICIENT_DATA,0.0,cement,none,0.525,found,UNKNOWN,True,SeaLake,0.9362,Satellite CNN prediction: SeaLake (confidence: 0.94)
1093,Unknown / Insufficient Evidence,0.0,"Unknown / Insufficient Evidence
Supporting evidence:
- insufficient or conflicting physical & contextual evidence
- OSM industrial context is UNKNOWN
- land-cover context is UNKNOWN",1,isolated,309.81,24.09,1.1,INSUFFICIENT_DATA,0.0,none,none,inf,not_found,UNKNOWN,True,HerbaceousVegetation,0.5748,Satellite CNN prediction: HerbaceousVegetation (confidence: 0.57)
1094,Industrial-context thermal event,0.55,"Industrial-context thermal event
Supporting evidence:
- activity is persistent (active_days=6)
- activity is spatially stationary (displacement=0.12 km)
- OSM industrial context is UNKNOWN
- land-cover context is UNKNOWN
- satellite observation unavailable/obscured",6,persistent,310.07,16.46,1.3,STATIONARY,0.117,none,none,inf,not_found,UNKNOWN,False,UNKNOWN,,"Sentinel-2 observation available but obscured by cloud cover (best: 55.7%, threshold: 30.0%)"
1095,Unknown / Insufficient Evidence,0.0,"Unknown / Insufficient Evidence
Supporting evidence:
- insufficient or conflicting physical & contextual evidence
- OSM industrial context is UNKNOWN
- land-cover context is UNKNOWN",1,isolated,332.09,42.48,4.27,INSUFFICIENT_DATA,0.0,none,none,inf,not_found,UNKNOWN,True,SeaLake,0.9504,Satellite CNN prediction: SeaLake (confidence: 0.95)
1096,Industrial-context thermal event,0.85,"Industrial-context thermal event
Supporting evidence:
- activity is recurring (active_days=2)
- activity is spatially stationary (displacement=0.46 km)
- high spectral brightness temperature contrast (bt_diff=46.3 K)
- industrial facility detected nearby (metal_processing at 1.19 km)
- land-cover context is UNKNOWN
- satellite observation unavailable/obscured",2,short_lived_repeated,342.63,46.29,11.08,STATIONARY,0.461,metal_processing,Tata Steel Meramandali,1.187,found,UNKNOWN,False,UNKNOWN,,"Sentinel-2 observation available but obscured by cloud cover (best: 91.4%, threshold: 30.0%)"
1097,Unknown / Insufficient Evidence,0.0,"Unknown / Insufficient Evidence
Supporting evidence:
- insufficient or conflicting physical & contextual evidence
- land-cover context is UNKNOWN
- satellite observation unavailable/obscured",8,persistent,339.31,42.07,8.62,MOVING,0.618,industrial,none,1.357,found,UNKNOWN,False,UNKNOWN,,"Sentinel-2 observation available but obscured by cloud cover (best: 58.4%, threshold: 30.0%)"
1098,Agricultural-context thermal event,0.4,"Agricultural-context thermal event
Supporting evidence:
- short-lived transient activity (active_days=1)
- moderate thermal power typical of crop burning (max_frp=9.2 MW)
- land-cover context is UNKNOWN",1,isolated,336.28,33.07,9.25,INSUFFICIENT_DATA,0.0,industrial,none,0.584,found,UNKNOWN,True,SeaLake,0.8299,Satellite CNN prediction: SeaLake (confidence: 0.83)
1099,Agricultural-context thermal event,0.55,"Agricultural-context thermal event
Supporting evidence:
- short-lived transient activity (active_days=2)
- moderate thermal power typical of crop burning (max_frp=8.6 MW)
- OSM industrial context is UNKNOWN
- land-cover context is UNKNOWN",2,short_lived_repeated,340.59,31.86,8.62,MOVING,0.505,none,none,inf,not_found,UNKNOWN,True,SeaLake,0.9155,Satellite CNN prediction: SeaLake (confidence: 0.92)
1100,Unknown / Insufficient Evidence,0.0,"Unknown / Insufficient Evidence
Supporting evidence:
- insufficient or conflicting physical & contextual evidence
- OSM industrial context is UNKNOWN
- land-cover context is UNKNOWN",1,isolated,337.2,35.05,4.57,INSUFFICIENT_DATA,0.0,none,none,inf,not_found,UNKNOWN,True,SeaLake,0.9448,Satellite CNN prediction: SeaLake (confidence: 0.94)
1101,Agricultural-context thermal event,0.55,"Agricultural-context thermal event
Supporting evidence:
- short-lived transient activity (active_days=1)
- moderate thermal power typical of crop burning (max_frp=14.7 MW)
- OSM industrial context is UNKNOWN
- land-cover context is UNKNOWN
- satellite observation unavailable/obscured",1,isolated,342.19,38.1,14.71,INSUFFICIENT_DATA,0.0,none,none,inf,not_found,UNKNOWN,False,UNKNOWN,,"Sentinel-2 observation available but obscured by cloud cover (best: 30.1%, threshold: 30.0%)"
1102,Agricultural-context thermal event,0.55,"Agricultural-context thermal event
Supporting evidence:
- short-lived transient activity (active_days=1)
- moderate thermal power typical of crop burning (max_frp=6.0 MW)
- OSM industrial context is UNKNOWN
- land-cover context is UNKNOWN
- satellite observation unavailable/obscured",1,isolated,331.84,35.72,5.99,INSUFFICIENT_DATA,0.0,none,none,inf,not_found,UNKNOWN,False,UNKNOWN,,"Sentinel-2 observation available but obscured by cloud cover (best: 80.8%, threshold: 30.0%)"
1103,Industrial-context thermal event,0.85,"Industrial-context thermal event
Supporting evidence:
- activity is recurring (active_days=3)
- activity is spatially stationary (displacement=0.40 km)
- high spectral brightness temperature contrast (bt_diff=50.1 K)
- industrial facility detected nearby (industrial at 0.43 km)
- land-cover context is UNKNOWN
- satellite observation unavailable/obscured",3,short_lived_repeated,341.73,50.06,7.16,STATIONARY,0.401,industrial,TATA Steel,0.431,found,UNKNOWN,False,UNKNOWN,,"Sentinel-2 observation available but obscured by cloud cover (best: 91.4%, threshold: 30.0%)"
1104,Agricultural-context thermal event,0.55,"Agricultural-context thermal event
Supporting evidence:
- short-lived transient activity (active_days=1)
- moderate thermal power typical of crop burning (max_frp=6.6 MW)
- OSM industrial context is UNKNOWN
- land-cover context is UNKNOWN",1,isolated,344.29,49.58,6.62,INSUFFICIENT_DATA,0.0,none,none,inf,not_found,UNKNOWN,True,SeaLake,0.9699,Satellite CNN prediction: SeaLake (confidence: 0.97)
1105,Industrial-context thermal event,1.0,"Industrial-context thermal event
Supporting evidence:
- activity is persistent (active_days=5)
- activity is spatially stationary (displacement=0.21 km)
- high spectral brightness temperature contrast (bt_diff=61.9 K)
- industrial facility detected nearby (plant at 1.82 km)
- land-cover context is UNKNOWN
- satellite observation unavailable/obscured",5,persistent,367.0,61.89,239.09,STATIONARY,0.207,plant,none,1.817,found,UNKNOWN,False,UNKNOWN,,"Sentinel-2 observation available but obscured by cloud cover (best: 45.2%, threshold: 30.0%)"
1106,Agricultural-context thermal event,0.55,"Agricultural-context thermal event
Supporting evidence:
- short-lived transient activity (active_days=1)
- moderate thermal power typical of crop burning (max_frp=5.9 MW)
- OSM industrial context is UNKNOWN
- land-cover context is UNKNOWN",1,isolated,341.98,56.0,5.93,INSUFFICIENT_DATA,0.0,none,none,inf,not_found,UNKNOWN,True,SeaLake,0.9966,Satellite CNN prediction: SeaLake (confidence: 1.00)
1107,Agricultural-context thermal event,0.55,"Agricultural-context thermal event
Supporting evidence:
- short-lived transient activity (active_days=1)
- moderate thermal power typical of crop burning (max_frp=5.4 MW)
- OSM industrial context is UNKNOWN
- land-cover context is UNKNOWN
- satellite observation unavailable/obscured",1,isolated,334.31,43.4,5.39,INSUFFICIENT_DATA,0.0,none,none,inf,not_found,UNKNOWN,False,UNKNOWN,,"Sentinel-2 observation available but obscured by cloud cover (best: 67.6%, threshold: 30.0%)"
1108,Unknown / Insufficient Evidence,0.0,"Unknown / Insufficient Evidence
Supporting evidence:
- insufficient or conflicting physical & contextual evidence
- OSM industrial context is UNKNOWN
- land-cover context is UNKNOWN
- satellite observation unavailable/obscured",1,isolated,330.44,38.09,1.95,INSUFFICIENT_DATA,0.0,none,none,inf,not_found,UNKNOWN,False,UNKNOWN,,"Sentinel-2 observation available but obscured by cloud cover (best: 86.3%, threshold: 30.0%)"
1109,Unknown / Insufficient Evidence,0.0,"Unknown / Insufficient Evidence
Supporting evidence:
- insufficient or conflicting physical & contextual evidence
- OSM industrial context is UNKNOWN
- land-cover context is UNKNOWN
- satellite observation unavailable/obscured",1,isolated,332.42,39.95,4.21,INSUFFICIENT_DATA,0.0,none,none,inf,not_found,UNKNOWN,False,UNKNOWN,,"Sentinel-2 observation available but obscured by cloud cover (best: 86.3%, threshold: 30.0%)"
1110,Unknown / Insufficient Evidence,0.0,"Unknown / Insufficient Evidence
Supporting evidence:
- insufficient or conflicting physical & contextual evidence
- OSM industrial context is UNKNOWN
- land-cover context is UNKNOWN
- satellite observation unavailable/obscured",1,isolated,308.8,21.29,1.52,INSUFFICIENT_DATA,0.0,none,none,inf,not_found,UNKNOWN,False,UNKNOWN,,"Sentinel-2 observation available but obscured by cloud cover (best: 47.5%, threshold: 30.0%)"
1111,Agricultural-context thermal event,0.75,"Agricultural-context thermal event
Supporting evidence:
- short-lived transient activity (active_days=2)
- minor localized plot displacement
- moderate thermal power typical of crop burning (max_frp=5.7 MW)
- OSM industrial context is UNKNOWN
- land-cover context is UNKNOWN
- satellite observation unavailable/obscured",2,short_lived_repeated,332.16,36.35,5.65,STATIONARY,0.37,none,none,inf,not_found,UNKNOWN,False,UNKNOWN,,"Sentinel-2 observation available but obscured by cloud cover (best: 54.8%, threshold: 30.0%)"
1112,Industrial-context thermal event,0.65,"Industrial-context thermal event
Supporting evidence:
- activity is recurring (active_days=2)
- activity is spatially stationary (displacement=0.46 km)
- industrial facility detected nearby (industrial at 1.29 km)
- land-cover context is UNKNOWN
- satellite observation unavailable/obscured",2,short_lived_repeated,319.0,29.29,3.47,STATIONARY,0.455,industrial,Angul Steel Plant,1.291,found,UNKNOWN,False,UNKNOWN,,"Sentinel-2 observation available but obscured by cloud cover (best: 94.6%, threshold: 30.0%)"
1113,Industrial-context thermal event,0.45,"Industrial-context thermal event
Supporting evidence:
- high spectral brightness temperature contrast (bt_diff=52.7 K)
- industrial facility detected nearby (cooling at 0.27 km)
- land-cover context is UNKNOWN
- satellite observation unavailable/obscured",1,isolated,342.42,52.66,7.56,INSUFFICIENT_DATA,0.0,cooling,none,0.272,found,UNKNOWN,False,UNKNOWN,,"Sentinel-2 observation available but obscured by cloud cover (best: 94.6%, threshold: 30.0%)"
1114,Industrial-context thermal event,0.65,"Industrial-context thermal event
Supporting evidence:
- activity is recurring (active_days=3)
- activity is spatially stationary (displacement=0.11 km)
- industrial facility detected nearby (industrial at 0.56 km)
- land-cover context is UNKNOWN
- satellite observation unavailable/obscured",3,short_lived_repeated,324.64,33.27,4.28,STATIONARY,0.11,industrial,none,0.564,found,UNKNOWN,False,UNKNOWN,,"Sentinel-2 observation available but obscured by cloud cover (best: 64.1%, threshold: 30.0%)"
1115,Agricultural-context thermal event,0.55,"Agricultural-context thermal event
Supporting evidence:
- short-lived transient activity (active_days=2)
- moderate thermal power typical of crop burning (max_frp=8.3 MW)
- OSM industrial context is UNKNOWN
- land-cover context is UNKNOWN
- satellite observation unavailable/obscured",2,short_lived_repeated,342.47,52.32,8.27,MOVING,0.773,none,none,inf,not_found,UNKNOWN,False,UNKNOWN,,"Sentinel-2 observation available but obscured by cloud cover (best: 91.4%, threshold: 30.0%)"
1116,Unknown / Insufficient Evidence,0.0,"Unknown / Insufficient Evidence
Supporting evidence:
- insufficient or conflicting physical & contextual evidence
- land-cover context is UNKNOWN
- satellite observation unavailable/obscured",1,isolated,315.65,24.84,2.26,INSUFFICIENT_DATA,0.0,plant,Duburi Steel Power Plant,0.304,found,UNKNOWN,False,UNKNOWN,,"Sentinel-2 observation available but obscured by cloud cover (best: 64.1%, threshold: 30.0%)"
1117,Agricultural-context thermal event,0.55,"Agricultural-context thermal event
Supporting evidence:
- short-lived transient activity (active_days=1)
- moderate thermal power typical of crop burning (max_frp=5.2 MW)
- OSM industrial context is UNKNOWN
- land-cover context is UNKNOWN
- satellite observation unavailable/obscured",1,isolated,313.09,23.37,5.2,INSUFFICIENT_DATA,0.0,none,none,inf,not_found,UNKNOWN,False,UNKNOWN,,"Sentinel-2 observation available but obscured by cloud cover (best: 91.4%, threshold: 30.0%)"
1118,Unknown / Insufficient Evidence,0.0,"Unknown / Insufficient Evidence
Supporting evidence:
- insufficient or conflicting physical & contextual evidence
- OSM industrial context is UNKNOWN
- land-cover context is UNKNOWN
- satellite observation unavailable/obscured",1,isolated,304.83,15.47,1.05,INSUFFICIENT_DATA,0.0,none,none,inf,not_found,UNKNOWN,False,UNKNOWN,,"Sentinel-2 observation available but obscured by cloud cover (best: 91.4%, threshold: 30.0%)"
1119,Unknown / Insufficient Evidence,0.0,"Unknown / Insufficient Evidence
Supporting evidence:
- insufficient or conflicting physical & contextual evidence
- land-cover context is UNKNOWN
- satellite observation unavailable/obscured",2,short_lived_repeated,322.16,31.18,2.25,MOVING,0.733,industrial,none,0.182,found,UNKNOWN,False,UNKNOWN,,"Sentinel-2 observation available but obscured by cloud cover (best: 91.4%, threshold: 30.0%)"
1120,Unknown / Insufficient Evidence,0.0,"Unknown / Insufficient Evidence
Supporting evidence:
- insufficient or conflicting physical & contextual evidence
- OSM industrial context is UNKNOWN
- land-cover context is UNKNOWN
- satellite observation unavailable/obscured",1,isolated,310.25,19.88,2.71,INSUFFICIENT_DATA,0.0,none,none,inf,not_found,UNKNOWN,False,UNKNOWN,,"Sentinel-2 observation available but obscured by cloud cover (best: 94.6%, threshold: 30.0%)"
1121,Industrial-context thermal event,0.65,"Industrial-context thermal event
Supporting evidence:
- activity is recurring (active_days=3)
- activity is spatially stationary (displacement=0.40 km)
- industrial facility detected nearby (industrial at 0.26 km)
- land-cover context is UNKNOWN
- satellite observation unavailable/obscured",3,short_lived_repeated,313.71,22.3,3.45,STATIONARY,0.399,industrial,Hooghly Met Coke and Power Company Limited,0.263,found,UNKNOWN,False,UNKNOWN,,"Sentinel-2 observation available but obscured by cloud cover (best: 88.4%, threshold: 30.0%)"
1122,Unknown / Insufficient Evidence,0.0,"Unknown / Insufficient Evidence
Supporting evidence:
- insufficient or conflicting physical & contextual evidence
- OSM industrial context is UNKNOWN
- land-cover context is UNKNOWN
- satellite observation unavailable/obscured",1,isolated,301.37,14.14,0.59,INSUFFICIENT_DATA,0.0,none,none,inf,not_found,UNKNOWN,False,UNKNOWN,,"Sentinel-2 observation available but obscured by cloud cover (best: 91.7%, threshold: 30.0%)"
1123,Industrial-context thermal event,0.65,"Industrial-context thermal event
Supporting evidence:
- activity is recurring (active_days=2)
- activity is spatially stationary (displacement=0.26 km)
- industrial facility detected nearby (plant at 0.07 km)
- land-cover context is UNKNOWN
- satellite observation unavailable/obscured",2,short_lived_repeated,304.05,14.74,1.02,STATIONARY,0.264,plant,none,0.073,found,UNKNOWN,False,UNKNOWN,,"Sentinel-2 observation available but obscured by cloud cover (best: 91.7%, threshold: 30.0%)"
1124,Industrial-context thermal event,0.55,"Industrial-context thermal event
Supporting evidence:
- activity is persistent (active_days=4)
- activity is spatially stationary (displacement=0.45 km)
- OSM industrial context is UNKNOWN
- land-cover context is UNKNOWN
- satellite observation unavailable/obscured",4,short_lived_repeated,313.65,22.32,2.41,STATIONARY,0.451,none,none,inf,not_found,UNKNOWN,False,UNKNOWN,,"Sentinel-2 observation available but obscured by cloud cover (best: 58.4%, threshold: 30.0%)"
1125,Industrial-context thermal event,0.65,"Industrial-context thermal event
Supporting evidence:
- activity is recurring (active_days=2)
- activity is spatially stationary (displacement=0.33 km)
- industrial facility detected nearby (industrial at 0.45 km)
- land-cover context is UNKNOWN
- satellite observation unavailable/obscured",2,short_lived_repeated,310.24,18.95,3.17,STATIONARY,0.329,industrial,none,0.448,found,UNKNOWN,False,UNKNOWN,,"Sentinel-2 observation available but obscured by cloud cover (best: 86.8%, threshold: 30.0%)"
1126,Unknown / Insufficient Evidence,0.0,"Unknown / Insufficient Evidence
Supporting evidence:
- insufficient or conflicting physical & contextual evidence
- OSM industrial context is UNKNOWN
- land-cover context is UNKNOWN
- satellite observation unavailable/obscured",1,isolated,306.4,15.88,1.7,INSUFFICIENT_DATA,0.0,none,none,inf,not_found,UNKNOWN,False,UNKNOWN,,"Sentinel-2 observation available but obscured by cloud cover (best: 86.8%, threshold: 30.0%)"
1127,Industrial-context thermal event,0.65,"Industrial-context thermal event
Supporting evidence:
- activity is recurring (active_days=3)
- activity is spatially stationary (displacement=0.20 km)
- industrial facility detected nearby (industrial at 0.25 km)
- land-cover context is UNKNOWN
- satellite observation unavailable/obscured",3,short_lived_repeated,310.39,20.59,4.38,STATIONARY,0.195,industrial,none,0.25,found,UNKNOWN,False,UNKNOWN,,"Sentinel-2 observation available but obscured by cloud cover (best: 86.8%, threshold: 30.0%)"
1128,Industrial-context thermal event,1.0,"Industrial-context thermal event
Supporting evidence:
- activity is persistent (active_days=6)
- activity is spatially stationary (displacement=0.33 km)
- high spectral brightness temperature contrast (bt_diff=42.0 K)
- industrial facility detected nearby (mine at 1.41 km)
- land-cover context is UNKNOWN
- satellite observation unavailable/obscured",6,persistent,340.74,41.95,6.29,STATIONARY,0.325,mine,Belbaid,1.412,found,UNKNOWN,False,UNKNOWN,,"Sentinel-2 observation available but obscured by cloud cover (best: 88.5%, threshold: 30.0%)"
1129,Industrial-context thermal event,0.75,"Industrial-context thermal event
Supporting evidence:
- activity is persistent (active_days=5)
- activity is spatially stationary (displacement=0.35 km)
- high spectral brightness temperature contrast (bt_diff=45.1 K)
- OSM industrial context is UNKNOWN
- land-cover context is UNKNOWN
- satellite observation unavailable/obscured",5,persistent,342.21,45.06,8.98,STATIONARY,0.354,none,none,inf,not_found,UNKNOWN,False,UNKNOWN,,"Sentinel-2 observation available but obscured by cloud cover (best: 90.9%, threshold: 30.0%)"
1130,Industrial-context thermal event,1.0,"Industrial-context thermal event
Supporting evidence:
- activity is persistent (active_days=5)
- activity is spatially stationary (displacement=0.27 km)
- high spectral brightness temperature contrast (bt_diff=35.5 K)
- industrial facility detected nearby (industrial at 0.35 km)
- land-cover context is UNKNOWN
- satellite observation unavailable/obscured",5,persistent,331.22,35.48,3.81,STATIONARY,0.27,industrial,none,0.354,found,UNKNOWN,False,UNKNOWN,,"Sentinel-2 observation available but obscured by cloud cover (best: 88.5%, threshold: 30.0%)"
1131,Forest/Natural-context thermal event,0.55,"Forest/Natural-context thermal event
Supporting evidence:
- active spatial displacement observed (movement=1.39 km)
- multi-day active fire duration
- OSM industrial context is UNKNOWN
- land-cover context is UNKNOWN
- satellite observation unavailable/obscured",4,short_lived_repeated,310.37,19.93,4.23,MOVING,1.391,none,none,inf,not_found,UNKNOWN,False,UNKNOWN,,"Sentinel-2 observation available but obscured by cloud cover (best: 90.9%, threshold: 30.0%)"
1132,Industrial-context thermal event,0.5,"Industrial-context thermal event
Supporting evidence:
- activity is persistent (active_days=5)
- high spectral brightness temperature contrast (bt_diff=43.2 K)
- OSM industrial context is UNKNOWN
- land-cover context is UNKNOWN
- satellite observation unavailable/obscured",5,persistent,337.91,43.24,6.75,MOVING,0.967,none,none,inf,not_found,UNKNOWN,False,UNKNOWN,,"Sentinel-2 observation available but obscured by cloud cover (best: 90.9%, threshold: 30.0%)"
1133,Industrial-context thermal event,1.0,"Industrial-context thermal event
Supporting evidence:
- activity is persistent (active_days=5)
- activity is spatially stationary (displacement=0.14 km)
- high spectral brightness temperature contrast (bt_diff=46.0 K)
- industrial facility detected nearby (mine at 1.33 km)
- land-cover context is UNKNOWN
- satellite observation unavailable/obscured",5,persistent,339.02,46.02,5.67,STATIONARY,0.142,mine,none,1.33,found,UNKNOWN,False,UNKNOWN,,"Sentinel-2 observation available but obscured by cloud cover (best: 90.9%, threshold: 30.0%)"
1134,Unknown / Insufficient Evidence,0.0,"Unknown / Insufficient Evidence
Supporting evidence:
- insufficient or conflicting physical & contextual evidence
- land-cover context is UNKNOWN
- satellite observation unavailable/obscured",3,short_lived_repeated,309.65,18.08,3.33,MOVING,1.014,industrial,none,0.317,found,UNKNOWN,False,UNKNOWN,,"Sentinel-2 observation available but obscured by cloud cover (best: 56.7%, threshold: 30.0%)"
1135,Unknown / Insufficient Evidence,0.0,"Unknown / Insufficient Evidence
Supporting evidence:
- insufficient or conflicting physical & contextual evidence
- OSM industrial context is UNKNOWN
- land-cover context is UNKNOWN
- satellite observation unavailable/obscured",1,isolated,302.36,15.76,0.86,INSUFFICIENT_DATA,0.0,none,none,inf,not_found,UNKNOWN,False,UNKNOWN,,"Sentinel-2 observation available but obscured by cloud cover (best: 80.4%, threshold: 30.0%)"
1136,Unknown / Insufficient Evidence,0.0,"Unknown / Insufficient Evidence
Supporting evidence:
- insufficient or conflicting physical & contextual evidence
- OSM industrial context is UNKNOWN
- land-cover context is UNKNOWN
- satellite observation unavailable/obscured",1,isolated,308.24,32.13,1.12,INSUFFICIENT_DATA,0.0,none,none,inf,not_found,UNKNOWN,False,UNKNOWN,,"Sentinel-2 observation available but obscured by cloud cover (best: 54.9%, threshold: 30.0%)"
1137,Unknown / Insufficient Evidence,0.0,"Unknown / Insufficient Evidence
Supporting evidence:
- insufficient or conflicting physical & contextual evidence
- OSM industrial context is UNKNOWN
- land-cover context is UNKNOWN",1,isolated,313.76,25.31,1.08,INSUFFICIENT_DATA,0.0,none,none,inf,not_found,UNKNOWN,True,SeaLake,0.8215,Satellite CNN prediction: SeaLake (confidence: 0.82)
1138,Unknown / Insufficient Evidence,0.0,"Unknown / Insufficient Evidence
Supporting evidence:
- insufficient or conflicting physical & contextual evidence
- land-cover context is UNKNOWN
- satellite observation unavailable/obscured",1,isolated,305.05,16.01,0.76,INSUFFICIENT_DATA,0.0,industrial,Ambuja Cements Limited,0.471,found,UNKNOWN,False,UNKNOWN,,"Sentinel-2 observation available but obscured by cloud cover (best: 30.4%, threshold: 30.0%)"
1139,Industrial-context thermal event,1.0,"Industrial-context thermal event
Supporting evidence:
- activity is persistent (active_days=5)
- activity is spatially stationary (displacement=0.23 km)
- high spectral brightness temperature contrast (bt_diff=39.9 K)
- industrial facility detected nearby (plant at 0.41 km)
- land-cover context is UNKNOWN
- satellite observation unavailable/obscured",5,persistent,331.95,39.88,5.3,STATIONARY,0.23,plant,BEL,0.415,found,UNKNOWN,False,UNKNOWN,,"Sentinel-2 observation available but obscured by cloud cover (best: 58.4%, threshold: 30.0%)"
1140,Unknown / Insufficient Evidence,0.0,"Unknown / Insufficient Evidence
Supporting evidence:
- insufficient or conflicting physical & contextual evidence
- land-cover context is UNKNOWN
- satellite observation unavailable/obscured",1,isolated,305.73,18.55,3.24,INSUFFICIENT_DATA,0.0,works,none,0.102,found,UNKNOWN,False,UNKNOWN,,"Sentinel-2 observation available but obscured by cloud cover (best: 88.5%, threshold: 30.0%)"
1141,Industrial-context thermal event,0.65,"Industrial-context thermal event
Supporting evidence:
- activity is recurring (active_days=3)
- activity is spatially stationary (displacement=0.10 km)
- industrial facility detected nearby (brickyard at 1.95 km)
- land-cover context is UNKNOWN
- satellite observation unavailable/obscured",3,short_lived_repeated,315.95,25.77,3.93,STATIONARY,0.097,brickyard,none,1.952,found,UNKNOWN,False,UNKNOWN,,"Sentinel-2 observation available but obscured by cloud cover (best: 69.4%, threshold: 30.0%)"
1142,Industrial-context thermal event,0.6,"Industrial-context thermal event
Supporting evidence:
- activity is recurring (active_days=3)
- activity is spatially stationary (displacement=0.31 km)
- high spectral brightness temperature contrast (bt_diff=35.4 K)
- OSM industrial context is UNKNOWN
- land-cover context is UNKNOWN
- satellite observation unavailable/obscured",3,short_lived_repeated,328.11,35.41,5.74,STATIONARY,0.306,none,none,inf,not_found,UNKNOWN,False,UNKNOWN,,"Sentinel-2 observation available but obscured by cloud cover (best: 90.9%, threshold: 30.0%)"
1143,Industrial-context thermal event,0.55,"Industrial-context thermal event
Supporting evidence:
- activity is persistent (active_days=4)
- activity is spatially stationary (displacement=0.17 km)
- OSM industrial context is UNKNOWN
- land-cover context is UNKNOWN
- satellite observation unavailable/obscured",4,short_lived_repeated,307.39,19.95,2.27,STATIONARY,0.165,none,none,inf,not_found,UNKNOWN,False,UNKNOWN,,"Sentinel-2 observation available but obscured by cloud cover (best: 90.9%, threshold: 30.0%)"
1144,Industrial-context thermal event,0.55,"Industrial-context thermal event
Supporting evidence:
- activity is persistent (active_days=5)
- activity is spatially stationary (displacement=0.31 km)
- OSM industrial context is UNKNOWN
- land-cover context is UNKNOWN
- satellite observation unavailable/obscured",5,persistent,321.86,34.37,4.0,STATIONARY,0.308,none,none,inf,not_found,UNKNOWN,False,UNKNOWN,,"Sentinel-2 observation available but obscured by cloud cover (best: 90.9%, threshold: 30.0%)"
1145,Agricultural-context thermal event,0.75,"Agricultural-context thermal event
Supporting evidence:
- short-lived transient activity (active_days=2)
- minor localized plot displacement
- moderate thermal power typical of crop burning (max_frp=5.6 MW)
- OSM industrial context is UNKNOWN
- land-cover context is UNKNOWN
- satellite observation unavailable/obscured",2,short_lived_repeated,330.42,40.71,5.58,STATIONARY,0.313,none,none,inf,not_found,UNKNOWN,False,UNKNOWN,,"Sentinel-2 observation available but obscured by cloud cover (best: 84.5%, threshold: 30.0%)"
1146,Industrial-context thermal event,0.65,"Industrial-context thermal event
Supporting evidence:
- activity is recurring (active_days=2)
- activity is spatially stationary (displacement=0.31 km)
- industrial facility detected nearby (industrial at 0.19 km)
- land-cover context is UNKNOWN
- satellite observation unavailable/obscured",2,short_lived_repeated,305.75,18.83,2.23,STATIONARY,0.307,industrial,Mahaamaaya Industries,0.188,found,UNKNOWN,False,UNKNOWN,,"Sentinel-2 observation available but obscured by cloud cover (best: 58.2%, threshold: 30.0%)"
1147,Unknown / Insufficient Evidence,0.0,"Unknown / Insufficient Evidence
Supporting evidence:
- insufficient or conflicting physical & contextual evidence
- OSM industrial context is UNKNOWN
- land-cover context is UNKNOWN
- satellite observation unavailable/obscured",1,isolated,304.47,16.81,2.05,INSUFFICIENT_DATA,0.0,none,none,inf,not_found,UNKNOWN,False,UNKNOWN,,"Sentinel-2 observation available but obscured by cloud cover (best: 84.5%, threshold: 30.0%)"
1148,Unknown / Insufficient Evidence,0.0,"Unknown / Insufficient Evidence
Supporting evidence:
- insufficient or conflicting physical & contextual evidence
- OSM industrial context is UNKNOWN
- land-cover context is UNKNOWN
- satellite observation unavailable/obscured",1,isolated,308.23,20.07,2.12,INSUFFICIENT_DATA,0.0,none,none,inf,not_found,UNKNOWN,False,UNKNOWN,,"Sentinel-2 observation available but obscured by cloud cover (best: 91.4%, threshold: 30.0%)"
1149,Unknown / Insufficient Evidence,0.0,"Unknown / Insufficient Evidence
Supporting evidence:
- insufficient or conflicting physical & contextual evidence
- OSM industrial context is UNKNOWN
- land-cover context is UNKNOWN
- satellite observation unavailable/obscured",1,isolated,304.77,27.49,1.06,INSUFFICIENT_DATA,0.0,none,none,inf,not_found,UNKNOWN,False,UNKNOWN,,"Sentinel-2 observation available but obscured by cloud cover (best: 70.2%, threshold: 30.0%)"
1150,Unknown / Insufficient Evidence,0.0,"Unknown / Insufficient Evidence
Supporting evidence:
- insufficient or conflicting physical & contextual evidence
- land-cover context is UNKNOWN
- satellite observation unavailable/obscured",7,persistent,338.76,41.06,11.47,MOVING,1.559,industrial,JSW Ispat Steel Plant,0.848,found,UNKNOWN,False,UNKNOWN,,"Sentinel-2 observation available but obscured by cloud cover (best: 84.1%, threshold: 30.0%)"
1151,Unknown / Insufficient Evidence,0.0,"Unknown / Insufficient Evidence
Supporting evidence:
- insufficient or conflicting physical & contextual evidence
- OSM industrial context is UNKNOWN
- land-cover context is UNKNOWN
- satellite observation unavailable/obscured",1,isolated,331.64,40.13,2.87,INSUFFICIENT_DATA,0.0,none,none,inf,not_found,UNKNOWN,False,UNKNOWN,,"Sentinel-2 observation available but obscured by cloud cover (best: 98.7%, threshold: 30.0%)"
1152,Agricultural-context thermal event,0.55,"Agricultural-context thermal event
Supporting evidence:
- short-lived transient activity (active_days=1)
- moderate thermal power typical of crop burning (max_frp=13.4 MW)
- OSM industrial context is UNKNOWN
- land-cover context is UNKNOWN
- satellite observation unavailable/obscured",1,isolated,345.56,43.75,13.45,INSUFFICIENT_DATA,0.0,none,none,inf,not_found,UNKNOWN,False,UNKNOWN,,"Sentinel-2 observation available but obscured by cloud cover (best: 30.1%, threshold: 30.0%)"
1153,Agricultural-context thermal event,0.55,"Agricultural-context thermal event
Supporting evidence:
- short-lived transient activity (active_days=1)
- moderate thermal power typical of crop burning (max_frp=6.2 MW)
- OSM industrial context is UNKNOWN
- land-cover context is UNKNOWN
- satellite observation unavailable/obscured",1,isolated,335.88,41.72,6.2,INSUFFICIENT_DATA,0.0,none,none,inf,not_found,UNKNOWN,False,UNKNOWN,,"Sentinel-2 observation available but obscured by cloud cover (best: 54.9%, threshold: 30.0%)"
1154,Agricultural-context thermal event,0.55,"Agricultural-context thermal event
Supporting evidence:
- short-lived transient activity (active_days=1)
- moderate thermal power typical of crop burning (max_frp=5.6 MW)
- OSM industrial context is UNKNOWN
- land-cover context is UNKNOWN
- satellite observation unavailable/obscured",1,isolated,339.8,48.94,5.61,INSUFFICIENT_DATA,0.0,none,none,inf,not_found,UNKNOWN,False,UNKNOWN,,"Sentinel-2 observation available but obscured by cloud cover (best: 54.2%, threshold: 30.0%)"
1155,Unknown / Insufficient Evidence,0.0,"Unknown / Insufficient Evidence
Supporting evidence:
- insufficient or conflicting physical & contextual evidence
- OSM industrial context is UNKNOWN
- land-cover context is UNKNOWN
- satellite observation unavailable/obscured",1,isolated,330.17,34.83,3.18,INSUFFICIENT_DATA,0.0,none,none,inf,not_found,UNKNOWN,False,UNKNOWN,,"Sentinel-2 observation available but obscured by cloud cover (best: 74.8%, threshold: 30.0%)"
1156,Industrial-context thermal event,0.45,"Industrial-context thermal event
Supporting evidence:
- high spectral brightness temperature contrast (bt_diff=67.4 K)
- industrial facility detected nearby (industrial at 0.45 km)
- land-cover context is UNKNOWN
- satellite observation unavailable/obscured",1,isolated,367.0,67.42,17.21,INSUFFICIENT_DATA,0.0,industrial,none,0.448,found,UNKNOWN,False,UNKNOWN,,"Sentinel-2 observation available but obscured by cloud cover (best: 58.2%, threshold: 30.0%)"
1157,Unknown / Insufficient Evidence,0.0,"Unknown / Insufficient Evidence
Supporting evidence:
- insufficient or conflicting physical & contextual evidence
- land-cover context is UNKNOWN
- satellite observation unavailable/obscured",1,isolated,330.1,29.85,3.38,INSUFFICIENT_DATA,0.0,industrial,Abhijeet Ferrotech Limited,0.203,found,UNKNOWN,False,UNKNOWN,,"Sentinel-2 observation available but obscured by cloud cover (best: 58.2%, threshold: 30.0%)"
1158,Agricultural-context thermal event,0.4,"Agricultural-context thermal event
Supporting evidence:
- short-lived transient activity (active_days=1)
- moderate thermal power typical of crop burning (max_frp=5.9 MW)
- land-cover context is UNKNOWN
- satellite observation unavailable/obscured",1,isolated,332.41,34.09,5.91,INSUFFICIENT_DATA,0.0,works,none,0.277,found,UNKNOWN,False,UNKNOWN,,"Sentinel-2 observation available but obscured by cloud cover (best: 58.2%, threshold: 30.0%)"
1159,Unknown / Insufficient Evidence,0.0,"Unknown / Insufficient Evidence
Supporting evidence:
- insufficient or conflicting physical & contextual evidence
- OSM industrial context is UNKNOWN
- land-cover context is UNKNOWN
- satellite observation unavailable/obscured",1,isolated,340.74,46.96,4.3,INSUFFICIENT_DATA,0.0,none,none,inf,not_found,UNKNOWN,False,UNKNOWN,,"Sentinel-2 observation available but obscured by cloud cover (best: 74.1%, threshold: 30.0%)"
1160,Unknown / Insufficient Evidence,0.0,"Unknown / Insufficient Evidence
Supporting evidence:
- insufficient or conflicting physical & contextual evidence
- OSM industrial context is UNKNOWN
- land-cover context is UNKNOWN",1,isolated,331.16,32.73,2.27,INSUFFICIENT_DATA,0.0,none,none,inf,not_found,UNKNOWN,True,SeaLake,0.344,Satellite CNN prediction: SeaLake (confidence: 0.34)
1161,Unknown / Insufficient Evidence,0.0,"Unknown / Insufficient Evidence
Supporting evidence:
- insufficient or conflicting physical & contextual evidence
- OSM industrial context is UNKNOWN
- land-cover context is UNKNOWN",1,isolated,333.92,34.25,1.92,INSUFFICIENT_DATA,0.0,none,none,inf,not_found,UNKNOWN,True,SeaLake,0.9769,Satellite CNN prediction: SeaLake (confidence: 0.98)
1162,Unknown / Insufficient Evidence,0.0,"Unknown / Insufficient Evidence
Supporting evidence:
- insufficient or conflicting physical & contextual evidence
- OSM industrial context is UNKNOWN
- land-cover context is UNKNOWN",1,isolated,343.95,40.94,4.05,INSUFFICIENT_DATA,0.0,none,none,inf,not_found,UNKNOWN,True,SeaLake,0.9464,Satellite CNN prediction: SeaLake (confidence: 0.95)
1163,Agricultural-context thermal event,0.55,"Agricultural-context thermal event
Supporting evidence:
- short-lived transient activity (active_days=1)
- moderate thermal power typical of crop burning (max_frp=9.9 MW)
- OSM industrial context is UNKNOWN
- land-cover context is UNKNOWN",1,isolated,342.36,41.28,9.86,INSUFFICIENT_DATA,0.0,none,none,inf,not_found,UNKNOWN,True,Forest,0.4544,Satellite CNN prediction: Forest (confidence: 0.45)
1164,Unknown / Insufficient Evidence,0.0,"Unknown / Insufficient Evidence
Supporting evidence:
- insufficient or conflicting physical & contextual evidence
- OSM industrial context is UNKNOWN
- land-cover context is UNKNOWN
- satellite observation unavailable/obscured",1,isolated,333.84,41.62,3.09,INSUFFICIENT_DATA,0.0,none,none,inf,not_found,UNKNOWN,False,UNKNOWN,,"Sentinel-2 observation available but obscured by cloud cover (best: 54.9%, threshold: 30.0%)"
1165,Unknown / Insufficient Evidence,0.0,"Unknown / Insufficient Evidence
Supporting evidence:
- insufficient or conflicting physical & contextual evidence
- OSM industrial context is UNKNOWN
- land-cover context is UNKNOWN
- satellite observation unavailable/obscured",1,isolated,333.73,36.23,1.71,INSUFFICIENT_DATA,0.0,none,none,inf,not_found,UNKNOWN,False,UNKNOWN,,"Sentinel-2 observation available but obscured by cloud cover (best: 82.4%, threshold: 30.0%)"
1166,Agricultural-context thermal event,0.55,"Agricultural-context thermal event
Supporting evidence:
- short-lived transient activity (active_days=1)
- moderate thermal power typical of crop burning (max_frp=6.7 MW)
- OSM industrial context is UNKNOWN
- land-cover context is UNKNOWN
- satellite observation unavailable/obscured",1,isolated,336.28,44.14,6.71,INSUFFICIENT_DATA,0.0,none,none,inf,not_found,UNKNOWN,False,UNKNOWN,,"Sentinel-2 observation available but obscured by cloud cover (best: 89.2%, threshold: 30.0%)"
1167,Unknown / Insufficient Evidence,0.0,"Unknown / Insufficient Evidence
Supporting evidence:
- insufficient or conflicting physical & contextual evidence
- OSM industrial context is UNKNOWN
- land-cover context is UNKNOWN
- satellite observation unavailable/obscured",1,isolated,336.72,45.91,4.74,INSUFFICIENT_DATA,0.0,none,none,inf,not_found,UNKNOWN,False,UNKNOWN,,"Sentinel-2 observation available but obscured by cloud cover (best: 100.0%, threshold: 30.0%)"
1168,Unknown / Insufficient Evidence,0.0,"Unknown / Insufficient Evidence
Supporting evidence:
- insufficient or conflicting physical & contextual evidence
- OSM industrial context is UNKNOWN
- land-cover context is UNKNOWN
- satellite observation unavailable/obscured",1,isolated,332.49,40.97,2.44,INSUFFICIENT_DATA,0.0,none,none,inf,not_found,UNKNOWN,False,UNKNOWN,,"Sentinel-2 observation available but obscured by cloud cover (best: 89.2%, threshold: 30.0%)"
1169,Unknown / Insufficient Evidence,0.0,"Unknown / Insufficient Evidence
Supporting evidence:
- insufficient or conflicting physical & contextual evidence
- OSM industrial context is UNKNOWN
- land-cover context is UNKNOWN
- satellite observation unavailable/obscured",1,isolated,330.16,32.97,2.5,INSUFFICIENT_DATA,0.0,none,none,inf,not_found,UNKNOWN,False,UNKNOWN,,"Sentinel-2 observation available but obscured by cloud cover (best: 69.2%, threshold: 30.0%)"
1170,Unknown / Insufficient Evidence,0.0,"Unknown / Insufficient Evidence
Supporting evidence:
- insufficient or conflicting physical & contextual evidence
- OSM industrial context is UNKNOWN
- land-cover context is UNKNOWN
- satellite observation unavailable/obscured",1,isolated,331.69,38.85,3.58,INSUFFICIENT_DATA,0.0,none,none,inf,not_found,UNKNOWN,False,UNKNOWN,,"Sentinel-2 observation available but obscured by cloud cover (best: 85.5%, threshold: 30.0%)"
1171,Unknown / Insufficient Evidence,0.0,"Unknown / Insufficient Evidence
Supporting evidence:
- insufficient or conflicting physical & contextual evidence
- OSM industrial context is UNKNOWN
- land-cover context is UNKNOWN
- satellite observation unavailable/obscured",1,isolated,332.05,32.95,4.22,INSUFFICIENT_DATA,0.0,none,none,inf,not_found,UNKNOWN,False,UNKNOWN,,"Sentinel-2 observation available but obscured by cloud cover (best: 89.9%, threshold: 30.0%)"
1172,Agricultural-context thermal event,0.55,"Agricultural-context thermal event
Supporting evidence:
- short-lived transient activity (active_days=1)
- moderate thermal power typical of crop burning (max_frp=5.1 MW)
- OSM industrial context is UNKNOWN
- land-cover context is UNKNOWN
- satellite observation unavailable/obscured",1,isolated,337.63,44.28,5.12,INSUFFICIENT_DATA,0.0,none,none,inf,not_found,UNKNOWN,False,UNKNOWN,,"Sentinel-2 observation available but obscured by cloud cover (best: 60.8%, threshold: 30.0%)"
1173,Unknown / Insufficient Evidence,0.0,"Unknown / Insufficient Evidence
Supporting evidence:
- insufficient or conflicting physical & contextual evidence
- land-cover context is UNKNOWN
- satellite observation unavailable/obscured",1,isolated,334.34,34.15,4.39,INSUFFICIENT_DATA,0.0,industrial,none,1.181,found,UNKNOWN,False,UNKNOWN,,"Sentinel-2 observation available but obscured by cloud cover (best: 82.6%, threshold: 30.0%)"
1174,Unknown / Insufficient Evidence,0.0,"Unknown / Insufficient Evidence
Supporting evidence:
- insufficient or conflicting physical & contextual evidence
- OSM industrial context is UNKNOWN
- land-cover context is UNKNOWN
- satellite observation unavailable/obscured",1,isolated,337.93,43.62,3.01,INSUFFICIENT_DATA,0.0,none,none,inf,not_found,UNKNOWN,False,UNKNOWN,,"Sentinel-2 observation available but obscured by cloud cover (best: 73.6%, threshold: 30.0%)"
1175,Agricultural-context thermal event,0.55,"Agricultural-context thermal event
Supporting evidence:
- short-lived transient activity (active_days=1)
- moderate thermal power typical of crop burning (max_frp=5.8 MW)
- OSM industrial context is UNKNOWN
- land-cover context is UNKNOWN",1,isolated,330.09,28.89,5.84,INSUFFICIENT_DATA,0.0,none,none,inf,not_found,UNKNOWN,True,Forest,0.4296,Satellite CNN prediction: Forest (confidence: 0.43)
1176,Unknown / Insufficient Evidence,0.0,"Unknown / Insufficient Evidence
Supporting evidence:
- insufficient or conflicting physical & contextual evidence
- land-cover context is UNKNOWN
- satellite observation unavailable/obscured",1,isolated,308.31,21.1,3.33,INSUFFICIENT_DATA,0.0,works,none,0.531,found,UNKNOWN,False,UNKNOWN,,"Sentinel-2 observation available but obscured by cloud cover (best: 59.1%, threshold: 30.0%)"
1177,Industrial-context thermal event,1.0,"Industrial-context thermal event
Supporting evidence:
- activity is persistent (active_days=6)
- activity is spatially stationary (displacement=0.31 km)
- high spectral brightness temperature contrast (bt_diff=52.0 K)
- industrial facility detected nearby (works at 0.89 km)
- land-cover context is UNKNOWN
- satellite observation unavailable/obscured",6,persistent,343.58,52.05,14.28,STATIONARY,0.308,works,none,0.887,found,UNKNOWN,False,UNKNOWN,,"Sentinel-2 observation available but obscured by cloud cover (best: 88.5%, threshold: 30.0%)"
1178,Industrial-context thermal event,0.85,"Industrial-context thermal event
Supporting evidence:
- activity is recurring (active_days=3)
- activity is spatially stationary (displacement=0.24 km)
- high spectral brightness temperature contrast (bt_diff=42.1 K)
- industrial facility detected nearby (mine at 0.57 km)
- land-cover context is UNKNOWN
- satellite observation unavailable/obscured",3,short_lived_repeated,332.83,42.07,8.73,STATIONARY,0.243,mine,none,0.572,found,UNKNOWN,False,UNKNOWN,,"Sentinel-2 observation available but obscured by cloud cover (best: 81.8%, threshold: 30.0%)"
1179,Industrial-context thermal event,0.8,"Industrial-context thermal event
Supporting evidence:
- activity is persistent (active_days=4)
- activity is spatially stationary (displacement=0.28 km)
- industrial facility detected nearby (industrial at 0.04 km)
- land-cover context is UNKNOWN
- satellite observation unavailable/obscured",4,short_lived_repeated,315.01,25.94,1.53,STATIONARY,0.281,industrial,none,0.036,found,UNKNOWN,False,UNKNOWN,,"Sentinel-2 observation available but obscured by cloud cover (best: 81.8%, threshold: 30.0%)"
1180,Industrial-context thermal event,0.65,"Industrial-context thermal event
Supporting evidence:
- activity is recurring (active_days=3)
- activity is spatially stationary (displacement=0.36 km)
- industrial facility detected nearby (brickyard at 1.21 km)
- land-cover context is UNKNOWN
- satellite observation unavailable/obscured",3,short_lived_repeated,307.31,18.5,1.88,STATIONARY,0.363,brickyard,none,1.214,found,UNKNOWN,False,UNKNOWN,,"Sentinel-2 observation available but obscured by cloud cover (best: 88.5%, threshold: 30.0%)"
1181,Unknown / Insufficient Evidence,0.0,"Unknown / Insufficient Evidence
Supporting evidence:
- insufficient or conflicting physical & contextual evidence
- land-cover context is UNKNOWN
- satellite observation unavailable/obscured",1,isolated,305.14,18.61,1.4,INSUFFICIENT_DATA,0.0,cooling,none,1.305,found,UNKNOWN,False,UNKNOWN,,"Sentinel-2 observation available but obscured by cloud cover (best: 81.8%, threshold: 30.0%)"
1182,Agricultural-context thermal event,0.55,"Agricultural-context thermal event
Supporting evidence:
- short-lived transient activity (active_days=2)
- minor localized plot displacement
- OSM industrial context is UNKNOWN
- land-cover context is UNKNOWN
- satellite observation unavailable/obscured",2,short_lived_repeated,322.14,31.13,2.69,STATIONARY,0.213,none,none,inf,not_found,UNKNOWN,False,UNKNOWN,,"Sentinel-2 observation available but obscured by cloud cover (best: 81.8%, threshold: 30.0%)"
1183,Unknown / Insufficient Evidence,0.0,"Unknown / Insufficient Evidence
Supporting evidence:
- insufficient or conflicting physical & contextual evidence
- land-cover context is UNKNOWN
- satellite observation unavailable/obscured",1,isolated,305.57,15.7,0.87,INSUFFICIENT_DATA,0.0,brickyard,none,1.559,found,UNKNOWN,False,UNKNOWN,,"Sentinel-2 observation available but obscured by cloud cover (best: 81.8%, threshold: 30.0%)"
1184,Agricultural-context thermal event,0.55,"Agricultural-context thermal event
Supporting evidence:
- short-lived transient activity (active_days=2)
- minor localized plot displacement
- OSM industrial context is UNKNOWN
- land-cover context is UNKNOWN
- satellite observation unavailable/obscured",2,short_lived_repeated,311.53,24.3,1.73,STATIONARY,0.257,none,none,inf,not_found,UNKNOWN,False,UNKNOWN,,"Sentinel-2 observation available but obscured by cloud cover (best: 81.8%, threshold: 30.0%)"
1185,Forest/Natural-context thermal event,0.55,"Forest/Natural-context thermal event
Supporting evidence:
- active spatial displacement observed (movement=0.64 km)
- multi-day active fire duration
- OSM industrial context is UNKNOWN
- land-cover context is UNKNOWN
- satellite observation unavailable/obscured",3,short_lived_repeated,315.62,26.87,3.36,MOVING,0.64,none,none,inf,not_found,UNKNOWN,False,UNKNOWN,,"Sentinel-2 observation available but obscured by cloud cover (best: 90.9%, threshold: 30.0%)"
1186,Unknown / Insufficient Evidence,0.0,"Unknown / Insufficient Evidence
Supporting evidence:
- insufficient or conflicting physical & contextual evidence
- land-cover context is UNKNOWN",1,isolated,314.35,24.03,2.32,INSUFFICIENT_DATA,0.0,industrial,none,0.37,found,UNKNOWN,True,SeaLake,0.9816,Satellite CNN prediction: SeaLake (confidence: 0.98)
1187,Unknown / Insufficient Evidence,0.0,"Unknown / Insufficient Evidence
Supporting evidence:
- insufficient or conflicting physical & contextual evidence
- land-cover context is UNKNOWN
- satellite observation unavailable/obscured",1,isolated,307.28,21.63,2.91,INSUFFICIENT_DATA,0.0,industrial,Bhushan Power & Steel,0.673,found,UNKNOWN,False,UNKNOWN,,"Sentinel-2 observation available but obscured by cloud cover (best: 94.8%, threshold: 30.0%)"
1188,Unknown / Insufficient Evidence,0.0,"Unknown / Insufficient Evidence
Supporting evidence:
- insufficient or conflicting physical & contextual evidence
- OSM industrial context is UNKNOWN
- land-cover context is UNKNOWN
- satellite observation unavailable/obscured",1,isolated,300.29,17.22,0.27,INSUFFICIENT_DATA,0.0,none,none,inf,not_found,UNKNOWN,False,UNKNOWN,,"Sentinel-2 observation available but obscured by cloud cover (best: 91.7%, threshold: 30.0%)"
1189,Unknown / Insufficient Evidence,0.0,"Unknown / Insufficient Evidence
Supporting evidence:
- insufficient or conflicting physical & contextual evidence
- OSM industrial context is UNKNOWN
- land-cover context is UNKNOWN
- satellite observation unavailable/obscured",1,isolated,296.81,15.85,1.43,INSUFFICIENT_DATA,0.0,none,none,inf,not_found,UNKNOWN,False,UNKNOWN,,"Sentinel-2 observation available but obscured by cloud cover (best: 96.6%, threshold: 30.0%)"
1190,Agricultural-context thermal event,0.55,"Agricultural-context thermal event
Supporting evidence:
- short-lived transient activity (active_days=1)
- moderate thermal power typical of crop burning (max_frp=8.7 MW)
- OSM industrial context is UNKNOWN
- land-cover context is UNKNOWN
- satellite observation unavailable/obscured",1,isolated,314.69,32.69,8.66,INSUFFICIENT_DATA,0.0,none,none,inf,not_found,UNKNOWN,False,UNKNOWN,,"Sentinel-2 observation available but obscured by cloud cover (best: 64.6%, threshold: 30.0%)"
1191,Unknown / Insufficient Evidence,0.0,"Unknown / Insufficient Evidence
Supporting evidence:
- insufficient or conflicting physical & contextual evidence
- OSM industrial context is UNKNOWN
- land-cover context is UNKNOWN
- satellite observation unavailable/obscured",1,isolated,303.84,23.56,1.13,INSUFFICIENT_DATA,0.0,none,none,inf,not_found,UNKNOWN,False,UNKNOWN,,"Sentinel-2 observation available but obscured by cloud cover (best: 59.6%, threshold: 30.0%)"
1192,Unknown / Insufficient Evidence,0.0,"Unknown / Insufficient Evidence
Supporting evidence:
- insufficient or conflicting physical & contextual evidence
- land-cover context is UNKNOWN",1,isolated,307.03,19.27,0.92,INSUFFICIENT_DATA,0.0,works,none,0.645,found,UNKNOWN,True,SeaLake,0.4061,Satellite CNN prediction: SeaLake (confidence: 0.41)
1193,Unknown / Insufficient Evidence,0.0,"Unknown / Insufficient Evidence
Supporting evidence:
- insufficient or conflicting physical & contextual evidence
- OSM industrial context is UNKNOWN
- land-cover context is UNKNOWN",1,isolated,303.17,17.15,2.32,INSUFFICIENT_DATA,0.0,none,none,inf,not_found,UNKNOWN,True,SeaLake,0.9767,Satellite CNN prediction: SeaLake (confidence: 0.98)
1194,Unknown / Insufficient Evidence,0.0,"Unknown / Insufficient Evidence
Supporting evidence:
- insufficient or conflicting physical & contextual evidence
- OSM industrial context is UNKNOWN
- land-cover context is UNKNOWN",1,isolated,310.37,20.9,3.42,INSUFFICIENT_DATA,0.0,none,none,inf,not_found,UNKNOWN,True,SeaLake,0.863,Satellite CNN prediction: SeaLake (confidence: 0.86)
1195,Industrial-context thermal event,0.85,"Industrial-context thermal event
Supporting evidence:
- activity is recurring (active_days=3)
- activity is spatially stationary (displacement=0.12 km)
- high spectral brightness temperature contrast (bt_diff=69.6 K)
- industrial facility detected nearby (plant at 0.62 km)
- land-cover context is UNKNOWN
- satellite observation unavailable/obscured",3,short_lived_repeated,367.0,69.58,52.02,STATIONARY,0.118,plant,Panipat Naphtha Cracker Power Plant,0.624,found,UNKNOWN,False,UNKNOWN,,"Sentinel-2 observation available but obscured by cloud cover (best: 51.4%, threshold: 30.0%)"
1196,Unknown / Insufficient Evidence,0.0,"Unknown / Insufficient Evidence
Supporting evidence:
- insufficient or conflicting physical & contextual evidence
- OSM industrial context is UNKNOWN
- land-cover context is UNKNOWN
- satellite observation unavailable/obscured",1,isolated,302.75,21.54,1.48,INSUFFICIENT_DATA,0.0,none,none,inf,not_found,UNKNOWN,False,UNKNOWN,,"Sentinel-2 observation available but obscured by cloud cover (best: 47.1%, threshold: 30.0%)"
1197,Unknown / Insufficient Evidence,0.0,"Unknown / Insufficient Evidence
Supporting evidence:
- insufficient or conflicting physical & contextual evidence
- land-cover context is UNKNOWN
- satellite observation unavailable/obscured",1,isolated,303.53,15.91,0.63,INSUFFICIENT_DATA,0.0,works,Acc company limited,0.365,found,UNKNOWN,False,UNKNOWN,,"Sentinel-2 observation available but obscured by cloud cover (best: 81.1%, threshold: 30.0%)"
1198,Industrial-context thermal event,1.0,"Industrial-context thermal event
Supporting evidence:
- activity is persistent (active_days=5)
- activity is spatially stationary (displacement=0.25 km)
- high spectral brightness temperature contrast (bt_diff=53.7 K)
- industrial facility detected nearby (industrial at 0.84 km)
- land-cover context is UNKNOWN
- satellite observation unavailable/obscured",5,persistent,346.9,53.68,11.6,STATIONARY,0.25,industrial,none,0.844,found,UNKNOWN,False,UNKNOWN,,"Sentinel-2 observation available but obscured by cloud cover (best: 96.6%, threshold: 30.0%)"
1199,Unknown / Insufficient Evidence,0.0,"Unknown / Insufficient Evidence
Supporting evidence:
- insufficient or conflicting physical & contextual evidence
- land-cover context is UNKNOWN
- satellite observation unavailable/obscured",1,isolated,304.85,14.29,1.82,INSUFFICIENT_DATA,0.0,plant,Rengali Bhushan Power Plant,0.364,found,UNKNOWN,False,UNKNOWN,,"Sentinel-2 observation available but obscured by cloud cover (best: 94.8%, threshold: 30.0%)"
1200,Unknown / Insufficient Evidence,0.0,"Unknown / Insufficient Evidence
Supporting evidence:
- insufficient or conflicting physical & contextual evidence
- land-cover context is UNKNOWN
- satellite observation unavailable/obscured",1,isolated,305.66,14.55,1.61,INSUFFICIENT_DATA,0.0,industrial,none,0.436,found,UNKNOWN,False,UNKNOWN,,"Sentinel-2 observation available but obscured by cloud cover (best: 94.8%, threshold: 30.0%)"
1201,Unknown / Insufficient Evidence,0.0,"Unknown / Insufficient Evidence
Supporting evidence:
- insufficient or conflicting physical & contextual evidence
- land-cover context is UNKNOWN
- satellite observation unavailable/obscured",1,isolated,305.92,15.88,1.43,INSUFFICIENT_DATA,0.0,industrial,none,1.793,found,UNKNOWN,False,UNKNOWN,,"Sentinel-2 observation available but obscured by cloud cover (best: 96.6%, threshold: 30.0%)"
1202,Unknown / Insufficient Evidence,0.0,"Unknown / Insufficient Evidence
Supporting evidence:
- insufficient or conflicting physical & contextual evidence
- land-cover context is UNKNOWN
- satellite observation unavailable/obscured",1,isolated,304.7,13.47,1.31,INSUFFICIENT_DATA,0.0,industrial,MSP Steel,0.3,found,UNKNOWN,False,UNKNOWN,,"Sentinel-2 observation available but obscured by cloud cover (best: 94.8%, threshold: 30.0%)"
1203,Unknown / Insufficient Evidence,0.0,"Unknown / Insufficient Evidence
Supporting evidence:
- insufficient or conflicting physical & contextual evidence
- OSM industrial context is UNKNOWN
- land-cover context is UNKNOWN
- satellite observation unavailable/obscured",1,isolated,306.73,18.52,0.97,INSUFFICIENT_DATA,0.0,none,none,inf,not_found,UNKNOWN,False,UNKNOWN,,"Sentinel-2 observation available but obscured by cloud cover (best: 96.6%, threshold: 30.0%)"
1204,Agricultural-context thermal event,0.55,"Agricultural-context thermal event
Supporting evidence:
- short-lived transient activity (active_days=2)
- minor localized plot displacement
- OSM industrial context is UNKNOWN
- land-cover context is UNKNOWN
- satellite observation unavailable/obscured",2,short_lived_repeated,308.83,21.09,1.78,STATIONARY,0.197,none,none,inf,not_found,UNKNOWN,False,UNKNOWN,,"Sentinel-2 observation available but obscured by cloud cover (best: 96.6%, threshold: 30.0%)"
1205,Unknown / Insufficient Evidence,0.0,"Unknown / Insufficient Evidence
Supporting evidence:
- insufficient or conflicting physical & contextual evidence
- OSM industrial context is UNKNOWN
- land-cover context is UNKNOWN
- satellite observation unavailable/obscured",1,isolated,312.31,22.16,1.63,INSUFFICIENT_DATA,0.0,none,none,inf,not_found,UNKNOWN,False,UNKNOWN,,"Sentinel-2 observation available but obscured by cloud cover (best: 96.6%, threshold: 30.0%)"
1206,Unknown / Insufficient Evidence,0.0,"Unknown / Insufficient Evidence
Supporting evidence:
- insufficient or conflicting physical & contextual evidence
- OSM industrial context is UNKNOWN
- land-cover context is UNKNOWN
- satellite observation unavailable/obscured",1,isolated,313.22,23.58,1.34,INSUFFICIENT_DATA,0.0,none,none,inf,not_found,UNKNOWN,False,UNKNOWN,,"Sentinel-2 observation available but obscured by cloud cover (best: 96.6%, threshold: 30.0%)"
1207,Industrial-context thermal event,0.4,"Industrial-context thermal event
Supporting evidence:
- activity is recurring (active_days=3)
- activity is spatially stationary (displacement=0.04 km)
- OSM industrial context is UNKNOWN
- land-cover context is UNKNOWN
- satellite observation unavailable/obscured",3,short_lived_repeated,305.74,19.26,2.72,STATIONARY,0.039,none,none,inf,not_found,UNKNOWN,False,UNKNOWN,,"Sentinel-2 observation available but obscured by cloud cover (best: 90.9%, threshold: 30.0%)"
1208,Unknown / Insufficient Evidence,0.0,"Unknown / Insufficient Evidence
Supporting evidence:
- insufficient or conflicting physical & contextual evidence
- OSM industrial context is UNKNOWN
- land-cover context is UNKNOWN
- satellite observation unavailable/obscured",1,isolated,305.72,14.9,1.52,INSUFFICIENT_DATA,0.0,none,none,inf,not_found,UNKNOWN,False,UNKNOWN,,"Sentinel-2 observation available but obscured by cloud cover (best: 81.8%, threshold: 30.0%)"
1209,Unknown / Insufficient Evidence,0.0,"Unknown / Insufficient Evidence
Supporting evidence:
- insufficient or conflicting physical & contextual evidence
- land-cover context is UNKNOWN
- satellite observation unavailable/obscured",1,isolated,309.68,21.96,2.82,INSUFFICIENT_DATA,0.0,industrial,IISCO Steel Plant,0.988,found,UNKNOWN,False,UNKNOWN,,"Sentinel-2 observation available but obscured by cloud cover (best: 69.4%, threshold: 30.0%)"
1210,Unknown / Insufficient Evidence,0.0,"Unknown / Insufficient Evidence
Supporting evidence:
- insufficient or conflicting physical & contextual evidence
- land-cover context is UNKNOWN
- satellite observation unavailable/obscured",1,isolated,307.33,16.07,1.44,INSUFFICIENT_DATA,0.0,brickyard,none,1.863,found,UNKNOWN,False,UNKNOWN,,"Sentinel-2 observation available but obscured by cloud cover (best: 81.8%, threshold: 30.0%)"
1211,Industrial-context thermal event,0.4,"Industrial-context thermal event
Supporting evidence:
- activity is recurring (active_days=2)
- activity is spatially stationary (displacement=0.03 km)
- OSM industrial context is UNKNOWN
- land-cover context is UNKNOWN
- satellite observation unavailable/obscured",2,short_lived_repeated,305.36,17.14,0.94,STATIONARY,0.029,none,none,inf,not_found,UNKNOWN,False,UNKNOWN,,"Sentinel-2 observation available but obscured by cloud cover (best: 88.5%, threshold: 30.0%)"
1212,Agricultural-context thermal event,0.55,"Agricultural-context thermal event
Supporting evidence:
- short-lived transient activity (active_days=2)
- minor localized plot displacement
- OSM industrial context is UNKNOWN
- land-cover context is UNKNOWN
- satellite observation unavailable/obscured",2,short_lived_repeated,310.68,21.99,1.97,STATIONARY,0.325,none,none,inf,not_found,UNKNOWN,False,UNKNOWN,,"Sentinel-2 observation available but obscured by cloud cover (best: 88.5%, threshold: 30.0%)"
1213,Industrial-context thermal event,0.8,"Industrial-context thermal event
Supporting evidence:
- activity is persistent (active_days=4)
- activity is spatially stationary (displacement=0.14 km)
- industrial facility detected nearby (industrial at 1.93 km)
- land-cover context is UNKNOWN
- satellite observation unavailable/obscured",4,short_lived_repeated,331.17,32.44,9.23,STATIONARY,0.143,industrial,none,1.926,found,UNKNOWN,False,UNKNOWN,,"Sentinel-2 observation available but obscured by cloud cover (best: 81.8%, threshold: 30.0%)"
1214,Industrial-context thermal event,0.65,"Industrial-context thermal event
Supporting evidence:
- activity is recurring (active_days=3)
- activity is spatially stationary (displacement=0.11 km)
- industrial facility detected nearby (mine at 0.77 km)
- land-cover context is UNKNOWN
- satellite observation unavailable/obscured",3,short_lived_repeated,331.56,33.81,5.91,STATIONARY,0.106,mine,West Bokaro Coal Mine,0.774,found,UNKNOWN,False,UNKNOWN,,"Sentinel-2 observation available but obscured by cloud cover (best: 81.8%, threshold: 30.0%)"
1215,Unknown / Insufficient Evidence,0.0,"Unknown / Insufficient Evidence
Supporting evidence:
- insufficient or conflicting physical & contextual evidence
- land-cover context is UNKNOWN
- satellite observation unavailable/obscured",1,isolated,303.92,16.37,0.98,INSUFFICIENT_DATA,0.0,industrial,none,1.317,found,UNKNOWN,False,UNKNOWN,,"Sentinel-2 observation available but obscured by cloud cover (best: 81.8%, threshold: 30.0%)"
1216,Unknown / Insufficient Evidence,0.0,"Unknown / Insufficient Evidence
Supporting evidence:
- insufficient or conflicting physical & contextual evidence
- land-cover context is UNKNOWN
- satellite observation unavailable/obscured",1,isolated,305.53,19.37,1.07,INSUFFICIENT_DATA,0.0,industrial,none,0.713,found,UNKNOWN,False,UNKNOWN,,"Sentinel-2 observation available but obscured by cloud cover (best: 81.8%, threshold: 30.0%)"
1217,Industrial-context thermal event,0.65,"Industrial-context thermal event
Supporting evidence:
- activity is recurring (active_days=3)
- activity is spatially stationary (displacement=0.29 km)
- industrial facility detected nearby (industrial at 0.11 km)
- land-cover context is UNKNOWN
- satellite observation unavailable/obscured",3,short_lived_repeated,309.22,17.31,1.66,STATIONARY,0.294,industrial,TPP Aditya Cement Works UltraTech Cement Works,0.111,found,UNKNOWN,False,UNKNOWN,,"Sentinel-2 observation available but obscured by cloud cover (best: 48.8%, threshold: 30.0%)"
1218,Industrial-context thermal event,0.65,"Industrial-context thermal event
Supporting evidence:
- activity is recurring (active_days=2)
- activity is spatially stationary (displacement=0.06 km)
- industrial facility detected nearby (industrial at 0.59 km)
- land-cover context is UNKNOWN
- satellite observation unavailable/obscured",2,short_lived_repeated,306.65,15.25,2.0,STATIONARY,0.061,industrial,none,0.594,found,UNKNOWN,False,UNKNOWN,,"Sentinel-2 observation available but obscured by cloud cover (best: 77.9%, threshold: 30.0%)"
1219,Unknown / Insufficient Evidence,0.0,"Unknown / Insufficient Evidence
Supporting evidence:
- insufficient or conflicting physical & contextual evidence
- land-cover context is UNKNOWN
- satellite observation unavailable/obscured",2,short_lived_repeated,319.07,28.89,1.93,MOVING,0.681,industrial,none,0.123,found,UNKNOWN,False,UNKNOWN,,"Sentinel-2 observation available but obscured by cloud cover (best: 58.5%, threshold: 30.0%)"
1220,Unknown / Insufficient Evidence,0.0,"Unknown / Insufficient Evidence
Supporting evidence:
- insufficient or conflicting physical & contextual evidence
- OSM industrial context is UNKNOWN
- land-cover context is UNKNOWN
- satellite observation unavailable/obscured",1,isolated,312.12,20.42,2.97,INSUFFICIENT_DATA,0.0,none,none,inf,not_found,UNKNOWN,False,UNKNOWN,,"Sentinel-2 observation available but obscured by cloud cover (best: 82.4%, threshold: 30.0%)"
1221,Unknown / Insufficient Evidence,0.0,"Unknown / Insufficient Evidence
Supporting evidence:
- insufficient or conflicting physical & contextual evidence
- land-cover context is UNKNOWN
- satellite observation unavailable/obscured",1,isolated,305.94,29.19,0.86,INSUFFICIENT_DATA,0.0,industrial,none,0.517,found,UNKNOWN,False,UNKNOWN,,"Sentinel-2 observation available but obscured by cloud cover (best: 30.1%, threshold: 30.0%)"
1222,Unknown / Insufficient Evidence,0.0,"Unknown / Insufficient Evidence
Supporting evidence:
- insufficient or conflicting physical & contextual evidence
- OSM industrial context is UNKNOWN
- land-cover context is UNKNOWN
- satellite observation unavailable/obscured",1,isolated,296.42,19.64,0.65,INSUFFICIENT_DATA,0.0,none,none,inf,not_found,UNKNOWN,False,UNKNOWN,,"Sentinel-2 observation available but obscured by cloud cover (best: 94.8%, threshold: 30.0%)"
1223,Unknown / Insufficient Evidence,0.0,"Unknown / Insufficient Evidence
Supporting evidence:
- insufficient or conflicting physical & contextual evidence
- OSM industrial context is UNKNOWN
- land-cover context is UNKNOWN
- satellite observation unavailable/obscured",1,isolated,307.8,30.07,1.4,INSUFFICIENT_DATA,0.0,none,none,inf,not_found,UNKNOWN,False,UNKNOWN,,"Sentinel-2 observation available but obscured by cloud cover (best: 94.8%, threshold: 30.0%)"
1224,Unknown / Insufficient Evidence,0.0,"Unknown / Insufficient Evidence
Supporting evidence:
- insufficient or conflicting physical & contextual evidence
- OSM industrial context is UNKNOWN
- land-cover context is UNKNOWN
- satellite observation unavailable/obscured",1,isolated,311.27,28.81,1.91,INSUFFICIENT_DATA,0.0,none,none,inf,not_found,UNKNOWN,False,UNKNOWN,,"Sentinel-2 observation available but obscured by cloud cover (best: 85.5%, threshold: 30.0%)"
1225,Unknown / Insufficient Evidence,0.0,"Unknown / Insufficient Evidence
Supporting evidence:
- insufficient or conflicting physical & contextual evidence
- land-cover context is UNKNOWN
- satellite observation unavailable/obscured",1,isolated,301.72,12.73,0.65,INSUFFICIENT_DATA,0.0,industrial,none,1.116,found,UNKNOWN,False,UNKNOWN,,"Sentinel-2 observation available but obscured by cloud cover (best: 93.8%, threshold: 30.0%)"
1226,Industrial-context thermal event,0.8,"Industrial-context thermal event
Supporting evidence:
- activity is persistent (active_days=7)
- activity is spatially stationary (displacement=0.07 km)
- industrial facility detected nearby (refinery at 1.77 km)
- land-cover context is UNKNOWN
- satellite observation unavailable/obscured",7,persistent,337.43,33.65,4.28,STATIONARY,0.066,refinery,Barmer Refinery,1.767,found,UNKNOWN,False,UNKNOWN,,"Sentinel-2 observation available but obscured by cloud cover (best: 77.0%, threshold: 30.0%)"
1227,Unknown / Insufficient Evidence,0.0,"Unknown / Insufficient Evidence
Supporting evidence:
- insufficient or conflicting physical & contextual evidence
- OSM industrial context is UNKNOWN
- land-cover context is UNKNOWN",1,isolated,305.3,12.11,1.38,INSUFFICIENT_DATA,0.0,none,none,inf,not_found,UNKNOWN,True,HerbaceousVegetation,0.3712,Satellite CNN prediction: HerbaceousVegetation (confidence: 0.37)
1228,Industrial-context thermal event,0.45,"Industrial-context thermal event
Supporting evidence:
- high spectral brightness temperature contrast (bt_diff=37.3 K)
- industrial facility detected nearby (refinery at 0.92 km)
- land-cover context is UNKNOWN",1,isolated,329.68,37.33,4.68,INSUFFICIENT_DATA,0.0,refinery,Guru Gobind Singh Refinery,0.916,found,UNKNOWN,True,SeaLake,0.2469,Satellite CNN prediction: SeaLake (confidence: 0.25)
1229,Unknown / Insufficient Evidence,0.0,"Unknown / Insufficient Evidence
Supporting evidence:
- insufficient or conflicting physical & contextual evidence
- land-cover context is UNKNOWN
- satellite observation unavailable/obscured",1,isolated,306.98,15.27,3.38,INSUFFICIENT_DATA,0.0,works,none,0.462,found,UNKNOWN,False,UNKNOWN,,"Sentinel-2 observation available but obscured by cloud cover (best: 78.5%, threshold: 30.0%)"
1230,Unknown / Insufficient Evidence,0.0,"Unknown / Insufficient Evidence
Supporting evidence:
- insufficient or conflicting physical & contextual evidence
- OSM industrial context is UNKNOWN
- land-cover context is UNKNOWN
- satellite observation unavailable/obscured",1,isolated,303.93,15.88,0.61,INSUFFICIENT_DATA,0.0,none,none,inf,not_found,UNKNOWN,False,UNKNOWN,,"Sentinel-2 observation available but obscured by cloud cover (best: 71.5%, threshold: 30.0%)"
1231,Unknown / Insufficient Evidence,0.0,"Unknown / Insufficient Evidence
Supporting evidence:
- insufficient or conflicting physical & contextual evidence
- OSM industrial context is UNKNOWN
- land-cover context is UNKNOWN
- satellite observation unavailable/obscured",1,isolated,297.2,24.47,1.03,INSUFFICIENT_DATA,0.0,none,none,inf,not_found,UNKNOWN,False,UNKNOWN,,"Sentinel-2 observation available but obscured by cloud cover (best: 70.2%, threshold: 30.0%)"
1232,Unknown / Insufficient Evidence,0.0,"Unknown / Insufficient Evidence
Supporting evidence:
- insufficient or conflicting physical & contextual evidence
- OSM industrial context is UNKNOWN
- land-cover context is UNKNOWN
- satellite observation unavailable/obscured",1,isolated,299.97,14.3,0.44,INSUFFICIENT_DATA,0.0,none,none,inf,not_found,UNKNOWN,False,UNKNOWN,,"Sentinel-2 observation available but obscured by cloud cover (best: 89.5%, threshold: 30.0%)"
1233,Unknown / Insufficient Evidence,0.0,"Unknown / Insufficient Evidence
Supporting evidence:
- insufficient or conflicting physical & contextual evidence
- OSM industrial context is UNKNOWN
- land-cover context is UNKNOWN
- satellite observation unavailable/obscured",1,isolated,305.74,18.45,1.19,INSUFFICIENT_DATA,0.0,none,none,inf,not_found,UNKNOWN,False,UNKNOWN,,"Sentinel-2 observation available but obscured by cloud cover (best: 69.2%, threshold: 30.0%)"
1234,Industrial-context thermal event,0.65,"Industrial-context thermal event
Supporting evidence:
- activity is recurring (active_days=2)
- activity is spatially stationary (displacement=0.20 km)
- industrial facility detected nearby (industrial at 0.29 km)
- land-cover context is UNKNOWN
- satellite observation unavailable/obscured",2,short_lived_repeated,308.41,17.97,0.9,STATIONARY,0.204,industrial,Metallurgical Products India Pvt Ltd,0.294,found,UNKNOWN,False,UNKNOWN,,"Sentinel-2 observation available but obscured by cloud cover (best: 78.7%, threshold: 30.0%)"
1235,Unknown / Insufficient Evidence,0.0,"Unknown / Insufficient Evidence
Supporting evidence:
- insufficient or conflicting physical & contextual evidence
- OSM industrial context is UNKNOWN
- land-cover context is UNKNOWN
- satellite observation unavailable/obscured",1,isolated,311.46,23.87,0.7,INSUFFICIENT_DATA,0.0,none,none,inf,not_found,UNKNOWN,False,UNKNOWN,,"Sentinel-2 observation available but obscured by cloud cover (best: 78.7%, threshold: 30.0%)"
1236,Industrial-context thermal event,0.45,"Industrial-context thermal event
Supporting evidence:
- high spectral brightness temperature contrast (bt_diff=40.9 K)
- industrial facility detected nearby (industrial at 1.36 km)
- land-cover context is UNKNOWN
- satellite observation unavailable/obscured",1,isolated,345.08,40.93,5.13,INSUFFICIENT_DATA,0.0,industrial,Ramco Cement Factory,1.357,found,UNKNOWN,False,UNKNOWN,,"Sentinel-2 observation available but obscured by cloud cover (best: 30.1%, threshold: 30.0%)"
1237,Agricultural-context thermal event,0.55,"Agricultural-context thermal event
Supporting evidence:
- short-lived transient activity (active_days=1)
- moderate thermal power typical of crop burning (max_frp=8.7 MW)
- OSM industrial context is UNKNOWN
- land-cover context is UNKNOWN",1,isolated,348.21,37.73,8.67,INSUFFICIENT_DATA,0.0,none,none,inf,not_found,UNKNOWN,True,SeaLake,0.8644,Satellite CNN prediction: SeaLake (confidence: 0.86)
1238,Agricultural-context thermal event,0.55,"Agricultural-context thermal event
Supporting evidence:
- short-lived transient activity (active_days=1)
- moderate thermal power typical of crop burning (max_frp=5.5 MW)
- OSM industrial context is UNKNOWN
- land-cover context is UNKNOWN
- satellite observation unavailable/obscured",1,isolated,340.62,31.93,5.53,INSUFFICIENT_DATA,0.0,none,none,inf,not_found,UNKNOWN,False,UNKNOWN,,"Sentinel-2 observation available but obscured by cloud cover (best: 30.1%, threshold: 30.0%)"
1239,Agricultural-context thermal event,0.55,"Agricultural-context thermal event
Supporting evidence:
- short-lived transient activity (active_days=1)
- moderate thermal power typical of crop burning (max_frp=17.1 MW)
- OSM industrial context is UNKNOWN
- land-cover context is UNKNOWN
- satellite observation unavailable/obscured",1,isolated,350.54,53.02,17.06,INSUFFICIENT_DATA,0.0,none,none,inf,not_found,UNKNOWN,False,UNKNOWN,,"Sentinel-2 observation available but obscured by cloud cover (best: 92.6%, threshold: 30.0%)"
1240,Agricultural-context thermal event,0.55,"Agricultural-context thermal event
Supporting evidence:
- short-lived transient activity (active_days=1)
- moderate thermal power typical of crop burning (max_frp=13.8 MW)
- OSM industrial context is UNKNOWN
- land-cover context is UNKNOWN
- satellite observation unavailable/obscured",1,isolated,367.0,61.36,13.76,INSUFFICIENT_DATA,0.0,none,none,inf,not_found,UNKNOWN,False,UNKNOWN,,"Sentinel-2 observation available but obscured by cloud cover (best: 82.4%, threshold: 30.0%)"
1241,Unknown / Insufficient Evidence,0.0,"Unknown / Insufficient Evidence
Supporting evidence:
- insufficient or conflicting physical & contextual evidence
- OSM industrial context is UNKNOWN
- land-cover context is UNKNOWN
- satellite observation unavailable/obscured",1,isolated,340.67,42.19,3.91,INSUFFICIENT_DATA,0.0,none,none,inf,not_found,UNKNOWN,False,UNKNOWN,,"Sentinel-2 observation available but obscured by cloud cover (best: 82.4%, threshold: 30.0%)"
1242,Unknown / Insufficient Evidence,0.0,"Unknown / Insufficient Evidence
Supporting evidence:
- insufficient or conflicting physical & contextual evidence
- OSM industrial context is UNKNOWN
- land-cover context is UNKNOWN
- satellite observation unavailable/obscured",1,isolated,348.21,40.36,30.85,INSUFFICIENT_DATA,0.0,none,none,inf,not_found,UNKNOWN,False,UNKNOWN,,"Sentinel-2 observation available but obscured by cloud cover (best: 99.2%, threshold: 30.0%)"
1243,Agricultural-context thermal event,0.55,"Agricultural-context thermal event
Supporting evidence:
- short-lived transient activity (active_days=1)
- moderate thermal power typical of crop burning (max_frp=6.7 MW)
- OSM industrial context is UNKNOWN
- land-cover context is UNKNOWN
- satellite observation unavailable/obscured",1,isolated,345.59,54.15,6.7,INSUFFICIENT_DATA,0.0,none,none,inf,not_found,UNKNOWN,False,UNKNOWN,,"Sentinel-2 observation available but obscured by cloud cover (best: 94.8%, threshold: 30.0%)"
1244,Unknown / Insufficient Evidence,0.0,"Unknown / Insufficient Evidence
Supporting evidence:
- insufficient or conflicting physical & contextual evidence
- OSM industrial context is UNKNOWN
- land-cover context is UNKNOWN
- satellite observation unavailable/obscured",1,isolated,331.79,40.24,2.32,INSUFFICIENT_DATA,0.0,none,none,inf,not_found,UNKNOWN,False,UNKNOWN,,"Sentinel-2 observation available but obscured by cloud cover (best: 90.3%, threshold: 30.0%)"
1245,Unknown / Insufficient Evidence,0.0,"Unknown / Insufficient Evidence
Supporting evidence:
- insufficient or conflicting physical & contextual evidence
- OSM industrial context is UNKNOWN
- land-cover context is UNKNOWN
- satellite observation unavailable/obscured",1,isolated,330.46,45.54,3.1,INSUFFICIENT_DATA,0.0,none,none,inf,not_found,UNKNOWN,False,UNKNOWN,,"Sentinel-2 observation available but obscured by cloud cover (best: 66.6%, threshold: 30.0%)"
1246,Agricultural-context thermal event,0.55,"Agricultural-context thermal event
Supporting evidence:
- short-lived transient activity (active_days=1)
- moderate thermal power typical of crop burning (max_frp=6.5 MW)
- OSM industrial context is UNKNOWN
- land-cover context is UNKNOWN
- satellite observation unavailable/obscured",1,isolated,342.95,48.49,6.46,INSUFFICIENT_DATA,0.0,none,none,inf,not_found,UNKNOWN,False,UNKNOWN,,"Sentinel-2 observation available but obscured by cloud cover (best: 64.6%, threshold: 30.0%)"
1247,Unknown / Insufficient Evidence,0.0,"Unknown / Insufficient Evidence
Supporting evidence:
- insufficient or conflicting physical & contextual evidence
- OSM industrial context is UNKNOWN
- land-cover context is UNKNOWN
- satellite observation unavailable/obscured",1,isolated,330.08,36.2,2.82,INSUFFICIENT_DATA,0.0,none,none,inf,not_found,UNKNOWN,False,UNKNOWN,,"Sentinel-2 observation available but obscured by cloud cover (best: 64.6%, threshold: 30.0%)"
1248,Unknown / Insufficient Evidence,0.0,"Unknown / Insufficient Evidence
Supporting evidence:
- insufficient or conflicting physical & contextual evidence
- OSM industrial context is UNKNOWN
- land-cover context is UNKNOWN
- satellite observation unavailable/obscured",1,isolated,336.96,35.61,3.61,INSUFFICIENT_DATA,0.0,none,none,inf,not_found,UNKNOWN,False,UNKNOWN,,"Sentinel-2 observation available but obscured by cloud cover (best: 64.6%, threshold: 30.0%)"
1249,Unknown / Insufficient Evidence,0.0,"Unknown / Insufficient Evidence
Supporting evidence:
- insufficient or conflicting physical & contextual evidence
- OSM industrial context is UNKNOWN
- land-cover context is UNKNOWN
- satellite observation unavailable/obscured",1,isolated,332.97,41.14,3.81,INSUFFICIENT_DATA,0.0,none,none,inf,not_found,UNKNOWN,False,UNKNOWN,,"Sentinel-2 observation available but obscured by cloud cover (best: 64.6%, threshold: 30.0%)"
1250,Unknown / Insufficient Evidence,0.0,"Unknown / Insufficient Evidence
Supporting evidence:
- insufficient or conflicting physical & contextual evidence
- OSM industrial context is UNKNOWN
- land-cover context is UNKNOWN
- satellite observation unavailable/obscured",1,isolated,334.18,39.72,2.91,INSUFFICIENT_DATA,0.0,none,none,inf,not_found,UNKNOWN,False,UNKNOWN,,"Sentinel-2 observation available but obscured by cloud cover (best: 64.6%, threshold: 30.0%)"
1251,Agricultural-context thermal event,0.55,"Agricultural-context thermal event
Supporting evidence:
- short-lived transient activity (active_days=1)
- moderate thermal power typical of crop burning (max_frp=15.7 MW)
- OSM industrial context is UNKNOWN
- land-cover context is UNKNOWN
- satellite observation unavailable/obscured",1,isolated,367.0,65.32,15.67,INSUFFICIENT_DATA,0.0,none,none,inf,not_found,UNKNOWN,False,UNKNOWN,,"Sentinel-2 observation available but obscured by cloud cover (best: 73.6%, threshold: 30.0%)"
1252,Agricultural-context thermal event,0.55,"Agricultural-context thermal event
Supporting evidence:
- short-lived transient activity (active_days=1)
- moderate thermal power typical of crop burning (max_frp=16.9 MW)
- OSM industrial context is UNKNOWN
- land-cover context is UNKNOWN
- satellite observation unavailable/obscured",1,isolated,344.85,42.95,16.95,INSUFFICIENT_DATA,0.0,none,none,inf,not_found,UNKNOWN,False,UNKNOWN,,"Sentinel-2 observation available but obscured by cloud cover (best: 64.6%, threshold: 30.0%)"
1253,Agricultural-context thermal event,0.55,"Agricultural-context thermal event
Supporting evidence:
- short-lived transient activity (active_days=1)
- moderate thermal power typical of crop burning (max_frp=7.0 MW)
- OSM industrial context is UNKNOWN
- land-cover context is UNKNOWN
- satellite observation unavailable/obscured",1,isolated,350.7,54.58,7.04,INSUFFICIENT_DATA,0.0,none,none,inf,not_found,UNKNOWN,False,UNKNOWN,,"Sentinel-2 observation available but obscured by cloud cover (best: 76.8%, threshold: 30.0%)"
1254,Unknown / Insufficient Evidence,0.0,"Unknown / Insufficient Evidence
Supporting evidence:
- insufficient or conflicting physical & contextual evidence
- OSM industrial context is UNKNOWN
- land-cover context is UNKNOWN
- satellite observation unavailable/obscured",1,isolated,330.86,36.52,2.83,INSUFFICIENT_DATA,0.0,none,none,inf,not_found,UNKNOWN,False,UNKNOWN,,"Sentinel-2 observation available but obscured by cloud cover (best: 76.8%, threshold: 30.0%)"
1255,Unknown / Insufficient Evidence,0.0,"Unknown / Insufficient Evidence
Supporting evidence:
- insufficient or conflicting physical & contextual evidence
- OSM industrial context is UNKNOWN
- land-cover context is UNKNOWN
- satellite observation unavailable/obscured",1,isolated,332.67,37.11,2.15,INSUFFICIENT_DATA,0.0,none,none,inf,not_found,UNKNOWN,False,UNKNOWN,,"Sentinel-2 observation available but obscured by cloud cover (best: 79.6%, threshold: 30.0%)"
1256,Unknown / Insufficient Evidence,0.0,"Unknown / Insufficient Evidence
Supporting evidence:
- insufficient or conflicting physical & contextual evidence
- OSM industrial context is UNKNOWN
- land-cover context is UNKNOWN
- satellite observation unavailable/obscured",1,isolated,333.05,38.95,2.64,INSUFFICIENT_DATA,0.0,none,none,inf,not_found,UNKNOWN,False,UNKNOWN,,"Sentinel-2 observation available but obscured by cloud cover (best: 56.1%, threshold: 30.0%)"
1257,Industrial-context thermal event,0.45,"Industrial-context thermal event
Supporting evidence:
- high spectral brightness temperature contrast (bt_diff=44.0 K)
- industrial facility detected nearby (industrial at 1.27 km)
- land-cover context is UNKNOWN
- satellite observation unavailable/obscured",1,isolated,339.61,43.95,3.86,INSUFFICIENT_DATA,0.0,industrial,IOCL,1.273,found,UNKNOWN,False,UNKNOWN,,"Sentinel-2 observation available but obscured by cloud cover (best: 58.2%, threshold: 30.0%)"
1258,Industrial-context thermal event,0.45,"Industrial-context thermal event
Supporting evidence:
- high spectral brightness temperature contrast (bt_diff=39.6 K)
- industrial facility detected nearby (plant at 0.42 km)
- land-cover context is UNKNOWN
- satellite observation unavailable/obscured",1,isolated,337.08,39.61,5.06,INSUFFICIENT_DATA,0.0,plant,none,0.416,found,UNKNOWN,False,UNKNOWN,,"Sentinel-2 observation available but obscured by cloud cover (best: 59.1%, threshold: 30.0%)"
1259,Agricultural-context thermal event,0.55,"Agricultural-context thermal event
Supporting evidence:
- short-lived transient activity (active_days=1)
- moderate thermal power typical of crop burning (max_frp=5.5 MW)
- OSM industrial context is UNKNOWN
- land-cover context is UNKNOWN
- satellite observation unavailable/obscured",1,isolated,330.64,37.82,5.49,INSUFFICIENT_DATA,0.0,none,none,inf,not_found,UNKNOWN,False,UNKNOWN,,"Sentinel-2 observation available but obscured by cloud cover (best: 90.5%, threshold: 30.0%)"
1260,Agricultural-context thermal event,0.55,"Agricultural-context thermal event
Supporting evidence:
- short-lived transient activity (active_days=1)
- satellite CNN visual context is Pasture (model confidence=0.79)
- OSM industrial context is UNKNOWN
- land-cover context is UNKNOWN",1,isolated,335.23,40.87,2.79,INSUFFICIENT_DATA,0.0,none,none,inf,not_found,UNKNOWN,True,Pasture,0.7874,Satellite CNN prediction: Pasture (confidence: 0.79)
1261,Agricultural-context thermal event,0.55,"Agricultural-context thermal event
Supporting evidence:
- short-lived transient activity (active_days=1)
- moderate thermal power typical of crop burning (max_frp=6.9 MW)
- OSM industrial context is UNKNOWN
- land-cover context is UNKNOWN",1,isolated,349.66,57.93,6.91,INSUFFICIENT_DATA,0.0,none,none,inf,not_found,UNKNOWN,True,SeaLake,0.821,Satellite CNN prediction: SeaLake (confidence: 0.82)
1262,Unknown / Insufficient Evidence,0.0,"Unknown / Insufficient Evidence
Supporting evidence:
- insufficient or conflicting physical & contextual evidence
- OSM industrial context is UNKNOWN
- land-cover context is UNKNOWN",1,isolated,340.22,35.22,2.79,INSUFFICIENT_DATA,0.0,none,none,inf,not_found,UNKNOWN,True,SeaLake,0.9681,Satellite CNN prediction: SeaLake (confidence: 0.97)
1263,Agricultural-context thermal event,0.55,"Agricultural-context thermal event
Supporting evidence:
- short-lived transient activity (active_days=1)
- moderate thermal power typical of crop burning (max_frp=6.1 MW)
- OSM industrial context is UNKNOWN
- land-cover context is UNKNOWN",1,isolated,345.55,36.36,6.08,INSUFFICIENT_DATA,0.0,none,none,inf,not_found,UNKNOWN,True,SeaLake,0.976,Satellite CNN prediction: SeaLake (confidence: 0.98)
1264,Unknown / Insufficient Evidence,0.0,"Unknown / Insufficient Evidence
Supporting evidence:
- insufficient or conflicting physical & contextual evidence
- OSM industrial context is UNKNOWN
- land-cover context is UNKNOWN",1,isolated,334.22,29.21,1.97,INSUFFICIENT_DATA,0.0,none,none,inf,not_found,UNKNOWN,True,SeaLake,0.7352,Satellite CNN prediction: SeaLake (confidence: 0.74)
1265,Agricultural-context thermal event,0.55,"Agricultural-context thermal event
Supporting evidence:
- short-lived transient activity (active_days=1)
- moderate thermal power typical of crop burning (max_frp=5.2 MW)
- OSM industrial context is UNKNOWN
- land-cover context is UNKNOWN",1,isolated,335.88,36.88,5.18,INSUFFICIENT_DATA,0.0,none,none,inf,not_found,UNKNOWN,True,SeaLake,0.6129,Satellite CNN prediction: SeaLake (confidence: 0.61)
1266,Agricultural-context thermal event,0.55,"Agricultural-context thermal event
Supporting evidence:
- short-lived transient activity (active_days=1)
- moderate thermal power typical of crop burning (max_frp=7.1 MW)
- OSM industrial context is UNKNOWN
- land-cover context is UNKNOWN
- satellite observation unavailable/obscured",1,isolated,340.17,28.43,7.12,INSUFFICIENT_DATA,0.0,none,none,inf,not_found,UNKNOWN,False,UNKNOWN,,"Sentinel-2 observation available but obscured by cloud cover (best: 30.1%, threshold: 30.0%)"
1267,Unknown / Insufficient Evidence,0.0,"Unknown / Insufficient Evidence
Supporting evidence:
- insufficient or conflicting physical & contextual evidence
- OSM industrial context is UNKNOWN
- land-cover context is UNKNOWN
- satellite observation unavailable/obscured",1,isolated,334.47,27.59,1.97,INSUFFICIENT_DATA,0.0,none,none,inf,not_found,UNKNOWN,False,UNKNOWN,,"Sentinel-2 observation available but obscured by cloud cover (best: 30.1%, threshold: 30.0%)"
1268,Unknown / Insufficient Evidence,0.0,"Unknown / Insufficient Evidence
Supporting evidence:
- insufficient or conflicting physical & contextual evidence
- OSM industrial context is UNKNOWN
- land-cover context is UNKNOWN
- satellite observation unavailable/obscured",1,isolated,330.57,29.83,2.45,INSUFFICIENT_DATA,0.0,none,none,inf,not_found,UNKNOWN,False,UNKNOWN,,"Sentinel-2 observation available but obscured by cloud cover (best: 30.1%, threshold: 30.0%)"
1269,Unknown / Insufficient Evidence,0.0,"Unknown / Insufficient Evidence
Supporting evidence:
- insufficient or conflicting physical & contextual evidence
- OSM industrial context is UNKNOWN
- land-cover context is UNKNOWN",1,isolated,343.05,39.96,3.79,INSUFFICIENT_DATA,0.0,none,none,inf,not_found,UNKNOWN,True,SeaLake,0.6417,Satellite CNN prediction: SeaLake (confidence: 0.64)
1270,Unknown / Insufficient Evidence,0.0,"Unknown / Insufficient Evidence
Supporting evidence:
- insufficient or conflicting physical & contextual evidence
- OSM industrial context is UNKNOWN
- land-cover context is UNKNOWN
- satellite observation unavailable/obscured",1,isolated,333.92,31.79,1.93,INSUFFICIENT_DATA,0.0,none,none,inf,not_found,UNKNOWN,False,UNKNOWN,,"Sentinel-2 observation available but obscured by cloud cover (best: 54.9%, threshold: 30.0%)"
1271,Unknown / Insufficient Evidence,0.0,"Unknown / Insufficient Evidence
Supporting evidence:
- insufficient or conflicting physical & contextual evidence
- OSM industrial context is UNKNOWN
- land-cover context is UNKNOWN
- satellite observation unavailable/obscured",1,isolated,338.99,35.07,3.52,INSUFFICIENT_DATA,0.0,none,none,inf,not_found,UNKNOWN,False,UNKNOWN,,"Sentinel-2 observation available but obscured by cloud cover (best: 82.4%, threshold: 30.0%)"
1272,Unknown / Insufficient Evidence,0.0,"Unknown / Insufficient Evidence
Supporting evidence:
- insufficient or conflicting physical & contextual evidence
- OSM industrial context is UNKNOWN
- land-cover context is UNKNOWN
- satellite observation unavailable/obscured",1,isolated,331.05,35.21,1.0,INSUFFICIENT_DATA,0.0,none,none,inf,not_found,UNKNOWN,False,UNKNOWN,,"Sentinel-2 observation available but obscured by cloud cover (best: 82.4%, threshold: 30.0%)"
1273,Unknown / Insufficient Evidence,0.0,"Unknown / Insufficient Evidence
Supporting evidence:
- insufficient or conflicting physical & contextual evidence
- OSM industrial context is UNKNOWN
- land-cover context is UNKNOWN
- satellite observation unavailable/obscured",1,isolated,336.57,30.47,2.3,INSUFFICIENT_DATA,0.0,none,none,inf,not_found,UNKNOWN,False,UNKNOWN,,"Sentinel-2 observation available but obscured by cloud cover (best: 92.6%, threshold: 30.0%)"
1274,Industrial-context thermal event,0.45,"Industrial-context thermal event
Supporting evidence:
- high spectral brightness temperature contrast (bt_diff=32.9 K)
- industrial facility detected nearby (plant at 1.97 km)
- land-cover context is UNKNOWN
- satellite observation unavailable/obscured",1,isolated,341.73,32.92,7.37,INSUFFICIENT_DATA,0.0,plant,none,1.973,found,UNKNOWN,False,UNKNOWN,,"Sentinel-2 observation available but obscured by cloud cover (best: 82.4%, threshold: 30.0%)"
1275,Industrial-context thermal event,0.45,"Industrial-context thermal event
Supporting evidence:
- high spectral brightness temperature contrast (bt_diff=30.5 K)
- industrial facility detected nearby (plant at 1.37 km)
- land-cover context is UNKNOWN
- satellite observation unavailable/obscured",1,isolated,340.48,30.52,4.65,INSUFFICIENT_DATA,0.0,plant,none,1.374,found,UNKNOWN,False,UNKNOWN,,"Sentinel-2 observation available but obscured by cloud cover (best: 70.2%, threshold: 30.0%)"
1276,Unknown / Insufficient Evidence,0.0,"Unknown / Insufficient Evidence
Supporting evidence:
- insufficient or conflicting physical & contextual evidence
- OSM industrial context is UNKNOWN
- land-cover context is UNKNOWN
- satellite observation unavailable/obscured",1,isolated,333.02,27.85,2.64,INSUFFICIENT_DATA,0.0,none,none,inf,not_found,UNKNOWN,False,UNKNOWN,,"Sentinel-2 observation available but obscured by cloud cover (best: 67.6%, threshold: 30.0%)"
1277,Unknown / Insufficient Evidence,0.0,"Unknown / Insufficient Evidence
Supporting evidence:
- insufficient or conflicting physical & contextual evidence
- OSM industrial context is UNKNOWN
- land-cover context is UNKNOWN
- satellite observation unavailable/obscured",1,isolated,340.99,29.37,4.7,INSUFFICIENT_DATA,0.0,none,none,inf,not_found,UNKNOWN,False,UNKNOWN,,"Sentinel-2 observation available but obscured by cloud cover (best: 82.4%, threshold: 30.0%)"
1278,Unknown / Insufficient Evidence,0.0,"Unknown / Insufficient Evidence
Supporting evidence:
- insufficient or conflicting physical & contextual evidence
- land-cover context is UNKNOWN
- satellite observation unavailable/obscured",1,isolated,337.08,34.04,1.88,INSUFFICIENT_DATA,0.0,industrial,none,1.415,found,UNKNOWN,False,UNKNOWN,,"Sentinel-2 observation available but obscured by cloud cover (best: 67.6%, threshold: 30.0%)"
1279,Agricultural-context thermal event,0.55,"Agricultural-context thermal event
Supporting evidence:
- short-lived transient activity (active_days=1)
- moderate thermal power typical of crop burning (max_frp=5.6 MW)
- OSM industrial context is UNKNOWN
- land-cover context is UNKNOWN
- satellite observation unavailable/obscured",1,isolated,335.58,28.62,5.59,INSUFFICIENT_DATA,0.0,none,none,inf,not_found,UNKNOWN,False,UNKNOWN,,"Sentinel-2 observation available but obscured by cloud cover (best: 86.3%, threshold: 30.0%)"
1280,Unknown / Insufficient Evidence,0.0,"Unknown / Insufficient Evidence
Supporting evidence:
- insufficient or conflicting physical & contextual evidence
- land-cover context is UNKNOWN
- satellite observation unavailable/obscured",1,isolated,336.22,29.45,3.04,INSUFFICIENT_DATA,0.0,industrial,none,1.249,found,UNKNOWN,False,UNKNOWN,,"Sentinel-2 observation available but obscured by cloud cover (best: 86.3%, threshold: 30.0%)"
1281,Unknown / Insufficient Evidence,0.0,"Unknown / Insufficient Evidence
Supporting evidence:
- insufficient or conflicting physical & contextual evidence
- OSM industrial context is UNKNOWN
- land-cover context is UNKNOWN
- satellite observation unavailable/obscured",1,isolated,337.1,28.53,3.79,INSUFFICIENT_DATA,0.0,none,none,inf,not_found,UNKNOWN,False,UNKNOWN,,"Sentinel-2 observation available but obscured by cloud cover (best: 89.2%, threshold: 30.0%)"
1282,Unknown / Insufficient Evidence,0.0,"Unknown / Insufficient Evidence
Supporting evidence:
- insufficient or conflicting physical & contextual evidence
- OSM industrial context is UNKNOWN
- land-cover context is UNKNOWN
- satellite observation unavailable/obscured",1,isolated,340.59,36.05,3.81,INSUFFICIENT_DATA,0.0,none,none,inf,not_found,UNKNOWN,False,UNKNOWN,,"Sentinel-2 observation available but obscured by cloud cover (best: 89.2%, threshold: 30.0%)"
1283,Unknown / Insufficient Evidence,0.0,"Unknown / Insufficient Evidence
Supporting evidence:
- insufficient or conflicting physical & contextual evidence
- OSM industrial context is UNKNOWN
- land-cover context is UNKNOWN
- satellite observation unavailable/obscured",1,isolated,331.84,29.68,3.47,INSUFFICIENT_DATA,0.0,none,none,inf,not_found,UNKNOWN,False,UNKNOWN,,"Sentinel-2 observation available but obscured by cloud cover (best: 70.2%, threshold: 30.0%)"
1284,Unknown / Insufficient Evidence,0.0,"Unknown / Insufficient Evidence
Supporting evidence:
- insufficient or conflicting physical & contextual evidence
- OSM industrial context is UNKNOWN
- land-cover context is UNKNOWN
- satellite observation unavailable/obscured",1,isolated,338.37,29.66,4.34,INSUFFICIENT_DATA,0.0,none,none,inf,not_found,UNKNOWN,False,UNKNOWN,,"Sentinel-2 observation available but obscured by cloud cover (best: 70.2%, threshold: 30.0%)"
1285,Unknown / Insufficient Evidence,0.0,"Unknown / Insufficient Evidence
Supporting evidence:
- insufficient or conflicting physical & contextual evidence
- land-cover context is UNKNOWN
- satellite observation unavailable/obscured",1,isolated,338.94,32.75,4.97,INSUFFICIENT_DATA,0.0,plant,none,1.407,found,UNKNOWN,False,UNKNOWN,,"Sentinel-2 observation available but obscured by cloud cover (best: 70.2%, threshold: 30.0%)"
1286,Unknown / Insufficient Evidence,0.0,"Unknown / Insufficient Evidence
Supporting evidence:
- insufficient or conflicting physical & contextual evidence
- OSM industrial context is UNKNOWN
- land-cover context is UNKNOWN
- satellite observation unavailable/obscured",1,isolated,335.42,30.88,2.44,INSUFFICIENT_DATA,0.0,none,none,inf,not_found,UNKNOWN,False,UNKNOWN,,"Sentinel-2 observation available but obscured by cloud cover (best: 70.2%, threshold: 30.0%)"
1287,Unknown / Insufficient Evidence,0.0,"Unknown / Insufficient Evidence
Supporting evidence:
- insufficient or conflicting physical & contextual evidence
- OSM industrial context is UNKNOWN
- land-cover context is UNKNOWN
- satellite observation unavailable/obscured",1,isolated,339.77,36.07,3.96,INSUFFICIENT_DATA,0.0,none,none,inf,not_found,UNKNOWN,False,UNKNOWN,,"Sentinel-2 observation available but obscured by cloud cover (best: 70.2%, threshold: 30.0%)"
1288,Unknown / Insufficient Evidence,0.0,"Unknown / Insufficient Evidence
Supporting evidence:
- insufficient or conflicting physical & contextual evidence
- OSM industrial context is UNKNOWN
- land-cover context is UNKNOWN
- satellite observation unavailable/obscured",1,isolated,337.5,29.34,3.7,INSUFFICIENT_DATA,0.0,none,none,inf,not_found,UNKNOWN,False,UNKNOWN,,"Sentinel-2 observation available but obscured by cloud cover (best: 70.2%, threshold: 30.0%)"
1289,Agricultural-context thermal event,0.55,"Agricultural-context thermal event
Supporting evidence:
- short-lived transient activity (active_days=1)
- moderate thermal power typical of crop burning (max_frp=5.8 MW)
- OSM industrial context is UNKNOWN
- land-cover context is UNKNOWN
- satellite observation unavailable/obscured",1,isolated,339.7,32.34,5.77,INSUFFICIENT_DATA,0.0,none,none,inf,not_found,UNKNOWN,False,UNKNOWN,,"Sentinel-2 observation available but obscured by cloud cover (best: 70.2%, threshold: 30.0%)"
1290,Agricultural-context thermal event,0.55,"Agricultural-context thermal event
Supporting evidence:
- short-lived transient activity (active_days=1)
- moderate thermal power typical of crop burning (max_frp=5.0 MW)
- OSM industrial context is UNKNOWN
- land-cover context is UNKNOWN
- satellite observation unavailable/obscured",1,isolated,343.91,42.11,5.05,INSUFFICIENT_DATA,0.0,none,none,inf,not_found,UNKNOWN,False,UNKNOWN,,"Sentinel-2 observation available but obscured by cloud cover (best: 90.3%, threshold: 30.0%)"
1291,Unknown / Insufficient Evidence,0.0,"Unknown / Insufficient Evidence
Supporting evidence:
- insufficient or conflicting physical & contextual evidence
- land-cover context is UNKNOWN
- satellite observation unavailable/obscured",1,isolated,331.42,30.89,2.61,INSUFFICIENT_DATA,0.0,industrial,Palacode Sugars,1.477,found,UNKNOWN,False,UNKNOWN,,"Sentinel-2 observation available but obscured by cloud cover (best: 96.8%, threshold: 30.0%)"
1292,Unknown / Insufficient Evidence,0.0,"Unknown / Insufficient Evidence
Supporting evidence:
- insufficient or conflicting physical & contextual evidence
- OSM industrial context is UNKNOWN
- land-cover context is UNKNOWN
- satellite observation unavailable/obscured",1,isolated,335.43,37.2,3.63,INSUFFICIENT_DATA,0.0,none,none,inf,not_found,UNKNOWN,False,UNKNOWN,,"Sentinel-2 observation available but obscured by cloud cover (best: 81.9%, threshold: 30.0%)"
1293,Industrial-context thermal event,0.45,"Industrial-context thermal event
Supporting evidence:
- high spectral brightness temperature contrast (bt_diff=35.8 K)
- industrial facility detected nearby (industrial at 1.51 km)
- land-cover context is UNKNOWN
- satellite observation unavailable/obscured",1,isolated,332.75,35.76,2.83,INSUFFICIENT_DATA,0.0,industrial,none,1.513,found,UNKNOWN,False,UNKNOWN,,"Sentinel-2 observation available but obscured by cloud cover (best: 81.9%, threshold: 30.0%)"
1294,Agricultural-context thermal event,0.55,"Agricultural-context thermal event
Supporting evidence:
- short-lived transient activity (active_days=1)
- moderate thermal power typical of crop burning (max_frp=8.1 MW)
- OSM industrial context is UNKNOWN
- land-cover context is UNKNOWN
- satellite observation unavailable/obscured",1,isolated,336.55,38.46,8.07,INSUFFICIENT_DATA,0.0,none,none,inf,not_found,UNKNOWN,False,UNKNOWN,,"Sentinel-2 observation available but obscured by cloud cover (best: 81.9%, threshold: 30.0%)"
1295,Industrial-context thermal event,0.45,"Industrial-context thermal event
Supporting evidence:
- high spectral brightness temperature contrast (bt_diff=35.2 K)
- industrial facility detected nearby (industrial at 0.15 km)
- land-cover context is UNKNOWN
- satellite observation unavailable/obscured",1,isolated,334.14,35.23,2.67,INSUFFICIENT_DATA,0.0,industrial,none,0.147,found,UNKNOWN,False,UNKNOWN,,"Sentinel-2 observation available but obscured by cloud cover (best: 93.8%, threshold: 30.0%)"
1296,Industrial-context thermal event,0.45,"Industrial-context thermal event
Supporting evidence:
- high spectral brightness temperature contrast (bt_diff=41.4 K)
- industrial facility detected nearby (industrial at 1.52 km)
- land-cover context is UNKNOWN
- satellite observation unavailable/obscured",1,isolated,341.7,41.35,19.62,INSUFFICIENT_DATA,0.0,industrial,KWIN City,1.522,found,UNKNOWN,False,UNKNOWN,,"Sentinel-2 observation available but obscured by cloud cover (best: 93.8%, threshold: 30.0%)"
1297,Agricultural-context thermal event,0.55,"Agricultural-context thermal event
Supporting evidence:
- short-lived transient activity (active_days=1)
- moderate thermal power typical of crop burning (max_frp=7.5 MW)
- OSM industrial context is UNKNOWN
- land-cover context is UNKNOWN
- satellite observation unavailable/obscured",1,isolated,344.78,41.5,7.5,INSUFFICIENT_DATA,0.0,none,none,inf,not_found,UNKNOWN,False,UNKNOWN,,"Sentinel-2 observation available but obscured by cloud cover (best: 64.6%, threshold: 30.0%)"
1298,Unknown / Insufficient Evidence,0.0,"Unknown / Insufficient Evidence
Supporting evidence:
- insufficient or conflicting physical & contextual evidence
- OSM industrial context is UNKNOWN
- land-cover context is UNKNOWN
- satellite observation unavailable/obscured",1,isolated,336.1,36.76,3.0,INSUFFICIENT_DATA,0.0,none,none,inf,not_found,UNKNOWN,False,UNKNOWN,,"Sentinel-2 observation available but obscured by cloud cover (best: 64.6%, threshold: 30.0%)"
1299,Unknown / Insufficient Evidence,0.0,"Unknown / Insufficient Evidence
Supporting evidence:
- insufficient or conflicting physical & contextual evidence
- OSM industrial context is UNKNOWN
- land-cover context is UNKNOWN
- satellite observation unavailable/obscured",1,isolated,336.47,37.02,3.95,INSUFFICIENT_DATA,0.0,none,none,inf,not_found,UNKNOWN,False,UNKNOWN,,"Sentinel-2 observation available but obscured by cloud cover (best: 64.6%, threshold: 30.0%)"
1300,Unknown / Insufficient Evidence,0.0,"Unknown / Insufficient Evidence
Supporting evidence:
- insufficient or conflicting physical & contextual evidence
- OSM industrial context is UNKNOWN
- land-cover context is UNKNOWN
- satellite observation unavailable/obscured",1,isolated,337.37,42.24,4.21,INSUFFICIENT_DATA,0.0,none,none,inf,not_found,UNKNOWN,False,UNKNOWN,,"Sentinel-2 observation available but obscured by cloud cover (best: 76.8%, threshold: 30.0%)"
1301,Unknown / Insufficient Evidence,0.0,"Unknown / Insufficient Evidence
Supporting evidence:
- insufficient or conflicting physical & contextual evidence
- OSM industrial context is UNKNOWN
- land-cover context is UNKNOWN
- satellite observation unavailable/obscured",1,isolated,334.52,34.0,3.09,INSUFFICIENT_DATA,0.0,none,none,inf,not_found,UNKNOWN,False,UNKNOWN,,"Sentinel-2 observation available but obscured by cloud cover (best: 64.8%, threshold: 30.0%)"
1302,Agricultural-context thermal event,0.55,"Agricultural-context thermal event
Supporting evidence:
- short-lived transient activity (active_days=1)
- moderate thermal power typical of crop burning (max_frp=6.7 MW)
- OSM industrial context is UNKNOWN
- land-cover context is UNKNOWN
- satellite observation unavailable/obscured",1,isolated,334.57,31.82,6.67,INSUFFICIENT_DATA,0.0,none,none,inf,not_found,UNKNOWN,False,UNKNOWN,,"Sentinel-2 observation available but obscured by cloud cover (best: 81.5%, threshold: 30.0%)"
1303,Unknown / Insufficient Evidence,0.0,"Unknown / Insufficient Evidence
Supporting evidence:
- insufficient or conflicting physical & contextual evidence
- OSM industrial context is UNKNOWN
- land-cover context is UNKNOWN",1,isolated,337.78,40.37,135.46,INSUFFICIENT_DATA,0.0,none,none,inf,not_found,UNKNOWN,True,AnnualCrop,0.3675,Satellite CNN prediction: AnnualCrop (confidence: 0.37)
1304,Agricultural-context thermal event,0.55,"Agricultural-context thermal event
Supporting evidence:
- short-lived transient activity (active_days=1)
- moderate thermal power typical of crop burning (max_frp=14.7 MW)
- OSM industrial context is UNKNOWN
- land-cover context is UNKNOWN
- satellite observation unavailable/obscured",1,isolated,340.5,34.82,14.67,INSUFFICIENT_DATA,0.0,none,none,inf,not_found,UNKNOWN,False,UNKNOWN,,"Sentinel-2 observation available but obscured by cloud cover (best: 76.8%, threshold: 30.0%)"
1305,Unknown / Insufficient Evidence,0.0,"Unknown / Insufficient Evidence
Supporting evidence:
- insufficient or conflicting physical & contextual evidence
- OSM industrial context is UNKNOWN
- land-cover context is UNKNOWN
- satellite observation unavailable/obscured",1,isolated,332.2,29.3,4.95,INSUFFICIENT_DATA,0.0,none,none,inf,not_found,UNKNOWN,False,UNKNOWN,,"Sentinel-2 observation available but obscured by cloud cover (best: 81.5%, threshold: 30.0%)"
1306,Agricultural-context thermal event,0.55,"Agricultural-context thermal event
Supporting evidence:
- short-lived transient activity (active_days=1)
- moderate thermal power typical of crop burning (max_frp=10.6 MW)
- OSM industrial context is UNKNOWN
- land-cover context is UNKNOWN
- satellite observation unavailable/obscured",1,isolated,339.73,39.72,10.58,INSUFFICIENT_DATA,0.0,none,none,inf,not_found,UNKNOWN,False,UNKNOWN,,"Sentinel-2 observation available but obscured by cloud cover (best: 99.6%, threshold: 30.0%)"
1307,Unknown / Insufficient Evidence,0.0,"Unknown / Insufficient Evidence
Supporting evidence:
- insufficient or conflicting physical & contextual evidence
- OSM industrial context is UNKNOWN
- land-cover context is UNKNOWN
- satellite observation unavailable/obscured",1,isolated,338.7,35.74,4.21,INSUFFICIENT_DATA,0.0,none,none,inf,not_found,UNKNOWN,False,UNKNOWN,,"Sentinel-2 observation available but obscured by cloud cover (best: 76.8%, threshold: 30.0%)"
1308,Unknown / Insufficient Evidence,0.0,"Unknown / Insufficient Evidence
Supporting evidence:
- insufficient or conflicting physical & contextual evidence
- OSM industrial context is UNKNOWN
- land-cover context is UNKNOWN
- satellite observation unavailable/obscured",1,isolated,336.18,35.68,3.14,INSUFFICIENT_DATA,0.0,none,none,inf,not_found,UNKNOWN,False,UNKNOWN,,"Sentinel-2 observation available but obscured by cloud cover (best: 54.2%, threshold: 30.0%)"
1309,Unknown / Insufficient Evidence,0.0,"Unknown / Insufficient Evidence
Supporting evidence:
- insufficient or conflicting physical & contextual evidence
- OSM industrial context is UNKNOWN
- land-cover context is UNKNOWN
- satellite observation unavailable/obscured",1,isolated,334.6,35.88,1.71,INSUFFICIENT_DATA,0.0,none,none,inf,not_found,UNKNOWN,False,UNKNOWN,,"Sentinel-2 observation available but obscured by cloud cover (best: 54.2%, threshold: 30.0%)"
1310,Unknown / Insufficient Evidence,0.0,"Unknown / Insufficient Evidence
Supporting evidence:
- insufficient or conflicting physical & contextual evidence
- OSM industrial context is UNKNOWN
- land-cover context is UNKNOWN
- satellite observation unavailable/obscured",1,isolated,338.95,35.72,3.81,INSUFFICIENT_DATA,0.0,none,none,inf,not_found,UNKNOWN,False,UNKNOWN,,"Sentinel-2 observation available but obscured by cloud cover (best: 54.2%, threshold: 30.0%)"
1311,Unknown / Insufficient Evidence,0.0,"Unknown / Insufficient Evidence
Supporting evidence:
- insufficient or conflicting physical & contextual evidence
- OSM industrial context is UNKNOWN
- land-cover context is UNKNOWN
- satellite observation unavailable/obscured",1,isolated,338.78,35.98,3.8,INSUFFICIENT_DATA,0.0,none,none,inf,not_found,UNKNOWN,False,UNKNOWN,,"Sentinel-2 observation available but obscured by cloud cover (best: 54.2%, threshold: 30.0%)"
1312,Unknown / Insufficient Evidence,0.0,"Unknown / Insufficient Evidence
Supporting evidence:
- insufficient or conflicting physical & contextual evidence
- OSM industrial context is UNKNOWN
- land-cover context is UNKNOWN
- satellite observation unavailable/obscured",1,isolated,336.74,42.14,4.11,INSUFFICIENT_DATA,0.0,none,none,inf,not_found,UNKNOWN,False,UNKNOWN,,"Sentinel-2 observation available but obscured by cloud cover (best: 84.5%, threshold: 30.0%)"
1313,Unknown / Insufficient Evidence,0.0,"Unknown / Insufficient Evidence
Supporting evidence:
- insufficient or conflicting physical & contextual evidence
- OSM industrial context is UNKNOWN
- land-cover context is UNKNOWN
- satellite observation unavailable/obscured",1,isolated,330.62,31.31,1.89,INSUFFICIENT_DATA,0.0,none,none,inf,not_found,UNKNOWN,False,UNKNOWN,,"Sentinel-2 observation available but obscured by cloud cover (best: 49.4%, threshold: 30.0%)"
1314,Unknown / Insufficient Evidence,0.0,"Unknown / Insufficient Evidence
Supporting evidence:
- insufficient or conflicting physical & contextual evidence
- OSM industrial context is UNKNOWN
- land-cover context is UNKNOWN
- satellite observation unavailable/obscured",1,isolated,330.16,35.78,2.65,INSUFFICIENT_DATA,0.0,none,none,inf,not_found,UNKNOWN,False,UNKNOWN,,"Sentinel-2 observation available but obscured by cloud cover (best: 57.6%, threshold: 30.0%)"
1315,Agricultural-context thermal event,0.55,"Agricultural-context thermal event
Supporting evidence:
- short-lived transient activity (active_days=1)
- satellite CNN visual context is Pasture (model confidence=1.00)
- OSM industrial context is UNKNOWN
- land-cover context is UNKNOWN",1,isolated,345.55,44.75,3.58,INSUFFICIENT_DATA,0.0,none,none,inf,not_found,UNKNOWN,True,Pasture,0.9999,Satellite CNN prediction: Pasture (confidence: 1.00)
1316,Agricultural-context thermal event,0.55,"Agricultural-context thermal event
Supporting evidence:
- short-lived transient activity (active_days=2)
- minor localized plot displacement
- OSM industrial context is UNKNOWN
- land-cover context is UNKNOWN
- satellite observation unavailable/obscured",2,short_lived_repeated,306.25,18.62,1.3,STATIONARY,0.188,none,none,inf,not_found,UNKNOWN,False,UNKNOWN,,"Sentinel-2 observation available but obscured by cloud cover (best: 86.5%, threshold: 30.0%)"
1317,Industrial-context thermal event,0.65,"Industrial-context thermal event
Supporting evidence:
- activity is recurring (active_days=2)
- activity is spatially stationary (displacement=0.14 km)
- industrial facility detected nearby (cooling at 1.53 km)
- land-cover context is UNKNOWN
- satellite observation unavailable/obscured",2,short_lived_repeated,309.03,18.89,3.18,STATIONARY,0.143,cooling,none,1.533,found,UNKNOWN,False,UNKNOWN,,"Sentinel-2 observation available but obscured by cloud cover (best: 81.8%, threshold: 30.0%)"
1318,Unknown / Insufficient Evidence,0.0,"Unknown / Insufficient Evidence
Supporting evidence:
- insufficient or conflicting physical & contextual evidence
- OSM industrial context is UNKNOWN
- land-cover context is UNKNOWN
- satellite observation unavailable/obscured",1,isolated,310.06,26.05,2.1,INSUFFICIENT_DATA,0.0,none,none,inf,not_found,UNKNOWN,False,UNKNOWN,,"Sentinel-2 observation available but obscured by cloud cover (best: 46.4%, threshold: 30.0%)"
1319,Unknown / Insufficient Evidence,0.0,"Unknown / Insufficient Evidence
Supporting evidence:
- insufficient or conflicting physical & contextual evidence
- land-cover context is UNKNOWN
- satellite observation unavailable/obscured",1,isolated,300.25,22.72,1.25,INSUFFICIENT_DATA,0.0,industrial,none,1.898,found,UNKNOWN,False,UNKNOWN,,"Sentinel-2 observation available but obscured by cloud cover (best: 46.4%, threshold: 30.0%)"
1320,Industrial-context thermal event,0.65,"Industrial-context thermal event
Supporting evidence:
- activity is recurring (active_days=2)
- activity is spatially stationary (displacement=0.18 km)
- industrial facility detected nearby (industrial at 0.20 km)
- land-cover context is UNKNOWN
- satellite observation unavailable/obscured",2,short_lived_repeated,309.23,19.09,2.28,STATIONARY,0.185,industrial,Prakash Industries Steel Plant,0.202,found,UNKNOWN,False,UNKNOWN,,"Sentinel-2 observation available but obscured by cloud cover (best: 99.9%, threshold: 30.0%)"
1321,Unknown / Insufficient Evidence,0.0,"Unknown / Insufficient Evidence
Supporting evidence:
- insufficient or conflicting physical & contextual evidence
- OSM industrial context is UNKNOWN
- land-cover context is UNKNOWN
- satellite observation unavailable/obscured",1,isolated,298.19,14.42,1.99,INSUFFICIENT_DATA,0.0,none,none,inf,not_found,UNKNOWN,False,UNKNOWN,,"Sentinel-2 observation available but obscured by cloud cover (best: 99.9%, threshold: 30.0%)"
1322,Unknown / Insufficient Evidence,0.0,"Unknown / Insufficient Evidence
Supporting evidence:
- insufficient or conflicting physical & contextual evidence
- land-cover context is UNKNOWN
- satellite observation unavailable/obscured",1,isolated,299.72,19.61,0.81,INSUFFICIENT_DATA,0.0,industrial,Arjas Steel Plant,0.667,found,UNKNOWN,False,UNKNOWN,,"Sentinel-2 observation available but obscured by cloud cover (best: 66.3%, threshold: 30.0%)"
1323,Unknown / Insufficient Evidence,0.0,"Unknown / Insufficient Evidence
Supporting evidence:
- insufficient or conflicting physical & contextual evidence
- land-cover context is UNKNOWN
- satellite observation unavailable/obscured",1,isolated,306.23,18.23,1.89,INSUFFICIENT_DATA,0.0,industrial,Ultratech Cement Limited,0.421,found,UNKNOWN,False,UNKNOWN,,"Sentinel-2 observation available but obscured by cloud cover (best: 66.3%, threshold: 30.0%)"
1324,Unknown / Insufficient Evidence,0.0,"Unknown / Insufficient Evidence
Supporting evidence:
- insufficient or conflicting physical & contextual evidence
- land-cover context is UNKNOWN
- satellite observation unavailable/obscured",1,isolated,304.88,14.11,1.57,INSUFFICIENT_DATA,0.0,industrial,none,0.153,found,UNKNOWN,False,UNKNOWN,,"Sentinel-2 observation available but obscured by cloud cover (best: 77.9%, threshold: 30.0%)"
1325,Agricultural-context thermal event,0.55,"Agricultural-context thermal event
Supporting evidence:
- short-lived transient activity (active_days=2)
- moderate thermal power typical of crop burning (max_frp=6.0 MW)
- OSM industrial context is UNKNOWN
- land-cover context is UNKNOWN
- satellite observation unavailable/obscured",2,short_lived_repeated,335.92,47.54,6.03,MOVING,1.295,none,none,inf,not_found,UNKNOWN,False,UNKNOWN,,"Sentinel-2 observation available but obscured by cloud cover (best: 92.6%, threshold: 30.0%)"
1326,Forest/Natural-context thermal event,0.55,"Forest/Natural-context thermal event
Supporting evidence:
- active spatial displacement observed (movement=0.92 km)
- multi-day active fire duration
- OSM industrial context is UNKNOWN
- land-cover context is UNKNOWN
- satellite observation unavailable/obscured",2,short_lived_repeated,338.27,58.95,4.27,MOVING,0.923,none,none,inf,not_found,UNKNOWN,False,UNKNOWN,,"Sentinel-2 observation available but obscured by cloud cover (best: 92.6%, threshold: 30.0%)"
1327,Industrial-context thermal event,0.8,"Industrial-context thermal event
Supporting evidence:
- activity is persistent (active_days=4)
- activity is spatially stationary (displacement=0.09 km)
- industrial facility detected nearby (industrial at 0.32 km)
- land-cover context is UNKNOWN
- satellite observation unavailable/obscured",4,short_lived_repeated,308.92,14.49,2.75,STATIONARY,0.093,industrial,none,0.321,found,UNKNOWN,False,UNKNOWN,,"Sentinel-2 observation available but obscured by cloud cover (best: 86.3%, threshold: 30.0%)"
1328,Industrial-context thermal event,0.65,"Industrial-context thermal event
Supporting evidence:
- activity is recurring (active_days=3)
- activity is spatially stationary (displacement=0.13 km)
- industrial facility detected nearby (works at 0.43 km)
- land-cover context is UNKNOWN
- satellite observation unavailable/obscured",3,short_lived_repeated,311.44,18.58,1.44,STATIONARY,0.126,works,Birla Cement,0.433,found,UNKNOWN,False,UNKNOWN,,"Sentinel-2 observation available but obscured by cloud cover (best: 48.8%, threshold: 30.0%)"
1329,Unknown / Insufficient Evidence,0.0,"Unknown / Insufficient Evidence
Supporting evidence:
- insufficient or conflicting physical & contextual evidence
- land-cover context is UNKNOWN",1,isolated,305.83,14.6,0.72,INSUFFICIENT_DATA,0.0,industrial,none,0.052,found,UNKNOWN,True,HerbaceousVegetation,0.9637,Satellite CNN prediction: HerbaceousVegetation (confidence: 0.96)
1330,Unknown / Insufficient Evidence,0.0,"Unknown / Insufficient Evidence
Supporting evidence:
- insufficient or conflicting physical & contextual evidence
- land-cover context is UNKNOWN
- satellite observation unavailable/obscured",1,isolated,306.6,16.29,2.46,INSUFFICIENT_DATA,0.0,works,UltraTech Cement Ltd Factory,0.258,found,UNKNOWN,False,UNKNOWN,,"Sentinel-2 observation available but obscured by cloud cover (best: 79.6%, threshold: 30.0%)"
1331,Unknown / Insufficient Evidence,0.0,"Unknown / Insufficient Evidence
Supporting evidence:
- insufficient or conflicting physical & contextual evidence
- land-cover context is UNKNOWN
- satellite observation unavailable/obscured",1,isolated,307.97,18.19,0.63,INSUFFICIENT_DATA,0.0,industrial,none,0.305,found,UNKNOWN,False,UNKNOWN,,"Sentinel-2 observation available but obscured by cloud cover (best: 49.4%, threshold: 30.0%)"
1332,Unknown / Insufficient Evidence,0.0,"Unknown / Insufficient Evidence
Supporting evidence:
- insufficient or conflicting physical & contextual evidence
- land-cover context is UNKNOWN
- satellite observation unavailable/obscured",1,isolated,303.3,12.77,1.08,INSUFFICIENT_DATA,0.0,industrial,none,0.218,found,UNKNOWN,False,UNKNOWN,,"Sentinel-2 observation available but obscured by cloud cover (best: 60.6%, threshold: 30.0%)"
1333,Unknown / Insufficient Evidence,0.0,"Unknown / Insufficient Evidence
Supporting evidence:
- insufficient or conflicting physical & contextual evidence
- OSM industrial context is UNKNOWN
- land-cover context is UNKNOWN
- satellite observation unavailable/obscured",1,isolated,328.2,44.84,2.05,INSUFFICIENT_DATA,0.0,none,none,inf,not_found,UNKNOWN,False,UNKNOWN,,"Sentinel-2 observation available but obscured by cloud cover (best: 54.9%, threshold: 30.0%)"
1334,Unknown / Insufficient Evidence,0.0,"Unknown / Insufficient Evidence
Supporting evidence:
- insufficient or conflicting physical & contextual evidence
- OSM industrial context is UNKNOWN
- land-cover context is UNKNOWN
- satellite observation unavailable/obscured",1,isolated,309.94,19.8,1.05,INSUFFICIENT_DATA,0.0,none,none,inf,not_found,UNKNOWN,False,UNKNOWN,,"Sentinel-2 observation available but obscured by cloud cover (best: 78.7%, threshold: 30.0%)"
1335,Unknown / Insufficient Evidence,0.0,"Unknown / Insufficient Evidence
Supporting evidence:
- insufficient or conflicting physical & contextual evidence
- land-cover context is UNKNOWN
- satellite observation unavailable/obscured",1,isolated,311.57,21.77,2.21,INSUFFICIENT_DATA,0.0,cooling,none,0.135,found,UNKNOWN,False,UNKNOWN,,"Sentinel-2 observation available but obscured by cloud cover (best: 78.7%, threshold: 30.0%)"
1336,Unknown / Insufficient Evidence,0.0,"Unknown / Insufficient Evidence
Supporting evidence:
- insufficient or conflicting physical & contextual evidence
- land-cover context is UNKNOWN
- satellite observation unavailable/obscured",1,isolated,314.41,27.45,1.85,INSUFFICIENT_DATA,0.0,industrial,Shatavahana Kudatini Steels,0.197,found,UNKNOWN,False,UNKNOWN,,"Sentinel-2 observation available but obscured by cloud cover (best: 78.7%, threshold: 30.0%)"
1337,Agricultural-context thermal event,0.4,"Agricultural-context thermal event
Supporting evidence:
- short-lived transient activity (active_days=1)
- satellite CNN visual context is AnnualCrop (model confidence=0.61)
- land-cover context is UNKNOWN",1,isolated,298.11,12.33,0.84,INSUFFICIENT_DATA,0.0,industrial,Vedanta Limited,0.135,found,UNKNOWN,True,AnnualCrop,0.6128,Satellite CNN prediction: AnnualCrop (confidence: 0.61)
1338,Unknown / Insufficient Evidence,0.0,"Unknown / Insufficient Evidence
Supporting evidence:
- insufficient or conflicting physical & contextual evidence
- OSM industrial context is UNKNOWN
- land-cover context is UNKNOWN",1,isolated,303.14,13.66,0.74,INSUFFICIENT_DATA,0.0,none,none,inf,not_found,UNKNOWN,True,HerbaceousVegetation,0.3561,Satellite CNN prediction: HerbaceousVegetation (confidence: 0.36)
1339,Industrial-context thermal event,0.65,"Industrial-context thermal event
Supporting evidence:
- activity is recurring (active_days=3)
- activity is spatially stationary (displacement=0.06 km)
- industrial facility detected nearby (industrial at 0.41 km)
- land-cover context is UNKNOWN
- satellite observation unavailable/obscured",3,short_lived_repeated,315.29,20.56,1.72,STATIONARY,0.061,industrial,Binani Cement,0.406,found,UNKNOWN,False,UNKNOWN,,"Sentinel-2 observation available but obscured by cloud cover (best: 72.3%, threshold: 30.0%)"
1340,Agricultural-context thermal event,0.55,"Agricultural-context thermal event
Supporting evidence:
- short-lived transient activity (active_days=1)
- moderate thermal power typical of crop burning (max_frp=5.8 MW)
- OSM industrial context is UNKNOWN
- land-cover context is UNKNOWN
- satellite observation unavailable/obscured",1,isolated,340.92,45.54,5.8,INSUFFICIENT_DATA,0.0,none,none,inf,not_found,UNKNOWN,False,UNKNOWN,,"Sentinel-2 observation available but obscured by cloud cover (best: 82.5%, threshold: 30.0%)"
1341,Unknown / Insufficient Evidence,0.0,"Unknown / Insufficient Evidence
Supporting evidence:
- insufficient or conflicting physical & contextual evidence
- OSM industrial context is UNKNOWN
- land-cover context is UNKNOWN",1,isolated,333.68,30.86,1.62,INSUFFICIENT_DATA,0.0,none,none,inf,not_found,UNKNOWN,True,SeaLake,0.9863,Satellite CNN prediction: SeaLake (confidence: 0.99)
1342,Agricultural-context thermal event,0.55,"Agricultural-context thermal event
Supporting evidence:
- short-lived transient activity (active_days=1)
- moderate thermal power typical of crop burning (max_frp=17.5 MW)
- OSM industrial context is UNKNOWN
- land-cover context is UNKNOWN
- satellite observation unavailable/obscured",1,isolated,345.97,51.39,17.53,INSUFFICIENT_DATA,0.0,none,none,inf,not_found,UNKNOWN,False,UNKNOWN,,"Sentinel-2 observation available but obscured by cloud cover (best: 54.9%, threshold: 30.0%)"
1343,Agricultural-context thermal event,0.55,"Agricultural-context thermal event
Supporting evidence:
- short-lived transient activity (active_days=1)
- moderate thermal power typical of crop burning (max_frp=11.9 MW)
- OSM industrial context is UNKNOWN
- land-cover context is UNKNOWN
- satellite observation unavailable/obscured",1,isolated,336.47,42.54,11.93,INSUFFICIENT_DATA,0.0,none,none,inf,not_found,UNKNOWN,False,UNKNOWN,,"Sentinel-2 observation available but obscured by cloud cover (best: 54.9%, threshold: 30.0%)"
1344,Agricultural-context thermal event,0.55,"Agricultural-context thermal event
Supporting evidence:
- short-lived transient activity (active_days=1)
- moderate thermal power typical of crop burning (max_frp=5.8 MW)
- OSM industrial context is UNKNOWN
- land-cover context is UNKNOWN
- satellite observation unavailable/obscured",1,isolated,337.3,42.98,5.79,INSUFFICIENT_DATA,0.0,none,none,inf,not_found,UNKNOWN,False,UNKNOWN,,"Sentinel-2 observation available but obscured by cloud cover (best: 54.9%, threshold: 30.0%)"
1345,Industrial-context thermal event,0.45,"Industrial-context thermal event
Supporting evidence:
- high spectral brightness temperature contrast (bt_diff=40.9 K)
- industrial facility detected nearby (industrial at 0.36 km)
- land-cover context is UNKNOWN
- satellite observation unavailable/obscured",1,isolated,331.47,40.88,2.18,INSUFFICIENT_DATA,0.0,industrial,none,0.357,found,UNKNOWN,False,UNKNOWN,,"Sentinel-2 observation available but obscured by cloud cover (best: 70.2%, threshold: 30.0%)"
1346,Agricultural-context thermal event,0.55,"Agricultural-context thermal event
Supporting evidence:
- short-lived transient activity (active_days=1)
- moderate thermal power typical of crop burning (max_frp=10.4 MW)
- OSM industrial context is UNKNOWN
- land-cover context is UNKNOWN
- satellite observation unavailable/obscured",1,isolated,334.58,37.55,10.39,INSUFFICIENT_DATA,0.0,none,none,inf,not_found,UNKNOWN,False,UNKNOWN,,"Sentinel-2 observation available but obscured by cloud cover (best: 86.3%, threshold: 30.0%)"
1347,Unknown / Insufficient Evidence,0.0,"Unknown / Insufficient Evidence
Supporting evidence:
- insufficient or conflicting physical & contextual evidence
- OSM industrial context is UNKNOWN
- land-cover context is UNKNOWN
- satellite observation unavailable/obscured",1,isolated,333.28,34.24,3.48,INSUFFICIENT_DATA,0.0,none,none,inf,not_found,UNKNOWN,False,UNKNOWN,,"Sentinel-2 observation available but obscured by cloud cover (best: 86.3%, threshold: 30.0%)"
1348,Unknown / Insufficient Evidence,0.0,"Unknown / Insufficient Evidence
Supporting evidence:
- insufficient or conflicting physical & contextual evidence
- OSM industrial context is UNKNOWN
- land-cover context is UNKNOWN",1,isolated,330.79,34.6,3.48,INSUFFICIENT_DATA,0.0,none,none,inf,not_found,UNKNOWN,True,SeaLake,0.9975,Satellite CNN prediction: SeaLake (confidence: 1.00)
1349,Unknown / Insufficient Evidence,0.0,"Unknown / Insufficient Evidence
Supporting evidence:
- insufficient or conflicting physical & contextual evidence
- OSM industrial context is UNKNOWN
- land-cover context is UNKNOWN
- satellite observation unavailable/obscured",1,isolated,334.18,28.19,3.62,INSUFFICIENT_DATA,0.0,none,none,inf,not_found,UNKNOWN,False,UNKNOWN,,"Sentinel-2 observation available but obscured by cloud cover (best: 94.8%, threshold: 30.0%)"
1350,Agricultural-context thermal event,0.55,"Agricultural-context thermal event
Supporting evidence:
- short-lived transient activity (active_days=1)
- moderate thermal power typical of crop burning (max_frp=11.1 MW)
- OSM industrial context is UNKNOWN
- land-cover context is UNKNOWN
- satellite observation unavailable/obscured",1,isolated,342.71,45.44,11.1,INSUFFICIENT_DATA,0.0,none,none,inf,not_found,UNKNOWN,False,UNKNOWN,,"Sentinel-2 observation available but obscured by cloud cover (best: 77.9%, threshold: 30.0%)"
1351,Unknown / Insufficient Evidence,0.0,"Unknown / Insufficient Evidence
Supporting evidence:
- insufficient or conflicting physical & contextual evidence
- OSM industrial context is UNKNOWN
- land-cover context is UNKNOWN",1,isolated,342.23,38.98,4.14,INSUFFICIENT_DATA,0.0,none,none,inf,not_found,UNKNOWN,True,Pasture,0.4316,Satellite CNN prediction: Pasture (confidence: 0.43)
1352,Agricultural-context thermal event,0.55,"Agricultural-context thermal event
Supporting evidence:
- short-lived transient activity (active_days=1)
- satellite CNN visual context is AnnualCrop (model confidence=0.52)
- OSM industrial context is UNKNOWN
- land-cover context is UNKNOWN",1,isolated,340.31,34.67,4.25,INSUFFICIENT_DATA,0.0,none,none,inf,not_found,UNKNOWN,True,AnnualCrop,0.5166,Satellite CNN prediction: AnnualCrop (confidence: 0.52)
1353,Unknown / Insufficient Evidence,0.0,"Unknown / Insufficient Evidence
Supporting evidence:
- insufficient or conflicting physical & contextual evidence
- OSM industrial context is UNKNOWN
- land-cover context is UNKNOWN
- satellite observation unavailable/obscured",1,isolated,335.64,39.96,1.39,INSUFFICIENT_DATA,0.0,none,none,inf,not_found,UNKNOWN,False,UNKNOWN,,"Sentinel-2 observation available but obscured by cloud cover (best: 84.4%, threshold: 30.0%)"
1354,Industrial-context thermal event,0.45,"Industrial-context thermal event
Supporting evidence:
- high spectral brightness temperature contrast (bt_diff=59.4 K)
- industrial facility detected nearby (plant at 1.73 km)
- land-cover context is UNKNOWN
- satellite observation unavailable/obscured",1,isolated,331.47,59.35,2.79,INSUFFICIENT_DATA,0.0,plant,none,1.73,found,UNKNOWN,False,UNKNOWN,,"Sentinel-2 observation available but obscured by cloud cover (best: 30.1%, threshold: 30.0%)"
1355,Unknown / Insufficient Evidence,0.0,"Unknown / Insufficient Evidence
Supporting evidence:
- insufficient or conflicting physical & contextual evidence
- OSM industrial context is UNKNOWN
- land-cover context is UNKNOWN",1,isolated,336.06,40.89,3.0,INSUFFICIENT_DATA,0.0,none,none,inf,not_found,UNKNOWN,True,SeaLake,0.9779,Satellite CNN prediction: SeaLake (confidence: 0.98)
1356,Agricultural-context thermal event,0.55,"Agricultural-context thermal event
Supporting evidence:
- short-lived transient activity (active_days=1)
- moderate thermal power typical of crop burning (max_frp=5.9 MW)
- OSM industrial context is UNKNOWN
- land-cover context is UNKNOWN",1,isolated,352.32,53.82,5.93,INSUFFICIENT_DATA,0.0,none,none,inf,not_found,UNKNOWN,True,SeaLake,0.9257,Satellite CNN prediction: SeaLake (confidence: 0.93)
1357,Agricultural-context thermal event,0.4,"Agricultural-context thermal event
Supporting evidence:
- short-lived transient activity (active_days=1)
- satellite CNN visual context is AnnualCrop (model confidence=0.86)
- land-cover context is UNKNOWN",1,isolated,303.96,26.74,0.75,INSUFFICIENT_DATA,0.0,plant,none,0.366,found,UNKNOWN,True,AnnualCrop,0.8585,Satellite CNN prediction: AnnualCrop (confidence: 0.86)
1358,Agricultural-context thermal event,0.55,"Agricultural-context thermal event
Supporting evidence:
- short-lived transient activity (active_days=1)
- satellite CNN visual context is PermanentCrop (model confidence=0.57)
- OSM industrial context is UNKNOWN
- land-cover context is UNKNOWN",1,isolated,307.39,14.77,3.67,INSUFFICIENT_DATA,0.0,none,none,inf,not_found,UNKNOWN,True,PermanentCrop,0.5661,Satellite CNN prediction: PermanentCrop (confidence: 0.57)
1359,Unknown / Insufficient Evidence,0.0,"Unknown / Insufficient Evidence
Supporting evidence:
- insufficient or conflicting physical & contextual evidence
- land-cover context is UNKNOWN
- satellite observation unavailable/obscured",1,isolated,295.89,24.91,0.5,INSUFFICIENT_DATA,0.0,industrial,none,0.172,found,UNKNOWN,False,UNKNOWN,,"Sentinel-2 observation available but obscured by cloud cover (best: 86.8%, threshold: 30.0%)"
1360,Industrial-context thermal event,0.85,"Industrial-context thermal event
Supporting evidence:
- activity is recurring (active_days=3)
- activity is spatially stationary (displacement=0.02 km)
- high spectral brightness temperature contrast (bt_diff=42.3 K)
- industrial facility detected nearby (plant at 0.40 km)
- land-cover context is UNKNOWN
- satellite observation unavailable/obscured",3,short_lived_repeated,332.6,42.32,2.85,STATIONARY,0.021,plant,Adityapur Works Power Station,0.402,found,UNKNOWN,False,UNKNOWN,,"Sentinel-2 observation available but obscured by cloud cover (best: 86.8%, threshold: 30.0%)"
1361,Unknown / Insufficient Evidence,0.0,"Unknown / Insufficient Evidence
Supporting evidence:
- insufficient or conflicting physical & contextual evidence
- OSM industrial context is UNKNOWN
- land-cover context is UNKNOWN
- satellite observation unavailable/obscured",1,isolated,295.4,27.4,0.82,INSUFFICIENT_DATA,0.0,none,none,inf,not_found,UNKNOWN,False,UNKNOWN,,"Sentinel-2 observation available but obscured by cloud cover (best: 69.4%, threshold: 30.0%)"
1362,Unknown / Insufficient Evidence,0.0,"Unknown / Insufficient Evidence
Supporting evidence:
- insufficient or conflicting physical & contextual evidence
- OSM industrial context is UNKNOWN
- land-cover context is UNKNOWN
- satellite observation unavailable/obscured",1,isolated,308.07,19.69,1.01,INSUFFICIENT_DATA,0.0,none,none,inf,not_found,UNKNOWN,False,UNKNOWN,,"Sentinel-2 observation available but obscured by cloud cover (best: 67.6%, threshold: 30.0%)"
1363,Unknown / Insufficient Evidence,0.0,"Unknown / Insufficient Evidence
Supporting evidence:
- insufficient or conflicting physical & contextual evidence
- OSM industrial context is UNKNOWN
- land-cover context is UNKNOWN",1,isolated,300.38,17.76,0.61,INSUFFICIENT_DATA,0.0,none,none,inf,not_found,UNKNOWN,True,River,0.3444,Satellite CNN prediction: River (confidence: 0.34)
1364,Unknown / Insufficient Evidence,0.0,"Unknown / Insufficient Evidence
Supporting evidence:
- insufficient or conflicting physical & contextual evidence
- land-cover context is UNKNOWN
- satellite observation unavailable/obscured",1,isolated,303.87,20.0,1.9,INSUFFICIENT_DATA,0.0,plant,Raigarh Jindal power station,0.58,found,UNKNOWN,False,UNKNOWN,,"Sentinel-2 observation available but obscured by cloud cover (best: 96.5%, threshold: 30.0%)"
1365,Unknown / Insufficient Evidence,0.0,"Unknown / Insufficient Evidence
Supporting evidence:
- insufficient or conflicting physical & contextual evidence
- OSM industrial context is UNKNOWN
- land-cover context is UNKNOWN
- satellite observation unavailable/obscured",1,isolated,301.62,30.46,0.68,INSUFFICIENT_DATA,0.0,none,none,inf,not_found,UNKNOWN,False,UNKNOWN,,"Sentinel-2 observation available but obscured by cloud cover (best: 98.5%, threshold: 30.0%)"
1366,Unknown / Insufficient Evidence,0.0,"Unknown / Insufficient Evidence
Supporting evidence:
- insufficient or conflicting physical & contextual evidence
- OSM industrial context is UNKNOWN
- land-cover context is UNKNOWN
- satellite observation unavailable/obscured",1,isolated,300.12,25.74,0.42,INSUFFICIENT_DATA,0.0,none,none,inf,not_found,UNKNOWN,False,UNKNOWN,,"Sentinel-2 observation available but obscured by cloud cover (best: 90.9%, threshold: 30.0%)"
1367,Industrial-context thermal event,0.65,"Industrial-context thermal event
Supporting evidence:
- activity is recurring (active_days=2)
- activity is spatially stationary (displacement=0.19 km)
- industrial facility detected nearby (plant at 0.47 km)
- land-cover context is UNKNOWN
- satellite observation unavailable/obscured",2,short_lived_repeated,307.91,15.15,2.01,STATIONARY,0.189,plant,Wonder Cement Power Station,0.466,found,UNKNOWN,False,UNKNOWN,,"Sentinel-2 observation available but obscured by cloud cover (best: 48.8%, threshold: 30.0%)"
1368,Unknown / Insufficient Evidence,0.0,"Unknown / Insufficient Evidence
Supporting evidence:
- insufficient or conflicting physical & contextual evidence
- OSM industrial context is UNKNOWN
- land-cover context is UNKNOWN
- satellite observation unavailable/obscured",1,isolated,317.51,27.15,2.05,INSUFFICIENT_DATA,0.0,none,none,inf,not_found,UNKNOWN,False,UNKNOWN,,"Sentinel-2 observation available but obscured by cloud cover (best: 81.5%, threshold: 30.0%)"
1369,Unknown / Insufficient Evidence,0.0,"Unknown / Insufficient Evidence
Supporting evidence:
- insufficient or conflicting physical & contextual evidence
- land-cover context is UNKNOWN
- satellite observation unavailable/obscured",1,isolated,308.25,14.68,0.95,INSUFFICIENT_DATA,0.0,industrial,none,1.48,found,UNKNOWN,False,UNKNOWN,,"Sentinel-2 observation available but obscured by cloud cover (best: 92.6%, threshold: 30.0%)"
1370,Unknown / Insufficient Evidence,0.0,"Unknown / Insufficient Evidence
Supporting evidence:
- insufficient or conflicting physical & contextual evidence
- OSM industrial context is UNKNOWN
- land-cover context is UNKNOWN
- satellite observation unavailable/obscured",1,isolated,312.86,19.58,1.24,INSUFFICIENT_DATA,0.0,none,none,inf,not_found,UNKNOWN,False,UNKNOWN,,"Sentinel-2 observation available but obscured by cloud cover (best: 92.6%, threshold: 30.0%)"
1371,Unknown / Insufficient Evidence,0.0,"Unknown / Insufficient Evidence
Supporting evidence:
- insufficient or conflicting physical & contextual evidence
- OSM industrial context is UNKNOWN
- land-cover context is UNKNOWN
- satellite observation unavailable/obscured",1,isolated,307.27,15.22,0.81,INSUFFICIENT_DATA,0.0,none,none,inf,not_found,UNKNOWN,False,UNKNOWN,,"Sentinel-2 observation available but obscured by cloud cover (best: 70.2%, threshold: 30.0%)"
1372,Unknown / Insufficient Evidence,0.0,"Unknown / Insufficient Evidence
Supporting evidence:
- insufficient or conflicting physical & contextual evidence
- land-cover context is UNKNOWN",1,isolated,303.85,17.46,0.93,INSUFFICIENT_DATA,0.0,industrial,none,0.66,found,UNKNOWN,True,SeaLake,0.6571,Satellite CNN prediction: SeaLake (confidence: 0.66)
1373,Unknown / Insufficient Evidence,0.0,"Unknown / Insufficient Evidence
Supporting evidence:
- insufficient or conflicting physical & contextual evidence
- OSM industrial context is UNKNOWN
- land-cover context is UNKNOWN
- satellite observation unavailable/obscured",1,isolated,301.2,24.01,0.33,INSUFFICIENT_DATA,0.0,none,none,inf,not_found,UNKNOWN,False,UNKNOWN,,"Sentinel-2 observation available but obscured by cloud cover (best: 70.2%, threshold: 30.0%)"
1374,Industrial-context thermal event,0.65,"Industrial-context thermal event
Supporting evidence:
- activity is recurring (active_days=2)
- activity is spatially stationary (displacement=0.14 km)
- industrial facility detected nearby (industrial at 0.10 km)
- land-cover context is UNKNOWN
- satellite observation unavailable/obscured",2,short_lived_repeated,309.35,15.02,1.25,STATIONARY,0.137,industrial,none,0.101,found,UNKNOWN,False,UNKNOWN,,"Sentinel-2 observation available but obscured by cloud cover (best: 72.3%, threshold: 30.0%)"
1375,Unknown / Insufficient Evidence,0.0,"Unknown / Insufficient Evidence
Supporting evidence:
- insufficient or conflicting physical & contextual evidence
- land-cover context is UNKNOWN
- satellite observation unavailable/obscured",1,isolated,310.47,18.72,2.15,INSUFFICIENT_DATA,0.0,industrial,none,1.784,found,UNKNOWN,False,UNKNOWN,,"Sentinel-2 observation available but obscured by cloud cover (best: 97.9%, threshold: 30.0%)"
1376,Unknown / Insufficient Evidence,0.0,"Unknown / Insufficient Evidence
Supporting evidence:
- insufficient or conflicting physical & contextual evidence
- land-cover context is UNKNOWN
- satellite observation unavailable/obscured",1,isolated,303.37,11.34,0.72,INSUFFICIENT_DATA,0.0,industrial,none,0.492,found,UNKNOWN,False,UNKNOWN,,"Sentinel-2 observation available but obscured by cloud cover (best: 83.1%, threshold: 30.0%)"
1377,Unknown / Insufficient Evidence,0.0,"Unknown / Insufficient Evidence
Supporting evidence:
- insufficient or conflicting physical & contextual evidence
- OSM industrial context is UNKNOWN
- land-cover context is UNKNOWN
- satellite observation unavailable/obscured",1,isolated,295.09,14.34,3.12,INSUFFICIENT_DATA,0.0,none,none,inf,not_found,UNKNOWN,False,UNKNOWN,,"Sentinel-2 observation available but obscured by cloud cover (best: 54.9%, threshold: 30.0%)"
1378,Agricultural-context thermal event,0.55,"Agricultural-context thermal event
Supporting evidence:
- short-lived transient activity (active_days=1)
- moderate thermal power typical of crop burning (max_frp=10.2 MW)
- OSM industrial context is UNKNOWN
- land-cover context is UNKNOWN
- satellite observation unavailable/obscured",1,isolated,331.24,34.3,10.19,INSUFFICIENT_DATA,0.0,none,none,inf,not_found,UNKNOWN,False,UNKNOWN,,"Sentinel-2 observation available but obscured by cloud cover (best: 64.4%, threshold: 30.0%)"
1379,Unknown / Insufficient Evidence,0.0,"Unknown / Insufficient Evidence
Supporting evidence:
- insufficient or conflicting physical & contextual evidence
- OSM industrial context is UNKNOWN
- land-cover context is UNKNOWN
- satellite observation unavailable/obscured",1,isolated,337.37,41.3,3.99,INSUFFICIENT_DATA,0.0,none,none,inf,not_found,UNKNOWN,False,UNKNOWN,,"Sentinel-2 observation available but obscured by cloud cover (best: 40.5%, threshold: 30.0%)"
1380,Agricultural-context thermal event,0.55,"Agricultural-context thermal event
Supporting evidence:
- short-lived transient activity (active_days=1)
- moderate thermal power typical of crop burning (max_frp=6.0 MW)
- OSM industrial context is UNKNOWN
- land-cover context is UNKNOWN
- satellite observation unavailable/obscured",1,isolated,340.55,30.56,6.03,INSUFFICIENT_DATA,0.0,none,none,inf,not_found,UNKNOWN,False,UNKNOWN,,"Sentinel-2 observation available but obscured by cloud cover (best: 45.2%, threshold: 30.0%)"
1381,Agricultural-context thermal event,0.55,"Agricultural-context thermal event
Supporting evidence:
- short-lived transient activity (active_days=1)
- moderate thermal power typical of crop burning (max_frp=14.6 MW)
- OSM industrial context is UNKNOWN
- land-cover context is UNKNOWN
- satellite observation unavailable/obscured",1,isolated,341.27,38.89,14.59,INSUFFICIENT_DATA,0.0,none,none,inf,not_found,UNKNOWN,False,UNKNOWN,,"Sentinel-2 observation available but obscured by cloud cover (best: 84.4%, threshold: 30.0%)"
1382,Agricultural-context thermal event,0.55,"Agricultural-context thermal event
Supporting evidence:
- short-lived transient activity (active_days=1)
- moderate thermal power typical of crop burning (max_frp=19.6 MW)
- OSM industrial context is UNKNOWN
- land-cover context is UNKNOWN
- satellite observation unavailable/obscured",1,isolated,345.92,53.89,19.65,INSUFFICIENT_DATA,0.0,none,none,inf,not_found,UNKNOWN,False,UNKNOWN,,"Sentinel-2 observation available but obscured by cloud cover (best: 86.3%, threshold: 30.0%)"
1383,Unknown / Insufficient Evidence,0.0,"Unknown / Insufficient Evidence
Supporting evidence:
- insufficient or conflicting physical & contextual evidence
- OSM industrial context is UNKNOWN
- land-cover context is UNKNOWN
- satellite observation unavailable/obscured",1,isolated,333.57,38.06,3.51,INSUFFICIENT_DATA,0.0,none,none,inf,not_found,UNKNOWN,False,UNKNOWN,,"Sentinel-2 observation available but obscured by cloud cover (best: 66.5%, threshold: 30.0%)"
1384,Industrial-context thermal event,0.65,"Industrial-context thermal event
Supporting evidence:
- activity is recurring (active_days=2)
- activity is spatially stationary (displacement=0.12 km)
- industrial facility detected nearby (industrial at 0.24 km)
- land-cover context is UNKNOWN
- satellite observation unavailable/obscured",2,short_lived_repeated,330.38,29.18,7.06,STATIONARY,0.121,industrial,Renault Nissan,0.237,found,UNKNOWN,False,UNKNOWN,,"Sentinel-2 observation available but obscured by cloud cover (best: 66.5%, threshold: 30.0%)"
1385,Unknown / Insufficient Evidence,0.0,"Unknown / Insufficient Evidence
Supporting evidence:
- insufficient or conflicting physical & contextual evidence
- OSM industrial context is UNKNOWN
- land-cover context is UNKNOWN
- satellite observation unavailable/obscured",1,isolated,332.19,45.45,3.87,INSUFFICIENT_DATA,0.0,none,none,inf,not_found,UNKNOWN,False,UNKNOWN,,"Sentinel-2 observation available but obscured by cloud cover (best: 73.6%, threshold: 30.0%)"
1386,Agricultural-context thermal event,0.55,"Agricultural-context thermal event
Supporting evidence:
- short-lived transient activity (active_days=1)
- moderate thermal power typical of crop burning (max_frp=7.2 MW)
- OSM industrial context is UNKNOWN
- land-cover context is UNKNOWN
- satellite observation unavailable/obscured",1,isolated,339.76,58.25,7.16,INSUFFICIENT_DATA,0.0,none,none,inf,not_found,UNKNOWN,False,UNKNOWN,,"Sentinel-2 observation available but obscured by cloud cover (best: 73.6%, threshold: 30.0%)"
1387,Unknown / Insufficient Evidence,0.0,"Unknown / Insufficient Evidence
Supporting evidence:
- insufficient or conflicting physical & contextual evidence
- OSM industrial context is UNKNOWN
- land-cover context is UNKNOWN
- satellite observation unavailable/obscured",1,isolated,342.67,53.39,4.53,INSUFFICIENT_DATA,0.0,none,none,inf,not_found,UNKNOWN,False,UNKNOWN,,"Sentinel-2 observation available but obscured by cloud cover (best: 46.4%, threshold: 30.0%)"
1388,Agricultural-context thermal event,0.4,"Agricultural-context thermal event
Supporting evidence:
- short-lived transient activity (active_days=2)
- moderate thermal power typical of crop burning (max_frp=6.9 MW)
- land-cover context is UNKNOWN
- satellite observation unavailable/obscured",2,short_lived_repeated,334.02,41.4,6.9,MOVING,0.983,works,none,0.139,found,UNKNOWN,False,UNKNOWN,,"Sentinel-2 observation available but obscured by cloud cover (best: 96.4%, threshold: 30.0%)"
1389,Industrial-context thermal event,0.85,"Industrial-context thermal event
Supporting evidence:
- activity is recurring (active_days=2)
- activity is spatially stationary (displacement=0.11 km)
- high spectral brightness temperature contrast (bt_diff=37.5 K)
- industrial facility detected nearby (plant at 1.29 km)
- land-cover context is UNKNOWN
- satellite observation unavailable/obscured",2,short_lived_repeated,330.6,37.45,4.41,STATIONARY,0.112,plant,Bhilai 500 MW Expansion Power Project,1.295,found,UNKNOWN,False,UNKNOWN,,"Sentinel-2 observation available but obscured by cloud cover (best: 96.4%, threshold: 30.0%)"
1390,Agricultural-context thermal event,0.55,"Agricultural-context thermal event
Supporting evidence:
- short-lived transient activity (active_days=1)
- moderate thermal power typical of crop burning (max_frp=8.4 MW)
- OSM industrial context is UNKNOWN
- land-cover context is UNKNOWN
- satellite observation unavailable/obscured",1,isolated,336.79,29.57,8.42,INSUFFICIENT_DATA,0.0,none,none,inf,not_found,UNKNOWN,False,UNKNOWN,,"Sentinel-2 observation available but obscured by cloud cover (best: 45.2%, threshold: 30.0%)"
1391,Agricultural-context thermal event,0.55,"Agricultural-context thermal event
Supporting evidence:
- short-lived transient activity (active_days=1)
- moderate thermal power typical of crop burning (max_frp=9.0 MW)
- OSM industrial context is UNKNOWN
- land-cover context is UNKNOWN",1,isolated,349.93,46.49,9.02,INSUFFICIENT_DATA,0.0,none,none,inf,not_found,UNKNOWN,True,SeaLake,0.7594,Satellite CNN prediction: SeaLake (confidence: 0.76)
1392,Unknown / Insufficient Evidence,0.0,"Unknown / Insufficient Evidence
Supporting evidence:
- insufficient or conflicting physical & contextual evidence
- OSM industrial context is UNKNOWN
- land-cover context is UNKNOWN",1,isolated,336.94,33.46,4.0,INSUFFICIENT_DATA,0.0,none,none,inf,not_found,UNKNOWN,True,SeaLake,0.7363,Satellite CNN prediction: SeaLake (confidence: 0.74)
1393,Unknown / Insufficient Evidence,0.0,"Unknown / Insufficient Evidence
Supporting evidence:
- insufficient or conflicting physical & contextual evidence
- OSM industrial context is UNKNOWN
- land-cover context is UNKNOWN
- satellite observation unavailable/obscured",1,isolated,336.48,33.74,3.7,INSUFFICIENT_DATA,0.0,none,none,inf,not_found,UNKNOWN,False,UNKNOWN,,"Sentinel-2 observation available but obscured by cloud cover (best: 87.6%, threshold: 30.0%)"
1394,Agricultural-context thermal event,0.55,"Agricultural-context thermal event
Supporting evidence:
- short-lived transient activity (active_days=1)
- moderate thermal power typical of crop burning (max_frp=10.5 MW)
- OSM industrial context is UNKNOWN
- land-cover context is UNKNOWN
- satellite observation unavailable/obscured",1,isolated,339.64,32.03,10.49,INSUFFICIENT_DATA,0.0,none,none,inf,not_found,UNKNOWN,False,UNKNOWN,,"Sentinel-2 observation available but obscured by cloud cover (best: 87.6%, threshold: 30.0%)"
1395,Unknown / Insufficient Evidence,0.0,"Unknown / Insufficient Evidence
Supporting evidence:
- insufficient or conflicting physical & contextual evidence
- OSM industrial context is UNKNOWN
- land-cover context is UNKNOWN
- satellite observation unavailable/obscured",1,isolated,338.5,31.24,3.71,INSUFFICIENT_DATA,0.0,none,none,inf,not_found,UNKNOWN,False,UNKNOWN,,"Sentinel-2 observation available but obscured by cloud cover (best: 87.6%, threshold: 30.0%)"
1396,Unknown / Insufficient Evidence,0.0,"Unknown / Insufficient Evidence
Supporting evidence:
- insufficient or conflicting physical & contextual evidence
- OSM industrial context is UNKNOWN
- land-cover context is UNKNOWN
- satellite observation unavailable/obscured",1,isolated,332.55,32.43,3.22,INSUFFICIENT_DATA,0.0,none,none,inf,not_found,UNKNOWN,False,UNKNOWN,,"Sentinel-2 observation available but obscured by cloud cover (best: 87.6%, threshold: 30.0%)"
1397,Unknown / Insufficient Evidence,0.0,"Unknown / Insufficient Evidence
Supporting evidence:
- insufficient or conflicting physical & contextual evidence
- OSM industrial context is UNKNOWN
- land-cover context is UNKNOWN
- satellite observation unavailable/obscured",1,isolated,335.92,32.84,1.94,INSUFFICIENT_DATA,0.0,none,none,inf,not_found,UNKNOWN,False,UNKNOWN,,"Sentinel-2 observation available but obscured by cloud cover (best: 87.6%, threshold: 30.0%)"
1398,Industrial-context thermal event,0.45,"Industrial-context thermal event
Supporting evidence:
- high spectral brightness temperature contrast (bt_diff=37.4 K)
- industrial facility detected nearby (plant at 0.43 km)
- land-cover context is UNKNOWN
- satellite observation unavailable/obscured",1,isolated,341.41,37.42,12.43,INSUFFICIENT_DATA,0.0,plant,GRT 6,0.429,found,UNKNOWN,False,UNKNOWN,,"Sentinel-2 observation available but obscured by cloud cover (best: 84.4%, threshold: 30.0%)"
1399,Agricultural-context thermal event,0.55,"Agricultural-context thermal event
Supporting evidence:
- short-lived transient activity (active_days=1)
- moderate thermal power typical of crop burning (max_frp=13.8 MW)
- OSM industrial context is UNKNOWN
- land-cover context is UNKNOWN
- satellite observation unavailable/obscured",1,isolated,339.16,35.57,13.81,INSUFFICIENT_DATA,0.0,none,none,inf,not_found,UNKNOWN,False,UNKNOWN,,"Sentinel-2 observation available but obscured by cloud cover (best: 84.4%, threshold: 30.0%)"
1400,Industrial-context thermal event,0.45,"Industrial-context thermal event
Supporting evidence:
- high spectral brightness temperature contrast (bt_diff=43.0 K)
- industrial facility detected nearby (plant at 2.00 km)
- land-cover context is UNKNOWN
- satellite observation unavailable/obscured",1,isolated,332.03,42.97,3.0,INSUFFICIENT_DATA,0.0,plant,none,1.997,found,UNKNOWN,False,UNKNOWN,,"Sentinel-2 observation available but obscured by cloud cover (best: 92.6%, threshold: 30.0%)"
1401,Unknown / Insufficient Evidence,0.0,"Unknown / Insufficient Evidence
Supporting evidence:
- insufficient or conflicting physical & contextual evidence
- OSM industrial context is UNKNOWN
- land-cover context is UNKNOWN
- satellite observation unavailable/obscured",1,isolated,335.13,35.04,2.35,INSUFFICIENT_DATA,0.0,none,none,inf,not_found,UNKNOWN,False,UNKNOWN,,"Sentinel-2 observation available but obscured by cloud cover (best: 98.0%, threshold: 30.0%)"
1402,Industrial-context thermal event,0.45,"Industrial-context thermal event
Supporting evidence:
- high spectral brightness temperature contrast (bt_diff=36.3 K)
- industrial facility detected nearby (industrial at 0.32 km)
- land-cover context is UNKNOWN
- satellite observation unavailable/obscured",1,isolated,335.06,36.34,3.86,INSUFFICIENT_DATA,0.0,industrial,none,0.318,found,UNKNOWN,False,UNKNOWN,,"Sentinel-2 observation available but obscured by cloud cover (best: 70.2%, threshold: 30.0%)"
1403,Unknown / Insufficient Evidence,0.0,"Unknown / Insufficient Evidence
Supporting evidence:
- insufficient or conflicting physical & contextual evidence
- OSM industrial context is UNKNOWN
- land-cover context is UNKNOWN
- satellite observation unavailable/obscured",1,isolated,333.38,49.01,2.2,INSUFFICIENT_DATA,0.0,none,none,inf,not_found,UNKNOWN,False,UNKNOWN,,"Sentinel-2 observation available but obscured by cloud cover (best: 47.7%, threshold: 30.0%)"
1404,Unknown / Insufficient Evidence,0.0,"Unknown / Insufficient Evidence
Supporting evidence:
- insufficient or conflicting physical & contextual evidence
- OSM industrial context is UNKNOWN
- land-cover context is UNKNOWN
- satellite observation unavailable/obscured",1,isolated,337.47,45.23,4.05,INSUFFICIENT_DATA,0.0,none,none,inf,not_found,UNKNOWN,False,UNKNOWN,,"Sentinel-2 observation available but obscured by cloud cover (best: 62.9%, threshold: 30.0%)"
1405,Unknown / Insufficient Evidence,0.0,"Unknown / Insufficient Evidence
Supporting evidence:
- insufficient or conflicting physical & contextual evidence
- OSM industrial context is UNKNOWN
- land-cover context is UNKNOWN
- satellite observation unavailable/obscured",1,isolated,331.67,43.59,3.53,INSUFFICIENT_DATA,0.0,none,none,inf,not_found,UNKNOWN,False,UNKNOWN,,"Sentinel-2 observation available but obscured by cloud cover (best: 81.5%, threshold: 30.0%)"
1406,Industrial-context thermal event,1.0,"Industrial-context thermal event
Supporting evidence:
- activity is persistent (active_days=6)
- activity is spatially stationary (displacement=0.09 km)
- high spectral brightness temperature contrast (bt_diff=35.6 K)
- industrial facility detected nearby (port at 1.05 km)
- land-cover context is UNKNOWN
- satellite observation unavailable/obscured",6,persistent,343.86,35.62,12.98,STATIONARY,0.088,port,Tuna-Tekra Container Terminal,1.046,found,UNKNOWN,False,UNKNOWN,,"Sentinel-2 observation available but obscured by cloud cover (best: 98.5%, threshold: 30.0%)"
1407,Industrial-context thermal event,0.65,"Industrial-context thermal event
Supporting evidence:
- activity is recurring (active_days=2)
- activity is spatially stationary (displacement=0.11 km)
- industrial facility detected nearby (works at 0.14 km)
- land-cover context is UNKNOWN
- satellite observation unavailable/obscured",2,short_lived_repeated,298.73,16.44,2.08,STATIONARY,0.106,works,none,0.139,found,UNKNOWN,False,UNKNOWN,,"Sentinel-2 observation available but obscured by cloud cover (best: 89.1%, threshold: 30.0%)"
1408,Unknown / Insufficient Evidence,0.0,"Unknown / Insufficient Evidence
Supporting evidence:
- insufficient or conflicting physical & contextual evidence
- land-cover context is UNKNOWN
- satellite observation unavailable/obscured",1,isolated,301.3,18.43,1.8,INSUFFICIENT_DATA,0.0,industrial,none,0.682,found,UNKNOWN,False,UNKNOWN,,"Sentinel-2 observation available but obscured by cloud cover (best: 90.9%, threshold: 30.0%)"
1409,Unknown / Insufficient Evidence,0.0,"Unknown / Insufficient Evidence
Supporting evidence:
- insufficient or conflicting physical & contextual evidence
- land-cover context is UNKNOWN
- satellite observation unavailable/obscured",1,isolated,302.42,19.87,1.21,INSUFFICIENT_DATA,0.0,industrial,none,0.435,found,UNKNOWN,False,UNKNOWN,,"Sentinel-2 observation available but obscured by cloud cover (best: 90.9%, threshold: 30.0%)"
1410,Agricultural-context thermal event,0.55,"Agricultural-context thermal event
Supporting evidence:
- short-lived transient activity (active_days=1)
- satellite CNN visual context is AnnualCrop (model confidence=0.59)
- OSM industrial context is UNKNOWN
- land-cover context is UNKNOWN",1,isolated,302.84,23.43,0.28,INSUFFICIENT_DATA,0.0,none,none,inf,not_found,UNKNOWN,True,AnnualCrop,0.5911,Satellite CNN prediction: AnnualCrop (confidence: 0.59)
1411,Industrial-context thermal event,0.65,"Industrial-context thermal event
Supporting evidence:
- activity is recurring (active_days=2)
- activity is spatially stationary (displacement=0.17 km)
- industrial facility detected nearby (industrial at 0.48 km)
- land-cover context is UNKNOWN
- satellite observation unavailable/obscured",2,short_lived_repeated,304.62,13.33,1.46,STATIONARY,0.175,industrial,Ambuja Cements Limited,0.484,found,UNKNOWN,False,UNKNOWN,,"Sentinel-2 observation available but obscured by cloud cover (best: 85.7%, threshold: 30.0%)"
1412,Agricultural-context thermal event,0.55,"Agricultural-context thermal event
Supporting evidence:
- short-lived transient activity (active_days=1)
- satellite CNN visual context is AnnualCrop (model confidence=0.91)
- OSM industrial context is UNKNOWN
- land-cover context is UNKNOWN",1,isolated,299.87,15.69,0.62,INSUFFICIENT_DATA,0.0,none,none,inf,not_found,UNKNOWN,True,AnnualCrop,0.9127,Satellite CNN prediction: AnnualCrop (confidence: 0.91)
1413,Unknown / Insufficient Evidence,0.0,"Unknown / Insufficient Evidence
Supporting evidence:
- insufficient or conflicting physical & contextual evidence
- land-cover context is UNKNOWN
- satellite observation unavailable/obscured",1,isolated,303.21,15.85,0.91,INSUFFICIENT_DATA,0.0,industrial,Shree Cement,0.197,found,UNKNOWN,False,UNKNOWN,,"Sentinel-2 observation available but obscured by cloud cover (best: 65.0%, threshold: 30.0%)"
1414,Unknown / Insufficient Evidence,0.0,"Unknown / Insufficient Evidence
Supporting evidence:
- insufficient or conflicting physical & contextual evidence
- land-cover context is UNKNOWN",1,isolated,305.0,18.95,3.28,INSUFFICIENT_DATA,0.0,industrial,none,1.188,found,UNKNOWN,True,Highway,0.7341,Satellite CNN prediction: Highway (confidence: 0.73)
1415,Unknown / Insufficient Evidence,0.0,"Unknown / Insufficient Evidence
Supporting evidence:
- insufficient or conflicting physical & contextual evidence
- land-cover context is UNKNOWN",1,isolated,303.18,15.91,2.26,INSUFFICIENT_DATA,0.0,industrial,none,0.952,found,UNKNOWN,True,SeaLake,0.3039,Satellite CNN prediction: SeaLake (confidence: 0.30)
1416,Industrial-context thermal event,0.85,"Industrial-context thermal event
Supporting evidence:
- activity is recurring (active_days=2)
- activity is spatially stationary (displacement=0.46 km)
- high spectral brightness temperature contrast (bt_diff=35.9 K)
- industrial facility detected nearby (industrial at 0.72 km)
- land-cover context is UNKNOWN
- satellite observation unavailable/obscured",2,short_lived_repeated,327.41,35.88,4.73,STATIONARY,0.462,industrial,none,0.722,found,UNKNOWN,False,UNKNOWN,,"Sentinel-2 observation available but obscured by cloud cover (best: 51.4%, threshold: 30.0%)"
1417,Unknown / Insufficient Evidence,0.0,"Unknown / Insufficient Evidence
Supporting evidence:
- insufficient or conflicting physical & contextual evidence
- OSM industrial context is UNKNOWN
- land-cover context is UNKNOWN
- satellite observation unavailable/obscured",1,isolated,332.29,42.27,2.6,INSUFFICIENT_DATA,0.0,none,none,inf,not_found,UNKNOWN,False,UNKNOWN,,"Sentinel-2 observation available but obscured by cloud cover (best: 92.6%, threshold: 30.0%)"
1418,Unknown / Insufficient Evidence,0.0,"Unknown / Insufficient Evidence
Supporting evidence:
- insufficient or conflicting physical & contextual evidence
- OSM industrial context is UNKNOWN
- land-cover context is UNKNOWN
- satellite observation unavailable/obscured",1,isolated,318.63,27.5,3.34,INSUFFICIENT_DATA,0.0,none,none,inf,not_found,UNKNOWN,False,UNKNOWN,,"Sentinel-2 observation available but obscured by cloud cover (best: 86.3%, threshold: 30.0%)"
1419,Unknown / Insufficient Evidence,0.0,"Unknown / Insufficient Evidence
Supporting evidence:
- insufficient or conflicting physical & contextual evidence
- land-cover context is UNKNOWN
- satellite observation unavailable/obscured",1,isolated,303.8,11.53,1.72,INSUFFICIENT_DATA,0.0,plant,none,0.883,found,UNKNOWN,False,UNKNOWN,,"Sentinel-2 observation available but obscured by cloud cover (best: 97.1%, threshold: 30.0%)"
1420,Industrial-context thermal event,0.65,"Industrial-context thermal event
Supporting evidence:
- activity is recurring (active_days=2)
- activity is spatially stationary (displacement=0.11 km)
- industrial facility detected nearby (industrial at 0.29 km)
- land-cover context is UNKNOWN
- satellite observation unavailable/obscured",2,short_lived_repeated,305.3,12.27,0.98,STATIONARY,0.112,industrial,none,0.288,found,UNKNOWN,False,UNKNOWN,,"Sentinel-2 observation available but obscured by cloud cover (best: 80.3%, threshold: 30.0%)"
1421,Industrial-context thermal event,0.65,"Industrial-context thermal event
Supporting evidence:
- activity is recurring (active_days=2)
- activity is spatially stationary (displacement=0.10 km)
- industrial facility detected nearby (industrial at 0.39 km)
- land-cover context is UNKNOWN",2,short_lived_repeated,310.56,14.87,2.22,STATIONARY,0.098,industrial,none,0.391,found,UNKNOWN,True,SeaLake,0.5117,Satellite CNN prediction: SeaLake (confidence: 0.51)
1422,Unknown / Insufficient Evidence,0.0,"Unknown / Insufficient Evidence
Supporting evidence:
- insufficient or conflicting physical & contextual evidence
- land-cover context is UNKNOWN
- satellite observation unavailable/obscured",1,isolated,307.37,16.41,1.47,INSUFFICIENT_DATA,0.0,industrial,National Fertilizer Limited,0.256,found,UNKNOWN,False,UNKNOWN,,"Sentinel-2 observation available but obscured by cloud cover (best: 51.4%, threshold: 30.0%)"
1423,Unknown / Insufficient Evidence,0.0,"Unknown / Insufficient Evidence
Supporting evidence:
- insufficient or conflicting physical & contextual evidence
- land-cover context is UNKNOWN
- satellite observation unavailable/obscured",1,isolated,307.42,15.23,1.71,INSUFFICIENT_DATA,0.0,works,none,0.667,found,UNKNOWN,False,UNKNOWN,,"Sentinel-2 observation available but obscured by cloud cover (best: 88.6%, threshold: 30.0%)"
1424,Industrial-context thermal event,0.65,"Industrial-context thermal event
Supporting evidence:
- activity is recurring (active_days=2)
- activity is spatially stationary (displacement=0.11 km)
- industrial facility detected nearby (industrial at 0.37 km)
- land-cover context is UNKNOWN
- satellite observation unavailable/obscured",2,short_lived_repeated,317.95,27.18,2.2,STATIONARY,0.106,industrial,none,0.369,found,UNKNOWN,False,UNKNOWN,,"Sentinel-2 observation available but obscured by cloud cover (best: 75.5%, threshold: 30.0%)"
1425,Unknown / Insufficient Evidence,0.0,"Unknown / Insufficient Evidence
Supporting evidence:
- insufficient or conflicting physical & contextual evidence
- land-cover context is UNKNOWN
- satellite observation unavailable/obscured",1,isolated,308.69,21.58,1.5,INSUFFICIENT_DATA,0.0,industrial,none,0.614,found,UNKNOWN,False,UNKNOWN,,"Sentinel-2 observation available but obscured by cloud cover (best: 70.2%, threshold: 30.0%)"
1426,Agricultural-context thermal event,0.55,"Agricultural-context thermal event
Supporting evidence:
- short-lived transient activity (active_days=1)
- moderate thermal power typical of crop burning (max_frp=20.9 MW)
- OSM industrial context is UNKNOWN
- land-cover context is UNKNOWN
- satellite observation unavailable/obscured",1,isolated,343.6,34.03,20.93,INSUFFICIENT_DATA,0.0,none,none,inf,not_found,UNKNOWN,False,UNKNOWN,,"Sentinel-2 observation available but obscured by cloud cover (best: 56.7%, threshold: 30.0%)"
1427,Unknown / Insufficient Evidence,0.0,"Unknown / Insufficient Evidence
Supporting evidence:
- insufficient or conflicting physical & contextual evidence
- OSM industrial context is UNKNOWN
- land-cover context is UNKNOWN
- satellite observation unavailable/obscured",1,isolated,332.46,36.55,3.33,INSUFFICIENT_DATA,0.0,none,none,inf,not_found,UNKNOWN,False,UNKNOWN,,"Sentinel-2 observation available but obscured by cloud cover (best: 84.4%, threshold: 30.0%)"
1428,Agricultural-context thermal event,0.55,"Agricultural-context thermal event
Supporting evidence:
- short-lived transient activity (active_days=1)
- moderate thermal power typical of crop burning (max_frp=6.0 MW)
- OSM industrial context is UNKNOWN
- land-cover context is UNKNOWN
- satellite observation unavailable/obscured",1,isolated,338.62,40.19,6.03,INSUFFICIENT_DATA,0.0,none,none,inf,not_found,UNKNOWN,False,UNKNOWN,,"Sentinel-2 observation available but obscured by cloud cover (best: 84.4%, threshold: 30.0%)"
1429,Unknown / Insufficient Evidence,0.0,"Unknown / Insufficient Evidence
Supporting evidence:
- insufficient or conflicting physical & contextual evidence
- OSM industrial context is UNKNOWN
- land-cover context is UNKNOWN",1,isolated,335.68,46.56,3.01,INSUFFICIENT_DATA,0.0,none,none,inf,not_found,UNKNOWN,True,SeaLake,0.6563,Satellite CNN prediction: SeaLake (confidence: 0.66)
1430,Unknown / Insufficient Evidence,0.0,"Unknown / Insufficient Evidence
Supporting evidence:
- insufficient or conflicting physical & contextual evidence
- OSM industrial context is UNKNOWN
- land-cover context is UNKNOWN
- satellite observation unavailable/obscured",1,isolated,331.03,30.64,2.69,INSUFFICIENT_DATA,0.0,none,none,inf,not_found,UNKNOWN,False,UNKNOWN,,Satellite metadata available but image download failed
1431,Unknown / Insufficient Evidence,0.0,"Unknown / Insufficient Evidence
Supporting evidence:
- insufficient or conflicting physical & contextual evidence
- land-cover context is UNKNOWN
- satellite observation unavailable/obscured",1,isolated,300.3,22.86,0.92,INSUFFICIENT_DATA,0.0,industrial,none,0.358,found,UNKNOWN,False,UNKNOWN,,"Sentinel-2 observation available but obscured by cloud cover (best: 89.1%, threshold: 30.0%)"
1432,Industrial-context thermal event,0.85,"Industrial-context thermal event
Supporting evidence:
- activity is recurring (active_days=3)
- activity is spatially stationary (displacement=0.23 km)
- high spectral brightness temperature contrast (bt_diff=35.0 K)
- industrial facility detected nearby (works at 0.32 km)
- land-cover context is UNKNOWN
- satellite observation unavailable/obscured",3,short_lived_repeated,331.24,35.0,9.96,STATIONARY,0.234,works,none,0.324,found,UNKNOWN,False,UNKNOWN,,"Sentinel-2 observation available but obscured by cloud cover (best: 58.2%, threshold: 30.0%)"
1433,Unknown / Insufficient Evidence,0.0,"Unknown / Insufficient Evidence
Supporting evidence:
- insufficient or conflicting physical & contextual evidence
- OSM industrial context is UNKNOWN
- land-cover context is UNKNOWN
- satellite observation unavailable/obscured",1,isolated,302.44,16.21,1.08,INSUFFICIENT_DATA,0.0,none,none,inf,not_found,UNKNOWN,False,UNKNOWN,,"Sentinel-2 observation available but obscured by cloud cover (best: 81.8%, threshold: 30.0%)"
1434,Unknown / Insufficient Evidence,0.0,"Unknown / Insufficient Evidence
Supporting evidence:
- insufficient or conflicting physical & contextual evidence
- land-cover context is UNKNOWN
- satellite observation unavailable/obscured",1,isolated,303.53,11.62,0.76,INSUFFICIENT_DATA,0.0,industrial,Jaypee Cements,0.187,found,UNKNOWN,False,UNKNOWN,,"Sentinel-2 observation available but obscured by cloud cover (best: 85.7%, threshold: 30.0%)"
1435,Industrial-context thermal event,0.65,"Industrial-context thermal event
Supporting evidence:
- activity is recurring (active_days=3)
- activity is spatially stationary (displacement=0.10 km)
- industrial facility detected nearby (industrial at 0.41 km)
- land-cover context is UNKNOWN
- satellite observation unavailable/obscured",3,short_lived_repeated,312.46,20.65,1.97,STATIONARY,0.098,industrial,none,0.413,found,UNKNOWN,False,UNKNOWN,,"Sentinel-2 observation available but obscured by cloud cover (best: 86.2%, threshold: 30.0%)"
1436,Agricultural-context thermal event,0.4,"Agricultural-context thermal event
Supporting evidence:
- short-lived transient activity (active_days=2)
- moderate thermal power typical of crop burning (max_frp=7.0 MW)
- land-cover context is UNKNOWN
- satellite observation unavailable/obscured",2,short_lived_repeated,339.9,45.83,7.01,MOVING,1.241,industrial,none,0.427,found,UNKNOWN,False,UNKNOWN,,"Sentinel-2 observation available but obscured by cloud cover (best: 94.8%, threshold: 30.0%)"
1437,Industrial-context thermal event,0.85,"Industrial-context thermal event
Supporting evidence:
- activity is recurring (active_days=2)
- activity is spatially stationary (displacement=0.10 km)
- high spectral brightness temperature contrast (bt_diff=36.4 K)
- industrial facility detected nearby (plant at 0.46 km)
- land-cover context is UNKNOWN
- satellite observation unavailable/obscured",2,short_lived_repeated,330.6,36.42,3.76,STATIONARY,0.096,plant,none,0.462,found,UNKNOWN,False,UNKNOWN,,"Sentinel-2 observation available but obscured by cloud cover (best: 94.4%, threshold: 30.0%)"
1438,Industrial-context thermal event,0.45,"Industrial-context thermal event
Supporting evidence:
- high spectral brightness temperature contrast (bt_diff=42.1 K)
- industrial facility detected nearby (industrial at 0.14 km)
- land-cover context is UNKNOWN
- satellite observation unavailable/obscured",1,isolated,331.71,42.15,1.82,INSUFFICIENT_DATA,0.0,industrial,Nava Karnataka Steels,0.141,found,UNKNOWN,False,UNKNOWN,,"Sentinel-2 observation available but obscured by cloud cover (best: 39.8%, threshold: 30.0%)"
1439,Unknown / Insufficient Evidence,0.0,"Unknown / Insufficient Evidence
Supporting evidence:
- insufficient or conflicting physical & contextual evidence
- OSM industrial context is UNKNOWN
- land-cover context is UNKNOWN
- satellite observation unavailable/obscured",1,isolated,337.02,45.71,3.45,INSUFFICIENT_DATA,0.0,none,none,inf,not_found,UNKNOWN,False,UNKNOWN,,"Sentinel-2 observation available but obscured by cloud cover (best: 41.3%, threshold: 30.0%)"
1440,Unknown / Insufficient Evidence,0.0,"Unknown / Insufficient Evidence
Supporting evidence:
- insufficient or conflicting physical & contextual evidence
- OSM industrial context is UNKNOWN
- land-cover context is UNKNOWN
- satellite observation unavailable/obscured",1,isolated,331.45,34.4,3.57,INSUFFICIENT_DATA,0.0,none,none,inf,not_found,UNKNOWN,False,UNKNOWN,,"Sentinel-2 observation available but obscured by cloud cover (best: 55.1%, threshold: 30.0%)"
1441,Unknown / Insufficient Evidence,0.0,"Unknown / Insufficient Evidence
Supporting evidence:
- insufficient or conflicting physical & contextual evidence
- OSM industrial context is UNKNOWN
- land-cover context is UNKNOWN
- satellite observation unavailable/obscured",1,isolated,332.03,43.97,4.27,INSUFFICIENT_DATA,0.0,none,none,inf,not_found,UNKNOWN,False,UNKNOWN,,"Sentinel-2 observation available but obscured by cloud cover (best: 79.4%, threshold: 30.0%)"
1442,Unknown / Insufficient Evidence,0.0,"Unknown / Insufficient Evidence
Supporting evidence:
- insufficient or conflicting physical & contextual evidence
- OSM industrial context is UNKNOWN
- land-cover context is UNKNOWN
- satellite observation unavailable/obscured",1,isolated,336.09,40.97,3.57,INSUFFICIENT_DATA,0.0,none,none,inf,not_found,UNKNOWN,False,UNKNOWN,,"Sentinel-2 observation available but obscured by cloud cover (best: 46.4%, threshold: 30.0%)"
1443,Unknown / Insufficient Evidence,0.0,"Unknown / Insufficient Evidence
Supporting evidence:
- insufficient or conflicting physical & contextual evidence
- OSM industrial context is UNKNOWN
- land-cover context is UNKNOWN
- satellite observation unavailable/obscured",1,isolated,331.31,32.8,0.9,INSUFFICIENT_DATA,0.0,none,none,inf,not_found,UNKNOWN,False,UNKNOWN,,"Sentinel-2 observation available but obscured by cloud cover (best: 78.9%, threshold: 30.0%)"
1444,Agricultural-context thermal event,0.55,"Agricultural-context thermal event
Supporting evidence:
- short-lived transient activity (active_days=2)
- minor localized plot displacement
- OSM industrial context is UNKNOWN
- land-cover context is UNKNOWN
- satellite observation unavailable/obscured",2,short_lived_repeated,310.96,21.43,1.23,STATIONARY,0.243,none,none,inf,not_found,UNKNOWN,False,UNKNOWN,,"Sentinel-2 observation available but obscured by cloud cover (best: 59.6%, threshold: 30.0%)"
1445,Unknown / Insufficient Evidence,0.0,"Unknown / Insufficient Evidence
Supporting evidence:
- insufficient or conflicting physical & contextual evidence
- land-cover context is UNKNOWN
- satellite observation unavailable/obscured",1,isolated,301.03,20.73,2.37,INSUFFICIENT_DATA,0.0,mine,Adasa Coal Mine,1.377,found,UNKNOWN,False,UNKNOWN,,"Sentinel-2 observation available but obscured by cloud cover (best: 92.3%, threshold: 30.0%)"
1446,Unknown / Insufficient Evidence,0.0,"Unknown / Insufficient Evidence
Supporting evidence:
- insufficient or conflicting physical & contextual evidence
- land-cover context is UNKNOWN
- satellite observation unavailable/obscured",1,isolated,314.57,24.38,3.85,INSUFFICIENT_DATA,0.0,industrial,none,0.34,found,UNKNOWN,False,UNKNOWN,,"Sentinel-2 observation available but obscured by cloud cover (best: 96.4%, threshold: 30.0%)"
1447,Unknown / Insufficient Evidence,0.0,"Unknown / Insufficient Evidence
Supporting evidence:
- insufficient or conflicting physical & contextual evidence
- land-cover context is UNKNOWN
- satellite observation unavailable/obscured",1,isolated,301.02,23.78,0.73,INSUFFICIENT_DATA,0.0,industrial,none,0.235,found,UNKNOWN,False,UNKNOWN,,"Sentinel-2 observation available but obscured by cloud cover (best: 96.4%, threshold: 30.0%)"
1448,Unknown / Insufficient Evidence,0.0,"Unknown / Insufficient Evidence
Supporting evidence:
- insufficient or conflicting physical & contextual evidence
- land-cover context is UNKNOWN",1,isolated,306.17,22.89,1.35,INSUFFICIENT_DATA,0.0,industrial,none,1.687,found,UNKNOWN,True,SeaLake,0.9764,Satellite CNN prediction: SeaLake (confidence: 0.98)
1449,Unknown / Insufficient Evidence,0.0,"Unknown / Insufficient Evidence
Supporting evidence:
- insufficient or conflicting physical & contextual evidence
- land-cover context is UNKNOWN
- satellite observation unavailable/obscured",1,isolated,305.27,18.99,0.71,INSUFFICIENT_DATA,0.0,industrial,Ultratech Cement Limited,0.25,found,UNKNOWN,False,UNKNOWN,,"Sentinel-2 observation available but obscured by cloud cover (best: 66.3%, threshold: 30.0%)"
1450,Industrial-context thermal event,0.55,"Industrial-context thermal event
Supporting evidence:
- activity is persistent (active_days=4)
- activity is spatially stationary (displacement=0.24 km)
- OSM industrial context is UNKNOWN
- land-cover context is UNKNOWN
- satellite observation unavailable/obscured",4,short_lived_repeated,316.27,24.54,2.76,STATIONARY,0.242,none,none,inf,not_found,UNKNOWN,False,UNKNOWN,,"Sentinel-2 observation available but obscured by cloud cover (best: 47.9%, threshold: 30.0%)"
1451,Industrial-context thermal event,0.65,"Industrial-context thermal event
Supporting evidence:
- activity is recurring (active_days=3)
- activity is spatially stationary (displacement=0.14 km)
- industrial facility detected nearby (industrial at 0.62 km)
- land-cover context is UNKNOWN
- satellite observation unavailable/obscured",3,short_lived_repeated,309.04,16.75,1.88,STATIONARY,0.135,industrial,none,0.623,found,UNKNOWN,False,UNKNOWN,,"Sentinel-2 observation available but obscured by cloud cover (best: 39.8%, threshold: 30.0%)"
1452,Unknown / Insufficient Evidence,0.0,"Unknown / Insufficient Evidence
Supporting evidence:
- insufficient or conflicting physical & contextual evidence
- land-cover context is UNKNOWN
- satellite observation unavailable/obscured",1,isolated,305.15,12.72,1.23,INSUFFICIENT_DATA,0.0,industrial,Shatavahana Kudatini Steels,0.247,found,UNKNOWN,False,UNKNOWN,,"Sentinel-2 observation available but obscured by cloud cover (best: 47.9%, threshold: 30.0%)"
1453,Industrial-context thermal event,0.65,"Industrial-context thermal event
Supporting evidence:
- activity is recurring (active_days=2)
- activity is spatially stationary (displacement=0.20 km)
- industrial facility detected nearby (industrial at 0.30 km)
- land-cover context is UNKNOWN",2,short_lived_repeated,308.16,17.7,1.7,STATIONARY,0.203,industrial,Vedanta Limited,0.299,found,UNKNOWN,True,AnnualCrop,0.6665,Satellite CNN prediction: AnnualCrop (confidence: 0.67)
1454,Unknown / Insufficient Evidence,0.0,"Unknown / Insufficient Evidence
Supporting evidence:
- insufficient or conflicting physical & contextual evidence
- land-cover context is UNKNOWN
- satellite observation unavailable/obscured",1,isolated,305.93,14.04,2.33,INSUFFICIENT_DATA,0.0,industrial,none,0.239,found,UNKNOWN,False,UNKNOWN,,"Sentinel-2 observation available but obscured by cloud cover (best: 57.8%, threshold: 30.0%)"
1455,Agricultural-context thermal event,0.55,"Agricultural-context thermal event
Supporting evidence:
- short-lived transient activity (active_days=2)
- minor localized plot displacement
- OSM industrial context is UNKNOWN
- land-cover context is UNKNOWN
- satellite observation unavailable/obscured",2,short_lived_repeated,308.11,17.0,1.53,STATIONARY,0.081,none,none,inf,not_found,UNKNOWN,False,UNKNOWN,,"Sentinel-2 observation available but obscured by cloud cover (best: 84.5%, threshold: 30.0%)"
1456,Industrial-context thermal event,0.85,"Industrial-context thermal event
Supporting evidence:
- activity is recurring (active_days=2)
- activity is spatially stationary (displacement=0.22 km)
- high spectral brightness temperature contrast (bt_diff=40.6 K)
- industrial facility detected nearby (industrial at 0.25 km)
- land-cover context is UNKNOWN
- satellite observation unavailable/obscured",2,short_lived_repeated,333.21,40.65,3.2,STATIONARY,0.22,industrial,JSW Ispat Steel Plant,0.251,found,UNKNOWN,False,UNKNOWN,,"Sentinel-2 observation available but obscured by cloud cover (best: 91.8%, threshold: 30.0%)"
1457,Unknown / Insufficient Evidence,0.0,"Unknown / Insufficient Evidence
Supporting evidence:
- insufficient or conflicting physical & contextual evidence
- OSM industrial context is UNKNOWN
- land-cover context is UNKNOWN
- satellite observation unavailable/obscured",1,isolated,314.73,24.6,1.88,INSUFFICIENT_DATA,0.0,none,none,inf,not_found,UNKNOWN,False,UNKNOWN,,"Sentinel-2 observation available but obscured by cloud cover (best: 46.4%, threshold: 30.0%)"
1458,Unknown / Insufficient Evidence,0.0,"Unknown / Insufficient Evidence
Supporting evidence:
- insufficient or conflicting physical & contextual evidence
- land-cover context is UNKNOWN
- satellite observation unavailable/obscured",1,isolated,308.46,17.68,1.32,INSUFFICIENT_DATA,0.0,works,none,0.82,found,UNKNOWN,False,UNKNOWN,,"Sentinel-2 observation available but obscured by cloud cover (best: 96.4%, threshold: 30.0%)"
1459,Unknown / Insufficient Evidence,0.0,"Unknown / Insufficient Evidence
Supporting evidence:
- insufficient or conflicting physical & contextual evidence
- land-cover context is UNKNOWN
- satellite observation unavailable/obscured",1,isolated,304.63,15.02,1.21,INSUFFICIENT_DATA,0.0,industrial,none,0.107,found,UNKNOWN,False,UNKNOWN,,"Sentinel-2 observation available but obscured by cloud cover (best: 96.4%, threshold: 30.0%)"
1460,Unknown / Insufficient Evidence,0.0,"Unknown / Insufficient Evidence
Supporting evidence:
- insufficient or conflicting physical & contextual evidence
- land-cover context is UNKNOWN
- satellite observation unavailable/obscured",1,isolated,307.1,17.05,1.29,INSUFFICIENT_DATA,0.0,industrial,none,0.149,found,UNKNOWN,False,UNKNOWN,,"Sentinel-2 observation available but obscured by cloud cover (best: 96.4%, threshold: 30.0%)"
1461,Unknown / Insufficient Evidence,0.0,"Unknown / Insufficient Evidence
Supporting evidence:
- insufficient or conflicting physical & contextual evidence
- land-cover context is UNKNOWN
- satellite observation unavailable/obscured",1,isolated,309.0,19.41,2.78,INSUFFICIENT_DATA,0.0,industrial,none,0.709,found,UNKNOWN,False,UNKNOWN,,"Sentinel-2 observation available but obscured by cloud cover (best: 96.4%, threshold: 30.0%)"
1462,Unknown / Insufficient Evidence,0.0,"Unknown / Insufficient Evidence
Supporting evidence:
- insufficient or conflicting physical & contextual evidence
- land-cover context is UNKNOWN
- satellite observation unavailable/obscured",1,isolated,306.81,19.08,1.19,INSUFFICIENT_DATA,0.0,industrial,none,0.201,found,UNKNOWN,False,UNKNOWN,,"Sentinel-2 observation available but obscured by cloud cover (best: 98.5%, threshold: 30.0%)"
1463,Industrial-context thermal event,0.6,"Industrial-context thermal event
Supporting evidence:
- activity is recurring (active_days=2)
- activity is spatially stationary (displacement=0.04 km)
- high spectral brightness temperature contrast (bt_diff=45.1 K)
- OSM industrial context is UNKNOWN
- land-cover context is UNKNOWN
- satellite observation unavailable/obscured",2,short_lived_repeated,334.63,45.1,8.21,STATIONARY,0.037,none,none,inf,not_found,UNKNOWN,False,UNKNOWN,,"Sentinel-2 observation available but obscured by cloud cover (best: 98.5%, threshold: 30.0%)"
1464,Unknown / Insufficient Evidence,0.0,"Unknown / Insufficient Evidence
Supporting evidence:
- insufficient or conflicting physical & contextual evidence
- OSM industrial context is UNKNOWN
- land-cover context is UNKNOWN
- satellite observation unavailable/obscured",1,isolated,304.82,38.19,1.46,INSUFFICIENT_DATA,0.0,none,none,inf,not_found,UNKNOWN,False,UNKNOWN,,"Sentinel-2 observation available but obscured by cloud cover (best: 91.9%, threshold: 30.0%)"
1465,Unknown / Insufficient Evidence,0.0,"Unknown / Insufficient Evidence
Supporting evidence:
- insufficient or conflicting physical & contextual evidence
- land-cover context is UNKNOWN",1,isolated,305.38,21.77,1.6,INSUFFICIENT_DATA,0.0,industrial,none,0.946,found,UNKNOWN,True,SeaLake,0.6479,Satellite CNN prediction: SeaLake (confidence: 0.65)
1466,Unknown / Insufficient Evidence,0.0,"Unknown / Insufficient Evidence
Supporting evidence:
- insufficient or conflicting physical & contextual evidence
- OSM industrial context is UNKNOWN
- land-cover context is UNKNOWN
- satellite observation unavailable/obscured",1,isolated,299.01,26.72,0.9,INSUFFICIENT_DATA,0.0,none,none,inf,not_found,UNKNOWN,False,UNKNOWN,,"Sentinel-2 observation available but obscured by cloud cover (best: 44.5%, threshold: 30.0%)"
1467,Unknown / Insufficient Evidence,0.0,"Unknown / Insufficient Evidence
Supporting evidence:
- insufficient or conflicting physical & contextual evidence
- OSM industrial context is UNKNOWN
- land-cover context is UNKNOWN
- satellite observation unavailable/obscured",1,isolated,304.36,22.94,0.7,INSUFFICIENT_DATA,0.0,none,none,inf,not_found,UNKNOWN,False,UNKNOWN,,"Sentinel-2 observation available but obscured by cloud cover (best: 69.2%, threshold: 30.0%)"
1468,Industrial-context thermal event,0.6,"Industrial-context thermal event
Supporting evidence:
- activity is recurring (active_days=3)
- activity is spatially stationary (displacement=0.10 km)
- high spectral brightness temperature contrast (bt_diff=38.8 K)
- OSM industrial context is UNKNOWN
- land-cover context is UNKNOWN
- satellite observation unavailable/obscured",3,short_lived_repeated,331.26,38.81,5.23,STATIONARY,0.105,none,none,inf,not_found,UNKNOWN,False,UNKNOWN,,"Sentinel-2 observation available but obscured by cloud cover (best: 84.5%, threshold: 30.0%)"
1469,Industrial-context thermal event,0.6,"Industrial-context thermal event
Supporting evidence:
- activity is recurring (active_days=2)
- activity is spatially stationary (displacement=0.09 km)
- high spectral brightness temperature contrast (bt_diff=36.4 K)
- OSM industrial context is UNKNOWN
- land-cover context is UNKNOWN
- satellite observation unavailable/obscured",2,short_lived_repeated,322.73,36.42,1.6,STATIONARY,0.092,none,none,inf,not_found,UNKNOWN,False,UNKNOWN,,"Sentinel-2 observation available but obscured by cloud cover (best: 85.4%, threshold: 30.0%)"
1470,Agricultural-context thermal event,0.75,"Agricultural-context thermal event
Supporting evidence:
- short-lived transient activity (active_days=1)
- moderate thermal power typical of crop burning (max_frp=6.6 MW)
- satellite CNN visual context is PermanentCrop (model confidence=0.74)
- OSM industrial context is UNKNOWN
- land-cover context is UNKNOWN",1,isolated,331.54,39.83,6.61,INSUFFICIENT_DATA,0.0,none,none,inf,not_found,UNKNOWN,True,PermanentCrop,0.7368,Satellite CNN prediction: PermanentCrop (confidence: 0.74)
1471,Industrial-context thermal event,0.65,"Industrial-context thermal event
Supporting evidence:
- activity is recurring (active_days=2)
- activity is spatially stationary (displacement=0.41 km)
- industrial facility detected nearby (industrial at 0.12 km)
- land-cover context is UNKNOWN
- satellite observation unavailable/obscured",2,short_lived_repeated,310.21,17.3,2.63,STATIONARY,0.409,industrial,none,0.12,found,UNKNOWN,False,UNKNOWN,,"Sentinel-2 observation available but obscured by cloud cover (best: 44.8%, threshold: 30.0%)"
1472,Unknown / Insufficient Evidence,0.0,"Unknown / Insufficient Evidence
Supporting evidence:
- insufficient or conflicting physical & contextual evidence
- land-cover context is UNKNOWN
- satellite observation unavailable/obscured",1,isolated,307.02,12.63,2.03,INSUFFICIENT_DATA,0.0,industrial,none,0.152,found,UNKNOWN,False,UNKNOWN,,"Sentinel-2 observation available but obscured by cloud cover (best: 94.4%, threshold: 30.0%)"
1473,Unknown / Insufficient Evidence,0.0,"Unknown / Insufficient Evidence
Supporting evidence:
- insufficient or conflicting physical & contextual evidence
- land-cover context is UNKNOWN
- satellite observation unavailable/obscured",1,isolated,299.67,10.14,0.72,INSUFFICIENT_DATA,0.0,plant,SANGHIPURAM CEMENT,0.051,found,UNKNOWN,False,UNKNOWN,,"Sentinel-2 observation available but obscured by cloud cover (best: 42.7%, threshold: 30.0%)"
1474,Industrial-context thermal event,0.65,"Industrial-context thermal event
Supporting evidence:
- activity is recurring (active_days=2)
- activity is spatially stationary (displacement=0.14 km)
- industrial facility detected nearby (industrial at 0.69 km)
- land-cover context is UNKNOWN
- satellite observation unavailable/obscured",2,short_lived_repeated,303.23,12.78,2.57,STATIONARY,0.143,industrial,Hindustan Steels,0.685,found,UNKNOWN,False,UNKNOWN,,"Sentinel-2 observation available but obscured by cloud cover (best: 47.9%, threshold: 30.0%)"
1475,Unknown / Insufficient Evidence,0.0,"Unknown / Insufficient Evidence
Supporting evidence:
- insufficient or conflicting physical & contextual evidence
- land-cover context is UNKNOWN
- satellite observation unavailable/obscured",4,short_lived_repeated,331.25,39.38,3.12,MOVING,0.72,industrial,none,0.056,found,UNKNOWN,False,UNKNOWN,,"Sentinel-2 observation available but obscured by cloud cover (best: 42.9%, threshold: 30.0%)"
1476,Agricultural-context thermal event,0.55,"Agricultural-context thermal event
Supporting evidence:
- short-lived transient activity (active_days=1)
- moderate thermal power typical of crop burning (max_frp=21.8 MW)
- OSM industrial context is UNKNOWN
- land-cover context is UNKNOWN",1,isolated,347.44,46.12,21.77,INSUFFICIENT_DATA,0.0,none,none,inf,not_found,UNKNOWN,True,SeaLake,0.9824,Satellite CNN prediction: SeaLake (confidence: 0.98)
1477,Agricultural-context thermal event,0.55,"Agricultural-context thermal event
Supporting evidence:
- short-lived transient activity (active_days=1)
- moderate thermal power typical of crop burning (max_frp=5.0 MW)
- OSM industrial context is UNKNOWN
- land-cover context is UNKNOWN",1,isolated,330.34,37.51,5.0,INSUFFICIENT_DATA,0.0,none,none,inf,not_found,UNKNOWN,True,SeaLake,0.7942,Satellite CNN prediction: SeaLake (confidence: 0.79)
1478,Unknown / Insufficient Evidence,0.0,"Unknown / Insufficient Evidence
Supporting evidence:
- insufficient or conflicting physical & contextual evidence
- OSM industrial context is UNKNOWN
- land-cover context is UNKNOWN
- satellite observation unavailable/obscured",1,isolated,347.16,53.14,3.99,INSUFFICIENT_DATA,0.0,none,none,inf,not_found,UNKNOWN,False,UNKNOWN,,"Sentinel-2 observation available but obscured by cloud cover (best: 30.4%, threshold: 30.0%)"
1479,Unknown / Insufficient Evidence,0.0,"Unknown / Insufficient Evidence
Supporting evidence:
- insufficient or conflicting physical & contextual evidence
- OSM industrial context is UNKNOWN
- land-cover context is UNKNOWN",1,isolated,333.07,37.86,1.51,INSUFFICIENT_DATA,0.0,none,none,inf,not_found,UNKNOWN,True,SeaLake,0.8881,Satellite CNN prediction: SeaLake (confidence: 0.89)
1480,Agricultural-context thermal event,0.55,"Agricultural-context thermal event
Supporting evidence:
- short-lived transient activity (active_days=1)
- moderate thermal power typical of crop burning (max_frp=6.6 MW)
- OSM industrial context is UNKNOWN
- land-cover context is UNKNOWN
- satellite observation unavailable/obscured",1,isolated,334.29,41.76,6.57,INSUFFICIENT_DATA,0.0,none,none,inf,not_found,UNKNOWN,False,UNKNOWN,,"Sentinel-2 observation available but obscured by cloud cover (best: 57.8%, threshold: 30.0%)"
1481,Agricultural-context thermal event,0.55,"Agricultural-context thermal event
Supporting evidence:
- short-lived transient activity (active_days=1)
- moderate thermal power typical of crop burning (max_frp=8.3 MW)
- OSM industrial context is UNKNOWN
- land-cover context is UNKNOWN
- satellite observation unavailable/obscured",1,isolated,335.24,41.72,8.29,INSUFFICIENT_DATA,0.0,none,none,inf,not_found,UNKNOWN,False,UNKNOWN,,"Sentinel-2 observation available but obscured by cloud cover (best: 79.4%, threshold: 30.0%)"
1482,Unknown / Insufficient Evidence,0.0,"Unknown / Insufficient Evidence
Supporting evidence:
- insufficient or conflicting physical & contextual evidence
- OSM industrial context is UNKNOWN
- land-cover context is UNKNOWN
- satellite observation unavailable/obscured",1,isolated,333.57,35.88,3.28,INSUFFICIENT_DATA,0.0,none,none,inf,not_found,UNKNOWN,False,UNKNOWN,,"Sentinel-2 observation available but obscured by cloud cover (best: 76.9%, threshold: 30.0%)"
1483,Industrial-context thermal event,0.45,"Industrial-context thermal event
Supporting evidence:
- high spectral brightness temperature contrast (bt_diff=36.2 K)
- industrial facility detected nearby (industrial at 0.21 km)
- land-cover context is UNKNOWN
- satellite observation unavailable/obscured",1,isolated,332.83,36.22,9.21,INSUFFICIENT_DATA,0.0,industrial,Shyam Metallic & Energy,0.215,found,UNKNOWN,False,UNKNOWN,,"Sentinel-2 observation available but obscured by cloud cover (best: 96.8%, threshold: 30.0%)"
1484,Industrial-context thermal event,0.45,"Industrial-context thermal event
Supporting evidence:
- high spectral brightness temperature contrast (bt_diff=40.6 K)
- industrial facility detected nearby (industrial at 0.72 km)
- land-cover context is UNKNOWN
- satellite observation unavailable/obscured",1,isolated,334.29,40.6,5.23,INSUFFICIENT_DATA,0.0,industrial,Rourkela Steel Plant,0.718,found,UNKNOWN,False,UNKNOWN,,"Sentinel-2 observation available but obscured by cloud cover (best: 98.4%, threshold: 30.0%)"
1485,Industrial-context thermal event,0.45,"Industrial-context thermal event
Supporting evidence:
- high spectral brightness temperature contrast (bt_diff=39.0 K)
- industrial facility detected nearby (plant at 0.89 km)
- land-cover context is UNKNOWN
- satellite observation unavailable/obscured",1,isolated,330.93,39.04,3.38,INSUFFICIENT_DATA,0.0,plant,none,0.894,found,UNKNOWN,False,UNKNOWN,,"Sentinel-2 observation available but obscured by cloud cover (best: 98.4%, threshold: 30.0%)"
1486,Agricultural-context thermal event,0.55,"Agricultural-context thermal event
Supporting evidence:
- short-lived transient activity (active_days=1)
- moderate thermal power typical of crop burning (max_frp=6.8 MW)
- OSM industrial context is UNKNOWN
- land-cover context is UNKNOWN",1,isolated,338.78,38.93,6.85,INSUFFICIENT_DATA,0.0,none,none,inf,not_found,UNKNOWN,True,SeaLake,0.4284,Satellite CNN prediction: SeaLake (confidence: 0.43)
1487,Unknown / Insufficient Evidence,0.0,"Unknown / Insufficient Evidence
Supporting evidence:
- insufficient or conflicting physical & contextual evidence
- OSM industrial context is UNKNOWN
- land-cover context is UNKNOWN",1,isolated,336.71,38.73,3.51,INSUFFICIENT_DATA,0.0,none,none,inf,not_found,UNKNOWN,True,SeaLake,0.7528,Satellite CNN prediction: SeaLake (confidence: 0.75)
1488,Agricultural-context thermal event,0.55,"Agricultural-context thermal event
Supporting evidence:
- short-lived transient activity (active_days=1)
- moderate thermal power typical of crop burning (max_frp=5.7 MW)
- OSM industrial context is UNKNOWN
- land-cover context is UNKNOWN
- satellite observation unavailable/obscured",1,isolated,336.04,50.71,5.73,INSUFFICIENT_DATA,0.0,none,none,inf,not_found,UNKNOWN,False,UNKNOWN,,"Sentinel-2 observation available but obscured by cloud cover (best: 33.7%, threshold: 30.0%)"
1489,Unknown / Insufficient Evidence,0.0,"Unknown / Insufficient Evidence
Supporting evidence:
- insufficient or conflicting physical & contextual evidence
- OSM industrial context is UNKNOWN
- land-cover context is UNKNOWN
- satellite observation unavailable/obscured",1,isolated,340.06,39.15,4.38,INSUFFICIENT_DATA,0.0,none,none,inf,not_found,UNKNOWN,False,UNKNOWN,,"Sentinel-2 observation available but obscured by cloud cover (best: 38.4%, threshold: 30.0%)"
1490,Agricultural-context thermal event,0.75,"Agricultural-context thermal event
Supporting evidence:
- short-lived transient activity (active_days=2)
- minor localized plot displacement
- moderate thermal power typical of crop burning (max_frp=11.0 MW)
- OSM industrial context is UNKNOWN
- land-cover context is UNKNOWN
- satellite observation unavailable/obscured",2,short_lived_repeated,355.42,52.11,11.04,STATIONARY,0.343,none,none,inf,not_found,UNKNOWN,False,UNKNOWN,,"Sentinel-2 observation available but obscured by cloud cover (best: 100.0%, threshold: 30.0%)"
1491,Unknown / Insufficient Evidence,0.0,"Unknown / Insufficient Evidence
Supporting evidence:
- insufficient or conflicting physical & contextual evidence
- OSM industrial context is UNKNOWN
- land-cover context is UNKNOWN",1,isolated,336.15,41.84,4.04,INSUFFICIENT_DATA,0.0,none,none,inf,not_found,UNKNOWN,True,SeaLake,0.9905,Satellite CNN prediction: SeaLake (confidence: 0.99)
1492,Unknown / Insufficient Evidence,0.0,"Unknown / Insufficient Evidence
Supporting evidence:
- insufficient or conflicting physical & contextual evidence
- OSM industrial context is UNKNOWN
- land-cover context is UNKNOWN",1,isolated,330.28,36.71,1.86,INSUFFICIENT_DATA,0.0,none,none,inf,not_found,UNKNOWN,True,SeaLake,0.9627,Satellite CNN prediction: SeaLake (confidence: 0.96)
1493,Unknown / Insufficient Evidence,0.0,"Unknown / Insufficient Evidence
Supporting evidence:
- insufficient or conflicting physical & contextual evidence
- land-cover context is UNKNOWN",1,isolated,332.79,32.54,4.18,INSUFFICIENT_DATA,0.0,works,Salem Weld Mesh,1.144,found,UNKNOWN,True,SeaLake,0.4127,Satellite CNN prediction: SeaLake (confidence: 0.41)
1494,Industrial-context thermal event,0.45,"Industrial-context thermal event
Supporting evidence:
- high spectral brightness temperature contrast (bt_diff=44.6 K)
- industrial facility detected nearby (works at 0.27 km)
- land-cover context is UNKNOWN",1,isolated,341.29,44.63,5.71,INSUFFICIENT_DATA,0.0,works,Coirmedia,0.265,found,UNKNOWN,True,SeaLake,0.8776,Satellite CNN prediction: SeaLake (confidence: 0.88)
1495,Unknown / Insufficient Evidence,0.0,"Unknown / Insufficient Evidence
Supporting evidence:
- insufficient or conflicting physical & contextual evidence
- OSM industrial context is UNKNOWN
- land-cover context is UNKNOWN",1,isolated,341.68,38.03,4.61,INSUFFICIENT_DATA,0.0,none,none,inf,not_found,UNKNOWN,True,SeaLake,0.9822,Satellite CNN prediction: SeaLake (confidence: 0.98)
1496,Agricultural-context thermal event,0.55,"Agricultural-context thermal event
Supporting evidence:
- short-lived transient activity (active_days=1)
- satellite CNN visual context is AnnualCrop (model confidence=0.62)
- OSM industrial context is UNKNOWN
- land-cover context is UNKNOWN",1,isolated,336.44,40.86,4.14,INSUFFICIENT_DATA,0.0,none,none,inf,not_found,UNKNOWN,True,AnnualCrop,0.6209,Satellite CNN prediction: AnnualCrop (confidence: 0.62)
1497,Unknown / Insufficient Evidence,0.0,"Unknown / Insufficient Evidence
Supporting evidence:
- insufficient or conflicting physical & contextual evidence
- OSM industrial context is UNKNOWN
- land-cover context is UNKNOWN",1,isolated,330.64,30.58,2.19,INSUFFICIENT_DATA,0.0,none,none,inf,not_found,UNKNOWN,True,SeaLake,0.9522,Satellite CNN prediction: SeaLake (confidence: 0.95)
1498,Unknown / Insufficient Evidence,0.0,"Unknown / Insufficient Evidence
Supporting evidence:
- insufficient or conflicting physical & contextual evidence
- OSM industrial context is UNKNOWN
- land-cover context is UNKNOWN",1,isolated,331.26,27.9,1.61,INSUFFICIENT_DATA,0.0,none,none,inf,not_found,UNKNOWN,True,HerbaceousVegetation,0.9042,Satellite CNN prediction: HerbaceousVegetation (confidence: 0.90)
1499,Agricultural-context thermal event,0.55,"Agricultural-context thermal event
Supporting evidence:
- short-lived transient activity (active_days=1)
- moderate thermal power typical of crop burning (max_frp=13.4 MW)
- OSM industrial context is UNKNOWN
- land-cover context is UNKNOWN",1,isolated,342.13,39.31,13.42,INSUFFICIENT_DATA,0.0,none,none,inf,not_found,UNKNOWN,True,SeaLake,0.9987,Satellite CNN prediction: SeaLake (confidence: 1.00)
1500,Unknown / Insufficient Evidence,0.0,"Unknown / Insufficient Evidence
Supporting evidence:
- insufficient or conflicting physical & contextual evidence
- OSM industrial context is UNKNOWN
- land-cover context is UNKNOWN
- satellite observation unavailable/obscured",1,isolated,335.46,35.3,2.81,INSUFFICIENT_DATA,0.0,none,none,inf,not_found,UNKNOWN,False,UNKNOWN,,"Sentinel-2 observation available but obscured by cloud cover (best: 30.9%, threshold: 30.0%)"
1501,Unknown / Insufficient Evidence,0.0,"Unknown / Insufficient Evidence
Supporting evidence:
- insufficient or conflicting physical & contextual evidence
- OSM industrial context is UNKNOWN
- land-cover context is UNKNOWN",1,isolated,330.79,33.61,1.44,INSUFFICIENT_DATA,0.0,none,none,inf,not_found,UNKNOWN,True,HerbaceousVegetation,0.8788,Satellite CNN prediction: HerbaceousVegetation (confidence: 0.88)
1502,Industrial-context thermal event,0.45,"Industrial-context thermal event
Supporting evidence:
- high spectral brightness temperature contrast (bt_diff=36.6 K)
- industrial facility detected nearby (brickyard at 2.00 km)
- land-cover context is UNKNOWN
- satellite observation unavailable/obscured",1,isolated,334.78,36.65,3.78,INSUFFICIENT_DATA,0.0,brickyard,none,1.999,found,UNKNOWN,False,UNKNOWN,,"Sentinel-2 observation available but obscured by cloud cover (best: 89.8%, threshold: 30.0%)"
1503,Unknown / Insufficient Evidence,0.0,"Unknown / Insufficient Evidence
Supporting evidence:
- insufficient or conflicting physical & contextual evidence
- OSM industrial context is UNKNOWN
- land-cover context is UNKNOWN
- satellite observation unavailable/obscured",1,isolated,334.78,35.64,4.44,INSUFFICIENT_DATA,0.0,none,none,inf,not_found,UNKNOWN,False,UNKNOWN,,"Sentinel-2 observation available but obscured by cloud cover (best: 91.7%, threshold: 30.0%)"
1504,Unknown / Insufficient Evidence,0.0,"Unknown / Insufficient Evidence
Supporting evidence:
- insufficient or conflicting physical & contextual evidence
- OSM industrial context is UNKNOWN
- land-cover context is UNKNOWN
- satellite observation unavailable/obscured",1,isolated,331.1,32.34,3.09,INSUFFICIENT_DATA,0.0,none,none,inf,not_found,UNKNOWN,False,UNKNOWN,,"Sentinel-2 observation available but obscured by cloud cover (best: 72.3%, threshold: 30.0%)"
1505,Unknown / Insufficient Evidence,0.0,"Unknown / Insufficient Evidence
Supporting evidence:
- insufficient or conflicting physical & contextual evidence
- OSM industrial context is UNKNOWN
- land-cover context is UNKNOWN
- satellite observation unavailable/obscured",1,isolated,339.33,40.94,3.71,INSUFFICIENT_DATA,0.0,none,none,inf,not_found,UNKNOWN,False,UNKNOWN,,"Sentinel-2 observation available but obscured by cloud cover (best: 62.3%, threshold: 30.0%)"
1506,Unknown / Insufficient Evidence,0.0,"Unknown / Insufficient Evidence
Supporting evidence:
- insufficient or conflicting physical & contextual evidence
- OSM industrial context is UNKNOWN
- land-cover context is UNKNOWN
- satellite observation unavailable/obscured",1,isolated,333.76,39.08,3.12,INSUFFICIENT_DATA,0.0,none,none,inf,not_found,UNKNOWN,False,UNKNOWN,,"Sentinel-2 observation available but obscured by cloud cover (best: 60.8%, threshold: 30.0%)"
1507,Industrial-context thermal event,0.45,"Industrial-context thermal event
Supporting evidence:
- high spectral brightness temperature contrast (bt_diff=35.7 K)
- industrial facility detected nearby (industrial at 0.46 km)
- land-cover context is UNKNOWN
- satellite observation unavailable/obscured",1,isolated,337.96,35.67,4.52,INSUFFICIENT_DATA,0.0,industrial,none,0.464,found,UNKNOWN,False,UNKNOWN,,"Sentinel-2 observation available but obscured by cloud cover (best: 39.8%, threshold: 30.0%)"
1508,Agricultural-context thermal event,0.55,"Agricultural-context thermal event
Supporting evidence:
- short-lived transient activity (active_days=1)
- moderate thermal power typical of crop burning (max_frp=5.7 MW)
- OSM industrial context is UNKNOWN
- land-cover context is UNKNOWN
- satellite observation unavailable/obscured",1,isolated,340.98,43.84,5.67,INSUFFICIENT_DATA,0.0,none,none,inf,not_found,UNKNOWN,False,UNKNOWN,,"Sentinel-2 observation available but obscured by cloud cover (best: 41.3%, threshold: 30.0%)"
1509,Industrial-context thermal event,0.85,"Industrial-context thermal event
Supporting evidence:
- activity is recurring (active_days=2)
- activity is spatially stationary (displacement=0.09 km)
- high spectral brightness temperature contrast (bt_diff=38.2 K)
- industrial facility detected nearby (cooling at 0.17 km)
- land-cover context is UNKNOWN
- satellite observation unavailable/obscured",2,short_lived_repeated,337.25,38.2,4.32,STATIONARY,0.087,cooling,none,0.168,found,UNKNOWN,False,UNKNOWN,,"Sentinel-2 observation available but obscured by cloud cover (best: 47.9%, threshold: 30.0%)"
1510,Unknown / Insufficient Evidence,0.0,"Unknown / Insufficient Evidence
Supporting evidence:
- insufficient or conflicting physical & contextual evidence
- OSM industrial context is UNKNOWN
- land-cover context is UNKNOWN
- satellite observation unavailable/obscured",1,isolated,332.95,30.32,1.86,INSUFFICIENT_DATA,0.0,none,none,inf,not_found,UNKNOWN,False,UNKNOWN,,"Sentinel-2 observation available but obscured by cloud cover (best: 59.8%, threshold: 30.0%)"
1511,Unknown / Insufficient Evidence,0.0,"Unknown / Insufficient Evidence
Supporting evidence:
- insufficient or conflicting physical & contextual evidence
- OSM industrial context is UNKNOWN
- land-cover context is UNKNOWN
- satellite observation unavailable/obscured",1,isolated,337.15,42.34,4.12,INSUFFICIENT_DATA,0.0,none,none,inf,not_found,UNKNOWN,False,UNKNOWN,,"Sentinel-2 observation available but obscured by cloud cover (best: 82.4%, threshold: 30.0%)"
1512,Unknown / Insufficient Evidence,0.0,"Unknown / Insufficient Evidence
Supporting evidence:
- insufficient or conflicting physical & contextual evidence
- OSM industrial context is UNKNOWN
- land-cover context is UNKNOWN
- satellite observation unavailable/obscured",1,isolated,330.46,35.68,2.89,INSUFFICIENT_DATA,0.0,none,none,inf,not_found,UNKNOWN,False,UNKNOWN,,"Sentinel-2 observation available but obscured by cloud cover (best: 57.8%, threshold: 30.0%)"
1513,Industrial-context thermal event,0.45,"Industrial-context thermal event
Supporting evidence:
- high spectral brightness temperature contrast (bt_diff=42.8 K)
- industrial facility detected nearby (industrial at 1.31 km)
- land-cover context is UNKNOWN
- satellite observation unavailable/obscured",1,isolated,340.97,42.84,3.84,INSUFFICIENT_DATA,0.0,industrial,none,1.311,found,UNKNOWN,False,UNKNOWN,,"Sentinel-2 observation available but obscured by cloud cover (best: 59.8%, threshold: 30.0%)"
1514,Unknown / Insufficient Evidence,0.0,"Unknown / Insufficient Evidence
Supporting evidence:
- insufficient or conflicting physical & contextual evidence
- OSM industrial context is UNKNOWN
- land-cover context is UNKNOWN
- satellite observation unavailable/obscured",1,isolated,333.16,37.26,3.21,INSUFFICIENT_DATA,0.0,none,none,inf,not_found,UNKNOWN,False,UNKNOWN,,"Sentinel-2 observation available but obscured by cloud cover (best: 75.5%, threshold: 30.0%)"
1515,Industrial-context thermal event,0.45,"Industrial-context thermal event
Supporting evidence:
- high spectral brightness temperature contrast (bt_diff=49.2 K)
- industrial facility detected nearby (industrial at 0.93 km)
- land-cover context is UNKNOWN
- satellite observation unavailable/obscured",1,isolated,326.38,49.24,2.84,INSUFFICIENT_DATA,0.0,industrial,Jindal Steel Works,0.933,found,UNKNOWN,False,UNKNOWN,,"Sentinel-2 observation available but obscured by cloud cover (best: 96.5%, threshold: 30.0%)"
1516,Industrial-context thermal event,0.85,"Industrial-context thermal event
Supporting evidence:
- activity is recurring (active_days=2)
- activity is spatially stationary (displacement=0.38 km)
- high spectral brightness temperature contrast (bt_diff=59.1 K)
- industrial facility detected nearby (metal_processing at 1.13 km)
- land-cover context is UNKNOWN
- satellite observation unavailable/obscured",2,short_lived_repeated,352.45,59.15,11.97,STATIONARY,0.383,metal_processing,Tata Steel Meramandali,1.127,found,UNKNOWN,False,UNKNOWN,,"Sentinel-2 observation available but obscured by cloud cover (best: 98.6%, threshold: 30.0%)"
1517,Agricultural-context thermal event,0.75,"Agricultural-context thermal event
Supporting evidence:
- short-lived transient activity (active_days=2)
- minor localized plot displacement
- moderate thermal power typical of crop burning (max_frp=9.0 MW)
- OSM industrial context is UNKNOWN
- land-cover context is UNKNOWN
- satellite observation unavailable/obscured",2,short_lived_repeated,339.3,45.31,9.02,STATIONARY,0.211,none,none,inf,not_found,UNKNOWN,False,UNKNOWN,,"Sentinel-2 observation available but obscured by cloud cover (best: 98.6%, threshold: 30.0%)"
1518,Unknown / Insufficient Evidence,0.0,"Unknown / Insufficient Evidence
Supporting evidence:
- insufficient or conflicting physical & contextual evidence
- OSM industrial context is UNKNOWN
- land-cover context is UNKNOWN
- satellite observation unavailable/obscured",1,isolated,305.1,31.72,2.11,INSUFFICIENT_DATA,0.0,none,none,inf,not_found,UNKNOWN,False,UNKNOWN,,"Sentinel-2 observation available but obscured by cloud cover (best: 98.6%, threshold: 30.0%)"
1519,Industrial-context thermal event,0.45,"Industrial-context thermal event
Supporting evidence:
- high spectral brightness temperature contrast (bt_diff=39.8 K)
- industrial facility detected nearby (industrial at 1.21 km)
- land-cover context is UNKNOWN
- satellite observation unavailable/obscured",1,isolated,328.95,39.82,3.46,INSUFFICIENT_DATA,0.0,industrial,Angul Steel Plant,1.211,found,UNKNOWN,False,UNKNOWN,,"Sentinel-2 observation available but obscured by cloud cover (best: 98.5%, threshold: 30.0%)"
1520,Industrial-context thermal event,0.45,"Industrial-context thermal event
Supporting evidence:
- high spectral brightness temperature contrast (bt_diff=39.3 K)
- industrial facility detected nearby (cooling at 0.27 km)
- land-cover context is UNKNOWN
- satellite observation unavailable/obscured",1,isolated,326.31,39.26,4.18,INSUFFICIENT_DATA,0.0,cooling,none,0.269,found,UNKNOWN,False,UNKNOWN,,"Sentinel-2 observation available but obscured by cloud cover (best: 98.5%, threshold: 30.0%)"
1521,Unknown / Insufficient Evidence,0.0,"Unknown / Insufficient Evidence
Supporting evidence:
- insufficient or conflicting physical & contextual evidence
- OSM industrial context is UNKNOWN
- land-cover context is UNKNOWN
- satellite observation unavailable/obscured",1,isolated,300.84,15.55,0.71,INSUFFICIENT_DATA,0.0,none,none,inf,not_found,UNKNOWN,False,UNKNOWN,,"Sentinel-2 observation available but obscured by cloud cover (best: 98.5%, threshold: 30.0%)"
1522,Unknown / Insufficient Evidence,0.0,"Unknown / Insufficient Evidence
Supporting evidence:
- insufficient or conflicting physical & contextual evidence
- land-cover context is UNKNOWN
- satellite observation unavailable/obscured",1,isolated,317.53,28.72,3.46,INSUFFICIENT_DATA,0.0,industrial,none,0.387,found,UNKNOWN,False,UNKNOWN,,"Sentinel-2 observation available but obscured by cloud cover (best: 78.1%, threshold: 30.0%)"
1523,Industrial-context thermal event,0.65,"Industrial-context thermal event
Supporting evidence:
- activity is recurring (active_days=3)
- activity is spatially stationary (displacement=0.33 km)
- industrial facility detected nearby (steel at 0.27 km)
- land-cover context is UNKNOWN",3,short_lived_repeated,315.54,33.55,1.99,STATIONARY,0.326,steel,JSW Steel Plant,0.272,found,UNKNOWN,True,SeaLake,0.9922,Satellite CNN prediction: SeaLake (confidence: 0.99)
1524,Industrial-context thermal event,0.65,"Industrial-context thermal event
Supporting evidence:
- activity is recurring (active_days=2)
- activity is spatially stationary (displacement=0.10 km)
- industrial facility detected nearby (industrial at 0.14 km)
- land-cover context is UNKNOWN
- satellite observation unavailable/obscured",2,short_lived_repeated,308.46,15.98,2.22,STATIONARY,0.097,industrial,none,0.135,found,UNKNOWN,False,UNKNOWN,,"Sentinel-2 observation available but obscured by cloud cover (best: 62.9%, threshold: 30.0%)"
1525,Agricultural-context thermal event,0.55,"Agricultural-context thermal event
Supporting evidence:
- short-lived transient activity (active_days=1)
- moderate thermal power typical of crop burning (max_frp=6.8 MW)
- OSM industrial context is UNKNOWN
- land-cover context is UNKNOWN
- satellite observation unavailable/obscured",1,isolated,322.25,30.73,6.81,INSUFFICIENT_DATA,0.0,none,none,inf,not_found,UNKNOWN,False,UNKNOWN,,"Sentinel-2 observation available but obscured by cloud cover (best: 41.3%, threshold: 30.0%)"
1526,Agricultural-context thermal event,0.55,"Agricultural-context thermal event
Supporting evidence:
- short-lived transient activity (active_days=1)
- moderate thermal power typical of crop burning (max_frp=6.8 MW)
- OSM industrial context is UNKNOWN
- land-cover context is UNKNOWN
- satellite observation unavailable/obscured",1,isolated,316.79,24.64,6.76,INSUFFICIENT_DATA,0.0,none,none,inf,not_found,UNKNOWN,False,UNKNOWN,,"Sentinel-2 observation available but obscured by cloud cover (best: 69.8%, threshold: 30.0%)"
1527,Unknown / Insufficient Evidence,0.0,"Unknown / Insufficient Evidence
Supporting evidence:
- insufficient or conflicting physical & contextual evidence
- OSM industrial context is UNKNOWN
- land-cover context is UNKNOWN
- satellite observation unavailable/obscured",1,isolated,305.65,14.42,1.64,INSUFFICIENT_DATA,0.0,none,none,inf,not_found,UNKNOWN,False,UNKNOWN,,"Sentinel-2 observation available but obscured by cloud cover (best: 95.3%, threshold: 30.0%)"
1528,Unknown / Insufficient Evidence,0.0,"Unknown / Insufficient Evidence
Supporting evidence:
- insufficient or conflicting physical & contextual evidence
- OSM industrial context is UNKNOWN
- land-cover context is UNKNOWN
- satellite observation unavailable/obscured",1,isolated,305.36,22.13,1.9,INSUFFICIENT_DATA,0.0,none,none,inf,not_found,UNKNOWN,False,UNKNOWN,,"Sentinel-2 observation available but obscured by cloud cover (best: 69.4%, threshold: 30.0%)"
1529,Industrial-context thermal event,0.45,"Industrial-context thermal event
Supporting evidence:
- high spectral brightness temperature contrast (bt_diff=42.8 K)
- industrial facility detected nearby (industrial at 0.86 km)
- land-cover context is UNKNOWN
- satellite observation unavailable/obscured",1,isolated,322.77,42.77,1.69,INSUFFICIENT_DATA,0.0,industrial,none,0.865,found,UNKNOWN,False,UNKNOWN,,"Sentinel-2 observation available but obscured by cloud cover (best: 92.9%, threshold: 30.0%)"
1530,Unknown / Insufficient Evidence,0.0,"Unknown / Insufficient Evidence
Supporting evidence:
- insufficient or conflicting physical & contextual evidence
- OSM industrial context is UNKNOWN
- land-cover context is UNKNOWN",1,isolated,305.99,18.55,1.1,INSUFFICIENT_DATA,0.0,none,none,inf,not_found,UNKNOWN,True,HerbaceousVegetation,0.7189,Satellite CNN prediction: HerbaceousVegetation (confidence: 0.72)
1531,Unknown / Insufficient Evidence,0.0,"Unknown / Insufficient Evidence
Supporting evidence:
- insufficient or conflicting physical & contextual evidence
- OSM industrial context is UNKNOWN
- land-cover context is UNKNOWN
- satellite observation unavailable/obscured",1,isolated,329.4,38.5,2.58,INSUFFICIENT_DATA,0.0,none,none,inf,not_found,UNKNOWN,False,UNKNOWN,,"Sentinel-2 observation available but obscured by cloud cover (best: 51.0%, threshold: 30.0%)"
1532,Unknown / Insufficient Evidence,0.0,"Unknown / Insufficient Evidence
Supporting evidence:
- insufficient or conflicting physical & contextual evidence
- land-cover context is UNKNOWN
- satellite observation unavailable/obscured",1,isolated,317.54,30.15,1.49,INSUFFICIENT_DATA,0.0,cooling,none,0.519,found,UNKNOWN,False,UNKNOWN,,"Sentinel-2 observation available but obscured by cloud cover (best: 94.8%, threshold: 30.0%)"
1533,Industrial-context thermal event,0.65,"Industrial-context thermal event
Supporting evidence:
- activity is recurring (active_days=2)
- activity is spatially stationary (displacement=0.22 km)
- industrial facility detected nearby (industrial at 1.00 km)
- land-cover context is UNKNOWN
- satellite observation unavailable/obscured",2,short_lived_repeated,310.35,21.97,1.61,STATIONARY,0.224,industrial,none,1.004,found,UNKNOWN,False,UNKNOWN,,"Sentinel-2 observation available but obscured by cloud cover (best: 60.8%, threshold: 30.0%)"
1534,Unknown / Insufficient Evidence,0.0,"Unknown / Insufficient Evidence
Supporting evidence:
- insufficient or conflicting physical & contextual evidence
- OSM industrial context is UNKNOWN
- land-cover context is UNKNOWN
- satellite observation unavailable/obscured",1,isolated,311.52,28.14,1.27,INSUFFICIENT_DATA,0.0,none,none,inf,not_found,UNKNOWN,False,UNKNOWN,,"Sentinel-2 observation available but obscured by cloud cover (best: 73.1%, threshold: 30.0%)"
1535,Industrial-context thermal event,0.65,"Industrial-context thermal event
Supporting evidence:
- activity is recurring (active_days=2)
- activity is spatially stationary (displacement=0.17 km)
- industrial facility detected nearby (plant at 0.49 km)
- land-cover context is UNKNOWN
- satellite observation unavailable/obscured",2,short_lived_repeated,305.46,19.34,1.21,STATIONARY,0.172,plant,Danapuram BMM Captive Power Plants,0.494,found,UNKNOWN,False,UNKNOWN,,"Sentinel-2 observation available but obscured by cloud cover (best: 47.9%, threshold: 30.0%)"
1536,Unknown / Insufficient Evidence,0.0,"Unknown / Insufficient Evidence
Supporting evidence:
- insufficient or conflicting physical & contextual evidence
- land-cover context is UNKNOWN
- satellite observation unavailable/obscured",1,isolated,301.59,13.18,0.8,INSUFFICIENT_DATA,0.0,industrial,none,0.481,found,UNKNOWN,False,UNKNOWN,,"Sentinel-2 observation available but obscured by cloud cover (best: 42.9%, threshold: 30.0%)"
1537,Unknown / Insufficient Evidence,0.0,"Unknown / Insufficient Evidence
Supporting evidence:
- insufficient or conflicting physical & contextual evidence
- land-cover context is UNKNOWN
- satellite observation unavailable/obscured",1,isolated,309.09,18.94,0.78,INSUFFICIENT_DATA,0.0,industrial,Hospet Steels,0.784,found,UNKNOWN,False,UNKNOWN,,"Sentinel-2 observation available but obscured by cloud cover (best: 42.9%, threshold: 30.0%)"
1538,Agricultural-context thermal event,0.55,"Agricultural-context thermal event
Supporting evidence:
- short-lived transient activity (active_days=1)
- moderate thermal power typical of crop burning (max_frp=6.5 MW)
- OSM industrial context is UNKNOWN
- land-cover context is UNKNOWN
- satellite observation unavailable/obscured",1,isolated,333.87,34.26,6.5,INSUFFICIENT_DATA,0.0,none,none,inf,not_found,UNKNOWN,False,UNKNOWN,,"Sentinel-2 observation available but obscured by cloud cover (best: 58.5%, threshold: 30.0%)"
1539,Agricultural-context thermal event,0.55,"Agricultural-context thermal event
Supporting evidence:
- short-lived transient activity (active_days=1)
- moderate thermal power typical of crop burning (max_frp=11.7 MW)
- OSM industrial context is UNKNOWN
- land-cover context is UNKNOWN",1,isolated,367.0,59.95,11.73,INSUFFICIENT_DATA,0.0,none,none,inf,not_found,UNKNOWN,True,SeaLake,0.743,Satellite CNN prediction: SeaLake (confidence: 0.74)
1540,Unknown / Insufficient Evidence,0.0,"Unknown / Insufficient Evidence
Supporting evidence:
- insufficient or conflicting physical & contextual evidence
- OSM industrial context is UNKNOWN
- land-cover context is UNKNOWN
- satellite observation unavailable/obscured",1,isolated,336.68,33.97,2.82,INSUFFICIENT_DATA,0.0,none,none,inf,not_found,UNKNOWN,False,UNKNOWN,,"Sentinel-2 observation available but obscured by cloud cover (best: 38.4%, threshold: 30.0%)"
1541,Agricultural-context thermal event,0.55,"Agricultural-context thermal event
Supporting evidence:
- short-lived transient activity (active_days=1)
- moderate thermal power typical of crop burning (max_frp=5.6 MW)
- OSM industrial context is UNKNOWN
- land-cover context is UNKNOWN
- satellite observation unavailable/obscured",1,isolated,337.52,31.81,5.56,INSUFFICIENT_DATA,0.0,none,none,inf,not_found,UNKNOWN,False,UNKNOWN,,"Sentinel-2 observation available but obscured by cloud cover (best: 38.4%, threshold: 30.0%)"
1542,Agricultural-context thermal event,0.55,"Agricultural-context thermal event
Supporting evidence:
- short-lived transient activity (active_days=1)
- moderate thermal power typical of crop burning (max_frp=8.9 MW)
- OSM industrial context is UNKNOWN
- land-cover context is UNKNOWN
- satellite observation unavailable/obscured",1,isolated,339.38,35.55,8.89,INSUFFICIENT_DATA,0.0,none,none,inf,not_found,UNKNOWN,False,UNKNOWN,,"Sentinel-2 observation available but obscured by cloud cover (best: 33.7%, threshold: 30.0%)"
1543,Agricultural-context thermal event,0.55,"Agricultural-context thermal event
Supporting evidence:
- short-lived transient activity (active_days=1)
- moderate thermal power typical of crop burning (max_frp=10.8 MW)
- OSM industrial context is UNKNOWN
- land-cover context is UNKNOWN
- satellite observation unavailable/obscured",1,isolated,337.78,33.07,10.83,INSUFFICIENT_DATA,0.0,none,none,inf,not_found,UNKNOWN,False,UNKNOWN,,"Sentinel-2 observation available but obscured by cloud cover (best: 38.4%, threshold: 30.0%)"
1544,Industrial-context thermal event,0.45,"Industrial-context thermal event
Supporting evidence:
- high spectral brightness temperature contrast (bt_diff=35.6 K)
- industrial facility detected nearby (plant at 1.29 km)
- land-cover context is UNKNOWN
- satellite observation unavailable/obscured",1,isolated,338.56,35.65,6.26,INSUFFICIENT_DATA,0.0,plant,none,1.294,found,UNKNOWN,False,UNKNOWN,,"Sentinel-2 observation available but obscured by cloud cover (best: 33.7%, threshold: 30.0%)"
1545,Unknown / Insufficient Evidence,0.0,"Unknown / Insufficient Evidence
Supporting evidence:
- insufficient or conflicting physical & contextual evidence
- OSM industrial context is UNKNOWN
- land-cover context is UNKNOWN
- satellite observation unavailable/obscured",1,isolated,334.4,33.24,2.2,INSUFFICIENT_DATA,0.0,none,none,inf,not_found,UNKNOWN,False,UNKNOWN,,"Sentinel-2 observation available but obscured by cloud cover (best: 45.5%, threshold: 30.0%)"
1546,Unknown / Insufficient Evidence,0.0,"Unknown / Insufficient Evidence
Supporting evidence:
- insufficient or conflicting physical & contextual evidence
- land-cover context is UNKNOWN",1,isolated,337.59,34.61,4.86,INSUFFICIENT_DATA,0.0,industrial,none,1.66,found,UNKNOWN,True,SeaLake,0.736,Satellite CNN prediction: SeaLake (confidence: 0.74)
1547,Agricultural-context thermal event,0.55,"Agricultural-context thermal event
Supporting evidence:
- short-lived transient activity (active_days=1)
- moderate thermal power typical of crop burning (max_frp=6.3 MW)
- OSM industrial context is UNKNOWN
- land-cover context is UNKNOWN",1,isolated,334.69,33.38,6.34,INSUFFICIENT_DATA,0.0,none,none,inf,not_found,UNKNOWN,True,PermanentCrop,0.4024,Satellite CNN prediction: PermanentCrop (confidence: 0.40)
1548,Unknown / Insufficient Evidence,0.0,"Unknown / Insufficient Evidence
Supporting evidence:
- insufficient or conflicting physical & contextual evidence
- OSM industrial context is UNKNOWN
- land-cover context is UNKNOWN",1,isolated,333.91,34.93,2.33,INSUFFICIENT_DATA,0.0,none,none,inf,not_found,UNKNOWN,True,SeaLake,0.6108,Satellite CNN prediction: SeaLake (confidence: 0.61)
1549,Agricultural-context thermal event,0.55,"Agricultural-context thermal event
Supporting evidence:
- short-lived transient activity (active_days=1)
- moderate thermal power typical of crop burning (max_frp=9.5 MW)
- OSM industrial context is UNKNOWN
- land-cover context is UNKNOWN",1,isolated,335.49,33.43,9.48,INSUFFICIENT_DATA,0.0,none,none,inf,not_found,UNKNOWN,True,SeaLake,0.9988,Satellite CNN prediction: SeaLake (confidence: 1.00)
1550,Unknown / Insufficient Evidence,0.0,"Unknown / Insufficient Evidence
Supporting evidence:
- insufficient or conflicting physical & contextual evidence
- OSM industrial context is UNKNOWN
- land-cover context is UNKNOWN",1,isolated,332.4,36.15,2.8,INSUFFICIENT_DATA,0.0,none,none,inf,not_found,UNKNOWN,True,SeaLake,0.913,Satellite CNN prediction: SeaLake (confidence: 0.91)
1551,Unknown / Insufficient Evidence,0.0,"Unknown / Insufficient Evidence
Supporting evidence:
- insufficient or conflicting physical & contextual evidence
- OSM industrial context is UNKNOWN
- land-cover context is UNKNOWN
- satellite observation unavailable/obscured",1,isolated,334.91,34.77,3.56,INSUFFICIENT_DATA,0.0,none,none,inf,not_found,UNKNOWN,False,UNKNOWN,,"Sentinel-2 observation available but obscured by cloud cover (best: 44.5%, threshold: 30.0%)"
1552,Unknown / Insufficient Evidence,0.0,"Unknown / Insufficient Evidence
Supporting evidence:
- insufficient or conflicting physical & contextual evidence
- OSM industrial context is UNKNOWN
- land-cover context is UNKNOWN
- satellite observation unavailable/obscured",1,isolated,335.02,45.43,3.1,INSUFFICIENT_DATA,0.0,none,none,inf,not_found,UNKNOWN,False,UNKNOWN,,"Sentinel-2 observation available but obscured by cloud cover (best: 65.2%, threshold: 30.0%)"
1553,Agricultural-context thermal event,0.55,"Agricultural-context thermal event
Supporting evidence:
- short-lived transient activity (active_days=1)
- moderate thermal power typical of crop burning (max_frp=8.7 MW)
- OSM industrial context is UNKNOWN
- land-cover context is UNKNOWN
- satellite observation unavailable/obscured",1,isolated,335.39,30.35,8.72,INSUFFICIENT_DATA,0.0,none,none,inf,not_found,UNKNOWN,False,UNKNOWN,,"Sentinel-2 observation available but obscured by cloud cover (best: 59.5%, threshold: 30.0%)"
1554,Agricultural-context thermal event,0.55,"Agricultural-context thermal event
Supporting evidence:
- short-lived transient activity (active_days=1)
- moderate thermal power typical of crop burning (max_frp=9.7 MW)
- OSM industrial context is UNKNOWN
- land-cover context is UNKNOWN
- satellite observation unavailable/obscured",1,isolated,332.56,41.15,9.71,INSUFFICIENT_DATA,0.0,none,none,inf,not_found,UNKNOWN,False,UNKNOWN,,"Sentinel-2 observation available but obscured by cloud cover (best: 98.6%, threshold: 30.0%)"
1555,Agricultural-context thermal event,0.75,"Agricultural-context thermal event
Supporting evidence:
- short-lived transient activity (active_days=1)
- moderate thermal power typical of crop burning (max_frp=6.8 MW)
- satellite CNN visual context is Pasture (model confidence=0.51)
- OSM industrial context is UNKNOWN
- land-cover context is UNKNOWN",1,isolated,342.14,38.82,6.8,INSUFFICIENT_DATA,0.0,none,none,inf,not_found,UNKNOWN,True,Pasture,0.5144,Satellite CNN prediction: Pasture (confidence: 0.51)
1556,Agricultural-context thermal event,0.55,"Agricultural-context thermal event
Supporting evidence:
- short-lived transient activity (active_days=1)
- moderate thermal power typical of crop burning (max_frp=7.1 MW)
- OSM industrial context is UNKNOWN
- land-cover context is UNKNOWN",1,isolated,336.5,36.75,7.07,INSUFFICIENT_DATA,0.0,none,none,inf,not_found,UNKNOWN,True,HerbaceousVegetation,0.6735,Satellite CNN prediction: HerbaceousVegetation (confidence: 0.67)
1557,Unknown / Insufficient Evidence,0.0,"Unknown / Insufficient Evidence
Supporting evidence:
- insufficient or conflicting physical & contextual evidence
- OSM industrial context is UNKNOWN
- land-cover context is UNKNOWN
- satellite observation unavailable/obscured",1,isolated,331.57,37.29,3.55,INSUFFICIENT_DATA,0.0,none,none,inf,not_found,UNKNOWN,False,UNKNOWN,,"Sentinel-2 observation available but obscured by cloud cover (best: 38.4%, threshold: 30.0%)"
1558,Unknown / Insufficient Evidence,0.0,"Unknown / Insufficient Evidence
Supporting evidence:
- insufficient or conflicting physical & contextual evidence
- OSM industrial context is UNKNOWN
- land-cover context is UNKNOWN
- satellite observation unavailable/obscured",1,isolated,331.4,38.87,1.26,INSUFFICIENT_DATA,0.0,none,none,inf,not_found,UNKNOWN,False,UNKNOWN,,"Sentinel-2 observation available but obscured by cloud cover (best: 33.7%, threshold: 30.0%)"
1559,Agricultural-context thermal event,0.55,"Agricultural-context thermal event
Supporting evidence:
- short-lived transient activity (active_days=1)
- moderate thermal power typical of crop burning (max_frp=9.3 MW)
- OSM industrial context is UNKNOWN
- land-cover context is UNKNOWN
- satellite observation unavailable/obscured",1,isolated,343.32,46.71,9.27,INSUFFICIENT_DATA,0.0,none,none,inf,not_found,UNKNOWN,False,UNKNOWN,,"Sentinel-2 observation available but obscured by cloud cover (best: 38.4%, threshold: 30.0%)"
1560,Industrial-context thermal event,0.45,"Industrial-context thermal event
Supporting evidence:
- high spectral brightness temperature contrast (bt_diff=37.7 K)
- industrial facility detected nearby (industrial at 0.93 km)
- land-cover context is UNKNOWN
- satellite observation unavailable/obscured",1,isolated,330.37,37.66,4.92,INSUFFICIENT_DATA,0.0,industrial,none,0.933,found,UNKNOWN,False,UNKNOWN,,"Sentinel-2 observation available but obscured by cloud cover (best: 33.7%, threshold: 30.0%)"
1561,Industrial-context thermal event,0.45,"Industrial-context thermal event
Supporting evidence:
- high spectral brightness temperature contrast (bt_diff=41.9 K)
- industrial facility detected nearby (industrial at 0.44 km)
- land-cover context is UNKNOWN
- satellite observation unavailable/obscured",1,isolated,333.73,41.85,3.22,INSUFFICIENT_DATA,0.0,industrial,none,0.444,found,UNKNOWN,False,UNKNOWN,,"Sentinel-2 observation available but obscured by cloud cover (best: 38.4%, threshold: 30.0%)"
1562,Unknown / Insufficient Evidence,0.0,"Unknown / Insufficient Evidence
Supporting evidence:
- insufficient or conflicting physical & contextual evidence
- OSM industrial context is UNKNOWN
- land-cover context is UNKNOWN",1,isolated,332.96,38.44,1.69,INSUFFICIENT_DATA,0.0,none,none,inf,not_found,UNKNOWN,True,SeaLake,0.9592,Satellite CNN prediction: SeaLake (confidence: 0.96)
1563,Industrial-context thermal event,0.45,"Industrial-context thermal event
Supporting evidence:
- high spectral brightness temperature contrast (bt_diff=35.1 K)
- industrial facility detected nearby (industrial at 0.62 km)
- land-cover context is UNKNOWN",1,isolated,330.9,35.08,4.69,INSUFFICIENT_DATA,0.0,industrial,none,0.624,found,UNKNOWN,True,SeaLake,0.9315,Satellite CNN prediction: SeaLake (confidence: 0.93)
1564,Unknown / Insufficient Evidence,0.0,"Unknown / Insufficient Evidence
Supporting evidence:
- insufficient or conflicting physical & contextual evidence
- land-cover context is UNKNOWN",1,isolated,325.0,30.56,2.18,INSUFFICIENT_DATA,0.0,refinery,Panipat Refinery,0.517,found,UNKNOWN,True,SeaLake,0.3507,Satellite CNN prediction: SeaLake (confidence: 0.35)
1565,Industrial-context thermal event,0.85,"Industrial-context thermal event
Supporting evidence:
- activity is recurring (active_days=2)
- activity is spatially stationary (displacement=0.27 km)
- high spectral brightness temperature contrast (bt_diff=45.8 K)
- industrial facility detected nearby (refinery at 0.99 km)
- land-cover context is UNKNOWN",2,short_lived_repeated,349.11,45.81,15.45,STATIONARY,0.267,refinery,Guru Gobind Singh Refinery,0.991,found,UNKNOWN,True,SeaLake,0.6391,Satellite CNN prediction: SeaLake (confidence: 0.64)
1566,Unknown / Insufficient Evidence,0.0,"Unknown / Insufficient Evidence
Supporting evidence:
- insufficient or conflicting physical & contextual evidence
- land-cover context is UNKNOWN
- satellite observation unavailable/obscured",1,isolated,303.57,14.87,1.73,INSUFFICIENT_DATA,0.0,industrial,none,0.799,found,UNKNOWN,False,UNKNOWN,,"Sentinel-2 observation available but obscured by cloud cover (best: 80.9%, threshold: 30.0%)"
1567,Unknown / Insufficient Evidence,0.0,"Unknown / Insufficient Evidence
Supporting evidence:
- insufficient or conflicting physical & contextual evidence
- land-cover context is UNKNOWN
- satellite observation unavailable/obscured",1,isolated,296.94,32.3,0.31,INSUFFICIENT_DATA,0.0,brickyard,none,1.997,found,UNKNOWN,False,UNKNOWN,,"Sentinel-2 observation available but obscured by cloud cover (best: 78.1%, threshold: 30.0%)"
1568,Agricultural-context thermal event,0.4,"Agricultural-context thermal event
Supporting evidence:
- short-lived transient activity (active_days=1)
- satellite CNN visual context is AnnualCrop (model confidence=0.93)
- land-cover context is UNKNOWN",1,isolated,310.06,15.7,1.67,INSUFFICIENT_DATA,0.0,industrial,none,1.069,found,UNKNOWN,True,AnnualCrop,0.9333,Satellite CNN prediction: AnnualCrop (confidence: 0.93)
1569,Unknown / Insufficient Evidence,0.0,"Unknown / Insufficient Evidence
Supporting evidence:
- insufficient or conflicting physical & contextual evidence
- OSM industrial context is UNKNOWN
- land-cover context is UNKNOWN
- satellite observation unavailable/obscured",1,isolated,311.67,19.83,1.24,INSUFFICIENT_DATA,0.0,none,none,inf,not_found,UNKNOWN,False,UNKNOWN,,"Sentinel-2 observation available but obscured by cloud cover (best: 73.1%, threshold: 30.0%)"
1570,Unknown / Insufficient Evidence,0.0,"Unknown / Insufficient Evidence
Supporting evidence:
- insufficient or conflicting physical & contextual evidence
- OSM industrial context is UNKNOWN
- land-cover context is UNKNOWN
- satellite observation unavailable/obscured",1,isolated,313.9,22.81,1.41,INSUFFICIENT_DATA,0.0,none,none,inf,not_found,UNKNOWN,False,UNKNOWN,,"Sentinel-2 observation available but obscured by cloud cover (best: 65.2%, threshold: 30.0%)"
1571,Unknown / Insufficient Evidence,0.0,"Unknown / Insufficient Evidence
Supporting evidence:
- insufficient or conflicting physical & contextual evidence
- OSM industrial context is UNKNOWN
- land-cover context is UNKNOWN
- satellite observation unavailable/obscured",1,isolated,311.11,18.13,2.6,INSUFFICIENT_DATA,0.0,none,none,inf,not_found,UNKNOWN,False,UNKNOWN,,"Sentinel-2 observation available but obscured by cloud cover (best: 57.8%, threshold: 30.0%)"
1572,Agricultural-context thermal event,0.55,"Agricultural-context thermal event
Supporting evidence:
- short-lived transient activity (active_days=2)
- minor localized plot displacement
- OSM industrial context is UNKNOWN
- land-cover context is UNKNOWN
- satellite observation unavailable/obscured",2,short_lived_repeated,331.18,34.76,2.61,STATIONARY,0.407,none,none,inf,not_found,UNKNOWN,False,UNKNOWN,,"Sentinel-2 observation available but obscured by cloud cover (best: 57.8%, threshold: 30.0%)"
1573,Unknown / Insufficient Evidence,0.0,"Unknown / Insufficient Evidence
Supporting evidence:
- insufficient or conflicting physical & contextual evidence
- OSM industrial context is UNKNOWN
- land-cover context is UNKNOWN
- satellite observation unavailable/obscured",1,isolated,303.68,13.77,1.22,INSUFFICIENT_DATA,0.0,none,none,inf,not_found,UNKNOWN,False,UNKNOWN,,"Sentinel-2 observation available but obscured by cloud cover (best: 66.7%, threshold: 30.0%)"
1574,Industrial-context thermal event,0.65,"Industrial-context thermal event
Supporting evidence:
- activity is recurring (active_days=2)
- activity is spatially stationary (displacement=0.26 km)
- industrial facility detected nearby (industrial at 0.28 km)
- land-cover context is UNKNOWN
- satellite observation unavailable/obscured",2,short_lived_repeated,312.97,21.07,1.5,STATIONARY,0.261,industrial,ACC Cement,0.282,found,UNKNOWN,False,UNKNOWN,,"Sentinel-2 observation available but obscured by cloud cover (best: 53.4%, threshold: 30.0%)"
1575,Industrial-context thermal event,0.65,"Industrial-context thermal event
Supporting evidence:
- activity is recurring (active_days=2)
- activity is spatially stationary (displacement=0.13 km)
- industrial facility detected nearby (industrial at 0.82 km)
- land-cover context is UNKNOWN
- satellite observation unavailable/obscured",2,short_lived_repeated,313.21,20.44,1.4,STATIONARY,0.132,industrial,none,0.822,found,UNKNOWN,False,UNKNOWN,,"Sentinel-2 observation available but obscured by cloud cover (best: 53.4%, threshold: 30.0%)"
1576,Unknown / Insufficient Evidence,0.0,"Unknown / Insufficient Evidence
Supporting evidence:
- insufficient or conflicting physical & contextual evidence
- land-cover context is UNKNOWN
- satellite observation unavailable/obscured",1,isolated,308.66,15.91,0.9,INSUFFICIENT_DATA,0.0,industrial,none,0.092,found,UNKNOWN,False,UNKNOWN,,"Sentinel-2 observation available but obscured by cloud cover (best: 89.9%, threshold: 30.0%)"
1577,Unknown / Insufficient Evidence,0.0,"Unknown / Insufficient Evidence
Supporting evidence:
- insufficient or conflicting physical & contextual evidence
- OSM industrial context is UNKNOWN
- land-cover context is UNKNOWN
- satellite observation unavailable/obscured",1,isolated,311.47,18.24,2.34,INSUFFICIENT_DATA,0.0,none,none,inf,not_found,UNKNOWN,False,UNKNOWN,,"Sentinel-2 observation available but obscured by cloud cover (best: 71.0%, threshold: 30.0%)"
1578,Unknown / Insufficient Evidence,0.0,"Unknown / Insufficient Evidence
Supporting evidence:
- insufficient or conflicting physical & contextual evidence
- land-cover context is UNKNOWN
- satellite observation unavailable/obscured",1,isolated,314.42,26.7,1.32,INSUFFICIENT_DATA,0.0,industrial,Rice Mill,1.449,found,UNKNOWN,False,UNKNOWN,,"Sentinel-2 observation available but obscured by cloud cover (best: 33.7%, threshold: 30.0%)"
1579,Unknown / Insufficient Evidence,0.0,"Unknown / Insufficient Evidence
Supporting evidence:
- insufficient or conflicting physical & contextual evidence
- OSM industrial context is UNKNOWN
- land-cover context is UNKNOWN
- satellite observation unavailable/obscured",1,isolated,304.6,11.05,0.34,INSUFFICIENT_DATA,0.0,none,none,inf,not_found,UNKNOWN,False,UNKNOWN,,"Sentinel-2 observation available but obscured by cloud cover (best: 32.1%, threshold: 30.0%)"
1580,Industrial-context thermal event,0.65,"Industrial-context thermal event
Supporting evidence:
- activity is recurring (active_days=3)
- activity is spatially stationary (displacement=0.37 km)
- industrial facility detected nearby (industrial at 1.54 km)
- land-cover context is UNKNOWN
- satellite observation unavailable/obscured",3,short_lived_repeated,305.55,11.82,0.93,STATIONARY,0.374,industrial,none,1.543,found,UNKNOWN,False,UNKNOWN,,"Sentinel-2 observation available but obscured by cloud cover (best: 32.1%, threshold: 30.0%)"
1581,Unknown / Insufficient Evidence,0.0,"Unknown / Insufficient Evidence
Supporting evidence:
- insufficient or conflicting physical & contextual evidence
- OSM industrial context is UNKNOWN
- land-cover context is UNKNOWN",1,isolated,305.12,11.97,0.44,INSUFFICIENT_DATA,0.0,none,none,inf,not_found,UNKNOWN,True,SeaLake,0.9134,Satellite CNN prediction: SeaLake (confidence: 0.91)
1582,Industrial-context thermal event,0.65,"Industrial-context thermal event
Supporting evidence:
- activity is recurring (active_days=2)
- activity is spatially stationary (displacement=0.26 km)
- industrial facility detected nearby (plant at 0.65 km)
- land-cover context is UNKNOWN",2,short_lived_repeated,308.51,16.27,2.46,STATIONARY,0.263,plant,none,0.653,found,UNKNOWN,True,SeaLake,0.6868,Satellite CNN prediction: SeaLake (confidence: 0.69)
1583,Unknown / Insufficient Evidence,0.0,"Unknown / Insufficient Evidence
Supporting evidence:
- insufficient or conflicting physical & contextual evidence
- OSM industrial context is UNKNOWN
- land-cover context is UNKNOWN",1,isolated,315.57,21.87,1.02,INSUFFICIENT_DATA,0.0,none,none,inf,not_found,UNKNOWN,True,SeaLake,0.7266,Satellite CNN prediction: SeaLake (confidence: 0.73)
1584,Agricultural-context thermal event,0.4,"Agricultural-context thermal event
Supporting evidence:
- short-lived transient activity (active_days=1)
- satellite CNN visual context is Pasture (model confidence=0.52)
- land-cover context is UNKNOWN",1,isolated,297.84,12.16,0.22,INSUFFICIENT_DATA,0.0,industrial,none,0.902,found,UNKNOWN,True,Pasture,0.5245,Satellite CNN prediction: Pasture (confidence: 0.52)
1585,Unknown / Insufficient Evidence,0.0,"Unknown / Insufficient Evidence
Supporting evidence:
- insufficient or conflicting physical & contextual evidence
- land-cover context is UNKNOWN
- satellite observation unavailable/obscured",1,isolated,300.73,10.67,0.66,INSUFFICIENT_DATA,0.0,concrete_plant,none,1.178,found,UNKNOWN,False,UNKNOWN,,"Sentinel-2 observation available but obscured by cloud cover (best: 84.3%, threshold: 30.0%)"
1586,Unknown / Insufficient Evidence,0.0,"Unknown / Insufficient Evidence
Supporting evidence:
- insufficient or conflicting physical & contextual evidence
- OSM industrial context is UNKNOWN
- land-cover context is UNKNOWN
- satellite observation unavailable/obscured",1,isolated,301.42,14.89,1.29,INSUFFICIENT_DATA,0.0,none,none,inf,not_found,UNKNOWN,False,UNKNOWN,,"Sentinel-2 observation available but obscured by cloud cover (best: 46.4%, threshold: 30.0%)"
1587,Unknown / Insufficient Evidence,0.0,"Unknown / Insufficient Evidence
Supporting evidence:
- insufficient or conflicting physical & contextual evidence
- OSM industrial context is UNKNOWN
- land-cover context is UNKNOWN
- satellite observation unavailable/obscured",1,isolated,332.86,37.68,3.0,INSUFFICIENT_DATA,0.0,none,none,inf,not_found,UNKNOWN,False,UNKNOWN,,"Sentinel-2 observation available but obscured by cloud cover (best: 46.4%, threshold: 30.0%)"
1588,Agricultural-context thermal event,0.55,"Agricultural-context thermal event
Supporting evidence:
- short-lived transient activity (active_days=1)
- moderate thermal power typical of crop burning (max_frp=5.2 MW)
- OSM industrial context is UNKNOWN
- land-cover context is UNKNOWN
- satellite observation unavailable/obscured",1,isolated,336.43,32.78,5.17,INSUFFICIENT_DATA,0.0,none,none,inf,not_found,UNKNOWN,False,UNKNOWN,,"Sentinel-2 observation available but obscured by cloud cover (best: 91.7%, threshold: 30.0%)"
1589,Agricultural-context thermal event,0.55,"Agricultural-context thermal event
Supporting evidence:
- short-lived transient activity (active_days=1)
- moderate thermal power typical of crop burning (max_frp=7.5 MW)
- OSM industrial context is UNKNOWN
- land-cover context is UNKNOWN
- satellite observation unavailable/obscured",1,isolated,343.0,34.04,7.52,INSUFFICIENT_DATA,0.0,none,none,inf,not_found,UNKNOWN,False,UNKNOWN,,"Sentinel-2 observation available but obscured by cloud cover (best: 91.7%, threshold: 30.0%)"
1590,Industrial-context thermal event,0.45,"Industrial-context thermal event
Supporting evidence:
- high spectral brightness temperature contrast (bt_diff=37.7 K)
- industrial facility detected nearby (industrial at 0.56 km)
- land-cover context is UNKNOWN
- satellite observation unavailable/obscured",1,isolated,341.09,37.72,5.48,INSUFFICIENT_DATA,0.0,industrial,none,0.557,found,UNKNOWN,False,UNKNOWN,,"Sentinel-2 observation available but obscured by cloud cover (best: 91.7%, threshold: 30.0%)"
1591,Unknown / Insufficient Evidence,0.0,"Unknown / Insufficient Evidence
Supporting evidence:
- insufficient or conflicting physical & contextual evidence
- land-cover context is UNKNOWN
- satellite observation unavailable/obscured",1,isolated,330.5,29.74,2.63,INSUFFICIENT_DATA,0.0,depot,none,1.766,found,UNKNOWN,False,UNKNOWN,,"Sentinel-2 observation available but obscured by cloud cover (best: 91.7%, threshold: 30.0%)"
1592,Unknown / Insufficient Evidence,0.0,"Unknown / Insufficient Evidence
Supporting evidence:
- insufficient or conflicting physical & contextual evidence
- land-cover context is UNKNOWN
- satellite observation unavailable/obscured",1,isolated,334.87,31.26,3.18,INSUFFICIENT_DATA,0.0,plant,none,0.784,found,UNKNOWN,False,UNKNOWN,,"Sentinel-2 observation available but obscured by cloud cover (best: 91.7%, threshold: 30.0%)"
1593,Unknown / Insufficient Evidence,0.0,"Unknown / Insufficient Evidence
Supporting evidence:
- insufficient or conflicting physical & contextual evidence
- OSM industrial context is UNKNOWN
- land-cover context is UNKNOWN
- satellite observation unavailable/obscured",1,isolated,339.23,37.05,3.48,INSUFFICIENT_DATA,0.0,none,none,inf,not_found,UNKNOWN,False,UNKNOWN,,"Sentinel-2 observation available but obscured by cloud cover (best: 38.4%, threshold: 30.0%)"
1594,Agricultural-context thermal event,0.55,"Agricultural-context thermal event
Supporting evidence:
- short-lived transient activity (active_days=1)
- moderate thermal power typical of crop burning (max_frp=15.6 MW)
- OSM industrial context is UNKNOWN
- land-cover context is UNKNOWN
- satellite observation unavailable/obscured",1,isolated,350.7,43.5,15.58,INSUFFICIENT_DATA,0.0,none,none,inf,not_found,UNKNOWN,False,UNKNOWN,,"Sentinel-2 observation available but obscured by cloud cover (best: 33.7%, threshold: 30.0%)"
1595,Agricultural-context thermal event,0.55,"Agricultural-context thermal event
Supporting evidence:
- short-lived transient activity (active_days=1)
- moderate thermal power typical of crop burning (max_frp=7.4 MW)
- OSM industrial context is UNKNOWN
- land-cover context is UNKNOWN
- satellite observation unavailable/obscured",1,isolated,348.85,46.59,7.43,INSUFFICIENT_DATA,0.0,none,none,inf,not_found,UNKNOWN,False,UNKNOWN,,"Sentinel-2 observation available but obscured by cloud cover (best: 38.4%, threshold: 30.0%)"
1596,Unknown / Insufficient Evidence,0.0,"Unknown / Insufficient Evidence
Supporting evidence:
- insufficient or conflicting physical & contextual evidence
- OSM industrial context is UNKNOWN
- land-cover context is UNKNOWN
- satellite observation unavailable/obscured",1,isolated,330.72,31.21,3.83,INSUFFICIENT_DATA,0.0,none,none,inf,not_found,UNKNOWN,False,UNKNOWN,,"Sentinel-2 observation available but obscured by cloud cover (best: 38.4%, threshold: 30.0%)"
1597,Agricultural-context thermal event,0.55,"Agricultural-context thermal event
Supporting evidence:
- short-lived transient activity (active_days=1)
- moderate thermal power typical of crop burning (max_frp=5.5 MW)
- OSM industrial context is UNKNOWN
- land-cover context is UNKNOWN",1,isolated,341.48,38.55,5.53,INSUFFICIENT_DATA,0.0,none,none,inf,not_found,UNKNOWN,True,SeaLake,0.8431,Satellite CNN prediction: SeaLake (confidence: 0.84)
1598,Unknown / Insufficient Evidence,0.0,"Unknown / Insufficient Evidence
Supporting evidence:
- insufficient or conflicting physical & contextual evidence
- OSM industrial context is UNKNOWN
- land-cover context is UNKNOWN
- satellite observation unavailable/obscured",1,isolated,337.02,36.03,2.12,INSUFFICIENT_DATA,0.0,none,none,inf,not_found,UNKNOWN,False,UNKNOWN,,"Sentinel-2 observation available but obscured by cloud cover (best: 38.4%, threshold: 30.0%)"
1599,Agricultural-context thermal event,0.55,"Agricultural-context thermal event
Supporting evidence:
- short-lived transient activity (active_days=1)
- moderate thermal power typical of crop burning (max_frp=5.7 MW)
- OSM industrial context is UNKNOWN
- land-cover context is UNKNOWN
- satellite observation unavailable/obscured",1,isolated,341.77,38.0,5.67,INSUFFICIENT_DATA,0.0,none,none,inf,not_found,UNKNOWN,False,UNKNOWN,,"Sentinel-2 observation available but obscured by cloud cover (best: 38.4%, threshold: 30.0%)"
1600,Unknown / Insufficient Evidence,0.0,"Unknown / Insufficient Evidence
Supporting evidence:
- insufficient or conflicting physical & contextual evidence
- land-cover context is UNKNOWN
- satellite observation unavailable/obscured",1,isolated,337.89,34.23,2.73,INSUFFICIENT_DATA,0.0,industrial,none,0.559,found,UNKNOWN,False,UNKNOWN,,"Sentinel-2 observation available but obscured by cloud cover (best: 38.4%, threshold: 30.0%)"
1601,Industrial-context thermal event,0.45,"Industrial-context thermal event
Supporting evidence:
- high spectral brightness temperature contrast (bt_diff=39.0 K)
- industrial facility detected nearby (factory at 1.60 km)
- land-cover context is UNKNOWN
- satellite observation unavailable/obscured",1,isolated,339.46,39.01,5.4,INSUFFICIENT_DATA,0.0,factory,TVS Tyre industries,1.601,found,UNKNOWN,False,UNKNOWN,,"Sentinel-2 observation available but obscured by cloud cover (best: 38.4%, threshold: 30.0%)"
1602,Unknown / Insufficient Evidence,0.0,"Unknown / Insufficient Evidence
Supporting evidence:
- insufficient or conflicting physical & contextual evidence
- land-cover context is UNKNOWN
- satellite observation unavailable/obscured",1,isolated,332.32,31.98,2.94,INSUFFICIENT_DATA,0.0,industrial,Honeywell Technology Solutions,1.875,found,UNKNOWN,False,UNKNOWN,,"Sentinel-2 observation available but obscured by cloud cover (best: 100.0%, threshold: 30.0%)"
1603,Unknown / Insufficient Evidence,0.0,"Unknown / Insufficient Evidence
Supporting evidence:
- insufficient or conflicting physical & contextual evidence
- OSM industrial context is UNKNOWN
- land-cover context is UNKNOWN
- satellite observation unavailable/obscured",1,isolated,330.65,29.82,1.75,INSUFFICIENT_DATA,0.0,none,none,inf,not_found,UNKNOWN,False,UNKNOWN,,"Sentinel-2 observation available but obscured by cloud cover (best: 100.0%, threshold: 30.0%)"
1604,Unknown / Insufficient Evidence,0.0,"Unknown / Insufficient Evidence
Supporting evidence:
- insufficient or conflicting physical & contextual evidence
- OSM industrial context is UNKNOWN
- land-cover context is UNKNOWN
- satellite observation unavailable/obscured",1,isolated,330.13,28.31,1.8,INSUFFICIENT_DATA,0.0,none,none,inf,not_found,UNKNOWN,False,UNKNOWN,,"Sentinel-2 observation available but obscured by cloud cover (best: 100.0%, threshold: 30.0%)"
1605,Unknown / Insufficient Evidence,0.0,"Unknown / Insufficient Evidence
Supporting evidence:
- insufficient or conflicting physical & contextual evidence
- OSM industrial context is UNKNOWN
- land-cover context is UNKNOWN
- satellite observation unavailable/obscured",1,isolated,333.44,41.28,2.93,INSUFFICIENT_DATA,0.0,none,none,inf,not_found,UNKNOWN,False,UNKNOWN,,"Sentinel-2 observation available but obscured by cloud cover (best: 43.7%, threshold: 30.0%)"
1606,Unknown / Insufficient Evidence,0.0,"Unknown / Insufficient Evidence
Supporting evidence:
- insufficient or conflicting physical & contextual evidence
- OSM industrial context is UNKNOWN
- land-cover context is UNKNOWN
- satellite observation unavailable/obscured",1,isolated,331.45,37.6,2.33,INSUFFICIENT_DATA,0.0,none,none,inf,not_found,UNKNOWN,False,UNKNOWN,,"Sentinel-2 observation available but obscured by cloud cover (best: 30.4%, threshold: 30.0%)"
1607,Unknown / Insufficient Evidence,0.0,"Unknown / Insufficient Evidence
Supporting evidence:
- insufficient or conflicting physical & contextual evidence
- OSM industrial context is UNKNOWN
- land-cover context is UNKNOWN",1,isolated,337.19,39.31,3.3,INSUFFICIENT_DATA,0.0,none,none,inf,not_found,UNKNOWN,True,SeaLake,0.9698,Satellite CNN prediction: SeaLake (confidence: 0.97)
1608,Agricultural-context thermal event,0.55,"Agricultural-context thermal event
Supporting evidence:
- short-lived transient activity (active_days=1)
- satellite CNN visual context is PermanentCrop (model confidence=0.85)
- OSM industrial context is UNKNOWN
- land-cover context is UNKNOWN",1,isolated,342.53,45.09,3.31,INSUFFICIENT_DATA,0.0,none,none,inf,not_found,UNKNOWN,True,PermanentCrop,0.8483,Satellite CNN prediction: PermanentCrop (confidence: 0.85)
1609,Unknown / Insufficient Evidence,0.0,"Unknown / Insufficient Evidence
Supporting evidence:
- insufficient or conflicting physical & contextual evidence
- OSM industrial context is UNKNOWN
- land-cover context is UNKNOWN",1,isolated,343.23,48.5,3.39,INSUFFICIENT_DATA,0.0,none,none,inf,not_found,UNKNOWN,True,SeaLake,0.9997,Satellite CNN prediction: SeaLake (confidence: 1.00)
1610,Unknown / Insufficient Evidence,0.0,"Unknown / Insufficient Evidence
Supporting evidence:
- insufficient or conflicting physical & contextual evidence
- OSM industrial context is UNKNOWN
- land-cover context is UNKNOWN",1,isolated,330.25,31.87,1.88,INSUFFICIENT_DATA,0.0,none,none,inf,not_found,UNKNOWN,True,SeaLake,0.363,Satellite CNN prediction: SeaLake (confidence: 0.36)
1611,Agricultural-context thermal event,0.55,"Agricultural-context thermal event
Supporting evidence:
- short-lived transient activity (active_days=1)
- moderate thermal power typical of crop burning (max_frp=6.5 MW)
- OSM industrial context is UNKNOWN
- land-cover context is UNKNOWN",1,isolated,344.64,39.53,6.55,INSUFFICIENT_DATA,0.0,none,none,inf,not_found,UNKNOWN,True,SeaLake,0.9613,Satellite CNN prediction: SeaLake (confidence: 0.96)
1612,Unknown / Insufficient Evidence,0.0,"Unknown / Insufficient Evidence
Supporting evidence:
- insufficient or conflicting physical & contextual evidence
- OSM industrial context is UNKNOWN
- land-cover context is UNKNOWN
- satellite observation unavailable/obscured",1,isolated,334.05,32.26,3.27,INSUFFICIENT_DATA,0.0,none,none,inf,not_found,UNKNOWN,False,UNKNOWN,,"Sentinel-2 observation available but obscured by cloud cover (best: 74.3%, threshold: 30.0%)"
1613,Agricultural-context thermal event,0.55,"Agricultural-context thermal event
Supporting evidence:
- short-lived transient activity (active_days=1)
- moderate thermal power typical of crop burning (max_frp=12.8 MW)
- OSM industrial context is UNKNOWN
- land-cover context is UNKNOWN
- satellite observation unavailable/obscured",1,isolated,367.0,71.74,12.84,INSUFFICIENT_DATA,0.0,none,none,inf,not_found,UNKNOWN,False,UNKNOWN,,"Sentinel-2 observation available but obscured by cloud cover (best: 50.8%, threshold: 30.0%)"
1614,Unknown / Insufficient Evidence,0.0,"Unknown / Insufficient Evidence
Supporting evidence:
- insufficient or conflicting physical & contextual evidence
- OSM industrial context is UNKNOWN
- land-cover context is UNKNOWN
- satellite observation unavailable/obscured",1,isolated,332.52,28.87,3.81,INSUFFICIENT_DATA,0.0,none,none,inf,not_found,UNKNOWN,False,UNKNOWN,,"Sentinel-2 observation available but obscured by cloud cover (best: 41.3%, threshold: 30.0%)"
1615,Agricultural-context thermal event,0.55,"Agricultural-context thermal event
Supporting evidence:
- short-lived transient activity (active_days=1)
- moderate thermal power typical of crop burning (max_frp=21.6 MW)
- OSM industrial context is UNKNOWN
- land-cover context is UNKNOWN
- satellite observation unavailable/obscured",1,isolated,355.18,51.16,21.57,INSUFFICIENT_DATA,0.0,none,none,inf,not_found,UNKNOWN,False,UNKNOWN,,"Sentinel-2 observation available but obscured by cloud cover (best: 41.3%, threshold: 30.0%)"
1616,Unknown / Insufficient Evidence,0.0,"Unknown / Insufficient Evidence
Supporting evidence:
- insufficient or conflicting physical & contextual evidence
- OSM industrial context is UNKNOWN
- land-cover context is UNKNOWN
- satellite observation unavailable/obscured",1,isolated,332.13,31.47,4.34,INSUFFICIENT_DATA,0.0,none,none,inf,not_found,UNKNOWN,False,UNKNOWN,,"Sentinel-2 observation available but obscured by cloud cover (best: 57.8%, threshold: 30.0%)"
1617,Agricultural-context thermal event,0.55,"Agricultural-context thermal event
Supporting evidence:
- short-lived transient activity (active_days=1)
- moderate thermal power typical of crop burning (max_frp=7.3 MW)
- OSM industrial context is UNKNOWN
- land-cover context is UNKNOWN
- satellite observation unavailable/obscured",1,isolated,340.53,35.7,7.27,INSUFFICIENT_DATA,0.0,none,none,inf,not_found,UNKNOWN,False,UNKNOWN,,"Sentinel-2 observation available but obscured by cloud cover (best: 65.2%, threshold: 30.0%)"
1618,Unknown / Insufficient Evidence,0.0,"Unknown / Insufficient Evidence
Supporting evidence:
- insufficient or conflicting physical & contextual evidence
- OSM industrial context is UNKNOWN
- land-cover context is UNKNOWN
- satellite observation unavailable/obscured",1,isolated,335.64,35.32,4.96,INSUFFICIENT_DATA,0.0,none,none,inf,not_found,UNKNOWN,False,UNKNOWN,,"Sentinel-2 observation available but obscured by cloud cover (best: 65.2%, threshold: 30.0%)"
1619,Agricultural-context thermal event,0.55,"Agricultural-context thermal event
Supporting evidence:
- short-lived transient activity (active_days=1)
- moderate thermal power typical of crop burning (max_frp=10.5 MW)
- OSM industrial context is UNKNOWN
- land-cover context is UNKNOWN
- satellite observation unavailable/obscured",1,isolated,354.31,56.05,10.46,INSUFFICIENT_DATA,0.0,none,none,inf,not_found,UNKNOWN,False,UNKNOWN,,"Sentinel-2 observation available but obscured by cloud cover (best: 68.9%, threshold: 30.0%)"
1620,Industrial-context thermal event,0.45,"Industrial-context thermal event
Supporting evidence:
- high spectral brightness temperature contrast (bt_diff=49.7 K)
- industrial facility detected nearby (industrial at 0.49 km)
- land-cover context is UNKNOWN
- satellite observation unavailable/obscured",1,isolated,334.34,49.72,3.23,INSUFFICIENT_DATA,0.0,industrial,TATA Steel,0.489,found,UNKNOWN,False,UNKNOWN,,"Sentinel-2 observation available but obscured by cloud cover (best: 98.6%, threshold: 30.0%)"
1621,Agricultural-context thermal event,0.75,"Agricultural-context thermal event
Supporting evidence:
- short-lived transient activity (active_days=2)
- minor localized plot displacement
- moderate thermal power typical of crop burning (max_frp=5.6 MW)
- OSM industrial context is UNKNOWN
- land-cover context is UNKNOWN
- satellite observation unavailable/obscured",2,short_lived_repeated,341.8,51.96,5.56,STATIONARY,0.115,none,none,inf,not_found,UNKNOWN,False,UNKNOWN,,"Sentinel-2 observation available but obscured by cloud cover (best: 78.1%, threshold: 30.0%)"
1622,Industrial-context thermal event,0.6,"Industrial-context thermal event
Supporting evidence:
- activity is recurring (active_days=2)
- activity is spatially stationary (displacement=0.18 km)
- high spectral brightness temperature contrast (bt_diff=40.0 K)
- OSM industrial context is UNKNOWN
- land-cover context is UNKNOWN
- satellite observation unavailable/obscured",2,short_lived_repeated,335.28,39.95,3.58,STATIONARY,0.182,none,none,inf,not_found,UNKNOWN,False,UNKNOWN,,"Sentinel-2 observation available but obscured by cloud cover (best: 52.0%, threshold: 30.0%)"
1623,Unknown / Insufficient Evidence,0.0,"Unknown / Insufficient Evidence
Supporting evidence:
- insufficient or conflicting physical & contextual evidence
- OSM industrial context is UNKNOWN
- land-cover context is UNKNOWN",1,isolated,340.27,27.12,3.56,INSUFFICIENT_DATA,0.0,none,none,inf,not_found,UNKNOWN,True,AnnualCrop,0.483,Satellite CNN prediction: AnnualCrop (confidence: 0.48)
1624,Agricultural-context thermal event,0.55,"Agricultural-context thermal event
Supporting evidence:
- short-lived transient activity (active_days=1)
- moderate thermal power typical of crop burning (max_frp=6.0 MW)
- OSM industrial context is UNKNOWN
- land-cover context is UNKNOWN
- satellite observation unavailable/obscured",1,isolated,339.17,32.32,6.03,INSUFFICIENT_DATA,0.0,none,none,inf,not_found,UNKNOWN,False,UNKNOWN,,"Sentinel-2 observation available but obscured by cloud cover (best: 91.7%, threshold: 30.0%)"
1625,Unknown / Insufficient Evidence,0.0,"Unknown / Insufficient Evidence
Supporting evidence:
- insufficient or conflicting physical & contextual evidence
- OSM industrial context is UNKNOWN
- land-cover context is UNKNOWN
- satellite observation unavailable/obscured",1,isolated,337.88,28.92,3.92,INSUFFICIENT_DATA,0.0,none,none,inf,not_found,UNKNOWN,False,UNKNOWN,,"Sentinel-2 observation available but obscured by cloud cover (best: 91.7%, threshold: 30.0%)"
1626,Unknown / Insufficient Evidence,0.0,"Unknown / Insufficient Evidence
Supporting evidence:
- insufficient or conflicting physical & contextual evidence
- OSM industrial context is UNKNOWN
- land-cover context is UNKNOWN
- satellite observation unavailable/obscured",1,isolated,337.63,30.07,4.63,INSUFFICIENT_DATA,0.0,none,none,inf,not_found,UNKNOWN,False,UNKNOWN,,"Sentinel-2 observation available but obscured by cloud cover (best: 38.4%, threshold: 30.0%)"
1627,Unknown / Insufficient Evidence,0.0,"Unknown / Insufficient Evidence
Supporting evidence:
- insufficient or conflicting physical & contextual evidence
- OSM industrial context is UNKNOWN
- land-cover context is UNKNOWN
- satellite observation unavailable/obscured",1,isolated,340.71,34.8,4.13,INSUFFICIENT_DATA,0.0,none,none,inf,not_found,UNKNOWN,False,UNKNOWN,,"Sentinel-2 observation available but obscured by cloud cover (best: 33.7%, threshold: 30.0%)"
1628,Unknown / Insufficient Evidence,0.0,"Unknown / Insufficient Evidence
Supporting evidence:
- insufficient or conflicting physical & contextual evidence
- OSM industrial context is UNKNOWN
- land-cover context is UNKNOWN
- satellite observation unavailable/obscured",1,isolated,342.45,36.18,4.9,INSUFFICIENT_DATA,0.0,none,none,inf,not_found,UNKNOWN,False,UNKNOWN,,"Sentinel-2 observation available but obscured by cloud cover (best: 33.7%, threshold: 30.0%)"
1629,Industrial-context thermal event,0.45,"Industrial-context thermal event
Supporting evidence:
- high spectral brightness temperature contrast (bt_diff=48.9 K)
- industrial facility detected nearby (plant at 0.77 km)
- land-cover context is UNKNOWN
- satellite observation unavailable/obscured",1,isolated,344.05,48.9,5.95,INSUFFICIENT_DATA,0.0,plant,none,0.767,found,UNKNOWN,False,UNKNOWN,,"Sentinel-2 observation available but obscured by cloud cover (best: 38.4%, threshold: 30.0%)"
1630,Agricultural-context thermal event,0.55,"Agricultural-context thermal event
Supporting evidence:
- short-lived transient activity (active_days=1)
- moderate thermal power typical of crop burning (max_frp=6.6 MW)
- OSM industrial context is UNKNOWN
- land-cover context is UNKNOWN
- satellite observation unavailable/obscured",1,isolated,341.42,37.86,6.56,INSUFFICIENT_DATA,0.0,none,none,inf,not_found,UNKNOWN,False,UNKNOWN,,"Sentinel-2 observation available but obscured by cloud cover (best: 38.4%, threshold: 30.0%)"
1631,Unknown / Insufficient Evidence,0.0,"Unknown / Insufficient Evidence
Supporting evidence:
- insufficient or conflicting physical & contextual evidence
- OSM industrial context is UNKNOWN
- land-cover context is UNKNOWN
- satellite observation unavailable/obscured",1,isolated,334.6,28.75,3.24,INSUFFICIENT_DATA,0.0,none,none,inf,not_found,UNKNOWN,False,UNKNOWN,,"Sentinel-2 observation available but obscured by cloud cover (best: 33.7%, threshold: 30.0%)"
1632,Unknown / Insufficient Evidence,0.0,"Unknown / Insufficient Evidence
Supporting evidence:
- insufficient or conflicting physical & contextual evidence
- OSM industrial context is UNKNOWN
- land-cover context is UNKNOWN",1,isolated,338.76,37.68,3.78,INSUFFICIENT_DATA,0.0,none,none,inf,not_found,UNKNOWN,True,SeaLake,0.9883,Satellite CNN prediction: SeaLake (confidence: 0.99)
1633,Unknown / Insufficient Evidence,0.0,"Unknown / Insufficient Evidence
Supporting evidence:
- insufficient or conflicting physical & contextual evidence
- OSM industrial context is UNKNOWN
- land-cover context is UNKNOWN
- satellite observation unavailable/obscured",1,isolated,337.26,29.66,3.45,INSUFFICIENT_DATA,0.0,none,none,inf,not_found,UNKNOWN,False,UNKNOWN,,"Sentinel-2 observation available but obscured by cloud cover (best: 33.7%, threshold: 30.0%)"
1634,Agricultural-context thermal event,0.55,"Agricultural-context thermal event
Supporting evidence:
- short-lived transient activity (active_days=1)
- moderate thermal power typical of crop burning (max_frp=11.3 MW)
- OSM industrial context is UNKNOWN
- land-cover context is UNKNOWN
- satellite observation unavailable/obscured",1,isolated,344.4,36.59,11.28,INSUFFICIENT_DATA,0.0,none,none,inf,not_found,UNKNOWN,False,UNKNOWN,,"Sentinel-2 observation available but obscured by cloud cover (best: 38.4%, threshold: 30.0%)"
1635,Unknown / Insufficient Evidence,0.0,"Unknown / Insufficient Evidence
Supporting evidence:
- insufficient or conflicting physical & contextual evidence
- OSM industrial context is UNKNOWN
- land-cover context is UNKNOWN
- satellite observation unavailable/obscured",1,isolated,341.09,32.66,54.45,INSUFFICIENT_DATA,0.0,none,none,inf,not_found,UNKNOWN,False,UNKNOWN,,"Sentinel-2 observation available but obscured by cloud cover (best: 38.4%, threshold: 30.0%)"
1636,Agricultural-context thermal event,0.55,"Agricultural-context thermal event
Supporting evidence:
- short-lived transient activity (active_days=1)
- moderate thermal power typical of crop burning (max_frp=13.9 MW)
- OSM industrial context is UNKNOWN
- land-cover context is UNKNOWN
- satellite observation unavailable/obscured",1,isolated,345.19,38.09,13.95,INSUFFICIENT_DATA,0.0,none,none,inf,not_found,UNKNOWN,False,UNKNOWN,,"Sentinel-2 observation available but obscured by cloud cover (best: 38.4%, threshold: 30.0%)"
1637,Industrial-context thermal event,0.45,"Industrial-context thermal event
Supporting evidence:
- high spectral brightness temperature contrast (bt_diff=42.5 K)
- industrial facility detected nearby (plant at 0.31 km)
- land-cover context is UNKNOWN
- satellite observation unavailable/obscured",1,isolated,346.61,42.55,8.76,INSUFFICIENT_DATA,0.0,plant,none,0.306,found,UNKNOWN,False,UNKNOWN,,"Sentinel-2 observation available but obscured by cloud cover (best: 38.4%, threshold: 30.0%)"
1638,Agricultural-context thermal event,0.55,"Agricultural-context thermal event
Supporting evidence:
- short-lived transient activity (active_days=1)
- moderate thermal power typical of crop burning (max_frp=6.3 MW)
- OSM industrial context is UNKNOWN
- land-cover context is UNKNOWN
- satellite observation unavailable/obscured",1,isolated,339.23,33.61,6.3,INSUFFICIENT_DATA,0.0,none,none,inf,not_found,UNKNOWN,False,UNKNOWN,,"Sentinel-2 observation available but obscured by cloud cover (best: 38.4%, threshold: 30.0%)"
1639,Agricultural-context thermal event,0.55,"Agricultural-context thermal event
Supporting evidence:
- short-lived transient activity (active_days=1)
- moderate thermal power typical of crop burning (max_frp=5.1 MW)
- OSM industrial context is UNKNOWN
- land-cover context is UNKNOWN
- satellite observation unavailable/obscured",1,isolated,338.0,33.55,5.07,INSUFFICIENT_DATA,0.0,none,none,inf,not_found,UNKNOWN,False,UNKNOWN,,"Sentinel-2 observation available but obscured by cloud cover (best: 100.0%, threshold: 30.0%)"
1640,Unknown / Insufficient Evidence,0.0,"Unknown / Insufficient Evidence
Supporting evidence:
- insufficient or conflicting physical & contextual evidence
- OSM industrial context is UNKNOWN
- land-cover context is UNKNOWN",1,isolated,335.25,40.66,3.77,INSUFFICIENT_DATA,0.0,none,none,inf,not_found,UNKNOWN,True,Highway,0.1746,Satellite CNN prediction: Highway (confidence: 0.17)
1641,Industrial-context thermal event,0.45,"Industrial-context thermal event
Supporting evidence:
- high spectral brightness temperature contrast (bt_diff=38.2 K)
- industrial facility detected nearby (plant at 1.00 km)
- land-cover context is UNKNOWN
- satellite observation unavailable/obscured",1,isolated,334.17,38.18,4.64,INSUFFICIENT_DATA,0.0,plant,none,1.001,found,UNKNOWN,False,UNKNOWN,,"Sentinel-2 observation available but obscured by cloud cover (best: 100.0%, threshold: 30.0%)"
1642,Unknown / Insufficient Evidence,0.0,"Unknown / Insufficient Evidence
Supporting evidence:
- insufficient or conflicting physical & contextual evidence
- OSM industrial context is UNKNOWN
- land-cover context is UNKNOWN",1,isolated,337.01,37.52,3.13,INSUFFICIENT_DATA,0.0,none,none,inf,not_found,UNKNOWN,True,SeaLake,0.9625,Satellite CNN prediction: SeaLake (confidence: 0.96)
1643,Unknown / Insufficient Evidence,0.0,"Unknown / Insufficient Evidence
Supporting evidence:
- insufficient or conflicting physical & contextual evidence
- OSM industrial context is UNKNOWN
- land-cover context is UNKNOWN
- satellite observation unavailable/obscured",1,isolated,335.32,38.64,1.73,INSUFFICIENT_DATA,0.0,none,none,inf,not_found,UNKNOWN,False,UNKNOWN,,"Sentinel-2 observation available but obscured by cloud cover (best: 30.4%, threshold: 30.0%)"
1644,Agricultural-context thermal event,0.55,"Agricultural-context thermal event
Supporting evidence:
- short-lived transient activity (active_days=1)
- moderate thermal power typical of crop burning (max_frp=5.0 MW)
- OSM industrial context is UNKNOWN
- land-cover context is UNKNOWN",1,isolated,332.31,32.53,5.04,INSUFFICIENT_DATA,0.0,none,none,inf,not_found,UNKNOWN,True,HerbaceousVegetation,0.2579,Satellite CNN prediction: HerbaceousVegetation (confidence: 0.26)
1645,Unknown / Insufficient Evidence,0.0,"Unknown / Insufficient Evidence
Supporting evidence:
- insufficient or conflicting physical & contextual evidence
- OSM industrial context is UNKNOWN
- land-cover context is UNKNOWN",1,isolated,337.21,43.28,2.53,INSUFFICIENT_DATA,0.0,none,none,inf,not_found,UNKNOWN,True,SeaLake,0.9904,Satellite CNN prediction: SeaLake (confidence: 0.99)
1646,Agricultural-context thermal event,0.55,"Agricultural-context thermal event
Supporting evidence:
- short-lived transient activity (active_days=1)
- moderate thermal power typical of crop burning (max_frp=6.8 MW)
- OSM industrial context is UNKNOWN
- land-cover context is UNKNOWN
- satellite observation unavailable/obscured",1,isolated,340.01,50.46,6.76,INSUFFICIENT_DATA,0.0,none,none,inf,not_found,UNKNOWN,False,UNKNOWN,,"Sentinel-2 observation available but obscured by cloud cover (best: 30.9%, threshold: 30.0%)"
1647,Agricultural-context thermal event,0.55,"Agricultural-context thermal event
Supporting evidence:
- short-lived transient activity (active_days=1)
- moderate thermal power typical of crop burning (max_frp=18.2 MW)
- OSM industrial context is UNKNOWN
- land-cover context is UNKNOWN",1,isolated,340.98,43.93,18.17,INSUFFICIENT_DATA,0.0,none,none,inf,not_found,UNKNOWN,True,SeaLake,0.9828,Satellite CNN prediction: SeaLake (confidence: 0.98)
1648,Agricultural-context thermal event,0.55,"Agricultural-context thermal event
Supporting evidence:
- short-lived transient activity (active_days=1)
- moderate thermal power typical of crop burning (max_frp=7.0 MW)
- OSM industrial context is UNKNOWN
- land-cover context is UNKNOWN
- satellite observation unavailable/obscured",1,isolated,332.09,37.8,6.95,INSUFFICIENT_DATA,0.0,none,none,inf,not_found,UNKNOWN,False,UNKNOWN,,"Sentinel-2 observation available but obscured by cloud cover (best: 70.6%, threshold: 30.0%)"
1649,Agricultural-context thermal event,0.55,"Agricultural-context thermal event
Supporting evidence:
- short-lived transient activity (active_days=1)
- moderate thermal power typical of crop burning (max_frp=8.7 MW)
- OSM industrial context is UNKNOWN
- land-cover context is UNKNOWN",1,isolated,342.83,47.21,8.73,INSUFFICIENT_DATA,0.0,none,none,inf,not_found,UNKNOWN,True,SeaLake,0.9893,Satellite CNN prediction: SeaLake (confidence: 0.99)
1650,Unknown / Insufficient Evidence,0.0,"Unknown / Insufficient Evidence
Supporting evidence:
- insufficient or conflicting physical & contextual evidence
- OSM industrial context is UNKNOWN
- land-cover context is UNKNOWN
- satellite observation unavailable/obscured",1,isolated,332.19,29.73,3.29,INSUFFICIENT_DATA,0.0,none,none,inf,not_found,UNKNOWN,False,UNKNOWN,,"Sentinel-2 observation available but obscured by cloud cover (best: 62.3%, threshold: 30.0%)"
1651,Unknown / Insufficient Evidence,0.0,"Unknown / Insufficient Evidence
Supporting evidence:
- insufficient or conflicting physical & contextual evidence
- OSM industrial context is UNKNOWN
- land-cover context is UNKNOWN
- satellite observation unavailable/obscured",1,isolated,339.54,39.73,3.88,INSUFFICIENT_DATA,0.0,none,none,inf,not_found,UNKNOWN,False,UNKNOWN,,"Sentinel-2 observation available but obscured by cloud cover (best: 47.9%, threshold: 30.0%)"
1652,Unknown / Insufficient Evidence,0.0,"Unknown / Insufficient Evidence
Supporting evidence:
- insufficient or conflicting physical & contextual evidence
- OSM industrial context is UNKNOWN
- land-cover context is UNKNOWN
- satellite observation unavailable/obscured",1,isolated,330.63,32.14,2.35,INSUFFICIENT_DATA,0.0,none,none,inf,not_found,UNKNOWN,False,UNKNOWN,,"Sentinel-2 observation available but obscured by cloud cover (best: 47.9%, threshold: 30.0%)"
1653,Unknown / Insufficient Evidence,0.0,"Unknown / Insufficient Evidence
Supporting evidence:
- insufficient or conflicting physical & contextual evidence
- OSM industrial context is UNKNOWN
- land-cover context is UNKNOWN
- satellite observation unavailable/obscured",1,isolated,340.51,44.29,2.82,INSUFFICIENT_DATA,0.0,none,none,inf,not_found,UNKNOWN,False,UNKNOWN,,"Sentinel-2 observation available but obscured by cloud cover (best: 41.3%, threshold: 30.0%)"
1654,Unknown / Insufficient Evidence,0.0,"Unknown / Insufficient Evidence
Supporting evidence:
- insufficient or conflicting physical & contextual evidence
- OSM industrial context is UNKNOWN
- land-cover context is UNKNOWN
- satellite observation unavailable/obscured",1,isolated,333.74,38.33,3.65,INSUFFICIENT_DATA,0.0,none,none,inf,not_found,UNKNOWN,False,UNKNOWN,,"Sentinel-2 observation available but obscured by cloud cover (best: 47.9%, threshold: 30.0%)"
1655,Unknown / Insufficient Evidence,0.0,"Unknown / Insufficient Evidence
Supporting evidence:
- insufficient or conflicting physical & contextual evidence
- OSM industrial context is UNKNOWN
- land-cover context is UNKNOWN
- satellite observation unavailable/obscured",1,isolated,338.27,43.47,2.59,INSUFFICIENT_DATA,0.0,none,none,inf,not_found,UNKNOWN,False,UNKNOWN,,"Sentinel-2 observation available but obscured by cloud cover (best: 59.7%, threshold: 30.0%)"
1656,Unknown / Insufficient Evidence,0.0,"Unknown / Insufficient Evidence
Supporting evidence:
- insufficient or conflicting physical & contextual evidence
- OSM industrial context is UNKNOWN
- land-cover context is UNKNOWN
- satellite observation unavailable/obscured",1,isolated,333.77,36.53,4.29,INSUFFICIENT_DATA,0.0,none,none,inf,not_found,UNKNOWN,False,UNKNOWN,,"Sentinel-2 observation available but obscured by cloud cover (best: 57.8%, threshold: 30.0%)"
1657,Unknown / Insufficient Evidence,0.0,"Unknown / Insufficient Evidence
Supporting evidence:
- insufficient or conflicting physical & contextual evidence
- OSM industrial context is UNKNOWN
- land-cover context is UNKNOWN
- satellite observation unavailable/obscured",1,isolated,342.17,44.24,3.48,INSUFFICIENT_DATA,0.0,none,none,inf,not_found,UNKNOWN,False,UNKNOWN,,"Sentinel-2 observation available but obscured by cloud cover (best: 65.2%, threshold: 30.0%)"
1658,Unknown / Insufficient Evidence,0.0,"Unknown / Insufficient Evidence
Supporting evidence:
- insufficient or conflicting physical & contextual evidence
- OSM industrial context is UNKNOWN
- land-cover context is UNKNOWN
- satellite observation unavailable/obscured",1,isolated,331.13,39.64,3.54,INSUFFICIENT_DATA,0.0,none,none,inf,not_found,UNKNOWN,False,UNKNOWN,,"Sentinel-2 observation available but obscured by cloud cover (best: 76.9%, threshold: 30.0%)"
1659,Unknown / Insufficient Evidence,0.0,"Unknown / Insufficient Evidence
Supporting evidence:
- insufficient or conflicting physical & contextual evidence
- OSM industrial context is UNKNOWN
- land-cover context is UNKNOWN
- satellite observation unavailable/obscured",1,isolated,336.71,35.22,3.33,INSUFFICIENT_DATA,0.0,none,none,inf,not_found,UNKNOWN,False,UNKNOWN,,"Sentinel-2 observation available but obscured by cloud cover (best: 80.9%, threshold: 30.0%)"
1660,Agricultural-context thermal event,0.75,"Agricultural-context thermal event
Supporting evidence:
- short-lived transient activity (active_days=2)
- minor localized plot displacement
- moderate thermal power typical of crop burning (max_frp=7.7 MW)
- OSM industrial context is UNKNOWN
- land-cover context is UNKNOWN
- satellite observation unavailable/obscured",2,short_lived_repeated,339.95,42.11,7.68,STATIONARY,0.267,none,none,inf,not_found,UNKNOWN,False,UNKNOWN,,"Sentinel-2 observation available but obscured by cloud cover (best: 30.0%, threshold: 30.0%)"
1661,Unknown / Insufficient Evidence,0.0,"Unknown / Insufficient Evidence
Supporting evidence:
- insufficient or conflicting physical & contextual evidence
- land-cover context is UNKNOWN
- satellite observation unavailable/obscured",1,isolated,305.63,11.01,1.44,INSUFFICIENT_DATA,0.0,industrial,Shree Cement,0.183,found,UNKNOWN,False,UNKNOWN,,"Sentinel-2 observation available but obscured by cloud cover (best: 38.8%, threshold: 30.0%)"
1662,Unknown / Insufficient Evidence,0.0,"Unknown / Insufficient Evidence
Supporting evidence:
- insufficient or conflicting physical & contextual evidence
- land-cover context is UNKNOWN",1,isolated,301.57,15.05,2.8,INSUFFICIENT_DATA,0.0,brickyard,none,0.646,found,UNKNOWN,True,PermanentCrop,0.4514,Satellite CNN prediction: PermanentCrop (confidence: 0.45)
1663,Unknown / Insufficient Evidence,0.0,"Unknown / Insufficient Evidence
Supporting evidence:
- insufficient or conflicting physical & contextual evidence
- OSM industrial context is UNKNOWN
- land-cover context is UNKNOWN",1,isolated,304.81,24.5,0.56,INSUFFICIENT_DATA,0.0,none,none,inf,not_found,UNKNOWN,True,River,0.1688,Satellite CNN prediction: River (confidence: 0.17)
1664,Unknown / Insufficient Evidence,0.0,"Unknown / Insufficient Evidence
Supporting evidence:
- insufficient or conflicting physical & contextual evidence
- land-cover context is UNKNOWN",1,isolated,300.35,19.52,0.38,INSUFFICIENT_DATA,0.0,industrial,none,0.297,found,UNKNOWN,True,HerbaceousVegetation,0.315,Satellite CNN prediction: HerbaceousVegetation (confidence: 0.32)
1665,Unknown / Insufficient Evidence,0.0,"Unknown / Insufficient Evidence
Supporting evidence:
- insufficient or conflicting physical & contextual evidence
- OSM industrial context is UNKNOWN
- land-cover context is UNKNOWN",1,isolated,301.93,25.94,0.36,INSUFFICIENT_DATA,0.0,none,none,inf,not_found,UNKNOWN,True,SeaLake,0.9352,Satellite CNN prediction: SeaLake (confidence: 0.94)
1666,Unknown / Insufficient Evidence,0.0,"Unknown / Insufficient Evidence
Supporting evidence:
- insufficient or conflicting physical & contextual evidence
- OSM industrial context is UNKNOWN
- land-cover context is UNKNOWN",1,isolated,300.56,23.78,0.53,INSUFFICIENT_DATA,0.0,none,none,inf,not_found,UNKNOWN,True,SeaLake,0.4438,Satellite CNN prediction: SeaLake (confidence: 0.44)
1667,Unknown / Insufficient Evidence,0.0,"Unknown / Insufficient Evidence
Supporting evidence:
- insufficient or conflicting physical & contextual evidence
- OSM industrial context is UNKNOWN
- land-cover context is UNKNOWN
- satellite observation unavailable/obscured",1,isolated,305.16,19.58,0.97,INSUFFICIENT_DATA,0.0,none,none,inf,not_found,UNKNOWN,False,UNKNOWN,,"Sentinel-2 observation available but obscured by cloud cover (best: 62.3%, threshold: 30.0%)"
1668,Unknown / Insufficient Evidence,0.0,"Unknown / Insufficient Evidence
Supporting evidence:
- insufficient or conflicting physical & contextual evidence
- land-cover context is UNKNOWN
- satellite observation unavailable/obscured",1,isolated,301.18,14.2,0.8,INSUFFICIENT_DATA,0.0,industrial,none,0.129,found,UNKNOWN,False,UNKNOWN,,"Sentinel-2 observation available but obscured by cloud cover (best: 77.3%, threshold: 30.0%)"
1669,Unknown / Insufficient Evidence,0.0,"Unknown / Insufficient Evidence
Supporting evidence:
- insufficient or conflicting physical & contextual evidence
- land-cover context is UNKNOWN
- satellite observation unavailable/obscured",1,isolated,308.78,19.26,1.25,INSUFFICIENT_DATA,0.0,industrial,none,0.304,found,UNKNOWN,False,UNKNOWN,,"Sentinel-2 observation available but obscured by cloud cover (best: 75.5%, threshold: 30.0%)"
1670,Industrial-context thermal event,0.45,"Industrial-context thermal event
Supporting evidence:
- high spectral brightness temperature contrast (bt_diff=35.0 K)
- industrial facility detected nearby (industrial at 0.40 km)
- land-cover context is UNKNOWN
- satellite observation unavailable/obscured",1,isolated,308.63,35.02,1.21,INSUFFICIENT_DATA,0.0,industrial,none,0.399,found,UNKNOWN,False,UNKNOWN,,"Sentinel-2 observation available but obscured by cloud cover (best: 100.0%, threshold: 30.0%)"
1671,Unknown / Insufficient Evidence,0.0,"Unknown / Insufficient Evidence
Supporting evidence:
- insufficient or conflicting physical & contextual evidence
- land-cover context is UNKNOWN
- satellite observation unavailable/obscured",1,isolated,303.97,15.09,0.85,INSUFFICIENT_DATA,0.0,plant,none,0.63,found,UNKNOWN,False,UNKNOWN,,"Sentinel-2 observation available but obscured by cloud cover (best: 98.5%, threshold: 30.0%)"
1672,Unknown / Insufficient Evidence,0.0,"Unknown / Insufficient Evidence
Supporting evidence:
- insufficient or conflicting physical & contextual evidence
- OSM industrial context is UNKNOWN
- land-cover context is UNKNOWN
- satellite observation unavailable/obscured",1,isolated,309.52,14.83,0.44,INSUFFICIENT_DATA,0.0,none,none,inf,not_found,UNKNOWN,False,UNKNOWN,,"Sentinel-2 observation available but obscured by cloud cover (best: 91.7%, threshold: 30.0%)"
1673,Unknown / Insufficient Evidence,0.0,"Unknown / Insufficient Evidence
Supporting evidence:
- insufficient or conflicting physical & contextual evidence
- land-cover context is UNKNOWN
- satellite observation unavailable/obscured",1,isolated,308.67,14.0,0.43,INSUFFICIENT_DATA,0.0,industrial,none,1.434,found,UNKNOWN,False,UNKNOWN,,"Sentinel-2 observation available but obscured by cloud cover (best: 91.7%, threshold: 30.0%)"
1674,Unknown / Insufficient Evidence,0.0,"Unknown / Insufficient Evidence
Supporting evidence:
- insufficient or conflicting physical & contextual evidence
- OSM industrial context is UNKNOWN
- land-cover context is UNKNOWN",1,isolated,311.16,28.46,1.59,INSUFFICIENT_DATA,0.0,none,none,inf,not_found,UNKNOWN,True,Forest,0.4453,Satellite CNN prediction: Forest (confidence: 0.45)
1675,Unknown / Insufficient Evidence,0.0,"Unknown / Insufficient Evidence
Supporting evidence:
- insufficient or conflicting physical & contextual evidence
- land-cover context is UNKNOWN
- satellite observation unavailable/obscured",1,isolated,304.27,13.16,1.18,INSUFFICIENT_DATA,0.0,industrial,Rayen Steels Pvt Ltd.,0.134,found,UNKNOWN,False,UNKNOWN,,"Sentinel-2 observation available but obscured by cloud cover (best: 47.9%, threshold: 30.0%)"
1676,Unknown / Insufficient Evidence,0.0,"Unknown / Insufficient Evidence
Supporting evidence:
- insufficient or conflicting physical & contextual evidence
- OSM industrial context is UNKNOWN
- land-cover context is UNKNOWN
- satellite observation unavailable/obscured",1,isolated,298.3,37.19,0.61,INSUFFICIENT_DATA,0.0,none,none,inf,not_found,UNKNOWN,False,UNKNOWN,,"Sentinel-2 observation available but obscured by cloud cover (best: 65.2%, threshold: 30.0%)"
1677,Unknown / Insufficient Evidence,0.0,"Unknown / Insufficient Evidence
Supporting evidence:
- insufficient or conflicting physical & contextual evidence
- OSM industrial context is UNKNOWN
- land-cover context is UNKNOWN
- satellite observation unavailable/obscured",1,isolated,304.46,31.58,1.04,INSUFFICIENT_DATA,0.0,none,none,inf,not_found,UNKNOWN,False,UNKNOWN,,"Sentinel-2 observation available but obscured by cloud cover (best: 57.8%, threshold: 30.0%)"
1678,Unknown / Insufficient Evidence,0.0,"Unknown / Insufficient Evidence
Supporting evidence:
- insufficient or conflicting physical & contextual evidence
- OSM industrial context is UNKNOWN
- land-cover context is UNKNOWN
- satellite observation unavailable/obscured",1,isolated,307.79,28.36,0.87,INSUFFICIENT_DATA,0.0,none,none,inf,not_found,UNKNOWN,False,UNKNOWN,,"Sentinel-2 observation available but obscured by cloud cover (best: 57.8%, threshold: 30.0%)"
1679,Unknown / Insufficient Evidence,0.0,"Unknown / Insufficient Evidence
Supporting evidence:
- insufficient or conflicting physical & contextual evidence
- OSM industrial context is UNKNOWN
- land-cover context is UNKNOWN
- satellite observation unavailable/obscured",1,isolated,332.56,44.19,1.84,INSUFFICIENT_DATA,0.0,none,none,inf,not_found,UNKNOWN,False,UNKNOWN,,"Sentinel-2 observation available but obscured by cloud cover (best: 81.2%, threshold: 30.0%)"
1680,Unknown / Insufficient Evidence,0.0,"Unknown / Insufficient Evidence
Supporting evidence:
- insufficient or conflicting physical & contextual evidence
- OSM industrial context is UNKNOWN
- land-cover context is UNKNOWN",1,isolated,332.95,48.29,4.63,INSUFFICIENT_DATA,0.0,none,none,inf,not_found,UNKNOWN,True,SeaLake,0.5232,Satellite CNN prediction: SeaLake (confidence: 0.52)
1681,Agricultural-context thermal event,0.55,"Agricultural-context thermal event
Supporting evidence:
- short-lived transient activity (active_days=1)
- moderate thermal power typical of crop burning (max_frp=6.8 MW)
- OSM industrial context is UNKNOWN
- land-cover context is UNKNOWN",1,isolated,354.22,50.24,6.75,INSUFFICIENT_DATA,0.0,none,none,inf,not_found,UNKNOWN,True,SeaLake,0.8829,Satellite CNN prediction: SeaLake (confidence: 0.88)
1682,Unknown / Insufficient Evidence,0.0,"Unknown / Insufficient Evidence
Supporting evidence:
- insufficient or conflicting physical & contextual evidence
- OSM industrial context is UNKNOWN
- land-cover context is UNKNOWN
- satellite observation unavailable/obscured",1,isolated,330.06,41.42,3.86,INSUFFICIENT_DATA,0.0,none,none,inf,not_found,UNKNOWN,False,UNKNOWN,,"Sentinel-2 observation available but obscured by cloud cover (best: 30.4%, threshold: 30.0%)"
1683,Unknown / Insufficient Evidence,0.0,"Unknown / Insufficient Evidence
Supporting evidence:
- insufficient or conflicting physical & contextual evidence
- OSM industrial context is UNKNOWN
- land-cover context is UNKNOWN",1,isolated,332.09,36.38,2.73,INSUFFICIENT_DATA,0.0,none,none,inf,not_found,UNKNOWN,True,AnnualCrop,0.4,Satellite CNN prediction: AnnualCrop (confidence: 0.40)
1684,Unknown / Insufficient Evidence,0.0,"Unknown / Insufficient Evidence
Supporting evidence:
- insufficient or conflicting physical & contextual evidence
- OSM industrial context is UNKNOWN
- land-cover context is UNKNOWN",1,isolated,331.28,37.07,2.31,INSUFFICIENT_DATA,0.0,none,none,inf,not_found,UNKNOWN,True,SeaLake,0.3496,Satellite CNN prediction: SeaLake (confidence: 0.35)
1685,Unknown / Insufficient Evidence,0.0,"Unknown / Insufficient Evidence
Supporting evidence:
- insufficient or conflicting physical & contextual evidence
- OSM industrial context is UNKNOWN
- land-cover context is UNKNOWN",1,isolated,349.62,54.35,4.3,INSUFFICIENT_DATA,0.0,none,none,inf,not_found,UNKNOWN,True,SeaLake,0.7001,Satellite CNN prediction: SeaLake (confidence: 0.70)
1686,Agricultural-context thermal event,0.55,"Agricultural-context thermal event
Supporting evidence:
- short-lived transient activity (active_days=1)
- moderate thermal power typical of crop burning (max_frp=5.3 MW)
- OSM industrial context is UNKNOWN
- land-cover context is UNKNOWN
- satellite observation unavailable/obscured",1,isolated,340.19,39.33,5.27,INSUFFICIENT_DATA,0.0,none,none,inf,not_found,UNKNOWN,False,UNKNOWN,,"Sentinel-2 observation available but obscured by cloud cover (best: 74.3%, threshold: 30.0%)"
1687,Unknown / Insufficient Evidence,0.0,"Unknown / Insufficient Evidence
Supporting evidence:
- insufficient or conflicting physical & contextual evidence
- OSM industrial context is UNKNOWN
- land-cover context is UNKNOWN
- satellite observation unavailable/obscured",1,isolated,346.8,54.83,4.26,INSUFFICIENT_DATA,0.0,none,none,inf,not_found,UNKNOWN,False,UNKNOWN,,"Sentinel-2 observation available but obscured by cloud cover (best: 68.2%, threshold: 30.0%)"
1688,Agricultural-context thermal event,0.55,"Agricultural-context thermal event
Supporting evidence:
- short-lived transient activity (active_days=1)
- moderate thermal power typical of crop burning (max_frp=6.0 MW)
- OSM industrial context is UNKNOWN
- land-cover context is UNKNOWN
- satellite observation unavailable/obscured",1,isolated,336.85,27.19,5.95,INSUFFICIENT_DATA,0.0,none,none,inf,not_found,UNKNOWN,False,UNKNOWN,,"Sentinel-2 observation available but obscured by cloud cover (best: 62.6%, threshold: 30.0%)"
1689,Agricultural-context thermal event,0.55,"Agricultural-context thermal event
Supporting evidence:
- short-lived transient activity (active_days=1)
- moderate thermal power typical of crop burning (max_frp=5.4 MW)
- OSM industrial context is UNKNOWN
- land-cover context is UNKNOWN
- satellite observation unavailable/obscured",1,isolated,337.16,43.12,5.38,INSUFFICIENT_DATA,0.0,none,none,inf,not_found,UNKNOWN,False,UNKNOWN,,"Sentinel-2 observation available but obscured by cloud cover (best: 91.7%, threshold: 30.0%)"
1690,Unknown / Insufficient Evidence,0.0,"Unknown / Insufficient Evidence
Supporting evidence:
- insufficient or conflicting physical & contextual evidence
- OSM industrial context is UNKNOWN
- land-cover context is UNKNOWN
- satellite observation unavailable/obscured",1,isolated,343.62,43.1,3.29,INSUFFICIENT_DATA,0.0,none,none,inf,not_found,UNKNOWN,False,UNKNOWN,,"Sentinel-2 observation available but obscured by cloud cover (best: 91.7%, threshold: 30.0%)"
1691,Agricultural-context thermal event,0.55,"Agricultural-context thermal event
Supporting evidence:
- short-lived transient activity (active_days=1)
- moderate thermal power typical of crop burning (max_frp=6.2 MW)
- OSM industrial context is UNKNOWN
- land-cover context is UNKNOWN
- satellite observation unavailable/obscured",1,isolated,337.4,37.37,6.22,INSUFFICIENT_DATA,0.0,none,none,inf,not_found,UNKNOWN,False,UNKNOWN,,"Sentinel-2 observation available but obscured by cloud cover (best: 91.7%, threshold: 30.0%)"
1692,Unknown / Insufficient Evidence,0.0,"Unknown / Insufficient Evidence
Supporting evidence:
- insufficient or conflicting physical & contextual evidence
- land-cover context is UNKNOWN
- satellite observation unavailable/obscured",1,isolated,337.27,32.38,1.58,INSUFFICIENT_DATA,0.0,plant,none,0.964,found,UNKNOWN,False,UNKNOWN,,"Sentinel-2 observation available but obscured by cloud cover (best: 71.0%, threshold: 30.0%)"
1693,Agricultural-context thermal event,0.55,"Agricultural-context thermal event
Supporting evidence:
- short-lived transient activity (active_days=1)
- moderate thermal power typical of crop burning (max_frp=5.3 MW)
- OSM industrial context is UNKNOWN
- land-cover context is UNKNOWN
- satellite observation unavailable/obscured",1,isolated,338.37,35.33,5.31,INSUFFICIENT_DATA,0.0,none,none,inf,not_found,UNKNOWN,False,UNKNOWN,,"Sentinel-2 observation available but obscured by cloud cover (best: 91.7%, threshold: 30.0%)"
1694,Industrial-context thermal event,0.45,"Industrial-context thermal event
Supporting evidence:
- high spectral brightness temperature contrast (bt_diff=36.8 K)
- industrial facility detected nearby (plant at 1.22 km)
- land-cover context is UNKNOWN
- satellite observation unavailable/obscured",1,isolated,337.09,36.83,2.91,INSUFFICIENT_DATA,0.0,plant,none,1.224,found,UNKNOWN,False,UNKNOWN,,"Sentinel-2 observation available but obscured by cloud cover (best: 38.4%, threshold: 30.0%)"
1695,Unknown / Insufficient Evidence,0.0,"Unknown / Insufficient Evidence
Supporting evidence:
- insufficient or conflicting physical & contextual evidence
- OSM industrial context is UNKNOWN
- land-cover context is UNKNOWN",1,isolated,331.63,40.9,3.76,INSUFFICIENT_DATA,0.0,none,none,inf,not_found,UNKNOWN,True,SeaLake,0.9892,Satellite CNN prediction: SeaLake (confidence: 0.99)
1696,Unknown / Insufficient Evidence,0.0,"Unknown / Insufficient Evidence
Supporting evidence:
- insufficient or conflicting physical & contextual evidence
- OSM industrial context is UNKNOWN
- land-cover context is UNKNOWN",1,isolated,340.22,58.77,4.96,INSUFFICIENT_DATA,0.0,none,none,inf,not_found,UNKNOWN,True,SeaLake,0.993,Satellite CNN prediction: SeaLake (confidence: 0.99)
1697,Agricultural-context thermal event,0.55,"Agricultural-context thermal event
Supporting evidence:
- short-lived transient activity (active_days=1)
- satellite CNN visual context is PermanentCrop (model confidence=1.00)
- OSM industrial context is UNKNOWN
- land-cover context is UNKNOWN",1,isolated,332.81,42.42,1.55,INSUFFICIENT_DATA,0.0,none,none,inf,not_found,UNKNOWN,True,PermanentCrop,1.0,Satellite CNN prediction: PermanentCrop (confidence: 1.00)
1698,Agricultural-context thermal event,0.4,"Agricultural-context thermal event
Supporting evidence:
- short-lived transient activity (active_days=1)
- moderate thermal power typical of crop burning (max_frp=5.1 MW)
- land-cover context is UNKNOWN
- satellite observation unavailable/obscured",1,isolated,338.36,33.17,5.11,INSUFFICIENT_DATA,0.0,works,none,0.176,found,UNKNOWN,False,UNKNOWN,,"Sentinel-2 observation available but obscured by cloud cover (best: 33.7%, threshold: 30.0%)"
1699,Unknown / Insufficient Evidence,0.0,"Unknown / Insufficient Evidence
Supporting evidence:
- insufficient or conflicting physical & contextual evidence
- land-cover context is UNKNOWN
- satellite observation unavailable/obscured",1,isolated,331.13,28.73,2.82,INSUFFICIENT_DATA,0.0,works,none,0.976,found,UNKNOWN,False,UNKNOWN,,"Sentinel-2 observation available but obscured by cloud cover (best: 38.4%, threshold: 30.0%)"
1700,Industrial-context thermal event,0.45,"Industrial-context thermal event
Supporting evidence:
- high spectral brightness temperature contrast (bt_diff=39.1 K)
- industrial facility detected nearby (industrial at 1.36 km)
- land-cover context is UNKNOWN
- satellite observation unavailable/obscured",1,isolated,340.46,39.07,3.67,INSUFFICIENT_DATA,0.0,industrial,none,1.362,found,UNKNOWN,False,UNKNOWN,,"Sentinel-2 observation available but obscured by cloud cover (best: 100.0%, threshold: 30.0%)"
1701,Agricultural-context thermal event,0.55,"Agricultural-context thermal event
Supporting evidence:
- short-lived transient activity (active_days=1)
- moderate thermal power typical of crop burning (max_frp=6.8 MW)
- OSM industrial context is UNKNOWN
- land-cover context is UNKNOWN
- satellite observation unavailable/obscured",1,isolated,342.21,32.78,6.83,INSUFFICIENT_DATA,0.0,none,none,inf,not_found,UNKNOWN,False,UNKNOWN,,"Sentinel-2 observation available but obscured by cloud cover (best: 100.0%, threshold: 30.0%)"
1702,Unknown / Insufficient Evidence,0.0,"Unknown / Insufficient Evidence
Supporting evidence:
- insufficient or conflicting physical & contextual evidence
- OSM industrial context is UNKNOWN
- land-cover context is UNKNOWN",1,isolated,336.63,32.15,3.41,INSUFFICIENT_DATA,0.0,none,none,inf,not_found,UNKNOWN,True,SeaLake,0.9797,Satellite CNN prediction: SeaLake (confidence: 0.98)
1703,Agricultural-context thermal event,0.55,"Agricultural-context thermal event
Supporting evidence:
- short-lived transient activity (active_days=1)
- moderate thermal power typical of crop burning (max_frp=7.0 MW)
- OSM industrial context is UNKNOWN
- land-cover context is UNKNOWN",1,isolated,337.73,35.05,6.97,INSUFFICIENT_DATA,0.0,none,none,inf,not_found,UNKNOWN,True,Forest,0.5345,Satellite CNN prediction: Forest (confidence: 0.53)
1704,Unknown / Insufficient Evidence,0.0,"Unknown / Insufficient Evidence
Supporting evidence:
- insufficient or conflicting physical & contextual evidence
- OSM industrial context is UNKNOWN
- land-cover context is UNKNOWN",1,isolated,335.93,30.54,2.96,INSUFFICIENT_DATA,0.0,none,none,inf,not_found,UNKNOWN,True,SeaLake,0.9506,Satellite CNN prediction: SeaLake (confidence: 0.95)
1705,Industrial-context thermal event,0.45,"Industrial-context thermal event
Supporting evidence:
- high spectral brightness temperature contrast (bt_diff=32.9 K)
- industrial facility detected nearby (brickyard at 0.82 km)
- land-cover context is UNKNOWN
- satellite observation unavailable/obscured",1,isolated,340.1,32.93,8.61,INSUFFICIENT_DATA,0.0,brickyard,none,0.82,found,UNKNOWN,False,UNKNOWN,,"Sentinel-2 observation available but obscured by cloud cover (best: 30.4%, threshold: 30.0%)"
1706,Agricultural-context thermal event,0.55,"Agricultural-context thermal event
Supporting evidence:
- short-lived transient activity (active_days=1)
- moderate thermal power typical of crop burning (max_frp=6.1 MW)
- OSM industrial context is UNKNOWN
- land-cover context is UNKNOWN",1,isolated,339.62,37.95,6.07,INSUFFICIENT_DATA,0.0,none,none,inf,not_found,UNKNOWN,True,SeaLake,0.914,Satellite CNN prediction: SeaLake (confidence: 0.91)
1707,Unknown / Insufficient Evidence,0.0,"Unknown / Insufficient Evidence
Supporting evidence:
- insufficient or conflicting physical & contextual evidence
- OSM industrial context is UNKNOWN
- land-cover context is UNKNOWN",1,isolated,337.13,34.42,4.0,INSUFFICIENT_DATA,0.0,none,none,inf,not_found,UNKNOWN,True,SeaLake,0.9925,Satellite CNN prediction: SeaLake (confidence: 0.99)
1708,Agricultural-context thermal event,0.55,"Agricultural-context thermal event
Supporting evidence:
- short-lived transient activity (active_days=1)
- moderate thermal power typical of crop burning (max_frp=10.0 MW)
- OSM industrial context is UNKNOWN
- land-cover context is UNKNOWN",1,isolated,347.12,41.13,9.96,INSUFFICIENT_DATA,0.0,none,none,inf,not_found,UNKNOWN,True,SeaLake,0.9944,Satellite CNN prediction: SeaLake (confidence: 0.99)
1709,Unknown / Insufficient Evidence,0.0,"Unknown / Insufficient Evidence
Supporting evidence:
- insufficient or conflicting physical & contextual evidence
- OSM industrial context is UNKNOWN
- land-cover context is UNKNOWN",1,isolated,332.11,39.11,2.61,INSUFFICIENT_DATA,0.0,none,none,inf,not_found,UNKNOWN,True,SeaLake,0.9986,Satellite CNN prediction: SeaLake (confidence: 1.00)
1710,Industrial-context thermal event,0.45,"Industrial-context thermal event
Supporting evidence:
- high spectral brightness temperature contrast (bt_diff=34.1 K)
- industrial facility detected nearby (plant at 0.09 km)
- land-cover context is UNKNOWN",1,isolated,340.11,34.14,7.72,INSUFFICIENT_DATA,0.0,plant,Kottathur,0.086,found,UNKNOWN,True,SeaLake,0.9312,Satellite CNN prediction: SeaLake (confidence: 0.93)
1711,Unknown / Insufficient Evidence,0.0,"Unknown / Insufficient Evidence
Supporting evidence:
- insufficient or conflicting physical & contextual evidence
- OSM industrial context is UNKNOWN
- land-cover context is UNKNOWN
- satellite observation unavailable/obscured",1,isolated,337.84,30.88,3.92,INSUFFICIENT_DATA,0.0,none,none,inf,not_found,UNKNOWN,False,UNKNOWN,,"Sentinel-2 observation available but obscured by cloud cover (best: 30.4%, threshold: 30.0%)"
1712,Unknown / Insufficient Evidence,0.0,"Unknown / Insufficient Evidence
Supporting evidence:
- insufficient or conflicting physical & contextual evidence
- OSM industrial context is UNKNOWN
- land-cover context is UNKNOWN",1,isolated,331.81,27.31,1.85,INSUFFICIENT_DATA,0.0,none,none,inf,not_found,UNKNOWN,True,SeaLake,0.9639,Satellite CNN prediction: SeaLake (confidence: 0.96)
1713,Unknown / Insufficient Evidence,0.0,"Unknown / Insufficient Evidence
Supporting evidence:
- insufficient or conflicting physical & contextual evidence
- OSM industrial context is UNKNOWN
- land-cover context is UNKNOWN",1,isolated,332.91,31.6,3.44,INSUFFICIENT_DATA,0.0,none,none,inf,not_found,UNKNOWN,True,SeaLake,0.9998,Satellite CNN prediction: SeaLake (confidence: 1.00)
1714,Agricultural-context thermal event,0.55,"Agricultural-context thermal event
Supporting evidence:
- short-lived transient activity (active_days=1)
- moderate thermal power typical of crop burning (max_frp=6.0 MW)
- OSM industrial context is UNKNOWN
- land-cover context is UNKNOWN
- satellite observation unavailable/obscured",1,isolated,335.8,30.27,6.0,INSUFFICIENT_DATA,0.0,none,none,inf,not_found,UNKNOWN,False,UNKNOWN,,"Sentinel-2 observation available but obscured by cloud cover (best: 44.5%, threshold: 30.0%)"
1715,Agricultural-context thermal event,0.55,"Agricultural-context thermal event
Supporting evidence:
- short-lived transient activity (active_days=1)
- moderate thermal power typical of crop burning (max_frp=5.8 MW)
- OSM industrial context is UNKNOWN
- land-cover context is UNKNOWN",1,isolated,336.86,32.03,5.78,INSUFFICIENT_DATA,0.0,none,none,inf,not_found,UNKNOWN,True,Highway,0.2598,Satellite CNN prediction: Highway (confidence: 0.26)
1716,Agricultural-context thermal event,0.55,"Agricultural-context thermal event
Supporting evidence:
- short-lived transient activity (active_days=1)
- moderate thermal power typical of crop burning (max_frp=12.2 MW)
- OSM industrial context is UNKNOWN
- land-cover context is UNKNOWN",1,isolated,346.04,40.4,12.19,INSUFFICIENT_DATA,0.0,none,none,inf,not_found,UNKNOWN,True,SeaLake,0.6791,Satellite CNN prediction: SeaLake (confidence: 0.68)
1717,Unknown / Insufficient Evidence,0.0,"Unknown / Insufficient Evidence
Supporting evidence:
- insufficient or conflicting physical & contextual evidence
- OSM industrial context is UNKNOWN
- land-cover context is UNKNOWN
- satellite observation unavailable/obscured",1,isolated,332.34,28.58,2.1,INSUFFICIENT_DATA,0.0,none,none,inf,not_found,UNKNOWN,False,UNKNOWN,,"Sentinel-2 observation available but obscured by cloud cover (best: 44.5%, threshold: 30.0%)"
1718,Unknown / Insufficient Evidence,0.0,"Unknown / Insufficient Evidence
Supporting evidence:
- insufficient or conflicting physical & contextual evidence
- land-cover context is UNKNOWN
- satellite observation unavailable/obscured",1,isolated,330.23,29.07,2.07,INSUFFICIENT_DATA,0.0,industrial,none,0.912,found,UNKNOWN,False,UNKNOWN,,"Sentinel-2 observation available but obscured by cloud cover (best: 30.9%, threshold: 30.0%)"
1719,Agricultural-context thermal event,0.55,"Agricultural-context thermal event
Supporting evidence:
- short-lived transient activity (active_days=1)
- moderate thermal power typical of crop burning (max_frp=8.5 MW)
- OSM industrial context is UNKNOWN
- land-cover context is UNKNOWN",1,isolated,338.53,38.34,8.47,INSUFFICIENT_DATA,0.0,none,none,inf,not_found,UNKNOWN,True,SeaLake,0.4883,Satellite CNN prediction: SeaLake (confidence: 0.49)
1720,Unknown / Insufficient Evidence,0.0,"Unknown / Insufficient Evidence
Supporting evidence:
- insufficient or conflicting physical & contextual evidence
- land-cover context is UNKNOWN",1,isolated,330.65,31.94,2.38,INSUFFICIENT_DATA,0.0,plant,none,1.85,found,UNKNOWN,True,SeaLake,0.9889,Satellite CNN prediction: SeaLake (confidence: 0.99)
1721,Agricultural-context thermal event,0.55,"Agricultural-context thermal event
Supporting evidence:
- short-lived transient activity (active_days=1)
- moderate thermal power typical of crop burning (max_frp=9.2 MW)
- OSM industrial context is UNKNOWN
- land-cover context is UNKNOWN",1,isolated,338.2,35.78,9.18,INSUFFICIENT_DATA,0.0,none,none,inf,not_found,UNKNOWN,True,SeaLake,0.9934,Satellite CNN prediction: SeaLake (confidence: 0.99)
1722,Unknown / Insufficient Evidence,0.0,"Unknown / Insufficient Evidence
Supporting evidence:
- insufficient or conflicting physical & contextual evidence
- OSM industrial context is UNKNOWN
- land-cover context is UNKNOWN
- satellite observation unavailable/obscured",1,isolated,333.31,31.46,1.87,INSUFFICIENT_DATA,0.0,none,none,inf,not_found,UNKNOWN,False,UNKNOWN,,"Sentinel-2 observation available but obscured by cloud cover (best: 95.0%, threshold: 30.0%)"
1723,Unknown / Insufficient Evidence,0.0,"Unknown / Insufficient Evidence
Supporting evidence:
- insufficient or conflicting physical & contextual evidence
- OSM industrial context is UNKNOWN
- land-cover context is UNKNOWN
- satellite observation unavailable/obscured",1,isolated,335.08,34.02,4.77,INSUFFICIENT_DATA,0.0,none,none,inf,not_found,UNKNOWN,False,UNKNOWN,,"Sentinel-2 observation available but obscured by cloud cover (best: 77.3%, threshold: 30.0%)"
1724,Agricultural-context thermal event,0.55,"Agricultural-context thermal event
Supporting evidence:
- short-lived transient activity (active_days=1)
- moderate thermal power typical of crop burning (max_frp=8.6 MW)
- OSM industrial context is UNKNOWN
- land-cover context is UNKNOWN
- satellite observation unavailable/obscured",1,isolated,337.15,32.55,8.58,INSUFFICIENT_DATA,0.0,none,none,inf,not_found,UNKNOWN,False,UNKNOWN,,"Sentinel-2 observation available but obscured by cloud cover (best: 72.3%, threshold: 30.0%)"
1725,Unknown / Insufficient Evidence,0.0,"Unknown / Insufficient Evidence
Supporting evidence:
- insufficient or conflicting physical & contextual evidence
- OSM industrial context is UNKNOWN
- land-cover context is UNKNOWN
- satellite observation unavailable/obscured",1,isolated,336.6,38.19,4.9,INSUFFICIENT_DATA,0.0,none,none,inf,not_found,UNKNOWN,False,UNKNOWN,,"Sentinel-2 observation available but obscured by cloud cover (best: 62.9%, threshold: 30.0%)"
1726,Unknown / Insufficient Evidence,0.0,"Unknown / Insufficient Evidence
Supporting evidence:
- insufficient or conflicting physical & contextual evidence
- OSM industrial context is UNKNOWN
- land-cover context is UNKNOWN
- satellite observation unavailable/obscured",1,isolated,337.68,33.4,2.79,INSUFFICIENT_DATA,0.0,none,none,inf,not_found,UNKNOWN,False,UNKNOWN,,"Sentinel-2 observation available but obscured by cloud cover (best: 62.9%, threshold: 30.0%)"
1727,Unknown / Insufficient Evidence,0.0,"Unknown / Insufficient Evidence
Supporting evidence:
- insufficient or conflicting physical & contextual evidence
- OSM industrial context is UNKNOWN
- land-cover context is UNKNOWN
- satellite observation unavailable/obscured",1,isolated,330.97,34.65,3.0,INSUFFICIENT_DATA,0.0,none,none,inf,not_found,UNKNOWN,False,UNKNOWN,,"Sentinel-2 observation available but obscured by cloud cover (best: 41.3%, threshold: 30.0%)"
1728,Agricultural-context thermal event,0.55,"Agricultural-context thermal event
Supporting evidence:
- short-lived transient activity (active_days=1)
- moderate thermal power typical of crop burning (max_frp=6.4 MW)
- OSM industrial context is UNKNOWN
- land-cover context is UNKNOWN
- satellite observation unavailable/obscured",1,isolated,336.84,39.17,6.37,INSUFFICIENT_DATA,0.0,none,none,inf,not_found,UNKNOWN,False,UNKNOWN,,"Sentinel-2 observation available but obscured by cloud cover (best: 39.8%, threshold: 30.0%)"
1729,Agricultural-context thermal event,0.55,"Agricultural-context thermal event
Supporting evidence:
- short-lived transient activity (active_days=1)
- moderate thermal power typical of crop burning (max_frp=7.6 MW)
- OSM industrial context is UNKNOWN
- land-cover context is UNKNOWN",1,isolated,339.86,35.71,7.63,INSUFFICIENT_DATA,0.0,none,none,inf,not_found,UNKNOWN,True,SeaLake,0.9971,Satellite CNN prediction: SeaLake (confidence: 1.00)
1730,Agricultural-context thermal event,0.55,"Agricultural-context thermal event
Supporting evidence:
- short-lived transient activity (active_days=1)
- moderate thermal power typical of crop burning (max_frp=6.4 MW)
- OSM industrial context is UNKNOWN
- land-cover context is UNKNOWN
- satellite observation unavailable/obscured",1,isolated,336.48,38.53,6.38,INSUFFICIENT_DATA,0.0,none,none,inf,not_found,UNKNOWN,False,UNKNOWN,,"Sentinel-2 observation available but obscured by cloud cover (best: 41.3%, threshold: 30.0%)"
1731,Unknown / Insufficient Evidence,0.0,"Unknown / Insufficient Evidence
Supporting evidence:
- insufficient or conflicting physical & contextual evidence
- OSM industrial context is UNKNOWN
- land-cover context is UNKNOWN
- satellite observation unavailable/obscured",1,isolated,337.27,36.36,4.69,INSUFFICIENT_DATA,0.0,none,none,inf,not_found,UNKNOWN,False,UNKNOWN,,"Sentinel-2 observation available but obscured by cloud cover (best: 59.7%, threshold: 30.0%)"
1732,Agricultural-context thermal event,0.55,"Agricultural-context thermal event
Supporting evidence:
- short-lived transient activity (active_days=1)
- moderate thermal power typical of crop burning (max_frp=8.6 MW)
- OSM industrial context is UNKNOWN
- land-cover context is UNKNOWN
- satellite observation unavailable/obscured",1,isolated,338.63,40.33,8.58,INSUFFICIENT_DATA,0.0,none,none,inf,not_found,UNKNOWN,False,UNKNOWN,,"Sentinel-2 observation available but obscured by cloud cover (best: 57.8%, threshold: 30.0%)"
1733,Unknown / Insufficient Evidence,0.0,"Unknown / Insufficient Evidence
Supporting evidence:
- insufficient or conflicting physical & contextual evidence
- OSM industrial context is UNKNOWN
- land-cover context is UNKNOWN
- satellite observation unavailable/obscured",1,isolated,337.76,37.37,4.87,INSUFFICIENT_DATA,0.0,none,none,inf,not_found,UNKNOWN,False,UNKNOWN,,"Sentinel-2 observation available but obscured by cloud cover (best: 79.4%, threshold: 30.0%)"
1734,Agricultural-context thermal event,0.55,"Agricultural-context thermal event
Supporting evidence:
- short-lived transient activity (active_days=1)
- moderate thermal power typical of crop burning (max_frp=5.0 MW)
- OSM industrial context is UNKNOWN
- land-cover context is UNKNOWN
- satellite observation unavailable/obscured",1,isolated,335.05,37.96,5.01,INSUFFICIENT_DATA,0.0,none,none,inf,not_found,UNKNOWN,False,UNKNOWN,,"Sentinel-2 observation available but obscured by cloud cover (best: 76.9%, threshold: 30.0%)"
1735,Agricultural-context thermal event,0.55,"Agricultural-context thermal event
Supporting evidence:
- short-lived transient activity (active_days=1)
- moderate thermal power typical of crop burning (max_frp=6.0 MW)
- OSM industrial context is UNKNOWN
- land-cover context is UNKNOWN
- satellite observation unavailable/obscured",1,isolated,341.31,45.2,5.96,INSUFFICIENT_DATA,0.0,none,none,inf,not_found,UNKNOWN,False,UNKNOWN,,"Sentinel-2 observation available but obscured by cloud cover (best: 76.9%, threshold: 30.0%)"
1736,Unknown / Insufficient Evidence,0.0,"Unknown / Insufficient Evidence
Supporting evidence:
- insufficient or conflicting physical & contextual evidence
- OSM industrial context is UNKNOWN
- land-cover context is UNKNOWN
- satellite observation unavailable/obscured",1,isolated,330.11,35.77,2.86,INSUFFICIENT_DATA,0.0,none,none,inf,not_found,UNKNOWN,False,UNKNOWN,,"Sentinel-2 observation available but obscured by cloud cover (best: 60.0%, threshold: 30.0%)"
1737,Industrial-context thermal event,0.45,"Industrial-context thermal event
Supporting evidence:
- high spectral brightness temperature contrast (bt_diff=38.4 K)
- industrial facility detected nearby (industrial at 0.74 km)
- land-cover context is UNKNOWN",1,isolated,334.02,38.36,5.21,INSUFFICIENT_DATA,0.0,industrial,none,0.74,found,UNKNOWN,True,AnnualCrop,0.2761,Satellite CNN prediction: AnnualCrop (confidence: 0.28)
1738,Agricultural-context thermal event,0.55,"Agricultural-context thermal event
Supporting evidence:
- short-lived transient activity (active_days=1)
- moderate thermal power typical of crop burning (max_frp=5.2 MW)
- OSM industrial context is UNKNOWN
- land-cover context is UNKNOWN
- satellite observation unavailable/obscured",1,isolated,295.73,11.19,5.25,INSUFFICIENT_DATA,0.0,none,none,inf,not_found,UNKNOWN,False,UNKNOWN,,"Sentinel-2 observation available but obscured by cloud cover (best: 81.9%, threshold: 30.0%)"
1739,Unknown / Insufficient Evidence,0.0,"Unknown / Insufficient Evidence
Supporting evidence:
- insufficient or conflicting physical & contextual evidence
- land-cover context is UNKNOWN
- satellite observation unavailable/obscured",1,isolated,318.81,29.37,2.51,INSUFFICIENT_DATA,0.0,brickyard,none,1.946,found,UNKNOWN,False,UNKNOWN,,"Sentinel-2 observation available but obscured by cloud cover (best: 72.2%, threshold: 30.0%)"
1740,Unknown / Insufficient Evidence,0.0,"Unknown / Insufficient Evidence
Supporting evidence:
- insufficient or conflicting physical & contextual evidence
- OSM industrial context is UNKNOWN
- land-cover context is UNKNOWN",1,isolated,308.66,17.99,3.49,INSUFFICIENT_DATA,0.0,none,none,inf,not_found,UNKNOWN,True,River,0.6043,Satellite CNN prediction: River (confidence: 0.60)
1741,Unknown / Insufficient Evidence,0.0,"Unknown / Insufficient Evidence
Supporting evidence:
- insufficient or conflicting physical & contextual evidence
- land-cover context is UNKNOWN",1,isolated,309.66,18.35,3.6,INSUFFICIENT_DATA,0.0,industrial,none,1.828,found,UNKNOWN,True,River,0.5733,Satellite CNN prediction: River (confidence: 0.57)
1742,Unknown / Insufficient Evidence,0.0,"Unknown / Insufficient Evidence
Supporting evidence:
- insufficient or conflicting physical & contextual evidence
- land-cover context is UNKNOWN",1,isolated,317.58,31.8,2.06,INSUFFICIENT_DATA,0.0,industrial,none,0.277,found,UNKNOWN,True,Industrial,0.3434,Satellite CNN prediction: Industrial (confidence: 0.34)
1743,Unknown / Insufficient Evidence,0.0,"Unknown / Insufficient Evidence
Supporting evidence:
- insufficient or conflicting physical & contextual evidence
- OSM industrial context is UNKNOWN
- land-cover context is UNKNOWN
- satellite observation unavailable/obscured",1,isolated,305.35,32.77,0.68,INSUFFICIENT_DATA,0.0,none,none,inf,not_found,UNKNOWN,False,UNKNOWN,,"Sentinel-2 observation available but obscured by cloud cover (best: 99.4%, threshold: 30.0%)"
1744,Unknown / Insufficient Evidence,0.0,"Unknown / Insufficient Evidence
Supporting evidence:
- insufficient or conflicting physical & contextual evidence
- OSM industrial context is UNKNOWN
- land-cover context is UNKNOWN
- satellite observation unavailable/obscured",1,isolated,302.9,28.58,0.93,INSUFFICIENT_DATA,0.0,none,none,inf,not_found,UNKNOWN,False,UNKNOWN,,"Sentinel-2 observation available but obscured by cloud cover (best: 78.1%, threshold: 30.0%)"
1745,Unknown / Insufficient Evidence,0.0,"Unknown / Insufficient Evidence
Supporting evidence:
- insufficient or conflicting physical & contextual evidence
- land-cover context is UNKNOWN
- satellite observation unavailable/obscured",1,isolated,306.44,20.31,0.68,INSUFFICIENT_DATA,0.0,works,none,0.283,found,UNKNOWN,False,UNKNOWN,,"Sentinel-2 observation available but obscured by cloud cover (best: 86.2%, threshold: 30.0%)"
1746,Unknown / Insufficient Evidence,0.0,"Unknown / Insufficient Evidence
Supporting evidence:
- insufficient or conflicting physical & contextual evidence
- OSM industrial context is UNKNOWN
- land-cover context is UNKNOWN
- satellite observation unavailable/obscured",1,isolated,309.77,14.76,1.74,INSUFFICIENT_DATA,0.0,none,none,inf,not_found,UNKNOWN,False,UNKNOWN,,"Sentinel-2 observation available but obscured by cloud cover (best: 33.7%, threshold: 30.0%)"
1747,Agricultural-context thermal event,0.55,"Agricultural-context thermal event
Supporting evidence:
- short-lived transient activity (active_days=1)
- moderate thermal power typical of crop burning (max_frp=9.7 MW)
- OSM industrial context is UNKNOWN
- land-cover context is UNKNOWN
- satellite observation unavailable/obscured",1,isolated,355.55,59.94,9.74,INSUFFICIENT_DATA,0.0,none,none,inf,not_found,UNKNOWN,False,UNKNOWN,,"Sentinel-2 observation available but obscured by cloud cover (best: 33.7%, threshold: 30.0%)"
1748,Unknown / Insufficient Evidence,0.0,"Unknown / Insufficient Evidence
Supporting evidence:
- insufficient or conflicting physical & contextual evidence
- OSM industrial context is UNKNOWN
- land-cover context is UNKNOWN
- satellite observation unavailable/obscured",1,isolated,313.48,21.13,1.2,INSUFFICIENT_DATA,0.0,none,none,inf,not_found,UNKNOWN,False,UNKNOWN,,"Sentinel-2 observation available but obscured by cloud cover (best: 38.4%, threshold: 30.0%)"
1749,Unknown / Insufficient Evidence,0.0,"Unknown / Insufficient Evidence
Supporting evidence:
- insufficient or conflicting physical & contextual evidence
- OSM industrial context is UNKNOWN
- land-cover context is UNKNOWN
- satellite observation unavailable/obscured",1,isolated,303.46,15.06,0.74,INSUFFICIENT_DATA,0.0,none,none,inf,not_found,UNKNOWN,False,UNKNOWN,,"Sentinel-2 observation available but obscured by cloud cover (best: 32.1%, threshold: 30.0%)"
1750,Agricultural-context thermal event,0.55,"Agricultural-context thermal event
Supporting evidence:
- short-lived transient activity (active_days=1)
- satellite CNN visual context is AnnualCrop (model confidence=0.54)
- OSM industrial context is UNKNOWN
- land-cover context is UNKNOWN",1,isolated,303.13,15.72,0.51,INSUFFICIENT_DATA,0.0,none,none,inf,not_found,UNKNOWN,True,AnnualCrop,0.5387,Satellite CNN prediction: AnnualCrop (confidence: 0.54)
1751,Unknown / Insufficient Evidence,0.0,"Unknown / Insufficient Evidence
Supporting evidence:
- insufficient or conflicting physical & contextual evidence
- land-cover context is UNKNOWN",1,isolated,301.17,21.25,0.51,INSUFFICIENT_DATA,0.0,industrial,none,0.621,found,UNKNOWN,True,SeaLake,0.4031,Satellite CNN prediction: SeaLake (confidence: 0.40)
1752,Unknown / Insufficient Evidence,0.0,"Unknown / Insufficient Evidence
Supporting evidence:
- insufficient or conflicting physical & contextual evidence
- OSM industrial context is UNKNOWN
- land-cover context is UNKNOWN",1,isolated,301.06,22.11,0.54,INSUFFICIENT_DATA,0.0,none,none,inf,not_found,UNKNOWN,True,SeaLake,0.9861,Satellite CNN prediction: SeaLake (confidence: 0.99)
1753,Unknown / Insufficient Evidence,0.0,"Unknown / Insufficient Evidence
Supporting evidence:
- insufficient or conflicting physical & contextual evidence
- OSM industrial context is UNKNOWN
- land-cover context is UNKNOWN",1,isolated,319.18,32.01,1.9,INSUFFICIENT_DATA,0.0,none,none,inf,not_found,UNKNOWN,True,SeaLake,0.9236,Satellite CNN prediction: SeaLake (confidence: 0.92)
1754,Agricultural-context thermal event,0.55,"Agricultural-context thermal event
Supporting evidence:
- short-lived transient activity (active_days=2)
- moderate thermal power typical of crop burning (max_frp=9.1 MW)
- OSM industrial context is UNKNOWN
- land-cover context is UNKNOWN
- satellite observation unavailable/obscured",2,short_lived_repeated,339.47,39.19,9.11,MOVING,0.703,none,none,inf,not_found,UNKNOWN,False,UNKNOWN,,"Sentinel-2 observation available but obscured by cloud cover (best: 73.1%, threshold: 30.0%)"
1755,Unknown / Insufficient Evidence,0.0,"Unknown / Insufficient Evidence
Supporting evidence:
- insufficient or conflicting physical & contextual evidence
- OSM industrial context is UNKNOWN
- land-cover context is UNKNOWN
- satellite observation unavailable/obscured",1,isolated,304.69,15.71,1.17,INSUFFICIENT_DATA,0.0,none,none,inf,not_found,UNKNOWN,False,UNKNOWN,,"Sentinel-2 observation available but obscured by cloud cover (best: 38.8%, threshold: 30.0%)"
1756,Unknown / Insufficient Evidence,0.0,"Unknown / Insufficient Evidence
Supporting evidence:
- insufficient or conflicting physical & contextual evidence
- land-cover context is UNKNOWN
- satellite observation unavailable/obscured",1,isolated,303.83,15.3,0.64,INSUFFICIENT_DATA,0.0,industrial,none,0.438,found,UNKNOWN,False,UNKNOWN,,"Sentinel-2 observation available but obscured by cloud cover (best: 38.8%, threshold: 30.0%)"
1757,Unknown / Insufficient Evidence,0.0,"Unknown / Insufficient Evidence
Supporting evidence:
- insufficient or conflicting physical & contextual evidence
- land-cover context is UNKNOWN
- satellite observation unavailable/obscured",1,isolated,305.23,22.55,0.81,INSUFFICIENT_DATA,0.0,industrial,none,1.295,found,UNKNOWN,False,UNKNOWN,,"Sentinel-2 observation available but obscured by cloud cover (best: 86.2%, threshold: 30.0%)"
1758,Industrial-context thermal event,0.45,"Industrial-context thermal event
Supporting evidence:
- high spectral brightness temperature contrast (bt_diff=37.1 K)
- industrial facility detected nearby (industrial at 0.71 km)
- land-cover context is UNKNOWN
- satellite observation unavailable/obscured",1,isolated,322.5,37.07,2.13,INSUFFICIENT_DATA,0.0,industrial,none,0.714,found,UNKNOWN,False,UNKNOWN,,"Sentinel-2 observation available but obscured by cloud cover (best: 86.2%, threshold: 30.0%)"
1759,Unknown / Insufficient Evidence,0.0,"Unknown / Insufficient Evidence
Supporting evidence:
- insufficient or conflicting physical & contextual evidence
- OSM industrial context is UNKNOWN
- land-cover context is UNKNOWN",1,isolated,301.37,19.48,0.66,INSUFFICIENT_DATA,0.0,none,none,inf,not_found,UNKNOWN,True,Pasture,0.3545,Satellite CNN prediction: Pasture (confidence: 0.35)
1760,Industrial-context thermal event,0.45,"Industrial-context thermal event
Supporting evidence:
- high spectral brightness temperature contrast (bt_diff=43.4 K)
- industrial facility detected nearby (industrial at 0.12 km)
- land-cover context is UNKNOWN",1,isolated,329.48,43.38,3.7,INSUFFICIENT_DATA,0.0,industrial,none,0.117,found,UNKNOWN,True,SeaLake,0.7056,Satellite CNN prediction: SeaLake (confidence: 0.71)
1761,Unknown / Insufficient Evidence,0.0,"Unknown / Insufficient Evidence
Supporting evidence:
- insufficient or conflicting physical & contextual evidence
- land-cover context is UNKNOWN
- satellite observation unavailable/obscured",1,isolated,303.15,14.13,0.98,INSUFFICIENT_DATA,0.0,industrial,none,0.231,found,UNKNOWN,False,UNKNOWN,,"Sentinel-2 observation available but obscured by cloud cover (best: 80.3%, threshold: 30.0%)"
1762,Unknown / Insufficient Evidence,0.0,"Unknown / Insufficient Evidence
Supporting evidence:
- insufficient or conflicting physical & contextual evidence
- land-cover context is UNKNOWN
- satellite observation unavailable/obscured",1,isolated,299.8,19.46,0.43,INSUFFICIENT_DATA,0.0,industrial,JK Cement,0.59,found,UNKNOWN,False,UNKNOWN,,"Sentinel-2 observation available but obscured by cloud cover (best: 48.8%, threshold: 30.0%)"
1763,Unknown / Insufficient Evidence,0.0,"Unknown / Insufficient Evidence
Supporting evidence:
- insufficient or conflicting physical & contextual evidence
- land-cover context is UNKNOWN
- satellite observation unavailable/obscured",1,isolated,295.01,33.8,0.41,INSUFFICIENT_DATA,0.0,industrial,TPP Aditya Cement Works UltraTech Cement Works,0.197,found,UNKNOWN,False,UNKNOWN,,"Sentinel-2 observation available but obscured by cloud cover (best: 48.8%, threshold: 30.0%)"
1764,Unknown / Insufficient Evidence,0.0,"Unknown / Insufficient Evidence
Supporting evidence:
- insufficient or conflicting physical & contextual evidence
- OSM industrial context is UNKNOWN
- land-cover context is UNKNOWN",1,isolated,316.58,29.46,1.7,INSUFFICIENT_DATA,0.0,none,none,inf,not_found,UNKNOWN,True,SeaLake,0.9954,Satellite CNN prediction: SeaLake (confidence: 1.00)
1765,Unknown / Insufficient Evidence,0.0,"Unknown / Insufficient Evidence
Supporting evidence:
- insufficient or conflicting physical & contextual evidence
- land-cover context is UNKNOWN
- satellite observation unavailable/obscured",1,isolated,296.84,18.77,0.62,INSUFFICIENT_DATA,0.0,works,none,0.545,found,UNKNOWN,False,UNKNOWN,,"Sentinel-2 observation available but obscured by cloud cover (best: 36.6%, threshold: 30.0%)"
1766,Unknown / Insufficient Evidence,0.0,"Unknown / Insufficient Evidence
Supporting evidence:
- insufficient or conflicting physical & contextual evidence
- land-cover context is UNKNOWN
- satellite observation unavailable/obscured",1,isolated,321.51,32.08,1.86,INSUFFICIENT_DATA,0.0,industrial,none,0.375,found,UNKNOWN,False,UNKNOWN,,"Sentinel-2 observation available but obscured by cloud cover (best: 56.8%, threshold: 30.0%)"
1767,Unknown / Insufficient Evidence,0.0,"Unknown / Insufficient Evidence
Supporting evidence:
- insufficient or conflicting physical & contextual evidence
- OSM industrial context is UNKNOWN
- land-cover context is UNKNOWN
- satellite observation unavailable/obscured",1,isolated,305.07,21.3,1.52,INSUFFICIENT_DATA,0.0,none,none,inf,not_found,UNKNOWN,False,UNKNOWN,,"Sentinel-2 observation available but obscured by cloud cover (best: 91.7%, threshold: 30.0%)"
1768,Agricultural-context thermal event,0.55,"Agricultural-context thermal event
Supporting evidence:
- short-lived transient activity (active_days=1)
- moderate thermal power typical of crop burning (max_frp=6.1 MW)
- OSM industrial context is UNKNOWN
- land-cover context is UNKNOWN",1,isolated,338.54,48.72,6.06,INSUFFICIENT_DATA,0.0,none,none,inf,not_found,UNKNOWN,True,HerbaceousVegetation,0.9617,Satellite CNN prediction: HerbaceousVegetation (confidence: 0.96)
1769,Industrial-context thermal event,0.45,"Industrial-context thermal event
Supporting evidence:
- high spectral brightness temperature contrast (bt_diff=45.5 K)
- industrial facility detected nearby (mine at 0.60 km)
- land-cover context is UNKNOWN
- satellite observation unavailable/obscured",1,isolated,333.96,45.55,6.73,INSUFFICIENT_DATA,0.0,mine,none,0.601,found,UNKNOWN,False,UNKNOWN,,"Sentinel-2 observation available but obscured by cloud cover (best: 92.6%, threshold: 30.0%)"
1770,Industrial-context thermal event,0.45,"Industrial-context thermal event
Supporting evidence:
- high spectral brightness temperature contrast (bt_diff=40.6 K)
- industrial facility detected nearby (mine at 1.72 km)
- land-cover context is UNKNOWN
- satellite observation unavailable/obscured",1,isolated,330.6,40.65,7.03,INSUFFICIENT_DATA,0.0,mine,none,1.716,found,UNKNOWN,False,UNKNOWN,,"Sentinel-2 observation available but obscured by cloud cover (best: 78.1%, threshold: 30.0%)"
1771,Agricultural-context thermal event,0.55,"Agricultural-context thermal event
Supporting evidence:
- short-lived transient activity (active_days=1)
- moderate thermal power typical of crop burning (max_frp=7.0 MW)
- OSM industrial context is UNKNOWN
- land-cover context is UNKNOWN
- satellite observation unavailable/obscured",1,isolated,339.7,41.67,6.97,INSUFFICIENT_DATA,0.0,none,none,inf,not_found,UNKNOWN,False,UNKNOWN,,"Sentinel-2 observation available but obscured by cloud cover (best: 68.2%, threshold: 30.0%)"
1772,Unknown / Insufficient Evidence,0.0,"Unknown / Insufficient Evidence
Supporting evidence:
- insufficient or conflicting physical & contextual evidence
- OSM industrial context is UNKNOWN
- land-cover context is UNKNOWN
- satellite observation unavailable/obscured",1,isolated,330.19,35.28,3.18,INSUFFICIENT_DATA,0.0,none,none,inf,not_found,UNKNOWN,False,UNKNOWN,,"Sentinel-2 observation available but obscured by cloud cover (best: 46.4%, threshold: 30.0%)"
1773,Agricultural-context thermal event,0.55,"Agricultural-context thermal event
Supporting evidence:
- short-lived transient activity (active_days=1)
- moderate thermal power typical of crop burning (max_frp=8.7 MW)
- OSM industrial context is UNKNOWN
- land-cover context is UNKNOWN
- satellite observation unavailable/obscured",1,isolated,367.0,73.85,8.66,INSUFFICIENT_DATA,0.0,none,none,inf,not_found,UNKNOWN,False,UNKNOWN,,"Sentinel-2 observation available but obscured by cloud cover (best: 91.7%, threshold: 30.0%)"
1774,Unknown / Insufficient Evidence,0.0,"Unknown / Insufficient Evidence
Supporting evidence:
- insufficient or conflicting physical & contextual evidence
- OSM industrial context is UNKNOWN
- land-cover context is UNKNOWN
- satellite observation unavailable/obscured",1,isolated,350.61,57.8,4.69,INSUFFICIENT_DATA,0.0,none,none,inf,not_found,UNKNOWN,False,UNKNOWN,,"Sentinel-2 observation available but obscured by cloud cover (best: 33.7%, threshold: 30.0%)"
1775,Agricultural-context thermal event,0.55,"Agricultural-context thermal event
Supporting evidence:
- short-lived transient activity (active_days=1)
- moderate thermal power typical of crop burning (max_frp=17.3 MW)
- OSM industrial context is UNKNOWN
- land-cover context is UNKNOWN
- satellite observation unavailable/obscured",1,isolated,351.06,52.17,17.27,INSUFFICIENT_DATA,0.0,none,none,inf,not_found,UNKNOWN,False,UNKNOWN,,"Sentinel-2 observation available but obscured by cloud cover (best: 33.7%, threshold: 30.0%)"
1776,Agricultural-context thermal event,0.55,"Agricultural-context thermal event
Supporting evidence:
- short-lived transient activity (active_days=1)
- moderate thermal power typical of crop burning (max_frp=11.5 MW)
- OSM industrial context is UNKNOWN
- land-cover context is UNKNOWN
- satellite observation unavailable/obscured",1,isolated,340.99,42.69,11.53,INSUFFICIENT_DATA,0.0,none,none,inf,not_found,UNKNOWN,False,UNKNOWN,,"Sentinel-2 observation available but obscured by cloud cover (best: 30.9%, threshold: 30.0%)"
1777,Unknown / Insufficient Evidence,0.0,"Unknown / Insufficient Evidence
Supporting evidence:
- insufficient or conflicting physical & contextual evidence
- OSM industrial context is UNKNOWN
- land-cover context is UNKNOWN",1,isolated,333.6,32.56,3.51,INSUFFICIENT_DATA,0.0,none,none,inf,not_found,UNKNOWN,True,Pasture,0.2421,Satellite CNN prediction: Pasture (confidence: 0.24)
1778,Agricultural-context thermal event,0.4,"Agricultural-context thermal event
Supporting evidence:
- short-lived transient activity (active_days=1)
- moderate thermal power typical of crop burning (max_frp=9.4 MW)
- land-cover context is UNKNOWN",1,isolated,336.17,31.71,9.42,INSUFFICIENT_DATA,0.0,port,NCT - Navayuga Container Terminal,0.739,found,UNKNOWN,True,SeaLake,0.5679,Satellite CNN prediction: SeaLake (confidence: 0.57)
1779,Unknown / Insufficient Evidence,0.0,"Unknown / Insufficient Evidence
Supporting evidence:
- insufficient or conflicting physical & contextual evidence
- OSM industrial context is UNKNOWN
- land-cover context is UNKNOWN",1,isolated,333.89,34.03,4.38,INSUFFICIENT_DATA,0.0,none,none,inf,not_found,UNKNOWN,True,SeaLake,0.9905,Satellite CNN prediction: SeaLake (confidence: 0.99)
1780,Agricultural-context thermal event,0.55,"Agricultural-context thermal event
Supporting evidence:
- short-lived transient activity (active_days=1)
- moderate thermal power typical of crop burning (max_frp=6.5 MW)
- OSM industrial context is UNKNOWN
- land-cover context is UNKNOWN
- satellite observation unavailable/obscured",1,isolated,333.12,36.76,6.48,INSUFFICIENT_DATA,0.0,none,none,inf,not_found,UNKNOWN,False,UNKNOWN,,"Sentinel-2 observation available but obscured by cloud cover (best: 74.3%, threshold: 30.0%)"
1781,Unknown / Insufficient Evidence,0.0,"Unknown / Insufficient Evidence
Supporting evidence:
- insufficient or conflicting physical & contextual evidence
- OSM industrial context is UNKNOWN
- land-cover context is UNKNOWN
- satellite observation unavailable/obscured",1,isolated,332.85,33.96,1.79,INSUFFICIENT_DATA,0.0,none,none,inf,not_found,UNKNOWN,False,UNKNOWN,,"Sentinel-2 observation available but obscured by cloud cover (best: 46.4%, threshold: 30.0%)"
1782,Unknown / Insufficient Evidence,0.0,"Unknown / Insufficient Evidence
Supporting evidence:
- insufficient or conflicting physical & contextual evidence
- OSM industrial context is UNKNOWN
- land-cover context is UNKNOWN
- satellite observation unavailable/obscured",1,isolated,335.86,38.05,4.39,INSUFFICIENT_DATA,0.0,none,none,inf,not_found,UNKNOWN,False,UNKNOWN,,"Sentinel-2 observation available but obscured by cloud cover (best: 46.4%, threshold: 30.0%)"
1783,Industrial-context thermal event,0.45,"Industrial-context thermal event
Supporting evidence:
- high spectral brightness temperature contrast (bt_diff=40.3 K)
- industrial facility detected nearby (industrial at 1.99 km)
- land-cover context is UNKNOWN
- satellite observation unavailable/obscured",1,isolated,329.0,40.29,11.8,INSUFFICIENT_DATA,0.0,industrial,none,1.991,found,UNKNOWN,False,UNKNOWN,,"Sentinel-2 observation available but obscured by cloud cover (best: 78.1%, threshold: 30.0%)"
1784,Agricultural-context thermal event,0.55,"Agricultural-context thermal event
Supporting evidence:
- short-lived transient activity (active_days=1)
- moderate thermal power typical of crop burning (max_frp=9.1 MW)
- OSM industrial context is UNKNOWN
- land-cover context is UNKNOWN",1,isolated,344.42,36.06,9.08,INSUFFICIENT_DATA,0.0,none,none,inf,not_found,UNKNOWN,True,AnnualCrop,0.4092,Satellite CNN prediction: AnnualCrop (confidence: 0.41)
1785,Unknown / Insufficient Evidence,0.0,"Unknown / Insufficient Evidence
Supporting evidence:
- insufficient or conflicting physical & contextual evidence
- OSM industrial context is UNKNOWN
- land-cover context is UNKNOWN",1,isolated,341.31,31.65,2.05,INSUFFICIENT_DATA,0.0,none,none,inf,not_found,UNKNOWN,True,Forest,0.4855,Satellite CNN prediction: Forest (confidence: 0.49)
1786,Unknown / Insufficient Evidence,0.0,"Unknown / Insufficient Evidence
Supporting evidence:
- insufficient or conflicting physical & contextual evidence
- OSM industrial context is UNKNOWN
- land-cover context is UNKNOWN
- satellite observation unavailable/obscured",1,isolated,332.07,28.52,3.22,INSUFFICIENT_DATA,0.0,none,none,inf,not_found,UNKNOWN,False,UNKNOWN,,"Sentinel-2 observation available but obscured by cloud cover (best: 34.6%, threshold: 30.0%)"
1787,Agricultural-context thermal event,0.55,"Agricultural-context thermal event
Supporting evidence:
- short-lived transient activity (active_days=1)
- satellite CNN visual context is PermanentCrop (model confidence=0.97)
- OSM industrial context is UNKNOWN
- land-cover context is UNKNOWN",1,isolated,330.02,30.43,3.13,INSUFFICIENT_DATA,0.0,none,none,inf,not_found,UNKNOWN,True,PermanentCrop,0.9676,Satellite CNN prediction: PermanentCrop (confidence: 0.97)
1788,Industrial-context thermal event,0.45,"Industrial-context thermal event
Supporting evidence:
- high spectral brightness temperature contrast (bt_diff=48.5 K)
- industrial facility detected nearby (plant at 1.20 km)
- land-cover context is UNKNOWN
- satellite observation unavailable/obscured",1,isolated,339.64,48.48,1.91,INSUFFICIENT_DATA,0.0,plant,none,1.198,found,UNKNOWN,False,UNKNOWN,,"Sentinel-2 observation available but obscured by cloud cover (best: 71.0%, threshold: 30.0%)"
1789,Agricultural-context thermal event,0.55,"Agricultural-context thermal event
Supporting evidence:
- short-lived transient activity (active_days=1)
- moderate thermal power typical of crop burning (max_frp=9.3 MW)
- OSM industrial context is UNKNOWN
- land-cover context is UNKNOWN
- satellite observation unavailable/obscured",1,isolated,349.42,54.44,9.26,INSUFFICIENT_DATA,0.0,none,none,inf,not_found,UNKNOWN,False,UNKNOWN,,"Sentinel-2 observation available but obscured by cloud cover (best: 32.1%, threshold: 30.0%)"
1790,Agricultural-context thermal event,0.55,"Agricultural-context thermal event
Supporting evidence:
- short-lived transient activity (active_days=1)
- satellite CNN visual context is Pasture (model confidence=0.79)
- OSM industrial context is UNKNOWN
- land-cover context is UNKNOWN",1,isolated,343.46,41.88,4.08,INSUFFICIENT_DATA,0.0,none,none,inf,not_found,UNKNOWN,True,Pasture,0.7894,Satellite CNN prediction: Pasture (confidence: 0.79)
1791,Industrial-context thermal event,0.45,"Industrial-context thermal event
Supporting evidence:
- high spectral brightness temperature contrast (bt_diff=38.9 K)
- industrial facility detected nearby (industrial at 1.75 km)
- land-cover context is UNKNOWN",1,isolated,332.74,38.85,3.13,INSUFFICIENT_DATA,0.0,industrial,none,1.748,found,UNKNOWN,True,SeaLake,0.9799,Satellite CNN prediction: SeaLake (confidence: 0.98)
