cluster_id,satellite_image_available,predicted_landcover_class,prediction_confidence,image_date,cloud_cover,image_source,observation_status,satellite_item_id
0,False,UNKNOWN,,2026-08-01,84.255677,Sentinel-2_L2A,"Sentinel-2 observation available but obscured by cloud cover (best: 84.3%, threshold: 30.0%)",S2C_MSIL2A_20260730T044701_R076_T45QUB_20260730T093008
1,False,UNKNOWN,,2026-08-01,94.572735,Sentinel-2_L2A,"Sentinel-2 observation available but obscured by cloud cover (best: 94.6%, threshold: 30.0%)",S2C_MSIL2A_20260730T044701_R076_T45QVG_20260730T093008
2,True,SeaLake,0.9625,2026-07-31T05:06:49.024000Z,2.178389,Sentinel-2_L2A,Satellite CNN prediction: SeaLake (confidence: 0.96),S2B_MSIL2A_20260731T050649_R019_T43PHK_20260731T085614
3,False,UNKNOWN,,2026-08-01,39.106017,Sentinel-2_L2A,"Sentinel-2 observation available but obscured by cloud cover (best: 39.1%, threshold: 30.0%)",S2B_MSIL2A_20260728T045659_R119_T44PKR_20260728T104345
4,True,HerbaceousVegetation,0.432,2026-07-31T05:06:49.024000Z,5.154785,Sentinel-2_L2A,Satellite CNN prediction: HerbaceousVegetation (confidence: 0.43),S2B_MSIL2A_20260731T050649_R019_T44PKR_20260731T085614
5,True,SeaLake,0.8518,2026-07-28T04:56:59.024000Z,15.987378,Sentinel-2_L2A,Satellite CNN prediction: SeaLake (confidence: 0.85),S2B_MSIL2A_20260728T045659_R119_T44PKS_20260728T104345
6,True,SeaLake,0.996,2026-07-31T05:06:49.024000Z,12.930833,Sentinel-2_L2A,Satellite CNN prediction: SeaLake (confidence: 1.00),S2B_MSIL2A_20260731T050649_R019_T44PKS_20260731T085614
7,False,UNKNOWN,,2026-08-01,52.634299,Sentinel-2_L2A,"Sentinel-2 observation available but obscured by cloud cover (best: 52.6%, threshold: 30.0%)",S2B_MSIL2A_20260728T045659_R119_T44PLT_20260728T104345
8,False,UNKNOWN,,2026-08-01,39.894217,Sentinel-2_L2A,"Sentinel-2 observation available but obscured by cloud cover (best: 39.9%, threshold: 30.0%)",S2B_MSIL2A_20260731T050649_R019_T44PKT_20260731T085614
9,False,UNKNOWN,,2026-08-01,52.634299,Sentinel-2_L2A,"Sentinel-2 observation available but obscured by cloud cover (best: 52.6%, threshold: 30.0%)",S2B_MSIL2A_20260728T045659_R119_T44PLT_20260728T104345
10,False,UNKNOWN,,2026-08-01,45.616505,Sentinel-2_L2A,"Sentinel-2 observation available but obscured by cloud cover (best: 45.6%, threshold: 30.0%)",S2B_MSIL2A_20260731T050649_R019_T43PHN_20260731T085614
11,False,UNKNOWN,,2026-08-01,73.473042,Sentinel-2_L2A,"Sentinel-2 observation available but obscured by cloud cover (best: 73.5%, threshold: 30.0%)",S2B_MSIL2A_20260731T050649_R019_T43PGN_20260731T085614
12,False,UNKNOWN,,2026-08-01,45.616505,Sentinel-2_L2A,"Sentinel-2 observation available but obscured by cloud cover (best: 45.6%, threshold: 30.0%)",S2B_MSIL2A_20260731T050649_R019_T43PHN_20260731T085614
13,False,UNKNOWN,,2026-08-01,52.634299,Sentinel-2_L2A,"Sentinel-2 observation available but obscured by cloud cover (best: 52.6%, threshold: 30.0%)",S2B_MSIL2A_20260728T045659_R119_T44PLT_20260728T104345
14,False,UNKNOWN,,2026-08-01,39.894217,Sentinel-2_L2A,"Sentinel-2 observation available but obscured by cloud cover (best: 39.9%, threshold: 30.0%)",S2B_MSIL2A_20260731T050649_R019_T44PKT_20260731T085614
15,False,UNKNOWN,,2026-08-01,69.667917,Sentinel-2_L2A,"Sentinel-2 observation available but obscured by cloud cover (best: 69.7%, threshold: 30.0%)",S2C_MSIL2A_20260802T045701_R119_T44PLU_20260802T095114
16,False,UNKNOWN,,2026-08-01,69.667917,Sentinel-2_L2A,"Sentinel-2 observation available but obscured by cloud cover (best: 69.7%, threshold: 30.0%)",S2C_MSIL2A_20260802T045701_R119_T44PLU_20260802T095114
17,False,UNKNOWN,,2026-08-01,69.667917,Sentinel-2_L2A,"Sentinel-2 observation available but obscured by cloud cover (best: 69.7%, threshold: 30.0%)",S2C_MSIL2A_20260802T045701_R119_T44PLU_20260802T095114
18,False,UNKNOWN,,2026-08-01,41.867697,Sentinel-2_L2A,"Sentinel-2 observation available but obscured by cloud cover (best: 41.9%, threshold: 30.0%)",S2A_MSIL2A_20260804T050241_R119_T44PMU_20260804T114612
19,False,UNKNOWN,,2026-08-01,58.200216,Sentinel-2_L2A,"Sentinel-2 observation available but obscured by cloud cover (best: 58.2%, threshold: 30.0%)",S2C_MSIL2A_20260802T045701_R119_T44PKU_20260802T095114
20,False,UNKNOWN,,2026-08-01,92.030734,Sentinel-2_L2A,"Sentinel-2 observation available but obscured by cloud cover (best: 92.0%, threshold: 30.0%)",S2C_MSIL2A_20260730T044701_R076_T45QUD_20260730T093008
21,False,UNKNOWN,,2026-08-01,79.268587,Sentinel-2_L2A,"Sentinel-2 observation available but obscured by cloud cover (best: 79.3%, threshold: 30.0%)",S2C_MSIL2A_20260802T045701_R119_T44QNJ_20260802T095114
22,False,UNKNOWN,,2026-08-01,66.117454,Sentinel-2_L2A,"Sentinel-2 observation available but obscured by cloud cover (best: 66.1%, threshold: 30.0%)",S2C_MSIL2A_20260802T045701_R119_T44QQK_20260802T095114
23,False,UNKNOWN,,2026-08-01,66.117454,Sentinel-2_L2A,"Sentinel-2 observation available but obscured by cloud cover (best: 66.1%, threshold: 30.0%)",S2C_MSIL2A_20260802T045701_R119_T44QQK_20260802T095114
24,False,UNKNOWN,,2026-08-01,76.562101,Sentinel-2_L2A,"Sentinel-2 observation available but obscured by cloud cover (best: 76.6%, threshold: 30.0%)",S2C_MSIL2A_20260802T045701_R119_T44QPK_20260802T095114
25,False,UNKNOWN,,2026-08-01,87.782025,Sentinel-2_L2A,"Sentinel-2 observation available but obscured by cloud cover (best: 87.8%, threshold: 30.0%)",S2C_MSIL2A_20260730T044701_R076_T45QVF_20260730T093008
26,False,UNKNOWN,,2026-08-01,90.676767,Sentinel-2_L2A,"Sentinel-2 observation available but obscured by cloud cover (best: 90.7%, threshold: 30.0%)",S2B_MSIL2A_20260804T044659_R076_T45QUG_20260804T082913
27,False,UNKNOWN,,2026-08-01,84.487921,Sentinel-2_L2A,"Sentinel-2 observation available but obscured by cloud cover (best: 84.5%, threshold: 30.0%)",S2B_MSIL2A_20260728T045659_R119_T44QPM_20260728T104345
28,False,UNKNOWN,,2026-08-01,84.487921,Sentinel-2_L2A,"Sentinel-2 observation available but obscured by cloud cover (best: 84.5%, threshold: 30.0%)",S2B_MSIL2A_20260728T045659_R119_T44QPM_20260728T104345
29,False,UNKNOWN,,2026-08-01,84.487921,Sentinel-2_L2A,"Sentinel-2 observation available but obscured by cloud cover (best: 84.5%, threshold: 30.0%)",S2B_MSIL2A_20260728T045659_R119_T44QPM_20260728T104345
30,False,UNKNOWN,,2026-08-01,39.894217,Sentinel-2_L2A,"Sentinel-2 observation available but obscured by cloud cover (best: 39.9%, threshold: 30.0%)",S2B_MSIL2A_20260731T050649_R019_T44PKT_20260731T085614
31,False,UNKNOWN,,2026-08-01,45.616505,Sentinel-2_L2A,"Sentinel-2 observation available but obscured by cloud cover (best: 45.6%, threshold: 30.0%)",S2B_MSIL2A_20260731T050649_R019_T43PHN_20260731T085614
32,False,UNKNOWN,,2026-08-01,39.894217,Sentinel-2_L2A,"Sentinel-2 observation available but obscured by cloud cover (best: 39.9%, threshold: 30.0%)",S2B_MSIL2A_20260731T050649_R019_T44PKT_20260731T085614
33,False,UNKNOWN,,2026-08-01,79.949039,Sentinel-2_L2A,"Sentinel-2 observation available but obscured by cloud cover (best: 79.9%, threshold: 30.0%)",S2B_MSIL2A_20260731T050649_R019_T43PHP_20260731T085614
34,False,UNKNOWN,,2026-08-01,69.667917,Sentinel-2_L2A,"Sentinel-2 observation available but obscured by cloud cover (best: 69.7%, threshold: 30.0%)",S2C_MSIL2A_20260802T045701_R119_T44PLU_20260802T095114
35,False,UNKNOWN,,2026-08-01,69.667917,Sentinel-2_L2A,"Sentinel-2 observation available but obscured by cloud cover (best: 69.7%, threshold: 30.0%)",S2C_MSIL2A_20260802T045701_R119_T44PLU_20260802T095114
36,False,UNKNOWN,,2026-08-01,69.667917,Sentinel-2_L2A,"Sentinel-2 observation available but obscured by cloud cover (best: 69.7%, threshold: 30.0%)",S2C_MSIL2A_20260802T045701_R119_T44PLU_20260802T095114
37,False,UNKNOWN,,2026-08-01,69.667917,Sentinel-2_L2A,"Sentinel-2 observation available but obscured by cloud cover (best: 69.7%, threshold: 30.0%)",S2C_MSIL2A_20260802T045701_R119_T44PLU_20260802T095114
38,True,Pasture,0.4936,2026-07-28T05:46:41.025000Z,19.472805,Sentinel-2_L2A,Satellite CNN prediction: Pasture (confidence: 0.49),S2C_MSIL2A_20260728T054641_R048_T42RYR_20260728T085814
39,False,UNKNOWN,,2026-08-01,92.030734,Sentinel-2_L2A,"Sentinel-2 observation available but obscured by cloud cover (best: 92.0%, threshold: 30.0%)",S2C_MSIL2A_20260730T044701_R076_T45QUD_20260730T093008
40,False,UNKNOWN,,2026-08-01,91.30559,Sentinel-2_L2A,"Sentinel-2 observation available but obscured by cloud cover (best: 91.3%, threshold: 30.0%)",S2B_MSIL2A_20260804T044659_R076_T45QTD_20260804T082913
41,False,UNKNOWN,,2026-08-01,67.726368,Sentinel-2_L2A,"Sentinel-2 observation available but obscured by cloud cover (best: 67.7%, threshold: 30.0%)",S2C_MSIL2A_20260805T050651_R019_T44QKJ_20260805T102411
42,False,UNKNOWN,,2026-08-01,73.382789,Sentinel-2_L2A,"Sentinel-2 observation available but obscured by cloud cover (best: 73.4%, threshold: 30.0%)",S2C_MSIL2A_20260802T045701_R119_T44QNK_20260802T095114
43,False,UNKNOWN,,2026-08-01,73.382789,Sentinel-2_L2A,"Sentinel-2 observation available but obscured by cloud cover (best: 73.4%, threshold: 30.0%)",S2C_MSIL2A_20260802T045701_R119_T44QNK_20260802T095114
44,False,UNKNOWN,,2026-08-01,71.501476,Sentinel-2_L2A,"Sentinel-2 observation available but obscured by cloud cover (best: 71.5%, threshold: 30.0%)",S2C_MSIL2A_20260730T044701_R076_T45QUE_20260730T093008
45,False,UNKNOWN,,2026-08-01,84.445506,Sentinel-2_L2A,"Sentinel-2 observation available but obscured by cloud cover (best: 84.4%, threshold: 30.0%)",S2A_MSIL2A_20260729T044241_R033_T45QWE_20260729T095112
46,False,UNKNOWN,,2026-08-01,76.562101,Sentinel-2_L2A,"Sentinel-2 observation available but obscured by cloud cover (best: 76.6%, threshold: 30.0%)",S2C_MSIL2A_20260802T045701_R119_T44QPK_20260802T095114
47,False,UNKNOWN,,2026-08-01,76.562101,Sentinel-2_L2A,"Sentinel-2 observation available but obscured by cloud cover (best: 76.6%, threshold: 30.0%)",S2C_MSIL2A_20260802T045701_R119_T44QPK_20260802T095114
48,False,UNKNOWN,,2026-08-01,76.562101,Sentinel-2_L2A,"Sentinel-2 observation available but obscured by cloud cover (best: 76.6%, threshold: 30.0%)",S2C_MSIL2A_20260802T045701_R119_T44QPK_20260802T095114
49,False,UNKNOWN,,2026-08-01,84.445506,Sentinel-2_L2A,"Sentinel-2 observation available but obscured by cloud cover (best: 84.4%, threshold: 30.0%)",S2A_MSIL2A_20260729T044241_R033_T45QWE_20260729T095112
50,False,UNKNOWN,,2026-08-01,84.445506,Sentinel-2_L2A,"Sentinel-2 observation available but obscured by cloud cover (best: 84.4%, threshold: 30.0%)",S2A_MSIL2A_20260729T044241_R033_T45QWE_20260729T095112
51,False,UNKNOWN,,2026-08-01,90.676767,Sentinel-2_L2A,"Sentinel-2 observation available but obscured by cloud cover (best: 90.7%, threshold: 30.0%)",S2B_MSIL2A_20260804T044659_R076_T45QUG_20260804T082913
52,False,UNKNOWN,,2026-08-01,89.030844,Sentinel-2_L2A,"Sentinel-2 observation available but obscured by cloud cover (best: 89.0%, threshold: 30.0%)",S2B_MSIL2A_20260804T044659_R076_T45QTG_20260804T082913
53,False,UNKNOWN,,2026-08-01,94.572735,Sentinel-2_L2A,"Sentinel-2 observation available but obscured by cloud cover (best: 94.6%, threshold: 30.0%)",S2C_MSIL2A_20260730T044701_R076_T45QVG_20260730T093008
54,False,UNKNOWN,,2026-08-01,70.634681,Sentinel-2_L2A,"Sentinel-2 observation available but obscured by cloud cover (best: 70.6%, threshold: 30.0%)",S2B_MSIL2A_20260801T043659_R033_T45QWG_20260801T082248
55,False,UNKNOWN,,2026-08-01,94.572735,Sentinel-2_L2A,"Sentinel-2 observation available but obscured by cloud cover (best: 94.6%, threshold: 30.0%)",S2C_MSIL2A_20260730T044701_R076_T45QVG_20260730T093008
56,False,UNKNOWN,,2026-08-01,89.030844,Sentinel-2_L2A,"Sentinel-2 observation available but obscured by cloud cover (best: 89.0%, threshold: 30.0%)",S2B_MSIL2A_20260804T044659_R076_T45QTG_20260804T082913
57,False,UNKNOWN,,2026-08-01,94.572735,Sentinel-2_L2A,"Sentinel-2 observation available but obscured by cloud cover (best: 94.6%, threshold: 30.0%)",S2C_MSIL2A_20260730T044701_R076_T45QVG_20260730T093008
58,False,UNKNOWN,,2026-08-01,94.572735,Sentinel-2_L2A,"Sentinel-2 observation available but obscured by cloud cover (best: 94.6%, threshold: 30.0%)",S2C_MSIL2A_20260730T044701_R076_T45QVG_20260730T093008
59,False,UNKNOWN,,2026-08-01,94.572735,Sentinel-2_L2A,"Sentinel-2 observation available but obscured by cloud cover (best: 94.6%, threshold: 30.0%)",S2C_MSIL2A_20260730T044701_R076_T45QVG_20260730T093008
60,True,Pasture,0.9403,2026-07-31T05:06:49.024000Z,2.178389,Sentinel-2_L2A,Satellite CNN prediction: Pasture (confidence: 0.94),S2B_MSIL2A_20260731T050649_R019_T43PHK_20260731T085614
61,True,SeaLake,0.9499,2026-07-31T05:06:49.024000Z,5.154785,Sentinel-2_L2A,Satellite CNN prediction: SeaLake (confidence: 0.95),S2B_MSIL2A_20260731T050649_R019_T44PKR_20260731T085614
62,False,UNKNOWN,,2026-08-01,69.509083,Sentinel-2_L2A,"Sentinel-2 observation available but obscured by cloud cover (best: 69.5%, threshold: 30.0%)",S2C_MSIL2A_20260802T045701_R119_T44QPL_20260802T095114
63,False,UNKNOWN,,2026-08-01,90.676767,Sentinel-2_L2A,"Sentinel-2 observation available but obscured by cloud cover (best: 90.7%, threshold: 30.0%)",S2B_MSIL2A_20260804T044659_R076_T45QUG_20260804T082913
64,False,UNKNOWN,,2026-08-01,90.676767,Sentinel-2_L2A,"Sentinel-2 observation available but obscured by cloud cover (best: 90.7%, threshold: 30.0%)",S2B_MSIL2A_20260804T044659_R076_T45QUG_20260804T082913
65,False,UNKNOWN,,2026-08-01,94.572735,Sentinel-2_L2A,"Sentinel-2 observation available but obscured by cloud cover (best: 94.6%, threshold: 30.0%)",S2C_MSIL2A_20260730T044701_R076_T45QVG_20260730T093008
66,False,UNKNOWN,,2026-08-01,94.572735,Sentinel-2_L2A,"Sentinel-2 observation available but obscured by cloud cover (best: 94.6%, threshold: 30.0%)",S2C_MSIL2A_20260730T044701_R076_T45QVG_20260730T093008
67,False,UNKNOWN,,2026-08-01,90.676767,Sentinel-2_L2A,"Sentinel-2 observation available but obscured by cloud cover (best: 90.7%, threshold: 30.0%)",S2B_MSIL2A_20260804T044659_R076_T45QUG_20260804T082913
68,False,UNKNOWN,,2026-08-01,94.572735,Sentinel-2_L2A,"Sentinel-2 observation available but obscured by cloud cover (best: 94.6%, threshold: 30.0%)",S2C_MSIL2A_20260730T044701_R076_T45QVG_20260730T093008
69,False,UNKNOWN,,2026-08-01,94.572735,Sentinel-2_L2A,"Sentinel-2 observation available but obscured by cloud cover (best: 94.6%, threshold: 30.0%)",S2C_MSIL2A_20260730T044701_R076_T45QVG_20260730T093008
70,False,UNKNOWN,,2026-08-01,94.572735,Sentinel-2_L2A,"Sentinel-2 observation available but obscured by cloud cover (best: 94.6%, threshold: 30.0%)",S2C_MSIL2A_20260730T044701_R076_T45QVG_20260730T093008
71,False,UNKNOWN,,2026-08-01,90.676767,Sentinel-2_L2A,"Sentinel-2 observation available but obscured by cloud cover (best: 90.7%, threshold: 30.0%)",S2B_MSIL2A_20260804T044659_R076_T45QUG_20260804T082913
72,False,UNKNOWN,,2026-08-01,71.741408,Sentinel-2_L2A,"Sentinel-2 observation available but obscured by cloud cover (best: 71.7%, threshold: 30.0%)",S2A_MSIL2A_20260803T053251_R105_T43RDH_20260803T144710
73,False,UNKNOWN,,2026-08-01,61.27004,Sentinel-2_L2A,"Sentinel-2 observation available but obscured by cloud cover (best: 61.3%, threshold: 30.0%)",S2C_MSIL2A_20260727T043701_R033_T45RWH_20260727T094703
74,False,UNKNOWN,,2026-08-01,91.106415,Sentinel-2_L2A,"Sentinel-2 observation available but obscured by cloud cover (best: 91.1%, threshold: 30.0%)",S2C_MSIL2A_20260729T051651_R062_T44RLQ_20260729T101458
75,False,UNKNOWN,,2026-08-01,71.462667,Sentinel-2_L2A,"Sentinel-2 observation available but obscured by cloud cover (best: 71.5%, threshold: 30.0%)",S2B_MSIL2A_20260803T051649_R062_T43QGV_20260803T090709
76,False,UNKNOWN,,2026-08-01,58.294326,Sentinel-2_L2A,"Sentinel-2 observation available but obscured by cloud cover (best: 58.3%, threshold: 30.0%)",S2B_MSIL2A_20260804T044659_R076_T44QQE_20260804T082913
77,False,UNKNOWN,,2026-08-01,59.787464,Sentinel-2_L2A,"Sentinel-2 observation available but obscured by cloud cover (best: 59.8%, threshold: 30.0%)",S2C_MSIL2A_20260805T050651_R019_T43QHD_20260805T102411
78,False,UNKNOWN,,2026-08-01,98.520106,Sentinel-2_L2A,"Sentinel-2 observation available but obscured by cloud cover (best: 98.5%, threshold: 30.0%)",S2B_MSIL2A_20260731T050649_R019_T44QMJ_20260731T085614
79,False,UNKNOWN,,2026-08-01,79.268587,Sentinel-2_L2A,"Sentinel-2 observation available but obscured by cloud cover (best: 79.3%, threshold: 30.0%)",S2C_MSIL2A_20260802T045701_R119_T44QNJ_20260802T095114
80,False,UNKNOWN,,2026-08-01,79.268587,Sentinel-2_L2A,"Sentinel-2 observation available but obscured by cloud cover (best: 79.3%, threshold: 30.0%)",S2C_MSIL2A_20260802T045701_R119_T44QNJ_20260802T095114
81,False,UNKNOWN,,2026-08-01,88.173217,Sentinel-2_L2A,"Sentinel-2 observation available but obscured by cloud cover (best: 88.2%, threshold: 30.0%)",S2C_MSIL2A_20260805T050651_R019_T44QLJ_20260805T102411
82,False,UNKNOWN,,2026-08-01,79.268587,Sentinel-2_L2A,"Sentinel-2 observation available but obscured by cloud cover (best: 79.3%, threshold: 30.0%)",S2C_MSIL2A_20260802T045701_R119_T44QNJ_20260802T095114
83,False,UNKNOWN,,2026-08-01,76.562101,Sentinel-2_L2A,"Sentinel-2 observation available but obscured by cloud cover (best: 76.6%, threshold: 30.0%)",S2C_MSIL2A_20260802T045701_R119_T44QPK_20260802T095114
84,False,UNKNOWN,,2026-08-01,76.562101,Sentinel-2_L2A,"Sentinel-2 observation available but obscured by cloud cover (best: 76.6%, threshold: 30.0%)",S2C_MSIL2A_20260802T045701_R119_T44QPK_20260802T095114
85,False,UNKNOWN,,2026-08-01,76.562101,Sentinel-2_L2A,"Sentinel-2 observation available but obscured by cloud cover (best: 76.6%, threshold: 30.0%)",S2C_MSIL2A_20260802T045701_R119_T44QPK_20260802T095114
86,False,UNKNOWN,,2026-08-01,76.562101,Sentinel-2_L2A,"Sentinel-2 observation available but obscured by cloud cover (best: 76.6%, threshold: 30.0%)",S2C_MSIL2A_20260802T045701_R119_T44QPK_20260802T095114
87,False,UNKNOWN,,2026-08-01,76.562101,Sentinel-2_L2A,"Sentinel-2 observation available but obscured by cloud cover (best: 76.6%, threshold: 30.0%)",S2C_MSIL2A_20260802T045701_R119_T44QPK_20260802T095114
88,False,UNKNOWN,,2026-08-01,38.058025,Sentinel-2_L2A,"Sentinel-2 observation available but obscured by cloud cover (best: 38.1%, threshold: 30.0%)",S2C_MSIL2A_20260805T050651_R019_T43PGM_20260805T101109
89,False,UNKNOWN,,2026-08-01,52.634299,Sentinel-2_L2A,"Sentinel-2 observation available but obscured by cloud cover (best: 52.6%, threshold: 30.0%)",S2B_MSIL2A_20260728T045659_R119_T44PLT_20260728T104345
90,False,UNKNOWN,,2026-08-01,61.620885,Sentinel-2_L2A,"Sentinel-2 observation available but obscured by cloud cover (best: 61.6%, threshold: 30.0%)",S2C_MSIL2A_20260802T045701_R119_T44PLT_20260802T095114
91,False,UNKNOWN,,2026-08-01,73.473042,Sentinel-2_L2A,"Sentinel-2 observation available but obscured by cloud cover (best: 73.5%, threshold: 30.0%)",S2B_MSIL2A_20260731T050649_R019_T43PGN_20260731T085614
92,False,UNKNOWN,,2026-08-01,79.949039,Sentinel-2_L2A,"Sentinel-2 observation available but obscured by cloud cover (best: 79.9%, threshold: 30.0%)",S2B_MSIL2A_20260731T050649_R019_T43PHP_20260731T085614
93,True,SeaLake,0.8677,2026-07-31T05:06:49.024000Z,2.178389,Sentinel-2_L2A,Satellite CNN prediction: SeaLake (confidence: 0.87),S2B_MSIL2A_20260731T050649_R019_T43PHK_20260731T085614
94,False,UNKNOWN,,2026-08-01,57.410944,Sentinel-2_L2A,"Sentinel-2 observation available but obscured by cloud cover (best: 57.4%, threshold: 30.0%)",S2B_MSIL2A_20260730T053639_R005_T43RCK_20260730T091623
95,False,UNKNOWN,,2026-08-01,85.91702,Sentinel-2_L2A,"Sentinel-2 observation available but obscured by cloud cover (best: 85.9%, threshold: 30.0%)",S2C_MSIL2A_20260728T054641_R048_T42QWL_20260728T085814
96,True,SeaLake,0.6154,2026-07-28T04:56:59.024000Z,15.045248,Sentinel-2_L2A,Satellite CNN prediction: SeaLake (confidence: 0.62),S2B_MSIL2A_20260728T045659_R119_T44PLS_20260728T104345
97,False,UNKNOWN,,2026-08-02,52.634299,Sentinel-2_L2A,"Sentinel-2 observation available but obscured by cloud cover (best: 52.6%, threshold: 30.0%)",S2B_MSIL2A_20260728T045659_R119_T44PLT_20260728T104345
98,False,UNKNOWN,,2026-08-02,52.634299,Sentinel-2_L2A,"Sentinel-2 observation available but obscured by cloud cover (best: 52.6%, threshold: 30.0%)",S2B_MSIL2A_20260728T045659_R119_T44PLT_20260728T104345
99,False,UNKNOWN,,2026-08-02,52.634299,Sentinel-2_L2A,"Sentinel-2 observation available but obscured by cloud cover (best: 52.6%, threshold: 30.0%)",S2B_MSIL2A_20260728T045659_R119_T44PLT_20260728T104345
100,False,UNKNOWN,,2026-08-02,52.634299,Sentinel-2_L2A,"Sentinel-2 observation available but obscured by cloud cover (best: 52.6%, threshold: 30.0%)",S2B_MSIL2A_20260728T045659_R119_T44PLT_20260728T104345
101,False,UNKNOWN,,2026-08-02,69.667917,Sentinel-2_L2A,"Sentinel-2 observation available but obscured by cloud cover (best: 69.7%, threshold: 30.0%)",S2C_MSIL2A_20260802T045701_R119_T44PLU_20260802T095114
102,False,UNKNOWN,,2026-08-02,79.949039,Sentinel-2_L2A,"Sentinel-2 observation available but obscured by cloud cover (best: 79.9%, threshold: 30.0%)",S2B_MSIL2A_20260731T050649_R019_T43PHP_20260731T085614
103,False,UNKNOWN,,2026-08-02,86.371487,Sentinel-2_L2A,"Sentinel-2 observation available but obscured by cloud cover (best: 86.4%, threshold: 30.0%)",S2C_MSIL2A_20260805T050651_R019_T43PHR_20260805T101109
104,False,UNKNOWN,,2026-08-02,90.955275,Sentinel-2_L2A,"Sentinel-2 observation available but obscured by cloud cover (best: 91.0%, threshold: 30.0%)",S2C_MSIL2A_20260805T050651_R019_T44PLB_20260805T101109
105,False,UNKNOWN,,2026-08-02,91.367048,Sentinel-2_L2A,"Sentinel-2 observation available but obscured by cloud cover (best: 91.4%, threshold: 30.0%)",S2B_MSIL2A_20260803T051649_R062_T43PFS_20260803T090709
106,False,UNKNOWN,,2026-08-02,55.771196,Sentinel-2_L2A,"Sentinel-2 observation available but obscured by cloud cover (best: 55.8%, threshold: 30.0%)",S2C_MSIL2A_20260802T045701_R119_T44QME_20260802T095114
107,False,UNKNOWN,,2026-08-02,80.609792,Sentinel-2_L2A,"Sentinel-2 observation available but obscured by cloud cover (best: 80.6%, threshold: 30.0%)",S2C_MSIL2A_20260802T045701_R119_T44QPG_20260802T095114
108,False,UNKNOWN,,2026-08-02,91.30559,Sentinel-2_L2A,"Sentinel-2 observation available but obscured by cloud cover (best: 91.3%, threshold: 30.0%)",S2B_MSIL2A_20260804T044659_R076_T45QTD_20260804T082913
109,False,UNKNOWN,,2026-08-02,92.838264,Sentinel-2_L2A,"Sentinel-2 observation available but obscured by cloud cover (best: 92.8%, threshold: 30.0%)",S2B_MSIL2A_20260804T044659_R076_T44QRK_20260804T082913
110,False,UNKNOWN,,2026-08-02,68.05796,Sentinel-2_L2A,"Sentinel-2 observation available but obscured by cloud cover (best: 68.1%, threshold: 30.0%)",S2C_MSIL2A_20260730T044701_R076_T44QRK_20260730T093008
111,False,UNKNOWN,,2026-08-02,73.324865,Sentinel-2_L2A,"Sentinel-2 observation available but obscured by cloud cover (best: 73.3%, threshold: 30.0%)",S2A_MSIL2A_20260729T044241_R033_T45QVE_20260729T095112
112,False,UNKNOWN,,2026-08-02,71.501476,Sentinel-2_L2A,"Sentinel-2 observation available but obscured by cloud cover (best: 71.5%, threshold: 30.0%)",S2C_MSIL2A_20260730T044701_R076_T45QUE_20260730T093008
113,False,UNKNOWN,,2026-08-02,95.883894,Sentinel-2_L2A,"Sentinel-2 observation available but obscured by cloud cover (best: 95.9%, threshold: 30.0%)",S2C_MSIL2A_20260731T041551_R090_T46REP_20260731T075309
114,False,UNKNOWN,,2026-08-02,77.160925,Sentinel-2_L2A,"Sentinel-2 observation available but obscured by cloud cover (best: 77.2%, threshold: 30.0%)",S2A_MSIL2A_20260803T053251_R105_T43RFM_20260803T144710
115,False,UNKNOWN,,2026-08-02,44.678536,Sentinel-2_L2A,"Sentinel-2 observation available but obscured by cloud cover (best: 44.7%, threshold: 30.0%)",S2A_MSIL2A_20260803T053251_R105_T43REN_20260803T144710
116,False,UNKNOWN,,2026-08-02,77.115369,Sentinel-2_L2A,"Sentinel-2 observation available but obscured by cloud cover (best: 77.1%, threshold: 30.0%)",S2A_MSIL2A_20260803T053251_R105_T43RGN_20260803T144710
117,True,SeaLake,0.878,2026-08-07T05:46:41.025000Z,19.36565,Sentinel-2_L2A,Satellite CNN prediction: SeaLake (confidence: 0.88),S2C_MSIL2A_20260807T054641_R048_T43RCP_20260807T085410
118,True,SeaLake,0.9329,2026-07-31T05:06:49.024000Z,2.178389,Sentinel-2_L2A,Satellite CNN prediction: SeaLake (confidence: 0.93),S2B_MSIL2A_20260731T050649_R019_T43PHK_20260731T085614
119,True,HerbaceousVegetation,0.7903,2026-07-31T05:06:49.024000Z,10.03412,Sentinel-2_L2A,Satellite CNN prediction: HerbaceousVegetation (confidence: 0.79),S2B_MSIL2A_20260731T050649_R019_T43PHL_20260731T085614
120,False,UNKNOWN,,2026-08-02,52.634299,Sentinel-2_L2A,"Sentinel-2 observation available but obscured by cloud cover (best: 52.6%, threshold: 30.0%)",S2B_MSIL2A_20260728T045659_R119_T44PLT_20260728T104345
121,False,UNKNOWN,,2026-08-02,81.598979,Sentinel-2_L2A,"Sentinel-2 observation available but obscured by cloud cover (best: 81.6%, threshold: 30.0%)",S2B_MSIL2A_20260731T050649_R019_T44PKU_20260731T085614
122,False,UNKNOWN,,2026-08-02,99.181187,Sentinel-2_L2A,"Sentinel-2 observation available but obscured by cloud cover (best: 99.2%, threshold: 30.0%)",S2C_MSIL2A_20260805T050651_R019_T43PGQ_20260805T101109
123,False,UNKNOWN,,2026-08-02,91.766423,Sentinel-2_L2A,"Sentinel-2 observation available but obscured by cloud cover (best: 91.8%, threshold: 30.0%)",S2B_MSIL2A_20260803T051649_R062_T43PGR_20260803T090709
124,False,UNKNOWN,,2026-08-02,93.506211,Sentinel-2_L2A,"Sentinel-2 observation available but obscured by cloud cover (best: 93.5%, threshold: 30.0%)",S2C_MSIL2A_20260805T050651_R019_T43PGR_20260805T101109
125,False,UNKNOWN,,2026-08-02,91.766423,Sentinel-2_L2A,"Sentinel-2 observation available but obscured by cloud cover (best: 91.8%, threshold: 30.0%)",S2B_MSIL2A_20260803T051649_R062_T43PGR_20260803T090709
126,False,UNKNOWN,,2026-08-02,93.506211,Sentinel-2_L2A,"Sentinel-2 observation available but obscured by cloud cover (best: 93.5%, threshold: 30.0%)",S2C_MSIL2A_20260805T050651_R019_T43PGR_20260805T101109
127,False,UNKNOWN,,2026-08-02,93.506211,Sentinel-2_L2A,"Sentinel-2 observation available but obscured by cloud cover (best: 93.5%, threshold: 30.0%)",S2C_MSIL2A_20260805T050651_R019_T43PGR_20260805T101109
128,False,UNKNOWN,,2026-08-02,93.506211,Sentinel-2_L2A,"Sentinel-2 observation available but obscured by cloud cover (best: 93.5%, threshold: 30.0%)",S2C_MSIL2A_20260805T050651_R019_T43PGR_20260805T101109
129,False,UNKNOWN,,2026-08-02,93.506211,Sentinel-2_L2A,"Sentinel-2 observation available but obscured by cloud cover (best: 93.5%, threshold: 30.0%)",S2C_MSIL2A_20260805T050651_R019_T43PGR_20260805T101109
130,False,UNKNOWN,,2026-08-02,76.007718,Sentinel-2_L2A,"Sentinel-2 observation available but obscured by cloud cover (best: 76.0%, threshold: 30.0%)",S2C_MSIL2A_20260805T050651_R019_T44PKA_20260805T101109
131,False,UNKNOWN,,2026-08-02,76.007718,Sentinel-2_L2A,"Sentinel-2 observation available but obscured by cloud cover (best: 76.0%, threshold: 30.0%)",S2C_MSIL2A_20260805T050651_R019_T44PKA_20260805T101109
132,False,UNKNOWN,,2026-08-02,90.955275,Sentinel-2_L2A,"Sentinel-2 observation available but obscured by cloud cover (best: 91.0%, threshold: 30.0%)",S2C_MSIL2A_20260805T050651_R019_T44PLB_20260805T101109
133,False,UNKNOWN,,2026-08-02,91.367048,Sentinel-2_L2A,"Sentinel-2 observation available but obscured by cloud cover (best: 91.4%, threshold: 30.0%)",S2B_MSIL2A_20260803T051649_R062_T43PFS_20260803T090709
134,False,UNKNOWN,,2026-08-02,84.092009,Sentinel-2_L2A,"Sentinel-2 observation available but obscured by cloud cover (best: 84.1%, threshold: 30.0%)",S2B_MSIL2A_20260803T051649_R062_T43QFU_20260803T090709
135,False,UNKNOWN,,2026-08-02,77.199781,Sentinel-2_L2A,"Sentinel-2 observation available but obscured by cloud cover (best: 77.2%, threshold: 30.0%)",S2B_MSIL2A_20260803T051649_R062_T43QFV_20260803T090709
136,True,SeaLake,0.8906,2026-08-02T04:57:01.025000Z,7.48659,Sentinel-2_L2A,Satellite CNN prediction: SeaLake (confidence: 0.89),S2C_MSIL2A_20260802T045701_R119_T44QQE_20260802T095114
137,False,UNKNOWN,,2026-08-02,48.869789,Sentinel-2_L2A,"Sentinel-2 observation available but obscured by cloud cover (best: 48.9%, threshold: 30.0%)",S2C_MSIL2A_20260804T053641_R005_T43RDQ_20260804T102016
138,False,UNKNOWN,,2026-08-02,48.869789,Sentinel-2_L2A,"Sentinel-2 observation available but obscured by cloud cover (best: 48.9%, threshold: 30.0%)",S2C_MSIL2A_20260804T053641_R005_T43RDQ_20260804T102016
139,False,UNKNOWN,,2026-08-02,92.030734,Sentinel-2_L2A,"Sentinel-2 observation available but obscured by cloud cover (best: 92.0%, threshold: 30.0%)",S2C_MSIL2A_20260730T044701_R076_T45QUD_20260730T093008
140,False,UNKNOWN,,2026-08-02,91.30559,Sentinel-2_L2A,"Sentinel-2 observation available but obscured by cloud cover (best: 91.3%, threshold: 30.0%)",S2B_MSIL2A_20260804T044659_R076_T45QTD_20260804T082913
141,False,UNKNOWN,,2026-08-02,89.176798,Sentinel-2_L2A,"Sentinel-2 observation available but obscured by cloud cover (best: 89.2%, threshold: 30.0%)",S2B_MSIL2A_20260804T044659_R076_T45QVD_20260804T082913
142,False,UNKNOWN,,2026-08-02,91.30559,Sentinel-2_L2A,"Sentinel-2 observation available but obscured by cloud cover (best: 91.3%, threshold: 30.0%)",S2B_MSIL2A_20260804T044659_R076_T45QTD_20260804T082913
143,False,UNKNOWN,,2026-08-02,92.030734,Sentinel-2_L2A,"Sentinel-2 observation available but obscured by cloud cover (best: 92.0%, threshold: 30.0%)",S2C_MSIL2A_20260730T044701_R076_T45QUD_20260730T093008
144,False,UNKNOWN,,2026-08-02,93.588519,Sentinel-2_L2A,"Sentinel-2 observation available but obscured by cloud cover (best: 93.6%, threshold: 30.0%)",S2A_MSIL2A_20260729T044241_R033_T45QXE_20260729T095112
145,False,UNKNOWN,,2026-08-02,77.160925,Sentinel-2_L2A,"Sentinel-2 observation available but obscured by cloud cover (best: 77.2%, threshold: 30.0%)",S2A_MSIL2A_20260803T053251_R105_T43RFM_20260803T144710
146,False,UNKNOWN,,2026-08-02,93.840313,Sentinel-2_L2A,"Sentinel-2 observation available but obscured by cloud cover (best: 93.8%, threshold: 30.0%)",S2B_MSIL2A_20260804T044659_R076_T45QUC_20260804T082913
147,False,UNKNOWN,,2026-08-02,89.176798,Sentinel-2_L2A,"Sentinel-2 observation available but obscured by cloud cover (best: 89.2%, threshold: 30.0%)",S2B_MSIL2A_20260804T044659_R076_T45QVD_20260804T082913
148,False,UNKNOWN,,2026-08-02,89.176798,Sentinel-2_L2A,"Sentinel-2 observation available but obscured by cloud cover (best: 89.2%, threshold: 30.0%)",S2B_MSIL2A_20260804T044659_R076_T45QVD_20260804T082913
149,False,UNKNOWN,,2026-08-02,92.030734,Sentinel-2_L2A,"Sentinel-2 observation available but obscured by cloud cover (best: 92.0%, threshold: 30.0%)",S2C_MSIL2A_20260730T044701_R076_T45QUD_20260730T093008
150,False,UNKNOWN,,2026-08-02,70.902222,Sentinel-2_L2A,"Sentinel-2 observation available but obscured by cloud cover (best: 70.9%, threshold: 30.0%)",S2A_MSIL2A_20260729T044241_R033_T45QXF_20260729T095112
151,False,UNKNOWN,,2026-08-02,64.497,Sentinel-2_L2A,"Sentinel-2 observation available but obscured by cloud cover (best: 64.5%, threshold: 30.0%)",S2B_MSIL2A_20260801T043659_R033_T45QVG_20260801T082248
152,False,UNKNOWN,,2026-08-02,64.497,Sentinel-2_L2A,"Sentinel-2 observation available but obscured by cloud cover (best: 64.5%, threshold: 30.0%)",S2B_MSIL2A_20260801T043659_R033_T45QVG_20260801T082248
153,False,UNKNOWN,,2026-08-02,70.634681,Sentinel-2_L2A,"Sentinel-2 observation available but obscured by cloud cover (best: 70.6%, threshold: 30.0%)",S2B_MSIL2A_20260801T043659_R033_T45QWG_20260801T082248
154,False,UNKNOWN,,2026-08-02,90.676767,Sentinel-2_L2A,"Sentinel-2 observation available but obscured by cloud cover (best: 90.7%, threshold: 30.0%)",S2B_MSIL2A_20260804T044659_R076_T45QUG_20260804T082913
155,False,UNKNOWN,,2026-08-02,70.634681,Sentinel-2_L2A,"Sentinel-2 observation available but obscured by cloud cover (best: 70.6%, threshold: 30.0%)",S2B_MSIL2A_20260801T043659_R033_T45QWG_20260801T082248
156,False,UNKNOWN,,2026-08-02,90.676767,Sentinel-2_L2A,"Sentinel-2 observation available but obscured by cloud cover (best: 90.7%, threshold: 30.0%)",S2B_MSIL2A_20260804T044659_R076_T45QUG_20260804T082913
157,False,UNKNOWN,,2026-08-02,94.572735,Sentinel-2_L2A,"Sentinel-2 observation available but obscured by cloud cover (best: 94.6%, threshold: 30.0%)",S2C_MSIL2A_20260730T044701_R076_T45QVG_20260730T093008
158,False,UNKNOWN,,2026-08-02,94.572735,Sentinel-2_L2A,"Sentinel-2 observation available but obscured by cloud cover (best: 94.6%, threshold: 30.0%)",S2C_MSIL2A_20260730T044701_R076_T45QVG_20260730T093008
159,False,UNKNOWN,,2026-08-02,94.572735,Sentinel-2_L2A,"Sentinel-2 observation available but obscured by cloud cover (best: 94.6%, threshold: 30.0%)",S2C_MSIL2A_20260730T044701_R076_T45QVG_20260730T093008
160,False,UNKNOWN,,2026-08-02,68.292457,Sentinel-2_L2A,"Sentinel-2 observation available but obscured by cloud cover (best: 68.3%, threshold: 30.0%)",S2A_MSIL2A_20260728T051241_R019_T43PHS_20260728T101710
161,False,UNKNOWN,,2026-08-02,55.771196,Sentinel-2_L2A,"Sentinel-2 observation available but obscured by cloud cover (best: 55.8%, threshold: 30.0%)",S2C_MSIL2A_20260802T045701_R119_T44QME_20260802T095114
162,False,UNKNOWN,,2026-08-02,58.294326,Sentinel-2_L2A,"Sentinel-2 observation available but obscured by cloud cover (best: 58.3%, threshold: 30.0%)",S2B_MSIL2A_20260804T044659_R076_T44QQE_20260804T082913
163,False,UNKNOWN,,2026-08-02,55.771196,Sentinel-2_L2A,"Sentinel-2 observation available but obscured by cloud cover (best: 55.8%, threshold: 30.0%)",S2C_MSIL2A_20260802T045701_R119_T44QME_20260802T095114
164,True,SeaLake,0.5031,2026-08-02T04:57:01.025000Z,7.48659,Sentinel-2_L2A,Satellite CNN prediction: SeaLake (confidence: 0.50),S2C_MSIL2A_20260802T045701_R119_T44QQE_20260802T095114
165,True,SeaLake,0.9954,2026-08-04T04:46:59.024000Z,27.797109,Sentinel-2_L2A,Satellite CNN prediction: SeaLake (confidence: 1.00),S2B_MSIL2A_20260804T044659_R076_T44QQF_20260804T082913
166,False,UNKNOWN,,2026-08-02,80.609792,Sentinel-2_L2A,"Sentinel-2 observation available but obscured by cloud cover (best: 80.6%, threshold: 30.0%)",S2C_MSIL2A_20260802T045701_R119_T44QPG_20260802T095114
167,False,UNKNOWN,,2026-08-02,85.769647,Sentinel-2_L2A,"Sentinel-2 observation available but obscured by cloud cover (best: 85.8%, threshold: 30.0%)",S2C_MSIL2A_20260805T050651_R019_T43QHC_20260805T102411
168,False,UNKNOWN,,2026-08-02,88.173217,Sentinel-2_L2A,"Sentinel-2 observation available but obscured by cloud cover (best: 88.2%, threshold: 30.0%)",S2C_MSIL2A_20260805T050651_R019_T44QLJ_20260805T102411
169,False,UNKNOWN,,2026-08-02,79.268587,Sentinel-2_L2A,"Sentinel-2 observation available but obscured by cloud cover (best: 79.3%, threshold: 30.0%)",S2C_MSIL2A_20260802T045701_R119_T44QNJ_20260802T095114
170,False,UNKNOWN,,2026-08-02,79.268587,Sentinel-2_L2A,"Sentinel-2 observation available but obscured by cloud cover (best: 79.3%, threshold: 30.0%)",S2C_MSIL2A_20260802T045701_R119_T44QNJ_20260802T095114
171,False,UNKNOWN,,2026-08-02,90.654171,Sentinel-2_L2A,"Sentinel-2 observation available but obscured by cloud cover (best: 90.7%, threshold: 30.0%)",S2C_MSIL2A_20260728T054641_R048_T42QXL_20260728T085814
172,False,UNKNOWN,,2026-08-02,84.178245,Sentinel-2_L2A,"Sentinel-2 observation available but obscured by cloud cover (best: 84.2%, threshold: 30.0%)",S2C_MSIL2A_20260801T052651_R105_T43RFL_20260801T103008
173,False,UNKNOWN,,2026-08-02,77.30478,Sentinel-2_L2A,"Sentinel-2 observation available but obscured by cloud cover (best: 77.3%, threshold: 30.0%)",S2C_MSIL2A_20260801T052651_R105_T43RFN_20260801T103008
174,False,UNKNOWN,,2026-08-02,84.324354,Sentinel-2_L2A,"Sentinel-2 observation available but obscured by cloud cover (best: 84.3%, threshold: 30.0%)",S2B_MSIL2A_20260803T051649_R062_T43PFT_20260803T090709
175,False,UNKNOWN,,2026-08-02,71.741408,Sentinel-2_L2A,"Sentinel-2 observation available but obscured by cloud cover (best: 71.7%, threshold: 30.0%)",S2A_MSIL2A_20260803T053251_R105_T43RDH_20260803T144710
176,False,UNKNOWN,,2026-08-02,73.356956,Sentinel-2_L2A,"Sentinel-2 observation available but obscured by cloud cover (best: 73.4%, threshold: 30.0%)",S2A_MSIL2A_20260803T053251_R105_T43REH_20260803T144710
177,False,UNKNOWN,,2026-08-03,37.454841,Sentinel-2_L2A,"Sentinel-2 observation available but obscured by cloud cover (best: 37.5%, threshold: 30.0%)",S2C_MSIL2A_20260802T045701_R119_T44QND_20260802T095114
178,False,UNKNOWN,,2026-08-03,84.126186,Sentinel-2_L2A,"Sentinel-2 observation available but obscured by cloud cover (best: 84.1%, threshold: 30.0%)",S2C_MSIL2A_20260802T045701_R119_T44PKT_20260802T095114
179,False,UNKNOWN,,2026-08-03,61.620885,Sentinel-2_L2A,"Sentinel-2 observation available but obscured by cloud cover (best: 61.6%, threshold: 30.0%)",S2C_MSIL2A_20260802T045701_R119_T44PLT_20260802T095114
180,False,UNKNOWN,,2026-08-03,69.667917,Sentinel-2_L2A,"Sentinel-2 observation available but obscured by cloud cover (best: 69.7%, threshold: 30.0%)",S2C_MSIL2A_20260802T045701_R119_T44PLU_20260802T095114
181,False,UNKNOWN,,2026-08-03,69.667917,Sentinel-2_L2A,"Sentinel-2 observation available but obscured by cloud cover (best: 69.7%, threshold: 30.0%)",S2C_MSIL2A_20260802T045701_R119_T44PLU_20260802T095114
182,False,UNKNOWN,,2026-08-03,37.454841,Sentinel-2_L2A,"Sentinel-2 observation available but obscured by cloud cover (best: 37.5%, threshold: 30.0%)",S2C_MSIL2A_20260802T045701_R119_T44QND_20260802T095114
183,False,UNKNOWN,,2026-08-03,37.454841,Sentinel-2_L2A,"Sentinel-2 observation available but obscured by cloud cover (best: 37.5%, threshold: 30.0%)",S2C_MSIL2A_20260802T045701_R119_T44QND_20260802T095114
184,False,UNKNOWN,,2026-08-03,57.296515,Sentinel-2_L2A,"Sentinel-2 observation available but obscured by cloud cover (best: 57.3%, threshold: 30.0%)",S2C_MSIL2A_20260802T045701_R119_T44QNE_20260802T095114
185,False,UNKNOWN,,2026-08-03,57.296515,Sentinel-2_L2A,"Sentinel-2 observation available but obscured by cloud cover (best: 57.3%, threshold: 30.0%)",S2C_MSIL2A_20260802T045701_R119_T44QNE_20260802T095114
186,True,PermanentCrop,0.3157,2026-08-02T04:57:01.025000Z,27.607578,Sentinel-2_L2A,Satellite CNN prediction: PermanentCrop (confidence: 0.32),S2C_MSIL2A_20260802T045701_R119_T44QPE_20260802T095114
187,True,HerbaceousVegetation,1.0,2026-08-02T04:57:01.025000Z,7.48659,Sentinel-2_L2A,Satellite CNN prediction: HerbaceousVegetation (confidence: 1.00),S2C_MSIL2A_20260802T045701_R119_T44QQE_20260802T095114
188,False,UNKNOWN,,2026-08-03,78.422302,Sentinel-2_L2A,"Sentinel-2 observation available but obscured by cloud cover (best: 78.4%, threshold: 30.0%)",S2C_MSIL2A_20260804T053641_R005_T42QZJ_20260804T102016
189,False,UNKNOWN,,2026-08-03,86.443388,Sentinel-2_L2A,"Sentinel-2 observation available but obscured by cloud cover (best: 86.4%, threshold: 30.0%)",S2C_MSIL2A_20260808T051651_R062_T43PFS_20260808T101010
190,False,UNKNOWN,,2026-08-03,71.501476,Sentinel-2_L2A,"Sentinel-2 observation available but obscured by cloud cover (best: 71.5%, threshold: 30.0%)",S2C_MSIL2A_20260730T044701_R076_T45QUE_20260730T093008
191,False,UNKNOWN,,2026-08-03,63.765258,Sentinel-2_L2A,"Sentinel-2 observation available but obscured by cloud cover (best: 63.8%, threshold: 30.0%)",S2C_MSIL2A_20260730T044701_R076_T45QTE_20260730T093008
192,False,UNKNOWN,,2026-08-03,99.181187,Sentinel-2_L2A,"Sentinel-2 observation available but obscured by cloud cover (best: 99.2%, threshold: 30.0%)",S2C_MSIL2A_20260805T050651_R019_T43PGQ_20260805T101109
193,False,UNKNOWN,,2026-08-03,87.187141,Sentinel-2_L2A,"Sentinel-2 observation available but obscured by cloud cover (best: 87.2%, threshold: 30.0%)",S2C_MSIL2A_20260730T044701_R076_T45QUF_20260730T093008
194,False,UNKNOWN,,2026-08-03,98.083621,Sentinel-2_L2A,"Sentinel-2 observation available but obscured by cloud cover (best: 98.1%, threshold: 30.0%)",S2C_MSIL2A_20260807T054641_R048_T42QWL_20260807T085410
195,False,UNKNOWN,,2026-08-03,98.083621,Sentinel-2_L2A,"Sentinel-2 observation available but obscured by cloud cover (best: 98.1%, threshold: 30.0%)",S2C_MSIL2A_20260807T054641_R048_T42QWL_20260807T085410
196,True,Pasture,0.6308,2026-07-31T05:06:49.024000Z,2.178389,Sentinel-2_L2A,Satellite CNN prediction: Pasture (confidence: 0.63),S2B_MSIL2A_20260731T050649_R019_T43PHK_20260731T085614
197,True,SeaLake,0.9302,2026-07-31T05:06:49.024000Z,10.03412,Sentinel-2_L2A,Satellite CNN prediction: SeaLake (confidence: 0.93),S2B_MSIL2A_20260731T050649_R019_T43PHL_20260731T085614
198,False,UNKNOWN,,2026-08-04,69.667917,Sentinel-2_L2A,"Sentinel-2 observation available but obscured by cloud cover (best: 69.7%, threshold: 30.0%)",S2C_MSIL2A_20260802T045701_R119_T44PLU_20260802T095114
199,False,UNKNOWN,,2026-08-04,76.007718,Sentinel-2_L2A,"Sentinel-2 observation available but obscured by cloud cover (best: 76.0%, threshold: 30.0%)",S2C_MSIL2A_20260805T050651_R019_T44PKA_20260805T101109
200,False,UNKNOWN,,2026-08-04,32.748288,Sentinel-2_L2A,"Sentinel-2 observation available but obscured by cloud cover (best: 32.7%, threshold: 30.0%)",S2A_MSIL2A_20260804T050241_R119_T44PMB_20260804T114612
201,False,UNKNOWN,,2026-08-04,83.987302,Sentinel-2_L2A,"Sentinel-2 observation available but obscured by cloud cover (best: 84.0%, threshold: 30.0%)",S2C_MSIL2A_20260805T050651_R019_T44PKB_20260805T101109
202,True,SeaLake,0.9935,2026-07-31T05:06:49.024000Z,2.178389,Sentinel-2_L2A,Satellite CNN prediction: SeaLake (confidence: 0.99),S2B_MSIL2A_20260731T050649_R019_T43PHK_20260731T085614
203,True,SeaLake,0.9768,2026-07-31T05:06:49.024000Z,2.178389,Sentinel-2_L2A,Satellite CNN prediction: SeaLake (confidence: 0.98),S2B_MSIL2A_20260731T050649_R019_T43PHK_20260731T085614
204,True,River,0.5155,2026-07-31T05:06:49.024000Z,10.03412,Sentinel-2_L2A,Satellite CNN prediction: River (confidence: 0.52),S2B_MSIL2A_20260731T050649_R019_T43PHL_20260731T085614
205,False,UNKNOWN,,2026-08-04,93.506211,Sentinel-2_L2A,"Sentinel-2 observation available but obscured by cloud cover (best: 93.5%, threshold: 30.0%)",S2C_MSIL2A_20260805T050651_R019_T43PGR_20260805T101109
206,True,SeaLake,0.9792,2026-08-04T05:02:41.024000Z,29.531327,Sentinel-2_L2A,Satellite CNN prediction: SeaLake (confidence: 0.98),S2A_MSIL2A_20260804T050241_R119_T44PLB_20260804T114612
207,False,UNKNOWN,,2026-08-04,61.645091,Sentinel-2_L2A,"Sentinel-2 observation available but obscured by cloud cover (best: 61.6%, threshold: 30.0%)",S2C_MSIL2A_20260808T051651_R062_T44RLR_20260808T101010
208,False,UNKNOWN,,2026-08-04,77.160925,Sentinel-2_L2A,"Sentinel-2 observation available but obscured by cloud cover (best: 77.2%, threshold: 30.0%)",S2A_MSIL2A_20260803T053251_R105_T43RFM_20260803T144710
209,False,UNKNOWN,,2026-08-04,89.04568,Sentinel-2_L2A,"Sentinel-2 observation available but obscured by cloud cover (best: 89.0%, threshold: 30.0%)",S2B_MSIL2A_20260803T051649_R062_T43PGS_20260803T090709
210,False,UNKNOWN,,2026-08-04,96.112341,Sentinel-2_L2A,"Sentinel-2 observation available but obscured by cloud cover (best: 96.1%, threshold: 30.0%)",S2C_MSIL2A_20260807T054641_R048_T42QWK_20260807T085410
211,True,PermanentCrop,0.9703,2026-08-10T05:06:49.024000Z,2.036197,Sentinel-2_L2A,Satellite CNN prediction: PermanentCrop (confidence: 0.97),S2B_MSIL2A_20260810T050649_R019_T43PHL_20260810T085431
212,False,UNKNOWN,,2026-08-05,47.825363,Sentinel-2_L2A,"Sentinel-2 observation available but obscured by cloud cover (best: 47.8%, threshold: 30.0%)",S2B_MSIL2A_20260810T050649_R019_T43PGL_20260810T085431
213,False,UNKNOWN,,2026-08-05,65.886438,Sentinel-2_L2A,"Sentinel-2 observation available but obscured by cloud cover (best: 65.9%, threshold: 30.0%)",S2A_MSIL2A_20260804T050241_R119_T44PKR_20260804T114612
214,False,UNKNOWN,,2026-08-05,54.655421,Sentinel-2_L2A,"Sentinel-2 observation available but obscured by cloud cover (best: 54.7%, threshold: 30.0%)",S2C_MSIL2A_20260802T045701_R119_T44PMV_20260802T095114
215,True,SeaLake,0.8611,2026-08-10T05:06:49.024000Z,25.546271,Sentinel-2_L2A,Satellite CNN prediction: SeaLake (confidence: 0.86),S2B_MSIL2A_20260810T050649_R019_T44PLB_20260810T085431
216,False,UNKNOWN,,2026-08-05,38.296723,Sentinel-2_L2A,"Sentinel-2 observation available but obscured by cloud cover (best: 38.3%, threshold: 30.0%)",S2B_MSIL2A_20260810T050649_R019_T44PLB_20260810T085257
217,False,UNKNOWN,,2026-08-05,73.03347,Sentinel-2_L2A,"Sentinel-2 observation available but obscured by cloud cover (best: 73.0%, threshold: 30.0%)",S2B_MSIL2A_20260810T050649_R019_T44PLC_20260810T085257
218,True,SeaLake,0.9952,2026-08-10T05:06:49.024000Z,2.036197,Sentinel-2_L2A,Satellite CNN prediction: SeaLake (confidence: 1.00),S2B_MSIL2A_20260810T050649_R019_T43PHL_20260810T085431
219,False,UNKNOWN,,2026-08-05,65.886438,Sentinel-2_L2A,"Sentinel-2 observation available but obscured by cloud cover (best: 65.9%, threshold: 30.0%)",S2A_MSIL2A_20260804T050241_R119_T44PKR_20260804T114612
220,False,UNKNOWN,,2026-08-05,65.886438,Sentinel-2_L2A,"Sentinel-2 observation available but obscured by cloud cover (best: 65.9%, threshold: 30.0%)",S2A_MSIL2A_20260804T050241_R119_T44PKR_20260804T114612
221,False,UNKNOWN,,2026-08-05,65.886438,Sentinel-2_L2A,"Sentinel-2 observation available but obscured by cloud cover (best: 65.9%, threshold: 30.0%)",S2A_MSIL2A_20260804T050241_R119_T44PKR_20260804T114612
222,False,UNKNOWN,,2026-08-05,65.886438,Sentinel-2_L2A,"Sentinel-2 observation available but obscured by cloud cover (best: 65.9%, threshold: 30.0%)",S2A_MSIL2A_20260804T050241_R119_T44PKR_20260804T114612
223,True,SeaLake,0.9805,2026-08-10T05:06:49.024000Z,2.036197,Sentinel-2_L2A,Satellite CNN prediction: SeaLake (confidence: 0.98),S2B_MSIL2A_20260810T050649_R019_T43PHL_20260810T085431
224,True,SeaLake,0.9963,2026-08-10T05:06:49.024000Z,1.769387,Sentinel-2_L2A,Satellite CNN prediction: SeaLake (confidence: 1.00),S2B_MSIL2A_20260810T050649_R019_T44PKR_20260810T085431
225,False,UNKNOWN,,2026-08-05,65.886438,Sentinel-2_L2A,"Sentinel-2 observation available but obscured by cloud cover (best: 65.9%, threshold: 30.0%)",S2A_MSIL2A_20260804T050241_R119_T44PKR_20260804T114612
226,True,SeaLake,0.9176,2026-08-10T05:06:49.024000Z,1.769387,Sentinel-2_L2A,Satellite CNN prediction: SeaLake (confidence: 0.92),S2B_MSIL2A_20260810T050649_R019_T44PKR_20260810T085431
227,True,SeaLake,0.995,2026-08-10T05:06:49.024000Z,2.036197,Sentinel-2_L2A,Satellite CNN prediction: SeaLake (confidence: 0.99),S2B_MSIL2A_20260810T050649_R019_T43PHL_20260810T085431
228,True,SeaLake,0.9839,2026-08-05T05:06:51.025000Z,23.644066,Sentinel-2_L2A,Satellite CNN prediction: SeaLake (confidence: 0.98),S2C_MSIL2A_20260805T050651_R019_T43PHM_20260805T101109
229,True,SeaLake,0.776,2026-07-31T05:06:49.024000Z,15.955462,Sentinel-2_L2A,Satellite CNN prediction: SeaLake (confidence: 0.78),S2B_MSIL2A_20260731T050649_R019_T43PHM_20260731T085614
230,True,SeaLake,0.3429,2026-08-05T05:06:51.025000Z,23.644066,Sentinel-2_L2A,Satellite CNN prediction: SeaLake (confidence: 0.34),S2C_MSIL2A_20260805T050651_R019_T43PHM_20260805T101109
231,True,SeaLake,0.9614,2026-07-31T05:06:49.024000Z,15.955462,Sentinel-2_L2A,Satellite CNN prediction: SeaLake (confidence: 0.96),S2B_MSIL2A_20260731T050649_R019_T43PHM_20260731T085614
232,False,UNKNOWN,,2026-08-05,38.058025,Sentinel-2_L2A,"Sentinel-2 observation available but obscured by cloud cover (best: 38.1%, threshold: 30.0%)",S2C_MSIL2A_20260805T050651_R019_T43PGM_20260805T101109
233,False,UNKNOWN,,2026-08-05,89.864945,Sentinel-2_L2A,"Sentinel-2 observation available but obscured by cloud cover (best: 89.9%, threshold: 30.0%)",S2C_MSIL2A_20260802T045701_R119_T44PLS_20260802T095114
234,True,AnnualCrop,0.9995,2026-08-10T05:06:49.024000Z,25.075337,Sentinel-2_L2A,Satellite CNN prediction: AnnualCrop (confidence: 1.00),S2B_MSIL2A_20260810T050649_R019_T44PKS_20260810T085431
235,False,UNKNOWN,,2026-08-05,84.126186,Sentinel-2_L2A,"Sentinel-2 observation available but obscured by cloud cover (best: 84.1%, threshold: 30.0%)",S2C_MSIL2A_20260802T045701_R119_T44PKT_20260802T095114
236,False,UNKNOWN,,2026-08-05,45.616505,Sentinel-2_L2A,"Sentinel-2 observation available but obscured by cloud cover (best: 45.6%, threshold: 30.0%)",S2B_MSIL2A_20260731T050649_R019_T43PHN_20260731T085614
237,False,UNKNOWN,,2026-08-05,39.894217,Sentinel-2_L2A,"Sentinel-2 observation available but obscured by cloud cover (best: 39.9%, threshold: 30.0%)",S2B_MSIL2A_20260731T050649_R019_T44PKT_20260731T085614
238,False,UNKNOWN,,2026-08-05,35.110965,Sentinel-2_L2A,"Sentinel-2 observation available but obscured by cloud cover (best: 35.1%, threshold: 30.0%)",S2B_MSIL2A_20260810T050649_R019_T44PKA_20260810T085431
239,False,UNKNOWN,,2026-08-05,73.057038,Sentinel-2_L2A,"Sentinel-2 observation available but obscured by cloud cover (best: 73.1%, threshold: 30.0%)",S2B_MSIL2A_20260810T050649_R019_T43PHS_20260810T085431
240,True,SeaLake,0.9877,2026-08-10T05:06:49.024000Z,25.546271,Sentinel-2_L2A,Satellite CNN prediction: SeaLake (confidence: 0.99),S2B_MSIL2A_20260810T050649_R019_T44PLB_20260810T085431
241,False,UNKNOWN,,2026-08-05,69.601011,Sentinel-2_L2A,"Sentinel-2 observation available but obscured by cloud cover (best: 69.6%, threshold: 30.0%)",S2B_MSIL2A_20260810T050649_R019_T43PGS_20260810T085431
242,True,SeaLake,0.996,2026-08-10T05:06:49.024000Z,25.546271,Sentinel-2_L2A,Satellite CNN prediction: SeaLake (confidence: 1.00),S2B_MSIL2A_20260810T050649_R019_T44PLB_20260810T085431
243,True,Pasture,0.5228,2026-08-10T05:06:49.024000Z,25.546271,Sentinel-2_L2A,Satellite CNN prediction: Pasture (confidence: 0.52),S2B_MSIL2A_20260810T050649_R019_T44PLB_20260810T085431
244,True,SeaLake,0.8883,2026-08-10T05:06:49.024000Z,25.546271,Sentinel-2_L2A,Satellite CNN prediction: SeaLake (confidence: 0.89),S2B_MSIL2A_20260810T050649_R019_T44PLB_20260810T085431
245,False,UNKNOWN,,2026-08-05,74.768436,Sentinel-2_L2A,"Sentinel-2 observation available but obscured by cloud cover (best: 74.8%, threshold: 30.0%)",S2A_MSIL2A_20260810T052241_R062_T43PGT_20260810T114010
246,False,UNKNOWN,,2026-08-05,73.03347,Sentinel-2_L2A,"Sentinel-2 observation available but obscured by cloud cover (best: 73.0%, threshold: 30.0%)",S2B_MSIL2A_20260810T050649_R019_T44PLC_20260810T085257
247,False,UNKNOWN,,2026-08-05,73.03347,Sentinel-2_L2A,"Sentinel-2 observation available but obscured by cloud cover (best: 73.0%, threshold: 30.0%)",S2B_MSIL2A_20260810T050649_R019_T44PLC_20260810T085257
248,False,UNKNOWN,,2026-08-05,73.03347,Sentinel-2_L2A,"Sentinel-2 observation available but obscured by cloud cover (best: 73.0%, threshold: 30.0%)",S2B_MSIL2A_20260810T050649_R019_T44PLC_20260810T085257
249,False,UNKNOWN,,2026-08-05,73.03347,Sentinel-2_L2A,"Sentinel-2 observation available but obscured by cloud cover (best: 73.0%, threshold: 30.0%)",S2B_MSIL2A_20260810T050649_R019_T44PLC_20260810T085257
250,True,AnnualCrop,0.291,2026-08-10T05:06:49.024000Z,18.610422,Sentinel-2_L2A,Satellite CNN prediction: AnnualCrop (confidence: 0.29),S2B_MSIL2A_20260810T050649_R019_T44QLD_20260810T085257
251,True,Pasture,0.9549,2026-08-07T05:46:41.025000Z,2.104166,Sentinel-2_L2A,Satellite CNN prediction: Pasture (confidence: 0.95),S2C_MSIL2A_20260807T054641_R048_T42RXR_20260807T085410
252,True,SeaLake,0.8525,2026-08-10T04:15:51.025000Z,20.591527,Sentinel-2_L2A,Satellite CNN prediction: SeaLake (confidence: 0.85),S2C_MSIL2A_20260810T041551_R090_T46RGR_20260810T071116
253,True,SeaLake,0.3207,2026-08-10T04:15:51.025000Z,20.591527,Sentinel-2_L2A,Satellite CNN prediction: SeaLake (confidence: 0.32),S2C_MSIL2A_20260810T041551_R090_T46RGR_20260810T071116
254,True,HerbaceousVegetation,0.9499,2026-08-10T04:15:51.025000Z,20.591527,Sentinel-2_L2A,Satellite CNN prediction: HerbaceousVegetation (confidence: 0.95),S2C_MSIL2A_20260810T041551_R090_T46RGR_20260810T071116
255,True,AnnualCrop,0.2078,2026-08-10T04:15:51.025000Z,20.591527,Sentinel-2_L2A,Satellite CNN prediction: AnnualCrop (confidence: 0.21),S2C_MSIL2A_20260810T041551_R090_T46RGR_20260810T071116
256,True,Industrial,0.2957,2026-08-10T04:15:51.025000Z,20.591527,Sentinel-2_L2A,Satellite CNN prediction: Industrial (confidence: 0.30),S2C_MSIL2A_20260810T041551_R090_T46RGR_20260810T071116
257,True,HerbaceousVegetation,0.608,2026-08-10T05:06:49.024000Z,1.769387,Sentinel-2_L2A,Satellite CNN prediction: HerbaceousVegetation (confidence: 0.61),S2B_MSIL2A_20260810T050649_R019_T44PKR_20260810T085431
258,True,SeaLake,0.8758,2026-08-10T05:06:49.024000Z,2.036197,Sentinel-2_L2A,Satellite CNN prediction: SeaLake (confidence: 0.88),S2B_MSIL2A_20260810T050649_R019_T43PHL_20260810T085431
259,False,UNKNOWN,,2026-08-05,69.070661,Sentinel-2_L2A,"Sentinel-2 observation available but obscured by cloud cover (best: 69.1%, threshold: 30.0%)",S2C_MSIL2A_20260801T052651_R105_T43RFQ_20260801T103008
260,False,UNKNOWN,,2026-08-05,69.070661,Sentinel-2_L2A,"Sentinel-2 observation available but obscured by cloud cover (best: 69.1%, threshold: 30.0%)",S2C_MSIL2A_20260801T052651_R105_T43RFQ_20260801T103008
261,False,UNKNOWN,,2026-08-05,69.070661,Sentinel-2_L2A,"Sentinel-2 observation available but obscured by cloud cover (best: 69.1%, threshold: 30.0%)",S2C_MSIL2A_20260801T052651_R105_T43RFQ_20260801T103008
262,False,UNKNOWN,,2026-08-05,71.741408,Sentinel-2_L2A,"Sentinel-2 observation available but obscured by cloud cover (best: 71.7%, threshold: 30.0%)",S2A_MSIL2A_20260803T053251_R105_T43RDH_20260803T144710
263,False,UNKNOWN,,2026-08-05,89.824611,Sentinel-2_L2A,"Sentinel-2 observation available but obscured by cloud cover (best: 89.8%, threshold: 30.0%)",S2B_MSIL2A_20260809T053639_R005_T43RCJ_20260809T091637
264,True,SeaLake,0.297,2026-08-09T05:52:51.024000Z,12.601872,Sentinel-2_L2A,Satellite CNN prediction: SeaLake (confidence: 0.30),S2A_MSIL2A_20260809T055251_R048_T42RZP_20260809T105919
265,False,UNKNOWN,,2026-08-05,92.357856,Sentinel-2_L2A,"Sentinel-2 observation available but obscured by cloud cover (best: 92.4%, threshold: 30.0%)",S2B_MSIL2A_20260809T053639_R005_T43RDK_20260809T091637
266,False,UNKNOWN,,2026-08-05,95.27629,Sentinel-2_L2A,"Sentinel-2 observation available but obscured by cloud cover (best: 95.3%, threshold: 30.0%)",S2B_MSIL2A_20260809T053639_R005_T43RCK_20260809T091637
267,False,UNKNOWN,,2026-08-05,95.27629,Sentinel-2_L2A,"Sentinel-2 observation available but obscured by cloud cover (best: 95.3%, threshold: 30.0%)",S2B_MSIL2A_20260809T053639_R005_T43RCK_20260809T091637
268,False,UNKNOWN,,2026-08-05,64.193034,Sentinel-2_L2A,"Sentinel-2 observation available but obscured by cloud cover (best: 64.2%, threshold: 30.0%)",S2A_MSIL2A_20260810T052241_R062_T43PFS_20260810T114010
269,False,UNKNOWN,,2026-08-05,64.193034,Sentinel-2_L2A,"Sentinel-2 observation available but obscured by cloud cover (best: 64.2%, threshold: 30.0%)",S2A_MSIL2A_20260810T052241_R062_T43PFS_20260810T114010
270,False,UNKNOWN,,2026-08-05,71.741408,Sentinel-2_L2A,"Sentinel-2 observation available but obscured by cloud cover (best: 71.7%, threshold: 30.0%)",S2A_MSIL2A_20260803T053251_R105_T43RDH_20260803T144710
271,False,UNKNOWN,,2026-08-06,59.018326,Sentinel-2_L2A,"Sentinel-2 observation available but obscured by cloud cover (best: 59.0%, threshold: 30.0%)",S2C_MSIL2A_20260807T040541_R047_T47RKL_20260807T074154
272,False,UNKNOWN,,2026-08-06,59.508967,Sentinel-2_L2A,"Sentinel-2 observation available but obscured by cloud cover (best: 59.5%, threshold: 30.0%)",S2B_MSIL2A_20260810T050649_R019_T44QLH_20260810T085257
273,False,UNKNOWN,,2026-08-06,82.244349,Sentinel-2_L2A,"Sentinel-2 observation available but obscured by cloud cover (best: 82.2%, threshold: 30.0%)",S2A_MSIL2A_20260809T055251_R048_T42QXL_20260809T105919
274,False,UNKNOWN,,2026-08-06,74.2571,Sentinel-2_L2A,"Sentinel-2 observation available but obscured by cloud cover (best: 74.3%, threshold: 30.0%)",S2A_MSIL2A_20260809T055251_R048_T42QWM_20260809T105919
275,False,UNKNOWN,,2026-08-06,43.989944,Sentinel-2_L2A,"Sentinel-2 observation available but obscured by cloud cover (best: 44.0%, threshold: 30.0%)",S2C_MSIL2A_20260810T041551_R090_T46RDP_20260810T071116
276,True,AnnualCrop,0.6175,2026-08-10T04:15:51.025000Z,27.189726,Sentinel-2_L2A,Satellite CNN prediction: AnnualCrop (confidence: 0.62),S2C_MSIL2A_20260810T041551_R090_T46RGS_20260810T071116
277,False,UNKNOWN,,2026-08-06,38.306108,Sentinel-2_L2A,"Sentinel-2 observation available but obscured by cloud cover (best: 38.3%, threshold: 30.0%)",S2B_MSIL2A_20260811T043659_R033_T45QVG_20260811T082821
278,False,UNKNOWN,,2026-08-06,45.178264,Sentinel-2_L2A,"Sentinel-2 observation available but obscured by cloud cover (best: 45.2%, threshold: 30.0%)",S2A_MSIL2A_20260811T045241_R076_T45QWG_20260811T100012
279,False,UNKNOWN,,2026-08-06,42.921308,Sentinel-2_L2A,"Sentinel-2 observation available but obscured by cloud cover (best: 42.9%, threshold: 30.0%)",S2A_MSIL2A_20260811T045241_R076_T45QVG_20260811T100012
280,True,SeaLake,0.3574,2026-08-11T04:52:41.024000Z,27.377948,Sentinel-2_L2A,Satellite CNN prediction: SeaLake (confidence: 0.36),S2A_MSIL2A_20260811T045241_R076_T45RUJ_20260811T100012
281,False,UNKNOWN,,2026-08-06,38.306108,Sentinel-2_L2A,"Sentinel-2 observation available but obscured by cloud cover (best: 38.3%, threshold: 30.0%)",S2B_MSIL2A_20260811T043659_R033_T45QVG_20260811T082821
282,False,UNKNOWN,,2026-08-06,45.178264,Sentinel-2_L2A,"Sentinel-2 observation available but obscured by cloud cover (best: 45.2%, threshold: 30.0%)",S2A_MSIL2A_20260811T045241_R076_T45QWG_20260811T100012
283,False,UNKNOWN,,2026-08-06,35.571855,Sentinel-2_L2A,"Sentinel-2 observation available but obscured by cloud cover (best: 35.6%, threshold: 30.0%)",S2A_MSIL2A_20260811T045241_R076_T45QUG_20260811T100012
284,False,UNKNOWN,,2026-08-06,42.921308,Sentinel-2_L2A,"Sentinel-2 observation available but obscured by cloud cover (best: 42.9%, threshold: 30.0%)",S2A_MSIL2A_20260811T045241_R076_T45QVG_20260811T100012
285,False,UNKNOWN,,2026-08-06,42.921308,Sentinel-2_L2A,"Sentinel-2 observation available but obscured by cloud cover (best: 42.9%, threshold: 30.0%)",S2A_MSIL2A_20260811T045241_R076_T45QVG_20260811T100012
286,False,UNKNOWN,,2026-08-06,76.074982,Sentinel-2_L2A,"Sentinel-2 observation available but obscured by cloud cover (best: 76.1%, threshold: 30.0%)",S2C_MSIL2A_20260809T044701_R076_T45RWH_20260809T092712
287,False,UNKNOWN,,2026-08-06,88.840312,Sentinel-2_L2A,"Sentinel-2 observation available but obscured by cloud cover (best: 88.8%, threshold: 30.0%)",S2C_MSIL2A_20260801T052651_R105_T43QCA_20260801T103008
288,False,UNKNOWN,,2026-08-06,81.484413,Sentinel-2_L2A,"Sentinel-2 observation available but obscured by cloud cover (best: 81.5%, threshold: 30.0%)",S2C_MSIL2A_20260801T052651_R105_T43QDC_20260801T103008
289,False,UNKNOWN,,2026-08-06,65.092295,Sentinel-2_L2A,"Sentinel-2 observation available but obscured by cloud cover (best: 65.1%, threshold: 30.0%)",S2B_MSIL2A_20260809T053639_R005_T42RZN_20260809T091637
290,False,UNKNOWN,,2026-08-06,81.445503,Sentinel-2_L2A,"Sentinel-2 observation available but obscured by cloud cover (best: 81.4%, threshold: 30.0%)",S2B_MSIL2A_20260809T053639_R005_T42QZL_20260809T091637
291,False,UNKNOWN,,2026-08-06,81.445503,Sentinel-2_L2A,"Sentinel-2 observation available but obscured by cloud cover (best: 81.4%, threshold: 30.0%)",S2B_MSIL2A_20260809T053639_R005_T42QZL_20260809T091637
292,True,SeaLake,0.4948,2026-08-07T04:05:41.025000Z,5.602829,Sentinel-2_L2A,Satellite CNN prediction: SeaLake (confidence: 0.49),S2C_MSIL2A_20260807T040541_R047_T46RGR_20260807T074154
293,True,SeaLake,0.9714,2026-08-10T05:06:49.024000Z,3.189906,Sentinel-2_L2A,Satellite CNN prediction: SeaLake (confidence: 0.97),S2B_MSIL2A_20260810T050649_R019_T43PHK_20260810T085431
294,True,SeaLake,0.9633,2026-08-10T05:06:49.024000Z,3.189906,Sentinel-2_L2A,Satellite CNN prediction: SeaLake (confidence: 0.96),S2B_MSIL2A_20260810T050649_R019_T43PHK_20260810T085431
295,True,Forest,0.261,2026-08-10T05:06:49.024000Z,2.036197,Sentinel-2_L2A,Satellite CNN prediction: Forest (confidence: 0.26),S2B_MSIL2A_20260810T050649_R019_T43PHL_20260810T085431
296,True,HerbaceousVegetation,0.8842,2026-08-10T05:06:49.024000Z,2.036197,Sentinel-2_L2A,Satellite CNN prediction: HerbaceousVegetation (confidence: 0.88),S2B_MSIL2A_20260810T050649_R019_T43PHL_20260810T085431
297,False,UNKNOWN,,2026-08-07,42.921308,Sentinel-2_L2A,"Sentinel-2 observation available but obscured by cloud cover (best: 42.9%, threshold: 30.0%)",S2A_MSIL2A_20260811T045241_R076_T45QVG_20260811T100012
298,False,UNKNOWN,,2026-08-07,42.921308,Sentinel-2_L2A,"Sentinel-2 observation available but obscured by cloud cover (best: 42.9%, threshold: 30.0%)",S2A_MSIL2A_20260811T045241_R076_T45QVG_20260811T100012
299,True,SeaLake,0.9986,2026-08-10T05:06:49.024000Z,3.189906,Sentinel-2_L2A,Satellite CNN prediction: SeaLake (confidence: 1.00),S2B_MSIL2A_20260810T050649_R019_T43PHK_20260810T085431
300,True,AnnualCrop,0.471,2026-08-10T05:06:49.024000Z,3.189906,Sentinel-2_L2A,Satellite CNN prediction: AnnualCrop (confidence: 0.47),S2B_MSIL2A_20260810T050649_R019_T43PHK_20260810T085431
301,False,UNKNOWN,,2026-08-07,93.388861,Sentinel-2_L2A,"Sentinel-2 observation available but obscured by cloud cover (best: 93.4%, threshold: 30.0%)",S2C_MSIL2A_20260810T055631_R091_T42QVM_20260810T090514
302,False,UNKNOWN,,2026-08-07,45.80155,Sentinel-2_L2A,"Sentinel-2 observation available but obscured by cloud cover (best: 45.8%, threshold: 30.0%)",S2A_MSIL2A_20260811T045241_R076_T45QUF_20260811T100012
303,False,UNKNOWN,,2026-08-07,42.921308,Sentinel-2_L2A,"Sentinel-2 observation available but obscured by cloud cover (best: 42.9%, threshold: 30.0%)",S2A_MSIL2A_20260811T045241_R076_T45QVG_20260811T100012
304,False,UNKNOWN,,2026-08-07,42.921308,Sentinel-2_L2A,"Sentinel-2 observation available but obscured by cloud cover (best: 42.9%, threshold: 30.0%)",S2A_MSIL2A_20260811T045241_R076_T45QVG_20260811T100012
305,False,UNKNOWN,,2026-08-07,42.921308,Sentinel-2_L2A,"Sentinel-2 observation available but obscured by cloud cover (best: 42.9%, threshold: 30.0%)",S2A_MSIL2A_20260811T045241_R076_T45QVG_20260811T100012
306,False,UNKNOWN,,2026-08-07,35.571855,Sentinel-2_L2A,"Sentinel-2 observation available but obscured by cloud cover (best: 35.6%, threshold: 30.0%)",S2A_MSIL2A_20260811T045241_R076_T45QUG_20260811T100012
307,False,UNKNOWN,,2026-08-07,42.921308,Sentinel-2_L2A,"Sentinel-2 observation available but obscured by cloud cover (best: 42.9%, threshold: 30.0%)",S2A_MSIL2A_20260811T045241_R076_T45QVG_20260811T100012
308,False,UNKNOWN,,2026-08-07,42.921308,Sentinel-2_L2A,"Sentinel-2 observation available but obscured by cloud cover (best: 42.9%, threshold: 30.0%)",S2A_MSIL2A_20260811T045241_R076_T45QVG_20260811T100012
309,True,SeaLake,0.4344,2026-08-10T04:15:51.025000Z,20.591527,Sentinel-2_L2A,Satellite CNN prediction: SeaLake (confidence: 0.43),S2C_MSIL2A_20260810T041551_R090_T46RGR_20260810T071116
310,True,HerbaceousVegetation,0.9651,2026-08-10T04:15:51.025000Z,20.591527,Sentinel-2_L2A,Satellite CNN prediction: HerbaceousVegetation (confidence: 0.97),S2C_MSIL2A_20260810T041551_R090_T46RGR_20260810T071116
311,False,UNKNOWN,,2026-08-07,53.696418,Sentinel-2_L2A,"Sentinel-2 observation available but obscured by cloud cover (best: 53.7%, threshold: 30.0%)",S2A_MSIL2A_20260811T045241_R076_T45QTG_20260811T100012
312,False,UNKNOWN,,2026-08-07,53.696418,Sentinel-2_L2A,"Sentinel-2 observation available but obscured by cloud cover (best: 53.7%, threshold: 30.0%)",S2A_MSIL2A_20260811T045241_R076_T45QTG_20260811T100012
313,False,UNKNOWN,,2026-08-07,53.696418,Sentinel-2_L2A,"Sentinel-2 observation available but obscured by cloud cover (best: 53.7%, threshold: 30.0%)",S2A_MSIL2A_20260811T045241_R076_T45QTG_20260811T100012
314,False,UNKNOWN,,2026-08-07,42.921308,Sentinel-2_L2A,"Sentinel-2 observation available but obscured by cloud cover (best: 42.9%, threshold: 30.0%)",S2A_MSIL2A_20260811T045241_R076_T45QVG_20260811T100012
315,False,UNKNOWN,,2026-08-07,56.504446,Sentinel-2_L2A,"Sentinel-2 observation available but obscured by cloud cover (best: 56.5%, threshold: 30.0%)",S2C_MSIL2A_20260812T045701_R119_T44QPM_20260812T100317
316,False,UNKNOWN,,2026-08-07,56.504446,Sentinel-2_L2A,"Sentinel-2 observation available but obscured by cloud cover (best: 56.5%, threshold: 30.0%)",S2C_MSIL2A_20260812T045701_R119_T44QPM_20260812T100317
317,False,UNKNOWN,,2026-08-07,76.074982,Sentinel-2_L2A,"Sentinel-2 observation available but obscured by cloud cover (best: 76.1%, threshold: 30.0%)",S2C_MSIL2A_20260809T044701_R076_T45RWH_20260809T092712
318,True,SeaLake,0.4729,2026-08-12T04:57:01.025000Z,27.846348,Sentinel-2_L2A,Satellite CNN prediction: SeaLake (confidence: 0.47),S2C_MSIL2A_20260812T045701_R119_T44RQQ_20260812T100317
319,False,UNKNOWN,,2026-08-07,90.930068,Sentinel-2_L2A,"Sentinel-2 observation available but obscured by cloud cover (best: 90.9%, threshold: 30.0%)",S2C_MSIL2A_20260808T051651_R062_T44RLQ_20260808T101010
320,False,UNKNOWN,,2026-08-07,77.690399,Sentinel-2_L2A,"Sentinel-2 observation available but obscured by cloud cover (best: 77.7%, threshold: 30.0%)",S2A_MSIL2A_20260803T053251_R105_T43RFN_20260803T144710
321,False,UNKNOWN,,2026-08-07,55.004913,Sentinel-2_L2A,"Sentinel-2 observation available but obscured by cloud cover (best: 55.0%, threshold: 30.0%)",S2B_MSIL2A_20260809T053639_R005_T43QBA_20260809T091637
322,False,UNKNOWN,,2026-08-08,38.450792,Sentinel-2_L2A,"Sentinel-2 observation available but obscured by cloud cover (best: 38.5%, threshold: 30.0%)",S2C_MSIL2A_20260808T051651_R062_T44RLT_20260808T101010
323,True,SeaLake,0.9987,2026-08-10T05:06:49.024000Z,1.769387,Sentinel-2_L2A,Satellite CNN prediction: SeaLake (confidence: 1.00),S2B_MSIL2A_20260810T050649_R019_T44PKR_20260810T085431
324,True,AnnualCrop,0.7959,2026-08-10T05:06:49.024000Z,1.769387,Sentinel-2_L2A,Satellite CNN prediction: AnnualCrop (confidence: 0.80),S2B_MSIL2A_20260810T050649_R019_T44PKR_20260810T085431
325,True,SeaLake,0.8683,2026-08-10T05:06:49.024000Z,2.036197,Sentinel-2_L2A,Satellite CNN prediction: SeaLake (confidence: 0.87),S2B_MSIL2A_20260810T050649_R019_T43PHL_20260810T085431
326,False,UNKNOWN,,2026-08-08,71.444893,Sentinel-2_L2A,"Sentinel-2 observation available but obscured by cloud cover (best: 71.4%, threshold: 30.0%)",S2C_MSIL2A_20260812T045701_R119_T44PLU_20260812T093911
327,False,UNKNOWN,,2026-08-08,58.628917,Sentinel-2_L2A,"Sentinel-2 observation available but obscured by cloud cover (best: 58.6%, threshold: 30.0%)",S2A_MSIL2A_20260804T050241_R119_T44PLA_20260804T114612
328,True,SeaLake,0.9041,2026-08-10T05:06:49.024000Z,29.89291,Sentinel-2_L2A,Satellite CNN prediction: SeaLake (confidence: 0.90),S2B_MSIL2A_20260810T050649_R019_T44PLA_20260810T085431
329,True,Pasture,0.9573,2026-08-04T05:02:41.024000Z,29.531327,Sentinel-2_L2A,Satellite CNN prediction: Pasture (confidence: 0.96),S2A_MSIL2A_20260804T050241_R119_T44PLB_20260804T114612
330,True,SeaLake,0.9994,2026-08-10T05:06:49.024000Z,25.546271,Sentinel-2_L2A,Satellite CNN prediction: SeaLake (confidence: 1.00),S2B_MSIL2A_20260810T050649_R019_T44PLB_20260810T085431
331,True,AnnualCrop,0.3122,2026-08-11T04:36:59.024000Z,28.200313,Sentinel-2_L2A,Satellite CNN prediction: AnnualCrop (confidence: 0.31),S2B_MSIL2A_20260811T043659_R033_T45QVE_20260811T082821
332,False,UNKNOWN,,2026-08-08,99.138772,Sentinel-2_L2A,"Sentinel-2 observation available but obscured by cloud cover (best: 99.1%, threshold: 30.0%)",S2C_MSIL2A_20260806T043701_R033_T45QVC_20260806T094611
333,False,UNKNOWN,,2026-08-08,52.560914,Sentinel-2_L2A,"Sentinel-2 observation available but obscured by cloud cover (best: 52.6%, threshold: 30.0%)",S2C_MSIL2A_20260813T042701_R133_T46RCP_20260813T085811
334,False,UNKNOWN,,2026-08-08,75.33471,Sentinel-2_L2A,"Sentinel-2 observation available but obscured by cloud cover (best: 75.3%, threshold: 30.0%)",S2A_MSIL2A_20260803T053251_R105_T43RGM_20260803T144710
335,False,UNKNOWN,,2026-08-08,86.319155,Sentinel-2_L2A,"Sentinel-2 observation available but obscured by cloud cover (best: 86.3%, threshold: 30.0%)",S2A_MSIL2A_20260811T045241_R076_T45QUD_20260811T100012
336,False,UNKNOWN,,2026-08-08,86.319155,Sentinel-2_L2A,"Sentinel-2 observation available but obscured by cloud cover (best: 86.3%, threshold: 30.0%)",S2A_MSIL2A_20260811T045241_R076_T45QUD_20260811T100012
337,False,UNKNOWN,,2026-08-08,81.835884,Sentinel-2_L2A,"Sentinel-2 observation available but obscured by cloud cover (best: 81.8%, threshold: 30.0%)",S2A_MSIL2A_20260811T045241_R076_T45QTD_20260811T110533
338,False,UNKNOWN,,2026-08-08,74.445969,Sentinel-2_L2A,"Sentinel-2 observation available but obscured by cloud cover (best: 74.4%, threshold: 30.0%)",S2C_MSIL2A_20260809T044701_R076_T45QVD_20260809T092712
339,False,UNKNOWN,,2026-08-08,86.319155,Sentinel-2_L2A,"Sentinel-2 observation available but obscured by cloud cover (best: 86.3%, threshold: 30.0%)",S2A_MSIL2A_20260811T045241_R076_T45QUD_20260811T100012
340,False,UNKNOWN,,2026-08-08,86.319155,Sentinel-2_L2A,"Sentinel-2 observation available but obscured by cloud cover (best: 86.3%, threshold: 30.0%)",S2A_MSIL2A_20260811T045241_R076_T45QUD_20260811T100012
341,False,UNKNOWN,,2026-08-08,84.004426,Sentinel-2_L2A,"Sentinel-2 observation available but obscured by cloud cover (best: 84.0%, threshold: 30.0%)",S2A_MSIL2A_20260811T045241_R076_T45QTD_20260811T100012
342,False,UNKNOWN,,2026-08-08,86.319155,Sentinel-2_L2A,"Sentinel-2 observation available but obscured by cloud cover (best: 86.3%, threshold: 30.0%)",S2A_MSIL2A_20260811T045241_R076_T45QUD_20260811T100012
343,False,UNKNOWN,,2026-08-08,84.004426,Sentinel-2_L2A,"Sentinel-2 observation available but obscured by cloud cover (best: 84.0%, threshold: 30.0%)",S2A_MSIL2A_20260811T045241_R076_T45QTD_20260811T100012
344,False,UNKNOWN,,2026-08-08,70.55375,Sentinel-2_L2A,"Sentinel-2 observation available but obscured by cloud cover (best: 70.6%, threshold: 30.0%)",S2C_MSIL2A_20260809T044701_R076_T45QUE_20260809T092712
345,False,UNKNOWN,,2026-08-08,77.390623,Sentinel-2_L2A,"Sentinel-2 observation available but obscured by cloud cover (best: 77.4%, threshold: 30.0%)",S2B_MSIL2A_20260811T043659_R033_T45QXE_20260811T082821
346,False,UNKNOWN,,2026-08-08,42.921308,Sentinel-2_L2A,"Sentinel-2 observation available but obscured by cloud cover (best: 42.9%, threshold: 30.0%)",S2A_MSIL2A_20260811T045241_R076_T45QVG_20260811T100012
347,False,UNKNOWN,,2026-08-08,45.178264,Sentinel-2_L2A,"Sentinel-2 observation available but obscured by cloud cover (best: 45.2%, threshold: 30.0%)",S2A_MSIL2A_20260811T045241_R076_T45QWG_20260811T100012
348,False,UNKNOWN,,2026-08-08,53.696418,Sentinel-2_L2A,"Sentinel-2 observation available but obscured by cloud cover (best: 53.7%, threshold: 30.0%)",S2A_MSIL2A_20260811T045241_R076_T45QTG_20260811T100012
349,False,UNKNOWN,,2026-08-08,42.921308,Sentinel-2_L2A,"Sentinel-2 observation available but obscured by cloud cover (best: 42.9%, threshold: 30.0%)",S2A_MSIL2A_20260811T045241_R076_T45QVG_20260811T100012
350,False,UNKNOWN,,2026-08-08,42.921308,Sentinel-2_L2A,"Sentinel-2 observation available but obscured by cloud cover (best: 42.9%, threshold: 30.0%)",S2A_MSIL2A_20260811T045241_R076_T45QVG_20260811T100012
351,False,UNKNOWN,,2026-08-08,42.921308,Sentinel-2_L2A,"Sentinel-2 observation available but obscured by cloud cover (best: 42.9%, threshold: 30.0%)",S2A_MSIL2A_20260811T045241_R076_T45QVG_20260811T100012
352,False,UNKNOWN,,2026-08-08,42.921308,Sentinel-2_L2A,"Sentinel-2 observation available but obscured by cloud cover (best: 42.9%, threshold: 30.0%)",S2A_MSIL2A_20260811T045241_R076_T45QVG_20260811T100012
353,False,UNKNOWN,,2026-08-08,56.504446,Sentinel-2_L2A,"Sentinel-2 observation available but obscured by cloud cover (best: 56.5%, threshold: 30.0%)",S2C_MSIL2A_20260812T045701_R119_T44QPM_20260812T100317
354,False,UNKNOWN,,2026-08-08,56.504446,Sentinel-2_L2A,"Sentinel-2 observation available but obscured by cloud cover (best: 56.5%, threshold: 30.0%)",S2C_MSIL2A_20260812T045701_R119_T44QPM_20260812T100317
355,False,UNKNOWN,,2026-08-08,56.504446,Sentinel-2_L2A,"Sentinel-2 observation available but obscured by cloud cover (best: 56.5%, threshold: 30.0%)",S2C_MSIL2A_20260812T045701_R119_T44QPM_20260812T100317
356,False,UNKNOWN,,2026-08-08,39.614317,Sentinel-2_L2A,"Sentinel-2 observation available but obscured by cloud cover (best: 39.6%, threshold: 30.0%)",S2B_MSIL2A_20260810T050649_R019_T43PGN_20260810T085431
357,False,UNKNOWN,,2026-08-08,73.057038,Sentinel-2_L2A,"Sentinel-2 observation available but obscured by cloud cover (best: 73.1%, threshold: 30.0%)",S2B_MSIL2A_20260810T050649_R019_T43PHS_20260810T085431
358,False,UNKNOWN,,2026-08-08,72.284251,Sentinel-2_L2A,"Sentinel-2 observation available but obscured by cloud cover (best: 72.3%, threshold: 30.0%)",S2A_MSIL2A_20260810T052241_R062_T43PGS_20260810T114010
359,False,UNKNOWN,,2026-08-08,47.825363,Sentinel-2_L2A,"Sentinel-2 observation available but obscured by cloud cover (best: 47.8%, threshold: 30.0%)",S2B_MSIL2A_20260810T050649_R019_T43PGL_20260810T085431
360,False,UNKNOWN,,2026-08-08,67.801321,Sentinel-2_L2A,"Sentinel-2 observation available but obscured by cloud cover (best: 67.8%, threshold: 30.0%)",S2B_MSIL2A_20260811T043659_R033_T45QWE_20260811T082821
361,False,UNKNOWN,,2026-08-08,67.801321,Sentinel-2_L2A,"Sentinel-2 observation available but obscured by cloud cover (best: 67.8%, threshold: 30.0%)",S2B_MSIL2A_20260811T043659_R033_T45QWE_20260811T082821
362,False,UNKNOWN,,2026-08-08,31.731808,Sentinel-2_L2A,"Sentinel-2 observation available but obscured by cloud cover (best: 31.7%, threshold: 30.0%)",S2A_MSIL2A_20260811T045241_R076_T45QVF_20260811T100012
363,False,UNKNOWN,,2026-08-08,75.891227,Sentinel-2_L2A,"Sentinel-2 observation available but obscured by cloud cover (best: 75.9%, threshold: 30.0%)",S2B_MSIL2A_20260811T043659_R033_T45QWG_20260811T082821
364,False,UNKNOWN,,2026-08-08,38.306108,Sentinel-2_L2A,"Sentinel-2 observation available but obscured by cloud cover (best: 38.3%, threshold: 30.0%)",S2B_MSIL2A_20260811T043659_R033_T45QVG_20260811T082821
365,False,UNKNOWN,,2026-08-08,38.306108,Sentinel-2_L2A,"Sentinel-2 observation available but obscured by cloud cover (best: 38.3%, threshold: 30.0%)",S2B_MSIL2A_20260811T043659_R033_T45QVG_20260811T082821
366,False,UNKNOWN,,2026-08-08,95.27629,Sentinel-2_L2A,"Sentinel-2 observation available but obscured by cloud cover (best: 95.3%, threshold: 30.0%)",S2B_MSIL2A_20260809T053639_R005_T43RCK_20260809T091637
367,False,UNKNOWN,,2026-08-08,94.701135,Sentinel-2_L2A,"Sentinel-2 observation available but obscured by cloud cover (best: 94.7%, threshold: 30.0%)",S2C_MSIL2A_20260811T052641_R105_T43QCA_20260811T102712
368,False,UNKNOWN,,2026-08-08,97.922403,Sentinel-2_L2A,"Sentinel-2 observation available but obscured by cloud cover (best: 97.9%, threshold: 30.0%)",S2B_MSIL2A_20260806T052649_R105_T43QCC_20260806T091024
369,False,UNKNOWN,,2026-08-08,81.835884,Sentinel-2_L2A,"Sentinel-2 observation available but obscured by cloud cover (best: 81.8%, threshold: 30.0%)",S2A_MSIL2A_20260811T045241_R076_T45QTD_20260811T110533
370,False,UNKNOWN,,2026-08-08,79.608446,Sentinel-2_L2A,"Sentinel-2 observation available but obscured by cloud cover (best: 79.6%, threshold: 30.0%)",S2A_MSIL2A_20260809T055251_R048_T42QWL_20260809T105919
371,False,UNKNOWN,,2026-08-08,82.244349,Sentinel-2_L2A,"Sentinel-2 observation available but obscured by cloud cover (best: 82.2%, threshold: 30.0%)",S2A_MSIL2A_20260809T055251_R048_T42QXL_20260809T105919
372,True,SeaLake,0.9946,2026-08-05T05:06:51.025000Z,23.644066,Sentinel-2_L2A,Satellite CNN prediction: SeaLake (confidence: 0.99),S2C_MSIL2A_20260805T050651_R019_T43PHM_20260805T101109
373,False,UNKNOWN,,2026-08-08,72.827893,Sentinel-2_L2A,"Sentinel-2 observation available but obscured by cloud cover (best: 72.8%, threshold: 30.0%)",S2B_MSIL2A_20260810T050649_R019_T43PGP_20260810T085431
374,False,UNKNOWN,,2026-08-08,49.786079,Sentinel-2_L2A,"Sentinel-2 observation available but obscured by cloud cover (best: 49.8%, threshold: 30.0%)",S2C_MSIL2A_20260808T051651_R062_T43PDQ_20260808T100810
375,False,UNKNOWN,,2026-08-08,64.193034,Sentinel-2_L2A,"Sentinel-2 observation available but obscured by cloud cover (best: 64.2%, threshold: 30.0%)",S2A_MSIL2A_20260810T052241_R062_T43PFS_20260810T114010
376,False,UNKNOWN,,2026-08-08,69.692904,Sentinel-2_L2A,"Sentinel-2 observation available but obscured by cloud cover (best: 69.7%, threshold: 30.0%)",S2C_MSIL2A_20260811T052641_R105_T43QDU_20260811T102712
377,True,HerbaceousVegetation,0.9755,2026-08-10T04:15:51.025000Z,27.189726,Sentinel-2_L2A,Satellite CNN prediction: HerbaceousVegetation (confidence: 0.98),S2C_MSIL2A_20260810T041551_R090_T46RGS_20260810T071116
378,True,HerbaceousVegetation,0.3807,2026-08-10T04:15:51.025000Z,27.189726,Sentinel-2_L2A,Satellite CNN prediction: HerbaceousVegetation (confidence: 0.38),S2C_MSIL2A_20260810T041551_R090_T46RGS_20260810T071116
379,True,HerbaceousVegetation,0.361,2026-08-07T04:05:41.025000Z,5.602829,Sentinel-2_L2A,Satellite CNN prediction: HerbaceousVegetation (confidence: 0.36),S2C_MSIL2A_20260807T040541_R047_T46RGR_20260807T074154
380,True,SeaLake,0.363,2026-08-07T04:05:41.025000Z,5.602829,Sentinel-2_L2A,Satellite CNN prediction: SeaLake (confidence: 0.36),S2C_MSIL2A_20260807T040541_R047_T46RGR_20260807T074154
381,True,SeaLake,0.998,2026-08-10T05:06:49.024000Z,3.189906,Sentinel-2_L2A,Satellite CNN prediction: SeaLake (confidence: 1.00),S2B_MSIL2A_20260810T050649_R019_T43PHK_20260810T085431
382,True,SeaLake,0.8154,2026-08-10T05:06:49.024000Z,3.189906,Sentinel-2_L2A,Satellite CNN prediction: SeaLake (confidence: 0.82),S2B_MSIL2A_20260810T050649_R019_T43PHK_20260810T085431
383,True,SeaLake,0.5754,2026-08-10T05:06:49.024000Z,3.189906,Sentinel-2_L2A,Satellite CNN prediction: SeaLake (confidence: 0.58),S2B_MSIL2A_20260810T050649_R019_T43PHK_20260810T085431
384,False,UNKNOWN,,2026-08-09,30.837992,Sentinel-2_L2A,"Sentinel-2 observation available but obscured by cloud cover (best: 30.8%, threshold: 30.0%)",S2B_MSIL2A_20260810T050649_R019_T43PGK_20260810T085431
385,True,SeaLake,0.9854,2026-08-10T05:06:49.024000Z,2.036197,Sentinel-2_L2A,Satellite CNN prediction: SeaLake (confidence: 0.99),S2B_MSIL2A_20260810T050649_R019_T43PHL_20260810T085431
386,True,SeaLake,0.997,2026-08-10T05:06:49.024000Z,1.769387,Sentinel-2_L2A,Satellite CNN prediction: SeaLake (confidence: 1.00),S2B_MSIL2A_20260810T050649_R019_T44PKR_20260810T085431
387,False,UNKNOWN,,2026-08-09,47.825363,Sentinel-2_L2A,"Sentinel-2 observation available but obscured by cloud cover (best: 47.8%, threshold: 30.0%)",S2B_MSIL2A_20260810T050649_R019_T43PGL_20260810T085431
388,True,SeaLake,0.4309,2026-08-10T05:06:49.024000Z,1.769387,Sentinel-2_L2A,Satellite CNN prediction: SeaLake (confidence: 0.43),S2B_MSIL2A_20260810T050649_R019_T44PKR_20260810T085431
389,True,SeaLake,0.9934,2026-08-10T05:06:49.024000Z,1.769387,Sentinel-2_L2A,Satellite CNN prediction: SeaLake (confidence: 0.99),S2B_MSIL2A_20260810T050649_R019_T44PKR_20260810T085431
390,False,UNKNOWN,,2026-08-09,47.825363,Sentinel-2_L2A,"Sentinel-2 observation available but obscured by cloud cover (best: 47.8%, threshold: 30.0%)",S2B_MSIL2A_20260810T050649_R019_T43PGL_20260810T085431
391,True,SeaLake,0.9871,2026-08-10T05:06:49.024000Z,1.769387,Sentinel-2_L2A,Satellite CNN prediction: SeaLake (confidence: 0.99),S2B_MSIL2A_20260810T050649_R019_T44PKR_20260810T085431
392,True,SeaLake,0.9567,2026-08-10T05:06:49.024000Z,1.769387,Sentinel-2_L2A,Satellite CNN prediction: SeaLake (confidence: 0.96),S2B_MSIL2A_20260810T050649_R019_T44PKR_20260810T085431
393,True,SeaLake,0.99,2026-08-10T05:06:49.024000Z,2.036197,Sentinel-2_L2A,Satellite CNN prediction: SeaLake (confidence: 0.99),S2B_MSIL2A_20260810T050649_R019_T43PHL_20260810T085431
394,False,UNKNOWN,,2026-08-09,67.53056,Sentinel-2_L2A,"Sentinel-2 observation available but obscured by cloud cover (best: 67.5%, threshold: 30.0%)",S2C_MSIL2A_20260805T050651_R019_T43PHN_20260805T101109
395,False,UNKNOWN,,2026-08-09,89.027309,Sentinel-2_L2A,"Sentinel-2 observation available but obscured by cloud cover (best: 89.0%, threshold: 30.0%)",S2C_MSIL2A_20260812T045701_R119_T44PKT_20260812T093911
396,False,UNKNOWN,,2026-08-09,55.91892,Sentinel-2_L2A,"Sentinel-2 observation available but obscured by cloud cover (best: 55.9%, threshold: 30.0%)",S2B_MSIL2A_20260810T050649_R019_T43PHP_20260810T085431
397,False,UNKNOWN,,2026-08-09,60.73606,Sentinel-2_L2A,"Sentinel-2 observation available but obscured by cloud cover (best: 60.7%, threshold: 30.0%)",S2B_MSIL2A_20260810T050649_R019_T44PKU_20260810T085431
398,False,UNKNOWN,,2026-08-09,31.731808,Sentinel-2_L2A,"Sentinel-2 observation available but obscured by cloud cover (best: 31.7%, threshold: 30.0%)",S2A_MSIL2A_20260811T045241_R076_T45QVF_20260811T100012
399,False,UNKNOWN,,2026-08-09,47.825363,Sentinel-2_L2A,"Sentinel-2 observation available but obscured by cloud cover (best: 47.8%, threshold: 30.0%)",S2B_MSIL2A_20260810T050649_R019_T43PGL_20260810T085431
400,True,SeaLake,0.973,2026-08-10T05:06:49.024000Z,2.036197,Sentinel-2_L2A,Satellite CNN prediction: SeaLake (confidence: 0.97),S2B_MSIL2A_20260810T050649_R019_T43PHL_20260810T085431
401,False,UNKNOWN,,2026-08-09,67.53056,Sentinel-2_L2A,"Sentinel-2 observation available but obscured by cloud cover (best: 67.5%, threshold: 30.0%)",S2C_MSIL2A_20260805T050651_R019_T43PHN_20260805T101109
402,False,UNKNOWN,,2026-08-09,67.53056,Sentinel-2_L2A,"Sentinel-2 observation available but obscured by cloud cover (best: 67.5%, threshold: 30.0%)",S2C_MSIL2A_20260805T050651_R019_T43PHN_20260805T101109
403,False,UNKNOWN,,2026-08-09,72.827893,Sentinel-2_L2A,"Sentinel-2 observation available but obscured by cloud cover (best: 72.8%, threshold: 30.0%)",S2B_MSIL2A_20260810T050649_R019_T43PGP_20260810T085431
404,False,UNKNOWN,,2026-08-09,71.756548,Sentinel-2_L2A,"Sentinel-2 observation available but obscured by cloud cover (best: 71.8%, threshold: 30.0%)",S2A_MSIL2A_20260810T052241_R062_T43PFQ_20260810T114010
405,False,UNKNOWN,,2026-08-09,58.764118,Sentinel-2_L2A,"Sentinel-2 observation available but obscured by cloud cover (best: 58.8%, threshold: 30.0%)",S2C_MSIL2A_20260812T045701_R119_T44PLV_20260812T093911
406,False,UNKNOWN,,2026-08-09,64.822149,Sentinel-2_L2A,"Sentinel-2 observation available but obscured by cloud cover (best: 64.8%, threshold: 30.0%)",S2A_MSIL2A_20260810T052241_R062_T43PFR_20260810T114010
407,True,Forest,0.8711,2026-08-09T05:52:51.024000Z,3.510178,Sentinel-2_L2A,Satellite CNN prediction: Forest (confidence: 0.87),S2A_MSIL2A_20260809T055251_R048_T42RXP_20260809T105919
408,False,UNKNOWN,,2026-08-09,46.016714,Sentinel-2_L2A,"Sentinel-2 observation available but obscured by cloud cover (best: 46.0%, threshold: 30.0%)",S2C_MSIL2A_20260814T053641_R005_T43RCM_20260814T101317
409,False,UNKNOWN,,2026-08-09,41.165724,Sentinel-2_L2A,"Sentinel-2 observation available but obscured by cloud cover (best: 41.2%, threshold: 30.0%)",S2C_MSIL2A_20260807T040541_R047_T46RGR_20260807T070013
410,False,UNKNOWN,,2026-08-09,62.102783,Sentinel-2_L2A,"Sentinel-2 observation available but obscured by cloud cover (best: 62.1%, threshold: 30.0%)",S2B_MSIL2A_20260811T043659_R033_T45QXF_20260811T082821
411,False,UNKNOWN,,2026-08-09,31.731808,Sentinel-2_L2A,"Sentinel-2 observation available but obscured by cloud cover (best: 31.7%, threshold: 30.0%)",S2A_MSIL2A_20260811T045241_R076_T45QVF_20260811T100012
412,False,UNKNOWN,,2026-08-09,56.202364,Sentinel-2_L2A,"Sentinel-2 observation available but obscured by cloud cover (best: 56.2%, threshold: 30.0%)",S2B_MSIL2A_20260811T043659_R033_T45QWF_20260811T082821
413,False,UNKNOWN,,2026-08-09,38.306108,Sentinel-2_L2A,"Sentinel-2 observation available but obscured by cloud cover (best: 38.3%, threshold: 30.0%)",S2B_MSIL2A_20260811T043659_R033_T45QVG_20260811T082821
414,False,UNKNOWN,,2026-08-09,35.571855,Sentinel-2_L2A,"Sentinel-2 observation available but obscured by cloud cover (best: 35.6%, threshold: 30.0%)",S2A_MSIL2A_20260811T045241_R076_T45QUG_20260811T100012
415,False,UNKNOWN,,2026-08-09,42.921308,Sentinel-2_L2A,"Sentinel-2 observation available but obscured by cloud cover (best: 42.9%, threshold: 30.0%)",S2A_MSIL2A_20260811T045241_R076_T45QVG_20260811T100012
416,False,UNKNOWN,,2026-08-09,42.921308,Sentinel-2_L2A,"Sentinel-2 observation available but obscured by cloud cover (best: 42.9%, threshold: 30.0%)",S2A_MSIL2A_20260811T045241_R076_T45QVG_20260811T100012
417,False,UNKNOWN,,2026-08-09,35.571855,Sentinel-2_L2A,"Sentinel-2 observation available but obscured by cloud cover (best: 35.6%, threshold: 30.0%)",S2A_MSIL2A_20260811T045241_R076_T45QUG_20260811T100012
418,True,AnnualCrop,0.2363,2026-08-10T04:15:51.025000Z,20.591527,Sentinel-2_L2A,Satellite CNN prediction: AnnualCrop (confidence: 0.24),S2C_MSIL2A_20260810T041551_R090_T46RGR_20260810T071116
419,False,UNKNOWN,,2026-08-09,77.395684,Sentinel-2_L2A,"Sentinel-2 observation available but obscured by cloud cover (best: 77.4%, threshold: 30.0%)",S2C_MSIL2A_20260812T045701_R119_T44QRK_20260812T100317
420,False,UNKNOWN,,2026-08-09,64.946741,Sentinel-2_L2A,"Sentinel-2 observation available but obscured by cloud cover (best: 64.9%, threshold: 30.0%)",S2C_MSIL2A_20260812T045701_R119_T44QQK_20260812T100317
421,False,UNKNOWN,,2026-08-09,64.946741,Sentinel-2_L2A,"Sentinel-2 observation available but obscured by cloud cover (best: 64.9%, threshold: 30.0%)",S2C_MSIL2A_20260812T045701_R119_T44QQK_20260812T100317
422,False,UNKNOWN,,2026-08-09,60.280496,Sentinel-2_L2A,"Sentinel-2 observation available but obscured by cloud cover (best: 60.3%, threshold: 30.0%)",S2C_MSIL2A_20260812T045701_R119_T44QPK_20260812T100317
423,False,UNKNOWN,,2026-08-09,64.946741,Sentinel-2_L2A,"Sentinel-2 observation available but obscured by cloud cover (best: 64.9%, threshold: 30.0%)",S2C_MSIL2A_20260812T045701_R119_T44QQK_20260812T100317
424,False,UNKNOWN,,2026-08-09,92.838264,Sentinel-2_L2A,"Sentinel-2 observation available but obscured by cloud cover (best: 92.8%, threshold: 30.0%)",S2B_MSIL2A_20260804T044659_R076_T44QRK_20260804T082913
425,False,UNKNOWN,,2026-08-09,100.0,Sentinel-2_L2A,"Sentinel-2 observation available but obscured by cloud cover (best: 100.0%, threshold: 30.0%)",S2C_MSIL2A_20260811T052641_R105_T43RFM_20260811T102712
426,False,UNKNOWN,,2026-08-09,64.193034,Sentinel-2_L2A,"Sentinel-2 observation available but obscured by cloud cover (best: 64.2%, threshold: 30.0%)",S2A_MSIL2A_20260810T052241_R062_T43PFS_20260810T114010
427,False,UNKNOWN,,2026-08-09,64.193034,Sentinel-2_L2A,"Sentinel-2 observation available but obscured by cloud cover (best: 64.2%, threshold: 30.0%)",S2A_MSIL2A_20260810T052241_R062_T43PFS_20260810T114010
428,False,UNKNOWN,,2026-08-09,64.193034,Sentinel-2_L2A,"Sentinel-2 observation available but obscured by cloud cover (best: 64.2%, threshold: 30.0%)",S2A_MSIL2A_20260810T052241_R062_T43PFS_20260810T114010
429,False,UNKNOWN,,2026-08-09,64.193034,Sentinel-2_L2A,"Sentinel-2 observation available but obscured by cloud cover (best: 64.2%, threshold: 30.0%)",S2A_MSIL2A_20260810T052241_R062_T43PFS_20260810T114010
430,False,UNKNOWN,,2026-08-09,69.692904,Sentinel-2_L2A,"Sentinel-2 observation available but obscured by cloud cover (best: 69.7%, threshold: 30.0%)",S2C_MSIL2A_20260811T052641_R105_T43QDU_20260811T102712
431,False,UNKNOWN,,2026-08-09,60.455221,Sentinel-2_L2A,"Sentinel-2 observation available but obscured by cloud cover (best: 60.5%, threshold: 30.0%)",S2A_MSIL2A_20260810T052241_R062_T43QGU_20260810T114010
432,False,UNKNOWN,,2026-08-09,45.250893,Sentinel-2_L2A,"Sentinel-2 observation available but obscured by cloud cover (best: 45.3%, threshold: 30.0%)",S2A_MSIL2A_20260810T052241_R062_T43QGV_20260810T114010
433,False,UNKNOWN,,2026-08-09,64.365321,Sentinel-2_L2A,"Sentinel-2 observation available but obscured by cloud cover (best: 64.4%, threshold: 30.0%)",S2B_MSIL2A_20260810T050649_R019_T44QNJ_20260810T085257
434,False,UNKNOWN,,2026-08-09,86.912179,Sentinel-2_L2A,"Sentinel-2 observation available but obscured by cloud cover (best: 86.9%, threshold: 30.0%)",S2C_MSIL2A_20260812T045701_R119_T44QNJ_20260812T100317
435,False,UNKNOWN,,2026-08-09,86.912179,Sentinel-2_L2A,"Sentinel-2 observation available but obscured by cloud cover (best: 86.9%, threshold: 30.0%)",S2C_MSIL2A_20260812T045701_R119_T44QNJ_20260812T100317
436,False,UNKNOWN,,2026-08-09,64.365321,Sentinel-2_L2A,"Sentinel-2 observation available but obscured by cloud cover (best: 64.4%, threshold: 30.0%)",S2B_MSIL2A_20260810T050649_R019_T44QNJ_20260810T085257
437,False,UNKNOWN,,2026-08-09,86.912179,Sentinel-2_L2A,"Sentinel-2 observation available but obscured by cloud cover (best: 86.9%, threshold: 30.0%)",S2C_MSIL2A_20260812T045701_R119_T44QNJ_20260812T100317
438,False,UNKNOWN,,2026-08-09,86.912179,Sentinel-2_L2A,"Sentinel-2 observation available but obscured by cloud cover (best: 86.9%, threshold: 30.0%)",S2C_MSIL2A_20260812T045701_R119_T44QNJ_20260812T100317
439,False,UNKNOWN,,2026-08-09,86.912179,Sentinel-2_L2A,"Sentinel-2 observation available but obscured by cloud cover (best: 86.9%, threshold: 30.0%)",S2C_MSIL2A_20260812T045701_R119_T44QNJ_20260812T100317
440,False,UNKNOWN,,2026-08-09,86.912179,Sentinel-2_L2A,"Sentinel-2 observation available but obscured by cloud cover (best: 86.9%, threshold: 30.0%)",S2C_MSIL2A_20260812T045701_R119_T44QNJ_20260812T100317
441,False,UNKNOWN,,2026-08-09,55.425137,Sentinel-2_L2A,"Sentinel-2 observation available but obscured by cloud cover (best: 55.4%, threshold: 30.0%)",S2C_MSIL2A_20260812T045701_R119_T44QPJ_20260812T100317
442,False,UNKNOWN,,2026-08-09,77.395684,Sentinel-2_L2A,"Sentinel-2 observation available but obscured by cloud cover (best: 77.4%, threshold: 30.0%)",S2C_MSIL2A_20260812T045701_R119_T44QRK_20260812T100317
443,False,UNKNOWN,,2026-08-09,60.280496,Sentinel-2_L2A,"Sentinel-2 observation available but obscured by cloud cover (best: 60.3%, threshold: 30.0%)",S2C_MSIL2A_20260812T045701_R119_T44QPK_20260812T100317
444,False,UNKNOWN,,2026-08-09,64.946741,Sentinel-2_L2A,"Sentinel-2 observation available but obscured by cloud cover (best: 64.9%, threshold: 30.0%)",S2C_MSIL2A_20260812T045701_R119_T44QQK_20260812T100317
445,False,UNKNOWN,,2026-08-09,64.946741,Sentinel-2_L2A,"Sentinel-2 observation available but obscured by cloud cover (best: 64.9%, threshold: 30.0%)",S2C_MSIL2A_20260812T045701_R119_T44QQK_20260812T100317
446,False,UNKNOWN,,2026-08-09,64.946741,Sentinel-2_L2A,"Sentinel-2 observation available but obscured by cloud cover (best: 64.9%, threshold: 30.0%)",S2C_MSIL2A_20260812T045701_R119_T44QQK_20260812T100317
447,False,UNKNOWN,,2026-08-09,64.946741,Sentinel-2_L2A,"Sentinel-2 observation available but obscured by cloud cover (best: 64.9%, threshold: 30.0%)",S2C_MSIL2A_20260812T045701_R119_T44QQK_20260812T100317
448,False,UNKNOWN,,2026-08-09,64.946741,Sentinel-2_L2A,"Sentinel-2 observation available but obscured by cloud cover (best: 64.9%, threshold: 30.0%)",S2C_MSIL2A_20260812T045701_R119_T44QQK_20260812T100317
449,False,UNKNOWN,,2026-08-09,64.946741,Sentinel-2_L2A,"Sentinel-2 observation available but obscured by cloud cover (best: 64.9%, threshold: 30.0%)",S2C_MSIL2A_20260812T045701_R119_T44QQK_20260812T100317
450,False,UNKNOWN,,2026-08-09,60.280496,Sentinel-2_L2A,"Sentinel-2 observation available but obscured by cloud cover (best: 60.3%, threshold: 30.0%)",S2C_MSIL2A_20260812T045701_R119_T44QPK_20260812T100317
451,False,UNKNOWN,,2026-08-09,35.571855,Sentinel-2_L2A,"Sentinel-2 observation available but obscured by cloud cover (best: 35.6%, threshold: 30.0%)",S2A_MSIL2A_20260811T045241_R076_T45QUG_20260811T100012
452,False,UNKNOWN,,2026-08-09,35.571855,Sentinel-2_L2A,"Sentinel-2 observation available but obscured by cloud cover (best: 35.6%, threshold: 30.0%)",S2A_MSIL2A_20260811T045241_R076_T45QUG_20260811T100012
453,True,SeaLake,0.2909,2026-08-12T04:57:01.025000Z,22.915548,Sentinel-2_L2A,Satellite CNN prediction: SeaLake (confidence: 0.29),S2C_MSIL2A_20260812T045701_R119_T44RQN_20260812T100317
454,True,SeaLake,0.991,2026-08-10T05:06:49.024000Z,2.036197,Sentinel-2_L2A,Satellite CNN prediction: SeaLake (confidence: 0.99),S2B_MSIL2A_20260810T050649_R019_T43PHL_20260810T085431
455,False,UNKNOWN,,2026-08-09,47.825363,Sentinel-2_L2A,"Sentinel-2 observation available but obscured by cloud cover (best: 47.8%, threshold: 30.0%)",S2B_MSIL2A_20260810T050649_R019_T43PGL_20260810T085431
456,True,SeaLake,0.9711,2026-08-05T05:06:51.025000Z,23.644066,Sentinel-2_L2A,Satellite CNN prediction: SeaLake (confidence: 0.97),S2C_MSIL2A_20260805T050651_R019_T43PHM_20260805T101109
457,False,UNKNOWN,,2026-08-09,38.058025,Sentinel-2_L2A,"Sentinel-2 observation available but obscured by cloud cover (best: 38.1%, threshold: 30.0%)",S2C_MSIL2A_20260805T050651_R019_T43PGM_20260805T101109
458,False,UNKNOWN,,2026-08-09,55.91892,Sentinel-2_L2A,"Sentinel-2 observation available but obscured by cloud cover (best: 55.9%, threshold: 30.0%)",S2B_MSIL2A_20260810T050649_R019_T43PHP_20260810T085431
459,False,UNKNOWN,,2026-08-09,60.73606,Sentinel-2_L2A,"Sentinel-2 observation available but obscured by cloud cover (best: 60.7%, threshold: 30.0%)",S2B_MSIL2A_20260810T050649_R019_T44PKU_20260810T085431
460,False,UNKNOWN,,2026-08-09,59.606689,Sentinel-2_L2A,"Sentinel-2 observation available but obscured by cloud cover (best: 59.6%, threshold: 30.0%)",S2B_MSIL2A_20260810T050649_R019_T43PGQ_20260810T085431
461,False,UNKNOWN,,2026-08-09,59.606689,Sentinel-2_L2A,"Sentinel-2 observation available but obscured by cloud cover (best: 59.6%, threshold: 30.0%)",S2B_MSIL2A_20260810T050649_R019_T43PGQ_20260810T085431
462,False,UNKNOWN,,2026-08-09,30.023083,Sentinel-2_L2A,"Sentinel-2 observation available but obscured by cloud cover (best: 30.0%, threshold: 30.0%)",S2B_MSIL2A_20260810T050649_R019_T44PKV_20260810T085431
463,False,UNKNOWN,,2026-08-09,58.764118,Sentinel-2_L2A,"Sentinel-2 observation available but obscured by cloud cover (best: 58.8%, threshold: 30.0%)",S2C_MSIL2A_20260812T045701_R119_T44PLV_20260812T093911
464,False,UNKNOWN,,2026-08-09,59.508967,Sentinel-2_L2A,"Sentinel-2 observation available but obscured by cloud cover (best: 59.5%, threshold: 30.0%)",S2B_MSIL2A_20260810T050649_R019_T44QLH_20260810T085257
465,False,UNKNOWN,,2026-08-09,39.039436,Sentinel-2_L2A,"Sentinel-2 observation available but obscured by cloud cover (best: 39.0%, threshold: 30.0%)",S2C_MSIL2A_20260811T052641_R105_T43SGT_20260811T102712
466,False,UNKNOWN,,2026-08-09,99.965417,Sentinel-2_L2A,"Sentinel-2 observation available but obscured by cloud cover (best: 100.0%, threshold: 30.0%)",S2C_MSIL2A_20260811T052641_R105_T43RFN_20260811T102712
467,True,HerbaceousVegetation,0.964,2026-08-10T05:06:49.024000Z,19.481204,Sentinel-2_L2A,Satellite CNN prediction: HerbaceousVegetation (confidence: 0.96),S2B_MSIL2A_20260810T050649_R019_T43QHB_20260810T085257
468,False,UNKNOWN,,2026-08-09,59.508967,Sentinel-2_L2A,"Sentinel-2 observation available but obscured by cloud cover (best: 59.5%, threshold: 30.0%)",S2B_MSIL2A_20260810T050649_R019_T44QLH_20260810T085257
469,False,UNKNOWN,,2026-08-09,78.422302,Sentinel-2_L2A,"Sentinel-2 observation available but obscured by cloud cover (best: 78.4%, threshold: 30.0%)",S2C_MSIL2A_20260804T053641_R005_T42QZJ_20260804T102016
470,False,UNKNOWN,,2026-08-09,96.112341,Sentinel-2_L2A,"Sentinel-2 observation available but obscured by cloud cover (best: 96.1%, threshold: 30.0%)",S2C_MSIL2A_20260807T054641_R048_T42QWK_20260807T085410
471,False,UNKNOWN,,2026-08-09,96.112341,Sentinel-2_L2A,"Sentinel-2 observation available but obscured by cloud cover (best: 96.1%, threshold: 30.0%)",S2C_MSIL2A_20260807T054641_R048_T42QWK_20260807T085410
472,False,UNKNOWN,,2026-08-09,79.608446,Sentinel-2_L2A,"Sentinel-2 observation available but obscured by cloud cover (best: 79.6%, threshold: 30.0%)",S2A_MSIL2A_20260809T055251_R048_T42QWL_20260809T105919
473,False,UNKNOWN,,2026-08-09,79.608446,Sentinel-2_L2A,"Sentinel-2 observation available but obscured by cloud cover (best: 79.6%, threshold: 30.0%)",S2A_MSIL2A_20260809T055251_R048_T42QWL_20260809T105919
474,False,UNKNOWN,,2026-08-09,62.425739,Sentinel-2_L2A,"Sentinel-2 observation available but obscured by cloud cover (best: 62.4%, threshold: 30.0%)",S2C_MSIL2A_20260810T055631_R091_T42QVL_20260810T090514
475,False,UNKNOWN,,2026-08-09,67.53056,Sentinel-2_L2A,"Sentinel-2 observation available but obscured by cloud cover (best: 67.5%, threshold: 30.0%)",S2C_MSIL2A_20260805T050651_R019_T43PHN_20260805T101109
476,False,UNKNOWN,,2026-08-09,73.057038,Sentinel-2_L2A,"Sentinel-2 observation available but obscured by cloud cover (best: 73.1%, threshold: 30.0%)",S2B_MSIL2A_20260810T050649_R019_T43PHS_20260810T085431
477,False,UNKNOWN,,2026-08-09,64.193034,Sentinel-2_L2A,"Sentinel-2 observation available but obscured by cloud cover (best: 64.2%, threshold: 30.0%)",S2A_MSIL2A_20260810T052241_R062_T43PFS_20260810T114010
478,True,AnnualCrop,0.4408,2026-08-10T05:06:49.024000Z,16.853811,Sentinel-2_L2A,Satellite CNN prediction: AnnualCrop (confidence: 0.44),S2B_MSIL2A_20260810T050649_R019_T43QHV_20260810T085257
479,False,UNKNOWN,,2026-08-10,67.801321,Sentinel-2_L2A,"Sentinel-2 observation available but obscured by cloud cover (best: 67.8%, threshold: 30.0%)",S2B_MSIL2A_20260811T043659_R033_T45QWE_20260811T082821
480,True,SeaLake,0.9939,2026-08-10T05:06:49.024000Z,1.769387,Sentinel-2_L2A,Satellite CNN prediction: SeaLake (confidence: 0.99),S2B_MSIL2A_20260810T050649_R019_T44PKR_20260810T085431
481,True,SeaLake,0.9986,2026-08-10T05:06:49.024000Z,2.036197,Sentinel-2_L2A,Satellite CNN prediction: SeaLake (confidence: 1.00),S2B_MSIL2A_20260810T050649_R019_T43PHL_20260810T085431
482,True,PermanentCrop,0.9167,2026-08-10T05:06:49.024000Z,1.769387,Sentinel-2_L2A,Satellite CNN prediction: PermanentCrop (confidence: 0.92),S2B_MSIL2A_20260810T050649_R019_T44PKR_20260810T085431
483,False,UNKNOWN,,2026-08-10,44.72886,Sentinel-2_L2A,"Sentinel-2 observation available but obscured by cloud cover (best: 44.7%, threshold: 30.0%)",S2C_MSIL2A_20260812T045701_R119_T44PKR_20260812T093911
484,True,SeaLake,0.9808,2026-08-10T05:06:49.024000Z,1.769387,Sentinel-2_L2A,Satellite CNN prediction: SeaLake (confidence: 0.98),S2B_MSIL2A_20260810T050649_R019_T44PKR_20260810T085431
485,False,UNKNOWN,,2026-08-10,38.058025,Sentinel-2_L2A,"Sentinel-2 observation available but obscured by cloud cover (best: 38.1%, threshold: 30.0%)",S2C_MSIL2A_20260805T050651_R019_T43PGM_20260805T101109
486,False,UNKNOWN,,2026-08-10,38.058025,Sentinel-2_L2A,"Sentinel-2 observation available but obscured by cloud cover (best: 38.1%, threshold: 30.0%)",S2C_MSIL2A_20260805T050651_R019_T43PGM_20260805T101109
487,True,River,0.4871,2026-08-12T04:57:01.025000Z,12.857196,Sentinel-2_L2A,Satellite CNN prediction: River (confidence: 0.49),S2C_MSIL2A_20260812T045701_R119_T44PKS_20260812T093911
488,True,HerbaceousVegetation,0.3735,2026-08-12T04:57:01.025000Z,8.703873,Sentinel-2_L2A,Satellite CNN prediction: HerbaceousVegetation (confidence: 0.37),S2C_MSIL2A_20260812T045701_R119_T44PLS_20260812T093911
489,False,UNKNOWN,,2026-08-10,60.73606,Sentinel-2_L2A,"Sentinel-2 observation available but obscured by cloud cover (best: 60.7%, threshold: 30.0%)",S2B_MSIL2A_20260810T050649_R019_T44PKU_20260810T085431
490,False,UNKNOWN,,2026-08-10,60.73606,Sentinel-2_L2A,"Sentinel-2 observation available but obscured by cloud cover (best: 60.7%, threshold: 30.0%)",S2B_MSIL2A_20260810T050649_R019_T44PKU_20260810T085431
491,True,PermanentCrop,0.9902,2026-08-10T05:06:49.024000Z,15.393238,Sentinel-2_L2A,Satellite CNN prediction: PermanentCrop (confidence: 0.99),S2B_MSIL2A_20260810T050649_R019_T44PLV_20260810T085431
492,False,UNKNOWN,,2026-08-10,84.935474,Sentinel-2_L2A,"Sentinel-2 observation available but obscured by cloud cover (best: 84.9%, threshold: 30.0%)",S2C_MSIL2A_20260812T045701_R119_T44PLA_20260812T093911
493,False,UNKNOWN,,2026-08-10,84.935474,Sentinel-2_L2A,"Sentinel-2 observation available but obscured by cloud cover (best: 84.9%, threshold: 30.0%)",S2C_MSIL2A_20260812T045701_R119_T44PLA_20260812T093911
494,True,SeaLake,0.9904,2026-08-10T05:06:49.024000Z,29.89291,Sentinel-2_L2A,Satellite CNN prediction: SeaLake (confidence: 0.99),S2B_MSIL2A_20260810T050649_R019_T44PLA_20260810T085431
495,False,UNKNOWN,,2026-08-10,84.935474,Sentinel-2_L2A,"Sentinel-2 observation available but obscured by cloud cover (best: 84.9%, threshold: 30.0%)",S2C_MSIL2A_20260812T045701_R119_T44PLA_20260812T093911
496,True,SeaLake,0.9711,2026-08-10T05:06:49.024000Z,29.89291,Sentinel-2_L2A,Satellite CNN prediction: SeaLake (confidence: 0.97),S2B_MSIL2A_20260810T050649_R019_T44PLA_20260810T085431
497,True,SeaLake,0.9943,2026-08-10T05:06:49.024000Z,29.89291,Sentinel-2_L2A,Satellite CNN prediction: SeaLake (confidence: 0.99),S2B_MSIL2A_20260810T050649_R019_T44PLA_20260810T085431
498,False,UNKNOWN,,2026-08-10,38.372225,Sentinel-2_L2A,"Sentinel-2 observation available but obscured by cloud cover (best: 38.4%, threshold: 30.0%)",S2B_MSIL2A_20260810T050649_R019_T43PHR_20260810T085431
499,True,SeaLake,0.9908,2026-08-10T05:06:49.024000Z,25.546271,Sentinel-2_L2A,Satellite CNN prediction: SeaLake (confidence: 0.99),S2B_MSIL2A_20260810T050649_R019_T44PLB_20260810T085431
500,True,SeaLake,0.9675,2026-08-10T05:06:49.024000Z,25.546271,Sentinel-2_L2A,Satellite CNN prediction: SeaLake (confidence: 0.97),S2B_MSIL2A_20260810T050649_R019_T44PLB_20260810T085431
501,True,SeaLake,0.9748,2026-08-10T05:06:49.024000Z,25.546271,Sentinel-2_L2A,Satellite CNN prediction: SeaLake (confidence: 0.97),S2B_MSIL2A_20260810T050649_R019_T44PLB_20260810T085431
502,True,SeaLake,0.9993,2026-08-10T05:06:49.024000Z,25.546271,Sentinel-2_L2A,Satellite CNN prediction: SeaLake (confidence: 1.00),S2B_MSIL2A_20260810T050649_R019_T44PLB_20260810T085431
503,True,SeaLake,0.9975,2026-08-10T05:06:49.024000Z,25.546271,Sentinel-2_L2A,Satellite CNN prediction: SeaLake (confidence: 1.00),S2B_MSIL2A_20260810T050649_R019_T44PLB_20260810T085431
504,False,UNKNOWN,,2026-08-10,81.54397,Sentinel-2_L2A,"Sentinel-2 observation available but obscured by cloud cover (best: 81.5%, threshold: 30.0%)",S2C_MSIL2A_20260812T045701_R119_T44PLB_20260812T093911
505,False,UNKNOWN,,2026-08-10,38.296723,Sentinel-2_L2A,"Sentinel-2 observation available but obscured by cloud cover (best: 38.3%, threshold: 30.0%)",S2B_MSIL2A_20260810T050649_R019_T44PLB_20260810T085257
506,False,UNKNOWN,,2026-08-10,38.296723,Sentinel-2_L2A,"Sentinel-2 observation available but obscured by cloud cover (best: 38.3%, threshold: 30.0%)",S2B_MSIL2A_20260810T050649_R019_T44PLB_20260810T085257
507,False,UNKNOWN,,2026-08-10,49.962661,Sentinel-2_L2A,"Sentinel-2 observation available but obscured by cloud cover (best: 50.0%, threshold: 30.0%)",S2B_MSIL2A_20260810T050649_R019_T44PKC_20260810T085431
508,False,UNKNOWN,,2026-08-10,97.015661,Sentinel-2_L2A,"Sentinel-2 observation available but obscured by cloud cover (best: 97.0%, threshold: 30.0%)",S2B_MSIL2A_20260807T045659_R119_T44PMC_20260807T084539
509,False,UNKNOWN,,2026-08-10,73.03347,Sentinel-2_L2A,"Sentinel-2 observation available but obscured by cloud cover (best: 73.0%, threshold: 30.0%)",S2B_MSIL2A_20260810T050649_R019_T44PLC_20260810T085257
510,False,UNKNOWN,,2026-08-10,73.03347,Sentinel-2_L2A,"Sentinel-2 observation available but obscured by cloud cover (best: 73.0%, threshold: 30.0%)",S2B_MSIL2A_20260810T050649_R019_T44PLC_20260810T085257
511,False,UNKNOWN,,2026-08-10,73.03347,Sentinel-2_L2A,"Sentinel-2 observation available but obscured by cloud cover (best: 73.0%, threshold: 30.0%)",S2B_MSIL2A_20260810T050649_R019_T44PLC_20260810T085257
512,False,UNKNOWN,,2026-08-10,73.03347,Sentinel-2_L2A,"Sentinel-2 observation available but obscured by cloud cover (best: 73.0%, threshold: 30.0%)",S2B_MSIL2A_20260810T050649_R019_T44PLC_20260810T085257
513,False,UNKNOWN,,2026-08-10,84.946901,Sentinel-2_L2A,"Sentinel-2 observation available but obscured by cloud cover (best: 84.9%, threshold: 30.0%)",S2A_MSIL2A_20260810T052241_R062_T43PFT_20260810T114010
514,True,HerbaceousVegetation,0.9983,2026-08-10T05:06:49.024000Z,16.712813,Sentinel-2_L2A,Satellite CNN prediction: HerbaceousVegetation (confidence: 1.00),S2B_MSIL2A_20260810T050649_R019_T44QMD_20260810T085257
515,True,SeaLake,0.9964,2026-08-10T05:06:49.024000Z,16.853811,Sentinel-2_L2A,Satellite CNN prediction: SeaLake (confidence: 1.00),S2B_MSIL2A_20260810T050649_R019_T43QHV_20260810T085257
516,False,UNKNOWN,,2026-08-10,45.43682,Sentinel-2_L2A,"Sentinel-2 observation available but obscured by cloud cover (best: 45.4%, threshold: 30.0%)",S2C_MSIL2A_20260810T041551_R090_T46REP_20260810T071116
517,True,SeaLake,0.2747,2026-08-10T05:06:49.024000Z,3.189906,Sentinel-2_L2A,Satellite CNN prediction: SeaLake (confidence: 0.27),S2B_MSIL2A_20260810T050649_R019_T43PHK_20260810T085431
518,True,SeaLake,0.988,2026-08-10T05:06:49.024000Z,3.189906,Sentinel-2_L2A,Satellite CNN prediction: SeaLake (confidence: 0.99),S2B_MSIL2A_20260810T050649_R019_T43PHK_20260810T085431
519,True,SeaLake,0.4311,2026-08-10T05:06:49.024000Z,2.036197,Sentinel-2_L2A,Satellite CNN prediction: SeaLake (confidence: 0.43),S2B_MSIL2A_20260810T050649_R019_T43PHL_20260810T085431
520,False,UNKNOWN,,2026-08-10,47.825363,Sentinel-2_L2A,"Sentinel-2 observation available but obscured by cloud cover (best: 47.8%, threshold: 30.0%)",S2B_MSIL2A_20260810T050649_R019_T43PGL_20260810T085431
521,True,PermanentCrop,0.4839,2026-08-10T05:06:49.024000Z,1.769387,Sentinel-2_L2A,Satellite CNN prediction: PermanentCrop (confidence: 0.48),S2B_MSIL2A_20260810T050649_R019_T44PKR_20260810T085431
522,True,SeaLake,0.9971,2026-08-10T05:06:49.024000Z,2.036197,Sentinel-2_L2A,Satellite CNN prediction: SeaLake (confidence: 1.00),S2B_MSIL2A_20260810T050649_R019_T43PHL_20260810T085431
523,False,UNKNOWN,,2026-08-10,47.825363,Sentinel-2_L2A,"Sentinel-2 observation available but obscured by cloud cover (best: 47.8%, threshold: 30.0%)",S2B_MSIL2A_20260810T050649_R019_T43PGL_20260810T085431
524,False,UNKNOWN,,2026-08-10,47.825363,Sentinel-2_L2A,"Sentinel-2 observation available but obscured by cloud cover (best: 47.8%, threshold: 30.0%)",S2B_MSIL2A_20260810T050649_R019_T43PGL_20260810T085431
525,True,SeaLake,0.936,2026-08-10T05:06:49.024000Z,1.769387,Sentinel-2_L2A,Satellite CNN prediction: SeaLake (confidence: 0.94),S2B_MSIL2A_20260810T050649_R019_T44PKR_20260810T085431
526,True,SeaLake,0.9859,2026-08-10T05:06:49.024000Z,2.036197,Sentinel-2_L2A,Satellite CNN prediction: SeaLake (confidence: 0.99),S2B_MSIL2A_20260810T050649_R019_T43PHL_20260810T085431
527,False,UNKNOWN,,2026-08-10,47.825363,Sentinel-2_L2A,"Sentinel-2 observation available but obscured by cloud cover (best: 47.8%, threshold: 30.0%)",S2B_MSIL2A_20260810T050649_R019_T43PGL_20260810T085431
528,True,SeaLake,0.9982,2026-08-12T04:57:01.025000Z,1.787847,Sentinel-2_L2A,Satellite CNN prediction: SeaLake (confidence: 1.00),S2C_MSIL2A_20260812T045701_R119_T43PHM_20260812T093911
529,False,UNKNOWN,,2026-08-10,38.058025,Sentinel-2_L2A,"Sentinel-2 observation available but obscured by cloud cover (best: 38.1%, threshold: 30.0%)",S2C_MSIL2A_20260805T050651_R019_T43PGM_20260805T101109
530,True,SeaLake,0.7517,2026-08-05T05:06:51.025000Z,23.644066,Sentinel-2_L2A,Satellite CNN prediction: SeaLake (confidence: 0.75),S2C_MSIL2A_20260805T050651_R019_T43PHM_20260805T101109
531,True,SeaLake,0.6549,2026-08-12T04:57:01.025000Z,12.857196,Sentinel-2_L2A,Satellite CNN prediction: SeaLake (confidence: 0.65),S2C_MSIL2A_20260812T045701_R119_T44PKS_20260812T093911
532,True,SeaLake,0.7682,2026-08-12T04:57:01.025000Z,12.857196,Sentinel-2_L2A,Satellite CNN prediction: SeaLake (confidence: 0.77),S2C_MSIL2A_20260812T045701_R119_T44PKS_20260812T093911
533,True,SeaLake,0.7149,2026-08-12T04:57:01.025000Z,12.857196,Sentinel-2_L2A,Satellite CNN prediction: SeaLake (confidence: 0.71),S2C_MSIL2A_20260812T045701_R119_T44PKS_20260812T093911
534,True,Pasture,0.8693,2026-08-10T05:06:49.024000Z,25.075337,Sentinel-2_L2A,Satellite CNN prediction: Pasture (confidence: 0.87),S2B_MSIL2A_20260810T050649_R019_T44PKS_20260810T085431
535,False,UNKNOWN,,2026-08-10,39.614317,Sentinel-2_L2A,"Sentinel-2 observation available but obscured by cloud cover (best: 39.6%, threshold: 30.0%)",S2B_MSIL2A_20260810T050649_R019_T43PGN_20260810T085431
536,False,UNKNOWN,,2026-08-10,72.827893,Sentinel-2_L2A,"Sentinel-2 observation available but obscured by cloud cover (best: 72.8%, threshold: 30.0%)",S2B_MSIL2A_20260810T050649_R019_T43PGP_20260810T085431
537,False,UNKNOWN,,2026-08-10,72.827893,Sentinel-2_L2A,"Sentinel-2 observation available but obscured by cloud cover (best: 72.8%, threshold: 30.0%)",S2B_MSIL2A_20260810T050649_R019_T43PGP_20260810T085431
538,False,UNKNOWN,,2026-08-10,83.140475,Sentinel-2_L2A,"Sentinel-2 observation available but obscured by cloud cover (best: 83.1%, threshold: 30.0%)",S2A_MSIL2A_20260810T052241_R062_T43PFP_20260810T114010
539,False,UNKNOWN,,2026-08-10,55.91892,Sentinel-2_L2A,"Sentinel-2 observation available but obscured by cloud cover (best: 55.9%, threshold: 30.0%)",S2B_MSIL2A_20260810T050649_R019_T43PHP_20260810T085431
540,False,UNKNOWN,,2026-08-10,83.140475,Sentinel-2_L2A,"Sentinel-2 observation available but obscured by cloud cover (best: 83.1%, threshold: 30.0%)",S2A_MSIL2A_20260810T052241_R062_T43PFP_20260810T114010
541,False,UNKNOWN,,2026-08-10,99.998498,Sentinel-2_L2A,"Sentinel-2 observation available but obscured by cloud cover (best: 100.0%, threshold: 30.0%)",S2C_MSIL2A_20260815T050651_R019_T43PGP_20260815T100309
542,False,UNKNOWN,,2026-08-10,71.756548,Sentinel-2_L2A,"Sentinel-2 observation available but obscured by cloud cover (best: 71.8%, threshold: 30.0%)",S2A_MSIL2A_20260810T052241_R062_T43PFQ_20260810T114010
543,False,UNKNOWN,,2026-08-10,59.606689,Sentinel-2_L2A,"Sentinel-2 observation available but obscured by cloud cover (best: 59.6%, threshold: 30.0%)",S2B_MSIL2A_20260810T050649_R019_T43PGQ_20260810T085431
544,False,UNKNOWN,,2026-08-10,30.023083,Sentinel-2_L2A,"Sentinel-2 observation available but obscured by cloud cover (best: 30.0%, threshold: 30.0%)",S2B_MSIL2A_20260810T050649_R019_T44PKV_20260810T085431
545,False,UNKNOWN,,2026-08-10,58.764118,Sentinel-2_L2A,"Sentinel-2 observation available but obscured by cloud cover (best: 58.8%, threshold: 30.0%)",S2C_MSIL2A_20260812T045701_R119_T44PLV_20260812T093911
546,False,UNKNOWN,,2026-08-10,30.023083,Sentinel-2_L2A,"Sentinel-2 observation available but obscured by cloud cover (best: 30.0%, threshold: 30.0%)",S2B_MSIL2A_20260810T050649_R019_T44PKV_20260810T085431
547,False,UNKNOWN,,2026-08-10,30.023083,Sentinel-2_L2A,"Sentinel-2 observation available but obscured by cloud cover (best: 30.0%, threshold: 30.0%)",S2B_MSIL2A_20260810T050649_R019_T44PKV_20260810T085431
548,False,UNKNOWN,,2026-08-10,67.621839,Sentinel-2_L2A,"Sentinel-2 observation available but obscured by cloud cover (best: 67.6%, threshold: 30.0%)",S2B_MSIL2A_20260810T050649_R019_T43PGR_20260810T085431
549,False,UNKNOWN,,2026-08-10,35.110965,Sentinel-2_L2A,"Sentinel-2 observation available but obscured by cloud cover (best: 35.1%, threshold: 30.0%)",S2B_MSIL2A_20260810T050649_R019_T44PKA_20260810T085431
550,False,UNKNOWN,,2026-08-10,67.621839,Sentinel-2_L2A,"Sentinel-2 observation available but obscured by cloud cover (best: 67.6%, threshold: 30.0%)",S2B_MSIL2A_20260810T050649_R019_T43PGR_20260810T085431
551,False,UNKNOWN,,2026-08-10,38.372225,Sentinel-2_L2A,"Sentinel-2 observation available but obscured by cloud cover (best: 38.4%, threshold: 30.0%)",S2B_MSIL2A_20260810T050649_R019_T43PHR_20260810T085431
552,False,UNKNOWN,,2026-08-10,67.621839,Sentinel-2_L2A,"Sentinel-2 observation available but obscured by cloud cover (best: 67.6%, threshold: 30.0%)",S2B_MSIL2A_20260810T050649_R019_T43PGR_20260810T085431
553,False,UNKNOWN,,2026-08-10,67.621839,Sentinel-2_L2A,"Sentinel-2 observation available but obscured by cloud cover (best: 67.6%, threshold: 30.0%)",S2B_MSIL2A_20260810T050649_R019_T43PGR_20260810T085431
554,False,UNKNOWN,,2026-08-10,67.621839,Sentinel-2_L2A,"Sentinel-2 observation available but obscured by cloud cover (best: 67.6%, threshold: 30.0%)",S2B_MSIL2A_20260810T050649_R019_T43PGR_20260810T085431
555,False,UNKNOWN,,2026-08-10,67.621839,Sentinel-2_L2A,"Sentinel-2 observation available but obscured by cloud cover (best: 67.6%, threshold: 30.0%)",S2B_MSIL2A_20260810T050649_R019_T43PGR_20260810T085431
556,False,UNKNOWN,,2026-08-10,69.601011,Sentinel-2_L2A,"Sentinel-2 observation available but obscured by cloud cover (best: 69.6%, threshold: 30.0%)",S2B_MSIL2A_20260810T050649_R019_T43PGS_20260810T085431
557,False,UNKNOWN,,2026-08-10,69.601011,Sentinel-2_L2A,"Sentinel-2 observation available but obscured by cloud cover (best: 69.6%, threshold: 30.0%)",S2B_MSIL2A_20260810T050649_R019_T43PGS_20260810T085431
558,False,UNKNOWN,,2026-08-10,69.601011,Sentinel-2_L2A,"Sentinel-2 observation available but obscured by cloud cover (best: 69.6%, threshold: 30.0%)",S2B_MSIL2A_20260810T050649_R019_T43PGS_20260810T085431
559,True,SeaLake,0.9705,2026-08-10T05:06:49.024000Z,25.546271,Sentinel-2_L2A,Satellite CNN prediction: SeaLake (confidence: 0.97),S2B_MSIL2A_20260810T050649_R019_T44PLB_20260810T085431
560,False,UNKNOWN,,2026-08-10,69.601011,Sentinel-2_L2A,"Sentinel-2 observation available but obscured by cloud cover (best: 69.6%, threshold: 30.0%)",S2B_MSIL2A_20260810T050649_R019_T43PGS_20260810T085431
561,False,UNKNOWN,,2026-08-10,73.057038,Sentinel-2_L2A,"Sentinel-2 observation available but obscured by cloud cover (best: 73.1%, threshold: 30.0%)",S2B_MSIL2A_20260810T050649_R019_T43PHS_20260810T085431
562,True,AnnualCrop,0.6796,2026-08-10T05:06:49.024000Z,25.546271,Sentinel-2_L2A,Satellite CNN prediction: AnnualCrop (confidence: 0.68),S2B_MSIL2A_20260810T050649_R019_T44PLB_20260810T085431
563,True,Forest,0.4151,2026-08-10T05:06:49.024000Z,25.546271,Sentinel-2_L2A,Satellite CNN prediction: Forest (confidence: 0.42),S2B_MSIL2A_20260810T050649_R019_T44PLB_20260810T085431
564,True,SeaLake,0.9976,2026-08-10T05:06:49.024000Z,25.546271,Sentinel-2_L2A,Satellite CNN prediction: SeaLake (confidence: 1.00),S2B_MSIL2A_20260810T050649_R019_T44PLB_20260810T085431
565,False,UNKNOWN,,2026-08-10,64.193034,Sentinel-2_L2A,"Sentinel-2 observation available but obscured by cloud cover (best: 64.2%, threshold: 30.0%)",S2A_MSIL2A_20260810T052241_R062_T43PFS_20260810T114010
566,False,UNKNOWN,,2026-08-10,73.03347,Sentinel-2_L2A,"Sentinel-2 observation available but obscured by cloud cover (best: 73.0%, threshold: 30.0%)",S2B_MSIL2A_20260810T050649_R019_T44PLC_20260810T085257
567,False,UNKNOWN,,2026-08-10,73.03347,Sentinel-2_L2A,"Sentinel-2 observation available but obscured by cloud cover (best: 73.0%, threshold: 30.0%)",S2B_MSIL2A_20260810T050649_R019_T44PLC_20260810T085257
568,False,UNKNOWN,,2026-08-10,84.946901,Sentinel-2_L2A,"Sentinel-2 observation available but obscured by cloud cover (best: 84.9%, threshold: 30.0%)",S2A_MSIL2A_20260810T052241_R062_T43PFT_20260810T114010
569,False,UNKNOWN,,2026-08-10,84.946901,Sentinel-2_L2A,"Sentinel-2 observation available but obscured by cloud cover (best: 84.9%, threshold: 30.0%)",S2A_MSIL2A_20260810T052241_R062_T43PFT_20260810T114010
570,False,UNKNOWN,,2026-08-10,61.635399,Sentinel-2_L2A,"Sentinel-2 observation available but obscured by cloud cover (best: 61.6%, threshold: 30.0%)",S2B_MSIL2A_20260810T050649_R019_T44PKC_20260810T085257
571,False,UNKNOWN,,2026-08-10,73.03347,Sentinel-2_L2A,"Sentinel-2 observation available but obscured by cloud cover (best: 73.0%, threshold: 30.0%)",S2B_MSIL2A_20260810T050649_R019_T44PLC_20260810T085257
572,False,UNKNOWN,,2026-08-10,97.015661,Sentinel-2_L2A,"Sentinel-2 observation available but obscured by cloud cover (best: 97.0%, threshold: 30.0%)",S2B_MSIL2A_20260807T045659_R119_T44PMC_20260807T084539
573,False,UNKNOWN,,2026-08-10,84.946901,Sentinel-2_L2A,"Sentinel-2 observation available but obscured by cloud cover (best: 84.9%, threshold: 30.0%)",S2A_MSIL2A_20260810T052241_R062_T43PFT_20260810T114010
574,False,UNKNOWN,,2026-08-10,73.03347,Sentinel-2_L2A,"Sentinel-2 observation available but obscured by cloud cover (best: 73.0%, threshold: 30.0%)",S2B_MSIL2A_20260810T050649_R019_T44PLC_20260810T085257
575,False,UNKNOWN,,2026-08-10,67.38019,Sentinel-2_L2A,"Sentinel-2 observation available but obscured by cloud cover (best: 67.4%, threshold: 30.0%)",S2B_MSIL2A_20260810T050649_R019_T43PHT_20260810T085257
576,False,UNKNOWN,,2026-08-10,88.406342,Sentinel-2_L2A,"Sentinel-2 observation available but obscured by cloud cover (best: 88.4%, threshold: 30.0%)",S2A_MSIL2A_20260810T052241_R062_T43QEU_20260810T114010
577,False,UNKNOWN,,2026-08-10,47.471505,Sentinel-2_L2A,"Sentinel-2 observation available but obscured by cloud cover (best: 47.5%, threshold: 30.0%)",S2B_MSIL2A_20260815T041549_R090_T46RFQ_20260815T063018
578,True,HerbaceousVegetation,0.9874,2026-08-10T04:15:51.025000Z,20.591527,Sentinel-2_L2A,Satellite CNN prediction: HerbaceousVegetation (confidence: 0.99),S2C_MSIL2A_20260810T041551_R090_T46RGR_20260810T071116
579,True,AnnualCrop,0.3085,2026-08-10T04:15:51.025000Z,20.591527,Sentinel-2_L2A,Satellite CNN prediction: AnnualCrop (confidence: 0.31),S2C_MSIL2A_20260810T041551_R090_T46RGR_20260810T071116
580,False,UNKNOWN,,2026-08-10,38.306108,Sentinel-2_L2A,"Sentinel-2 observation available but obscured by cloud cover (best: 38.3%, threshold: 30.0%)",S2B_MSIL2A_20260811T043659_R033_T45QVG_20260811T082821
581,False,UNKNOWN,,2026-08-10,85.71353,Sentinel-2_L2A,"Sentinel-2 observation available but obscured by cloud cover (best: 85.7%, threshold: 30.0%)",S2C_MSIL2A_20260812T045701_R119_T44QME_20260812T091712
582,False,UNKNOWN,,2026-08-10,93.099928,Sentinel-2_L2A,"Sentinel-2 observation available but obscured by cloud cover (best: 93.1%, threshold: 30.0%)",S2A_MSIL2A_20260811T045241_R076_T45QTE_20260811T100012
583,False,UNKNOWN,,2026-08-10,93.099928,Sentinel-2_L2A,"Sentinel-2 observation available but obscured by cloud cover (best: 93.1%, threshold: 30.0%)",S2A_MSIL2A_20260811T045241_R076_T45QTE_20260811T100012
584,False,UNKNOWN,,2026-08-10,35.571855,Sentinel-2_L2A,"Sentinel-2 observation available but obscured by cloud cover (best: 35.6%, threshold: 30.0%)",S2A_MSIL2A_20260811T045241_R076_T45QUG_20260811T100012
585,False,UNKNOWN,,2026-08-10,35.571855,Sentinel-2_L2A,"Sentinel-2 observation available but obscured by cloud cover (best: 35.6%, threshold: 30.0%)",S2A_MSIL2A_20260811T045241_R076_T45QUG_20260811T100012
586,False,UNKNOWN,,2026-08-10,35.571855,Sentinel-2_L2A,"Sentinel-2 observation available but obscured by cloud cover (best: 35.6%, threshold: 30.0%)",S2A_MSIL2A_20260811T045241_R076_T45QUG_20260811T100012
587,False,UNKNOWN,,2026-08-10,35.571855,Sentinel-2_L2A,"Sentinel-2 observation available but obscured by cloud cover (best: 35.6%, threshold: 30.0%)",S2A_MSIL2A_20260811T045241_R076_T45QUG_20260811T100012
588,False,UNKNOWN,,2026-08-10,35.571855,Sentinel-2_L2A,"Sentinel-2 observation available but obscured by cloud cover (best: 35.6%, threshold: 30.0%)",S2A_MSIL2A_20260811T045241_R076_T45QUG_20260811T100012
589,False,UNKNOWN,,2026-08-10,35.571855,Sentinel-2_L2A,"Sentinel-2 observation available but obscured by cloud cover (best: 35.6%, threshold: 30.0%)",S2A_MSIL2A_20260811T045241_R076_T45QUG_20260811T100012
590,False,UNKNOWN,,2026-08-10,35.571855,Sentinel-2_L2A,"Sentinel-2 observation available but obscured by cloud cover (best: 35.6%, threshold: 30.0%)",S2A_MSIL2A_20260811T045241_R076_T45QUG_20260811T100012
591,False,UNKNOWN,,2026-08-10,35.571855,Sentinel-2_L2A,"Sentinel-2 observation available but obscured by cloud cover (best: 35.6%, threshold: 30.0%)",S2A_MSIL2A_20260811T045241_R076_T45QUG_20260811T100012
592,False,UNKNOWN,,2026-08-10,35.571855,Sentinel-2_L2A,"Sentinel-2 observation available but obscured by cloud cover (best: 35.6%, threshold: 30.0%)",S2A_MSIL2A_20260811T045241_R076_T45QUG_20260811T100012
593,False,UNKNOWN,,2026-08-10,35.571855,Sentinel-2_L2A,"Sentinel-2 observation available but obscured by cloud cover (best: 35.6%, threshold: 30.0%)",S2A_MSIL2A_20260811T045241_R076_T45QUG_20260811T100012
594,True,AnnualCrop,0.4257,2026-08-10T05:06:49.024000Z,18.610422,Sentinel-2_L2A,Satellite CNN prediction: AnnualCrop (confidence: 0.43),S2B_MSIL2A_20260810T050649_R019_T44QLD_20260810T085257
595,True,SeaLake,0.8779,2026-08-10T05:06:49.024000Z,3.189906,Sentinel-2_L2A,Satellite CNN prediction: SeaLake (confidence: 0.88),S2B_MSIL2A_20260810T050649_R019_T43PHK_20260810T085431
596,False,UNKNOWN,,2026-08-10,47.825363,Sentinel-2_L2A,"Sentinel-2 observation available but obscured by cloud cover (best: 47.8%, threshold: 30.0%)",S2B_MSIL2A_20260810T050649_R019_T43PGL_20260810T085431
597,False,UNKNOWN,,2026-08-10,47.825363,Sentinel-2_L2A,"Sentinel-2 observation available but obscured by cloud cover (best: 47.8%, threshold: 30.0%)",S2B_MSIL2A_20260810T050649_R019_T43PGL_20260810T085431
598,False,UNKNOWN,,2026-08-10,46.653283,Sentinel-2_L2A,"Sentinel-2 observation available but obscured by cloud cover (best: 46.7%, threshold: 30.0%)",S2B_MSIL2A_20260810T050649_R019_T43PGM_20260810T085431
599,False,UNKNOWN,,2026-08-10,38.058025,Sentinel-2_L2A,"Sentinel-2 observation available but obscured by cloud cover (best: 38.1%, threshold: 30.0%)",S2C_MSIL2A_20260805T050651_R019_T43PGM_20260805T101109
600,False,UNKNOWN,,2026-08-10,86.912179,Sentinel-2_L2A,"Sentinel-2 observation available but obscured by cloud cover (best: 86.9%, threshold: 30.0%)",S2C_MSIL2A_20260812T045701_R119_T44QNJ_20260812T100317
601,False,UNKNOWN,,2026-08-10,84.783858,Sentinel-2_L2A,"Sentinel-2 observation available but obscured by cloud cover (best: 84.8%, threshold: 30.0%)",S2B_MSIL2A_20260806T052649_R105_T43RDH_20260806T091024
602,False,UNKNOWN,,2026-08-10,77.78222,Sentinel-2_L2A,"Sentinel-2 observation available but obscured by cloud cover (best: 77.8%, threshold: 30.0%)",S2C_MSIL2A_20260814T053641_R005_T43RCK_20260814T101317
603,False,UNKNOWN,,2026-08-10,47.825363,Sentinel-2_L2A,"Sentinel-2 observation available but obscured by cloud cover (best: 47.8%, threshold: 30.0%)",S2B_MSIL2A_20260810T050649_R019_T43PGL_20260810T085431
604,False,UNKNOWN,,2026-08-10,47.825363,Sentinel-2_L2A,"Sentinel-2 observation available but obscured by cloud cover (best: 47.8%, threshold: 30.0%)",S2B_MSIL2A_20260810T050649_R019_T43PGL_20260810T085431
605,False,UNKNOWN,,2026-08-10,47.825363,Sentinel-2_L2A,"Sentinel-2 observation available but obscured by cloud cover (best: 47.8%, threshold: 30.0%)",S2B_MSIL2A_20260810T050649_R019_T43PGL_20260810T085431
606,False,UNKNOWN,,2026-08-11,35.819444,Sentinel-2_L2A,"Sentinel-2 observation available but obscured by cloud cover (best: 35.8%, threshold: 30.0%)",S2B_MSIL2A_20260811T043659_R033_T45RXL_20260811T082821
607,True,Pasture,0.2297,2026-08-07T04:05:41.025000Z,5.602829,Sentinel-2_L2A,Satellite CNN prediction: Pasture (confidence: 0.23),S2C_MSIL2A_20260807T040541_R047_T46RGR_20260807T074154
608,True,SeaLake,0.3805,2026-08-07T04:05:41.025000Z,5.602829,Sentinel-2_L2A,Satellite CNN prediction: SeaLake (confidence: 0.38),S2C_MSIL2A_20260807T040541_R047_T46RGR_20260807T074154
609,True,SeaLake,0.3227,2026-08-07T04:05:41.025000Z,5.602829,Sentinel-2_L2A,Satellite CNN prediction: SeaLake (confidence: 0.32),S2C_MSIL2A_20260807T040541_R047_T46RGR_20260807T074154
610,False,UNKNOWN,,2026-08-11,58.764118,Sentinel-2_L2A,"Sentinel-2 observation available but obscured by cloud cover (best: 58.8%, threshold: 30.0%)",S2C_MSIL2A_20260812T045701_R119_T44PLV_20260812T093911
611,True,SeaLake,0.8889,2026-08-10T05:06:49.024000Z,25.546271,Sentinel-2_L2A,Satellite CNN prediction: SeaLake (confidence: 0.89),S2B_MSIL2A_20260810T050649_R019_T44PLB_20260810T085431
612,False,UNKNOWN,,2026-08-11,73.03347,Sentinel-2_L2A,"Sentinel-2 observation available but obscured by cloud cover (best: 73.0%, threshold: 30.0%)",S2B_MSIL2A_20260810T050649_R019_T44PLC_20260810T085257
613,False,UNKNOWN,,2026-08-11,97.545791,Sentinel-2_L2A,"Sentinel-2 observation available but obscured by cloud cover (best: 97.5%, threshold: 30.0%)",S2C_MSIL2A_20260812T045701_R119_T44QMD_20260812T091712
614,True,SeaLake,0.9747,2026-08-10T05:06:49.024000Z,5.104031,Sentinel-2_L2A,Satellite CNN prediction: SeaLake (confidence: 0.97),S2B_MSIL2A_20260810T050649_R019_T44QLE_20260810T085257
615,True,SeaLake,0.4192,2026-08-12T04:57:01.025000Z,27.160326,Sentinel-2_L2A,Satellite CNN prediction: SeaLake (confidence: 0.42),S2C_MSIL2A_20260812T045701_R119_T45QTG_20260812T100317
616,False,UNKNOWN,,2026-08-11,54.181814,Sentinel-2_L2A,"Sentinel-2 observation available but obscured by cloud cover (best: 54.2%, threshold: 30.0%)",S2C_MSIL2A_20260810T041551_R090_T46REQ_20260810T071116
617,True,Highway,0.3824,2026-08-06T04:37:01.025000Z,29.327253,Sentinel-2_L2A,Satellite CNN prediction: Highway (confidence: 0.38),S2C_MSIL2A_20260806T043701_R033_T46RBQ_20260806T094611
618,True,SeaLake,0.2793,2026-08-13T04:27:01.025000Z,26.208758,Sentinel-2_L2A,Satellite CNN prediction: SeaLake (confidence: 0.28),S2C_MSIL2A_20260813T042701_R133_T46REQ_20260813T085811
619,True,SeaLake,0.9483,2026-08-12T04:57:01.025000Z,28.786716,Sentinel-2_L2A,Satellite CNN prediction: SeaLake (confidence: 0.95),S2C_MSIL2A_20260812T045701_R119_T44RPQ_20260812T100317
620,True,HerbaceousVegetation,0.91,2026-08-10T04:15:51.025000Z,20.591527,Sentinel-2_L2A,Satellite CNN prediction: HerbaceousVegetation (confidence: 0.91),S2C_MSIL2A_20260810T041551_R090_T46RGR_20260810T071116
621,False,UNKNOWN,,2026-08-11,58.764118,Sentinel-2_L2A,"Sentinel-2 observation available but obscured by cloud cover (best: 58.8%, threshold: 30.0%)",S2C_MSIL2A_20260812T045701_R119_T44PLV_20260812T093911
622,False,UNKNOWN,,2026-08-11,83.687985,Sentinel-2_L2A,"Sentinel-2 observation available but obscured by cloud cover (best: 83.7%, threshold: 30.0%)",S2C_MSIL2A_20260812T045701_R119_T44PMV_20260812T093911
623,False,UNKNOWN,,2026-08-11,67.621839,Sentinel-2_L2A,"Sentinel-2 observation available but obscured by cloud cover (best: 67.6%, threshold: 30.0%)",S2B_MSIL2A_20260810T050649_R019_T43PGR_20260810T085431
624,False,UNKNOWN,,2026-08-11,73.03347,Sentinel-2_L2A,"Sentinel-2 observation available but obscured by cloud cover (best: 73.0%, threshold: 30.0%)",S2B_MSIL2A_20260810T050649_R019_T44PLC_20260810T085257
625,False,UNKNOWN,,2026-08-11,73.03347,Sentinel-2_L2A,"Sentinel-2 observation available but obscured by cloud cover (best: 73.0%, threshold: 30.0%)",S2B_MSIL2A_20260810T050649_R019_T44PLC_20260810T085257
626,False,UNKNOWN,,2026-08-11,73.03347,Sentinel-2_L2A,"Sentinel-2 observation available but obscured by cloud cover (best: 73.0%, threshold: 30.0%)",S2B_MSIL2A_20260810T050649_R019_T44PLC_20260810T085257
627,False,UNKNOWN,,2026-08-11,73.03347,Sentinel-2_L2A,"Sentinel-2 observation available but obscured by cloud cover (best: 73.0%, threshold: 30.0%)",S2B_MSIL2A_20260810T050649_R019_T44PLC_20260810T085257
628,True,SeaLake,0.9366,2026-08-10T05:06:49.024000Z,18.610422,Sentinel-2_L2A,Satellite CNN prediction: SeaLake (confidence: 0.94),S2B_MSIL2A_20260810T050649_R019_T44QLD_20260810T085257
629,True,SeaLake,0.6919,2026-08-10T05:06:49.024000Z,18.610422,Sentinel-2_L2A,Satellite CNN prediction: SeaLake (confidence: 0.69),S2B_MSIL2A_20260810T050649_R019_T44QLD_20260810T085257
630,False,UNKNOWN,,2026-08-11,97.545791,Sentinel-2_L2A,"Sentinel-2 observation available but obscured by cloud cover (best: 97.5%, threshold: 30.0%)",S2C_MSIL2A_20260812T045701_R119_T44QMD_20260812T091712
631,True,Residential,0.4761,2026-08-10T05:06:49.024000Z,16.712813,Sentinel-2_L2A,Satellite CNN prediction: Residential (confidence: 0.48),S2B_MSIL2A_20260810T050649_R019_T44QMD_20260810T085257
632,True,SeaLake,0.5097,2026-08-10T05:06:49.024000Z,16.712813,Sentinel-2_L2A,Satellite CNN prediction: SeaLake (confidence: 0.51),S2B_MSIL2A_20260810T050649_R019_T44QMD_20260810T085257
633,False,UNKNOWN,,2026-08-11,31.35049,Sentinel-2_L2A,"Sentinel-2 observation available but obscured by cloud cover (best: 31.4%, threshold: 30.0%)",S2B_MSIL2A_20260810T050649_R019_T44QKD_20260810T085257
634,False,UNKNOWN,,2026-08-11,31.35049,Sentinel-2_L2A,"Sentinel-2 observation available but obscured by cloud cover (best: 31.4%, threshold: 30.0%)",S2B_MSIL2A_20260810T050649_R019_T44QKD_20260810T085257
635,False,UNKNOWN,,2026-08-11,97.545791,Sentinel-2_L2A,"Sentinel-2 observation available but obscured by cloud cover (best: 97.5%, threshold: 30.0%)",S2C_MSIL2A_20260812T045701_R119_T44QMD_20260812T091712
636,False,UNKNOWN,,2026-08-11,79.046935,Sentinel-2_L2A,"Sentinel-2 observation available but obscured by cloud cover (best: 79.0%, threshold: 30.0%)",S2C_MSIL2A_20260812T045701_R119_T44QND_20260812T091712
637,False,UNKNOWN,,2026-08-11,85.71353,Sentinel-2_L2A,"Sentinel-2 observation available but obscured by cloud cover (best: 85.7%, threshold: 30.0%)",S2C_MSIL2A_20260812T045701_R119_T44QME_20260812T091712
638,False,UNKNOWN,,2026-08-11,83.887488,Sentinel-2_L2A,"Sentinel-2 observation available but obscured by cloud cover (best: 83.9%, threshold: 30.0%)",S2C_MSIL2A_20260812T045701_R119_T44QNE_20260812T093911
639,True,SeaLake,0.9741,2026-08-10T05:06:49.024000Z,5.104031,Sentinel-2_L2A,Satellite CNN prediction: SeaLake (confidence: 0.97),S2B_MSIL2A_20260810T050649_R019_T44QLE_20260810T085257
640,True,HerbaceousVegetation,0.1599,2026-08-10T05:06:49.024000Z,2.164323,Sentinel-2_L2A,Satellite CNN prediction: HerbaceousVegetation (confidence: 0.16),S2B_MSIL2A_20260810T050649_R019_T44QLF_20260810T085257
641,False,UNKNOWN,,2026-08-11,60.280496,Sentinel-2_L2A,"Sentinel-2 observation available but obscured by cloud cover (best: 60.3%, threshold: 30.0%)",S2C_MSIL2A_20260812T045701_R119_T44QPK_20260812T100317
642,True,SeaLake,0.9477,2026-08-10T05:06:49.024000Z,2.036197,Sentinel-2_L2A,Satellite CNN prediction: SeaLake (confidence: 0.95),S2B_MSIL2A_20260810T050649_R019_T43PHL_20260810T085431
643,False,UNKNOWN,,2026-08-11,35.655063,Sentinel-2_L2A,"Sentinel-2 observation available but obscured by cloud cover (best: 35.7%, threshold: 30.0%)",S2B_MSIL2A_20260810T050649_R019_T43PHM_20260810T085431
644,False,UNKNOWN,,2026-08-11,30.023083,Sentinel-2_L2A,"Sentinel-2 observation available but obscured by cloud cover (best: 30.0%, threshold: 30.0%)",S2B_MSIL2A_20260810T050649_R019_T44PKV_20260810T085431
645,False,UNKNOWN,,2026-08-11,38.372225,Sentinel-2_L2A,"Sentinel-2 observation available but obscured by cloud cover (best: 38.4%, threshold: 30.0%)",S2B_MSIL2A_20260810T050649_R019_T43PHR_20260810T085431
646,True,SeaLake,0.2906,2026-08-10T05:06:49.024000Z,25.546271,Sentinel-2_L2A,Satellite CNN prediction: SeaLake (confidence: 0.29),S2B_MSIL2A_20260810T050649_R019_T44PLB_20260810T085431
647,False,UNKNOWN,,2026-08-11,73.057038,Sentinel-2_L2A,"Sentinel-2 observation available but obscured by cloud cover (best: 73.1%, threshold: 30.0%)",S2B_MSIL2A_20260810T050649_R019_T43PHS_20260810T085431
648,False,UNKNOWN,,2026-08-11,73.03347,Sentinel-2_L2A,"Sentinel-2 observation available but obscured by cloud cover (best: 73.0%, threshold: 30.0%)",S2B_MSIL2A_20260810T050649_R019_T44PLC_20260810T085257
649,False,UNKNOWN,,2026-08-11,60.968393,Sentinel-2_L2A,"Sentinel-2 observation available but obscured by cloud cover (best: 61.0%, threshold: 30.0%)",S2C_MSIL2A_20260806T043701_R033_T45RXJ_20260806T094611
650,False,UNKNOWN,,2026-08-11,45.80155,Sentinel-2_L2A,"Sentinel-2 observation available but obscured by cloud cover (best: 45.8%, threshold: 30.0%)",S2A_MSIL2A_20260811T045241_R076_T45QUF_20260811T100012
651,False,UNKNOWN,,2026-08-11,53.154576,Sentinel-2_L2A,"Sentinel-2 observation available but obscured by cloud cover (best: 53.2%, threshold: 30.0%)",S2C_MSIL2A_20260813T042701_R133_T46RBQ_20260813T085811
652,False,UNKNOWN,,2026-08-11,73.03347,Sentinel-2_L2A,"Sentinel-2 observation available but obscured by cloud cover (best: 73.0%, threshold: 30.0%)",S2B_MSIL2A_20260810T050649_R019_T44PLC_20260810T085257
653,False,UNKNOWN,,2026-08-11,96.823061,Sentinel-2_L2A,"Sentinel-2 observation available but obscured by cloud cover (best: 96.8%, threshold: 30.0%)",S2B_MSIL2A_20260807T045659_R119_T44QPG_20260807T084539
654,False,UNKNOWN,,2026-08-11,86.912179,Sentinel-2_L2A,"Sentinel-2 observation available but obscured by cloud cover (best: 86.9%, threshold: 30.0%)",S2C_MSIL2A_20260812T045701_R119_T44QNJ_20260812T100317
655,False,UNKNOWN,,2026-08-11,47.825363,Sentinel-2_L2A,"Sentinel-2 observation available but obscured by cloud cover (best: 47.8%, threshold: 30.0%)",S2B_MSIL2A_20260810T050649_R019_T43PGL_20260810T085431
656,False,UNKNOWN,,2026-08-11,59.606689,Sentinel-2_L2A,"Sentinel-2 observation available but obscured by cloud cover (best: 59.6%, threshold: 30.0%)",S2B_MSIL2A_20260810T050649_R019_T43PGQ_20260810T085431
657,False,UNKNOWN,,2026-08-11,99.867487,Sentinel-2_L2A,"Sentinel-2 observation available but obscured by cloud cover (best: 99.9%, threshold: 30.0%)",S2B_MSIL2A_20260806T052649_R105_T43RGM_20260806T091024
658,False,UNKNOWN,,2026-08-11,99.867487,Sentinel-2_L2A,"Sentinel-2 observation available but obscured by cloud cover (best: 99.9%, threshold: 30.0%)",S2B_MSIL2A_20260806T052649_R105_T43RGM_20260806T091024
659,False,UNKNOWN,,2026-08-11,99.867487,Sentinel-2_L2A,"Sentinel-2 observation available but obscured by cloud cover (best: 99.9%, threshold: 30.0%)",S2B_MSIL2A_20260806T052649_R105_T43RGM_20260806T091024
660,False,UNKNOWN,,2026-08-11,99.867487,Sentinel-2_L2A,"Sentinel-2 observation available but obscured by cloud cover (best: 99.9%, threshold: 30.0%)",S2B_MSIL2A_20260806T052649_R105_T43RGM_20260806T091024
661,False,UNKNOWN,,2026-08-11,79.051644,Sentinel-2_L2A,"Sentinel-2 observation available but obscured by cloud cover (best: 79.1%, threshold: 30.0%)",S2B_MSIL2A_20260810T050649_R019_T44QLJ_20260810T085257
662,False,UNKNOWN,,2026-08-11,83.687985,Sentinel-2_L2A,"Sentinel-2 observation available but obscured by cloud cover (best: 83.7%, threshold: 30.0%)",S2C_MSIL2A_20260812T045701_R119_T44PMV_20260812T093911
663,False,UNKNOWN,,2026-08-11,64.822149,Sentinel-2_L2A,"Sentinel-2 observation available but obscured by cloud cover (best: 64.8%, threshold: 30.0%)",S2A_MSIL2A_20260810T052241_R062_T43PFR_20260810T114010
664,False,UNKNOWN,,2026-08-11,73.057038,Sentinel-2_L2A,"Sentinel-2 observation available but obscured by cloud cover (best: 73.1%, threshold: 30.0%)",S2B_MSIL2A_20260810T050649_R019_T43PHS_20260810T085431
665,False,UNKNOWN,,2026-08-11,79.046935,Sentinel-2_L2A,"Sentinel-2 observation available but obscured by cloud cover (best: 79.0%, threshold: 30.0%)",S2C_MSIL2A_20260812T045701_R119_T44QND_20260812T091712
666,False,UNKNOWN,,2026-08-11,79.046935,Sentinel-2_L2A,"Sentinel-2 observation available but obscured by cloud cover (best: 79.0%, threshold: 30.0%)",S2C_MSIL2A_20260812T045701_R119_T44QND_20260812T091712
667,False,UNKNOWN,,2026-08-11,47.825363,Sentinel-2_L2A,"Sentinel-2 observation available but obscured by cloud cover (best: 47.8%, threshold: 30.0%)",S2B_MSIL2A_20260810T050649_R019_T43PGL_20260810T085431
668,False,UNKNOWN,,2026-08-12,47.825363,Sentinel-2_L2A,"Sentinel-2 observation available but obscured by cloud cover (best: 47.8%, threshold: 30.0%)",S2B_MSIL2A_20260810T050649_R019_T43PGL_20260810T085431
669,False,UNKNOWN,,2026-08-12,47.825363,Sentinel-2_L2A,"Sentinel-2 observation available but obscured by cloud cover (best: 47.8%, threshold: 30.0%)",S2B_MSIL2A_20260810T050649_R019_T43PGL_20260810T085431
670,True,SeaLake,0.965,2026-08-17T04:56:59.024000Z,20.364849,Sentinel-2_L2A,Satellite CNN prediction: SeaLake (confidence: 0.96),S2B_MSIL2A_20260817T045659_R119_T44PKR_20260817T084758
671,False,UNKNOWN,,2026-08-12,46.653283,Sentinel-2_L2A,"Sentinel-2 observation available but obscured by cloud cover (best: 46.7%, threshold: 30.0%)",S2B_MSIL2A_20260810T050649_R019_T43PGM_20260810T085431
672,True,Pasture,0.8275,2026-08-12T04:57:01.025000Z,12.857196,Sentinel-2_L2A,Satellite CNN prediction: Pasture (confidence: 0.83),S2C_MSIL2A_20260812T045701_R119_T44PKS_20260812T093911
673,True,SeaLake,0.9972,2026-08-10T05:06:49.024000Z,25.075337,Sentinel-2_L2A,Satellite CNN prediction: SeaLake (confidence: 1.00),S2B_MSIL2A_20260810T050649_R019_T44PKS_20260810T085431
674,True,SeaLake,0.4893,2026-08-12T04:57:01.025000Z,12.857196,Sentinel-2_L2A,Satellite CNN prediction: SeaLake (confidence: 0.49),S2C_MSIL2A_20260812T045701_R119_T44PKS_20260812T093911
675,True,SeaLake,0.1777,2026-08-12T04:57:01.025000Z,8.703873,Sentinel-2_L2A,Satellite CNN prediction: SeaLake (confidence: 0.18),S2C_MSIL2A_20260812T045701_R119_T44PLS_20260812T093911
676,True,SeaLake,0.9952,2026-08-12T04:57:01.025000Z,8.703873,Sentinel-2_L2A,Satellite CNN prediction: SeaLake (confidence: 1.00),S2C_MSIL2A_20260812T045701_R119_T44PLS_20260812T093911
677,False,UNKNOWN,,2026-08-12,96.228218,Sentinel-2_L2A,"Sentinel-2 observation available but obscured by cloud cover (best: 96.2%, threshold: 30.0%)",S2B_MSIL2A_20260810T050649_R019_T44PKT_20260810T085431
678,False,UNKNOWN,,2026-08-12,96.228218,Sentinel-2_L2A,"Sentinel-2 observation available but obscured by cloud cover (best: 96.2%, threshold: 30.0%)",S2B_MSIL2A_20260810T050649_R019_T44PKT_20260810T085431
679,False,UNKNOWN,,2026-08-12,89.027309,Sentinel-2_L2A,"Sentinel-2 observation available but obscured by cloud cover (best: 89.0%, threshold: 30.0%)",S2C_MSIL2A_20260812T045701_R119_T44PKT_20260812T093911
680,False,UNKNOWN,,2026-08-12,62.614924,Sentinel-2_L2A,"Sentinel-2 observation available but obscured by cloud cover (best: 62.6%, threshold: 30.0%)",S2C_MSIL2A_20260812T045701_R119_T44PLT_20260812T093911
681,False,UNKNOWN,,2026-08-12,83.887488,Sentinel-2_L2A,"Sentinel-2 observation available but obscured by cloud cover (best: 83.9%, threshold: 30.0%)",S2C_MSIL2A_20260812T045701_R119_T44QNE_20260812T093911
682,True,SeaLake,0.9908,2026-08-12T04:57:01.025000Z,10.184299,Sentinel-2_L2A,Satellite CNN prediction: SeaLake (confidence: 0.99),S2C_MSIL2A_20260812T045701_R119_T44RQP_20260812T100317
683,True,SeaLake,0.6009,2026-08-12T04:57:01.025000Z,10.184299,Sentinel-2_L2A,Satellite CNN prediction: SeaLake (confidence: 0.60),S2C_MSIL2A_20260812T045701_R119_T44RQP_20260812T100317
684,True,SeaLake,0.8904,2026-08-16T05:42:51.024000Z,5.373277,Sentinel-2_L2A,Satellite CNN prediction: SeaLake (confidence: 0.89),S2A_MSIL2A_20260816T054251_R005_T43RDN_20260816T103351
685,False,UNKNOWN,,2026-08-12,80.733573,Sentinel-2_L2A,"Sentinel-2 observation available but obscured by cloud cover (best: 80.7%, threshold: 30.0%)",S2B_MSIL2A_20260816T052639_R105_T43RGP_20260816T091153
686,True,HerbaceousVegetation,0.2779,2026-08-16T05:42:51.024000Z,11.540208,Sentinel-2_L2A,Satellite CNN prediction: HerbaceousVegetation (confidence: 0.28),S2A_MSIL2A_20260816T054251_R005_T43REQ_20260816T090308
687,True,SeaLake,0.8316,2026-08-10T05:06:49.024000Z,3.189906,Sentinel-2_L2A,Satellite CNN prediction: SeaLake (confidence: 0.83),S2B_MSIL2A_20260810T050649_R019_T43PHK_20260810T085431
688,True,SeaLake,0.8042,2026-08-10T05:06:49.024000Z,3.189906,Sentinel-2_L2A,Satellite CNN prediction: SeaLake (confidence: 0.80),S2B_MSIL2A_20260810T050649_R019_T43PHK_20260810T085431
689,True,SeaLake,0.7831,2026-08-10T05:06:49.024000Z,2.036197,Sentinel-2_L2A,Satellite CNN prediction: SeaLake (confidence: 0.78),S2B_MSIL2A_20260810T050649_R019_T43PHL_20260810T085431
690,False,UNKNOWN,,2026-08-12,47.825363,Sentinel-2_L2A,"Sentinel-2 observation available but obscured by cloud cover (best: 47.8%, threshold: 30.0%)",S2B_MSIL2A_20260810T050649_R019_T43PGL_20260810T085431
691,True,HerbaceousVegetation,0.6464,2026-08-17T04:56:59.024000Z,20.364849,Sentinel-2_L2A,Satellite CNN prediction: HerbaceousVegetation (confidence: 0.65),S2B_MSIL2A_20260817T045659_R119_T44PKR_20260817T084758
692,False,UNKNOWN,,2026-08-12,47.825363,Sentinel-2_L2A,"Sentinel-2 observation available but obscured by cloud cover (best: 47.8%, threshold: 30.0%)",S2B_MSIL2A_20260810T050649_R019_T43PGL_20260810T085431
693,False,UNKNOWN,,2026-08-12,47.825363,Sentinel-2_L2A,"Sentinel-2 observation available but obscured by cloud cover (best: 47.8%, threshold: 30.0%)",S2B_MSIL2A_20260810T050649_R019_T43PGL_20260810T085431
694,False,UNKNOWN,,2026-08-12,47.825363,Sentinel-2_L2A,"Sentinel-2 observation available but obscured by cloud cover (best: 47.8%, threshold: 30.0%)",S2B_MSIL2A_20260810T050649_R019_T43PGL_20260810T085431
695,True,SeaLake,0.9958,2026-08-12T04:57:01.025000Z,8.703873,Sentinel-2_L2A,Satellite CNN prediction: SeaLake (confidence: 1.00),S2C_MSIL2A_20260812T045701_R119_T44PLS_20260812T093911
696,True,SeaLake,0.9173,2026-08-12T04:57:01.025000Z,8.703873,Sentinel-2_L2A,Satellite CNN prediction: SeaLake (confidence: 0.92),S2C_MSIL2A_20260812T045701_R119_T44PLS_20260812T093911
697,True,Pasture,0.9246,2026-08-12T04:57:01.025000Z,12.857196,Sentinel-2_L2A,Satellite CNN prediction: Pasture (confidence: 0.92),S2C_MSIL2A_20260812T045701_R119_T44PKS_20260812T093911
698,True,SeaLake,0.4676,2026-08-10T05:06:49.024000Z,25.075337,Sentinel-2_L2A,Satellite CNN prediction: SeaLake (confidence: 0.47),S2B_MSIL2A_20260810T050649_R019_T44PKS_20260810T085431
699,False,UNKNOWN,,2026-08-12,62.614924,Sentinel-2_L2A,"Sentinel-2 observation available but obscured by cloud cover (best: 62.6%, threshold: 30.0%)",S2C_MSIL2A_20260812T045701_R119_T44PLT_20260812T093911
700,False,UNKNOWN,,2026-08-12,39.614317,Sentinel-2_L2A,"Sentinel-2 observation available but obscured by cloud cover (best: 39.6%, threshold: 30.0%)",S2B_MSIL2A_20260810T050649_R019_T43PGN_20260810T085431
701,False,UNKNOWN,,2026-08-12,72.827893,Sentinel-2_L2A,"Sentinel-2 observation available but obscured by cloud cover (best: 72.8%, threshold: 30.0%)",S2B_MSIL2A_20260810T050649_R019_T43PGP_20260810T085431
702,True,SeaLake,0.9745,2026-08-10T05:06:49.024000Z,29.89291,Sentinel-2_L2A,Satellite CNN prediction: SeaLake (confidence: 0.97),S2B_MSIL2A_20260810T050649_R019_T44PLA_20260810T085431
703,False,UNKNOWN,,2026-08-12,64.822149,Sentinel-2_L2A,"Sentinel-2 observation available but obscured by cloud cover (best: 64.8%, threshold: 30.0%)",S2A_MSIL2A_20260810T052241_R062_T43PFR_20260810T114010
704,True,Pasture,0.5633,2026-08-07T05:46:41.025000Z,2.104166,Sentinel-2_L2A,Satellite CNN prediction: Pasture (confidence: 0.56),S2C_MSIL2A_20260807T054641_R048_T42RXR_20260807T085410
705,False,UNKNOWN,,2026-08-12,51.728421,Sentinel-2_L2A,"Sentinel-2 observation available but obscured by cloud cover (best: 51.7%, threshold: 30.0%)",S2B_MSIL2A_20260815T041549_R090_T46REP_20260815T061424
706,False,UNKNOWN,,2026-08-12,60.280496,Sentinel-2_L2A,"Sentinel-2 observation available but obscured by cloud cover (best: 60.3%, threshold: 30.0%)",S2C_MSIL2A_20260812T045701_R119_T44QPK_20260812T100317
707,False,UNKNOWN,,2026-08-12,56.504446,Sentinel-2_L2A,"Sentinel-2 observation available but obscured by cloud cover (best: 56.5%, threshold: 30.0%)",S2C_MSIL2A_20260812T045701_R119_T44QPM_20260812T100317
708,False,UNKNOWN,,2026-08-12,99.983025,Sentinel-2_L2A,"Sentinel-2 observation available but obscured by cloud cover (best: 100.0%, threshold: 30.0%)",S2C_MSIL2A_20260811T052641_R105_T43RGM_20260811T102712
709,False,UNKNOWN,,2026-08-12,46.653283,Sentinel-2_L2A,"Sentinel-2 observation available but obscured by cloud cover (best: 46.7%, threshold: 30.0%)",S2B_MSIL2A_20260810T050649_R019_T43PGM_20260810T085431
710,False,UNKNOWN,,2026-08-12,89.056373,Sentinel-2_L2A,"Sentinel-2 observation available but obscured by cloud cover (best: 89.1%, threshold: 30.0%)",S2B_MSIL2A_20260810T050649_R019_T43PHN_20260810T085431
711,False,UNKNOWN,,2026-08-12,39.614317,Sentinel-2_L2A,"Sentinel-2 observation available but obscured by cloud cover (best: 39.6%, threshold: 30.0%)",S2B_MSIL2A_20260810T050649_R019_T43PGN_20260810T085431
712,False,UNKNOWN,,2026-08-12,89.056373,Sentinel-2_L2A,"Sentinel-2 observation available but obscured by cloud cover (best: 89.1%, threshold: 30.0%)",S2B_MSIL2A_20260810T050649_R019_T43PHN_20260810T085431
713,False,UNKNOWN,,2026-08-12,72.827893,Sentinel-2_L2A,"Sentinel-2 observation available but obscured by cloud cover (best: 72.8%, threshold: 30.0%)",S2B_MSIL2A_20260810T050649_R019_T43PGP_20260810T085431
714,False,UNKNOWN,,2026-08-12,64.365321,Sentinel-2_L2A,"Sentinel-2 observation available but obscured by cloud cover (best: 64.4%, threshold: 30.0%)",S2B_MSIL2A_20260810T050649_R019_T44QNJ_20260810T085257
715,False,UNKNOWN,,2026-08-12,79.051644,Sentinel-2_L2A,"Sentinel-2 observation available but obscured by cloud cover (best: 79.1%, threshold: 30.0%)",S2B_MSIL2A_20260810T050649_R019_T44QLJ_20260810T085257
716,False,UNKNOWN,,2026-08-12,86.912179,Sentinel-2_L2A,"Sentinel-2 observation available but obscured by cloud cover (best: 86.9%, threshold: 30.0%)",S2C_MSIL2A_20260812T045701_R119_T44QNJ_20260812T100317
717,False,UNKNOWN,,2026-08-12,79.051644,Sentinel-2_L2A,"Sentinel-2 observation available but obscured by cloud cover (best: 79.1%, threshold: 30.0%)",S2B_MSIL2A_20260810T050649_R019_T44QLJ_20260810T085257
718,False,UNKNOWN,,2026-08-12,86.912179,Sentinel-2_L2A,"Sentinel-2 observation available but obscured by cloud cover (best: 86.9%, threshold: 30.0%)",S2C_MSIL2A_20260812T045701_R119_T44QNJ_20260812T100317
719,False,UNKNOWN,,2026-08-12,86.629236,Sentinel-2_L2A,"Sentinel-2 observation available but obscured by cloud cover (best: 86.6%, threshold: 30.0%)",S2B_MSIL2A_20260810T050649_R019_T44QKJ_20260810T085257
720,False,UNKNOWN,,2026-08-12,64.946741,Sentinel-2_L2A,"Sentinel-2 observation available but obscured by cloud cover (best: 64.9%, threshold: 30.0%)",S2C_MSIL2A_20260812T045701_R119_T44QQK_20260812T100317
721,False,UNKNOWN,,2026-08-12,60.280496,Sentinel-2_L2A,"Sentinel-2 observation available but obscured by cloud cover (best: 60.3%, threshold: 30.0%)",S2C_MSIL2A_20260812T045701_R119_T44QPK_20260812T100317
722,False,UNKNOWN,,2026-08-12,64.946741,Sentinel-2_L2A,"Sentinel-2 observation available but obscured by cloud cover (best: 64.9%, threshold: 30.0%)",S2C_MSIL2A_20260812T045701_R119_T44QQK_20260812T100317
723,True,SeaLake,0.9258,2026-08-10T05:06:49.024000Z,3.189906,Sentinel-2_L2A,Satellite CNN prediction: SeaLake (confidence: 0.93),S2B_MSIL2A_20260810T050649_R019_T43PHK_20260810T085431
724,False,UNKNOWN,,2026-08-12,58.764118,Sentinel-2_L2A,"Sentinel-2 observation available but obscured by cloud cover (best: 58.8%, threshold: 30.0%)",S2C_MSIL2A_20260812T045701_R119_T44PLV_20260812T093911
725,True,SeaLake,0.9827,2026-08-10T05:06:49.024000Z,29.89291,Sentinel-2_L2A,Satellite CNN prediction: SeaLake (confidence: 0.98),S2B_MSIL2A_20260810T050649_R019_T44PLA_20260810T085431
726,False,UNKNOWN,,2026-08-12,79.088616,Sentinel-2_L2A,"Sentinel-2 observation available but obscured by cloud cover (best: 79.1%, threshold: 30.0%)",S2B_MSIL2A_20260816T052639_R105_T43RFM_20260816T091153
727,False,UNKNOWN,,2026-08-12,30.368543,Sentinel-2_L2A,"Sentinel-2 observation available but obscured by cloud cover (best: 30.4%, threshold: 30.0%)",S2B_MSIL2A_20260816T052639_R105_T43RFQ_20260816T091153
728,False,UNKNOWN,,2026-08-12,50.563365,Sentinel-2_L2A,"Sentinel-2 observation available but obscured by cloud cover (best: 50.6%, threshold: 30.0%)",S2C_MSIL2A_20260812T045701_R119_T44QPL_20260812T100317
729,True,SeaLake,0.9422,2026-08-10T05:06:49.024000Z,18.610422,Sentinel-2_L2A,Satellite CNN prediction: SeaLake (confidence: 0.94),S2B_MSIL2A_20260810T050649_R019_T44QLD_20260810T085257
730,True,River,0.5795,2026-08-13T04:27:01.025000Z,16.288902,Sentinel-2_L2A,Satellite CNN prediction: River (confidence: 0.58),S2C_MSIL2A_20260813T042701_R133_T46RDQ_20260813T085811
731,True,SeaLake,0.828,2026-08-17T04:56:59.024000Z,12.858477,Sentinel-2_L2A,Satellite CNN prediction: SeaLake (confidence: 0.83),S2B_MSIL2A_20260817T045659_R119_T43PHL_20260817T084758
732,True,SeaLake,0.276,2026-08-10T05:06:49.024000Z,1.769387,Sentinel-2_L2A,Satellite CNN prediction: SeaLake (confidence: 0.28),S2B_MSIL2A_20260810T050649_R019_T44PKR_20260810T085431
733,False,UNKNOWN,,2026-08-13,42.921308,Sentinel-2_L2A,"Sentinel-2 observation available but obscured by cloud cover (best: 42.9%, threshold: 30.0%)",S2A_MSIL2A_20260811T045241_R076_T45QVG_20260811T100012
734,False,UNKNOWN,,2026-08-13,84.573638,Sentinel-2_L2A,"Sentinel-2 observation available but obscured by cloud cover (best: 84.6%, threshold: 30.0%)",S2C_MSIL2A_20260816T043701_R033_T45RWJ_20260816T093714
735,True,PermanentCrop,0.3741,2026-08-13T04:27:01.025000Z,16.288902,Sentinel-2_L2A,Satellite CNN prediction: PermanentCrop (confidence: 0.37),S2C_MSIL2A_20260813T042701_R133_T46RDQ_20260813T085811
736,True,HerbaceousVegetation,0.9955,2026-08-13T04:27:01.025000Z,16.288902,Sentinel-2_L2A,Satellite CNN prediction: HerbaceousVegetation (confidence: 1.00),S2C_MSIL2A_20260813T042701_R133_T46RDQ_20260813T085811
737,False,UNKNOWN,,2026-08-13,38.450792,Sentinel-2_L2A,"Sentinel-2 observation available but obscured by cloud cover (best: 38.5%, threshold: 30.0%)",S2C_MSIL2A_20260808T051651_R062_T44RLT_20260808T101010
738,True,SeaLake,0.4879,2026-08-10T05:06:49.024000Z,3.189906,Sentinel-2_L2A,Satellite CNN prediction: SeaLake (confidence: 0.49),S2B_MSIL2A_20260810T050649_R019_T43PHK_20260810T085431
739,True,SeaLake,0.9909,2026-08-10T05:06:49.024000Z,1.769387,Sentinel-2_L2A,Satellite CNN prediction: SeaLake (confidence: 0.99),S2B_MSIL2A_20260810T050649_R019_T44PKR_20260810T085431
740,True,SeaLake,0.9393,2026-08-10T05:06:49.024000Z,1.769387,Sentinel-2_L2A,Satellite CNN prediction: SeaLake (confidence: 0.94),S2B_MSIL2A_20260810T050649_R019_T44PKR_20260810T085431
741,True,SeaLake,0.997,2026-08-10T05:06:49.024000Z,1.769387,Sentinel-2_L2A,Satellite CNN prediction: SeaLake (confidence: 1.00),S2B_MSIL2A_20260810T050649_R019_T44PKR_20260810T085431
742,True,SeaLake,0.9885,2026-08-10T05:06:49.024000Z,25.075337,Sentinel-2_L2A,Satellite CNN prediction: SeaLake (confidence: 0.99),S2B_MSIL2A_20260810T050649_R019_T44PKS_20260810T085431
743,True,River,0.3234,2026-08-12T04:57:01.025000Z,12.857196,Sentinel-2_L2A,Satellite CNN prediction: River (confidence: 0.32),S2C_MSIL2A_20260812T045701_R119_T44PKS_20260812T093911
744,False,UNKNOWN,,2026-08-13,89.056373,Sentinel-2_L2A,"Sentinel-2 observation available but obscured by cloud cover (best: 89.1%, threshold: 30.0%)",S2B_MSIL2A_20260810T050649_R019_T43PHN_20260810T085431
745,False,UNKNOWN,,2026-08-13,96.228218,Sentinel-2_L2A,"Sentinel-2 observation available but obscured by cloud cover (best: 96.2%, threshold: 30.0%)",S2B_MSIL2A_20260810T050649_R019_T44PKT_20260810T085431
746,True,SeaLake,0.3905,2026-08-16T05:42:51.024000Z,2.026211,Sentinel-2_L2A,Satellite CNN prediction: SeaLake (confidence: 0.39),S2A_MSIL2A_20260816T054251_R005_T43RDP_20260816T103351
747,True,Forest,0.5282,2026-08-16T05:42:51.024000Z,10.995463,Sentinel-2_L2A,Satellite CNN prediction: Forest (confidence: 0.53),S2A_MSIL2A_20260816T054251_R005_T43REQ_20260816T103351
748,True,SeaLake,0.632,2026-08-16T05:42:51.024000Z,4.244732,Sentinel-2_L2A,Satellite CNN prediction: SeaLake (confidence: 0.63),S2A_MSIL2A_20260816T054251_R005_T43RDQ_20260816T103351
749,False,UNKNOWN,,2026-08-13,42.921308,Sentinel-2_L2A,"Sentinel-2 observation available but obscured by cloud cover (best: 42.9%, threshold: 30.0%)",S2A_MSIL2A_20260811T045241_R076_T45QVG_20260811T100012
750,False,UNKNOWN,,2026-08-13,60.455221,Sentinel-2_L2A,"Sentinel-2 observation available but obscured by cloud cover (best: 60.5%, threshold: 30.0%)",S2A_MSIL2A_20260810T052241_R062_T43QGU_20260810T114010
751,False,UNKNOWN,,2026-08-13,47.825363,Sentinel-2_L2A,"Sentinel-2 observation available but obscured by cloud cover (best: 47.8%, threshold: 30.0%)",S2B_MSIL2A_20260810T050649_R019_T43PGL_20260810T085431
752,True,AnnualCrop,0.5444,2026-08-10T05:06:49.024000Z,1.769387,Sentinel-2_L2A,Satellite CNN prediction: AnnualCrop (confidence: 0.54),S2B_MSIL2A_20260810T050649_R019_T44PKR_20260810T085431
753,False,UNKNOWN,,2026-08-13,46.653283,Sentinel-2_L2A,"Sentinel-2 observation available but obscured by cloud cover (best: 46.7%, threshold: 30.0%)",S2B_MSIL2A_20260810T050649_R019_T43PGM_20260810T085431
754,True,SeaLake,0.6919,2026-08-16T05:42:51.024000Z,25.515085,Sentinel-2_L2A,Satellite CNN prediction: SeaLake (confidence: 0.69),S2A_MSIL2A_20260816T054251_R005_T43RBK_20260816T103351
755,False,UNKNOWN,,2026-08-13,79.088616,Sentinel-2_L2A,"Sentinel-2 observation available but obscured by cloud cover (best: 79.1%, threshold: 30.0%)",S2B_MSIL2A_20260816T052639_R105_T43RFM_20260816T091153
756,True,SeaLake,0.5855,2026-08-16T05:42:51.024000Z,27.787778,Sentinel-2_L2A,Satellite CNN prediction: SeaLake (confidence: 0.59),S2A_MSIL2A_20260816T054251_R005_T43REN_20260816T103351
757,False,UNKNOWN,,2026-08-13,30.368543,Sentinel-2_L2A,"Sentinel-2 observation available but obscured by cloud cover (best: 30.4%, threshold: 30.0%)",S2B_MSIL2A_20260816T052639_R105_T43RFQ_20260816T091153
758,False,UNKNOWN,,2026-08-13,77.390623,Sentinel-2_L2A,"Sentinel-2 observation available but obscured by cloud cover (best: 77.4%, threshold: 30.0%)",S2B_MSIL2A_20260811T043659_R033_T45QXE_20260811T082821
759,False,UNKNOWN,,2026-08-13,82.244349,Sentinel-2_L2A,"Sentinel-2 observation available but obscured by cloud cover (best: 82.2%, threshold: 30.0%)",S2A_MSIL2A_20260809T055251_R048_T42QXL_20260809T105919
760,False,UNKNOWN,,2026-08-13,45.221433,Sentinel-2_L2A,"Sentinel-2 observation available but obscured by cloud cover (best: 45.2%, threshold: 30.0%)",S2C_MSIL2A_20260811T052641_R105_T43PCT_20260811T102712
761,False,UNKNOWN,,2026-08-13,84.331679,Sentinel-2_L2A,"Sentinel-2 observation available but obscured by cloud cover (best: 84.3%, threshold: 30.0%)",S2B_MSIL2A_20260816T052639_R105_T43QCA_20260816T091153
762,False,UNKNOWN,,2026-08-14,33.439904,Sentinel-2_L2A,"Sentinel-2 observation available but obscured by cloud cover (best: 33.4%, threshold: 30.0%)",S2C_MSIL2A_20260810T041551_R090_T46REN_20260810T071116
763,True,PermanentCrop,0.2927,2026-08-10T04:15:51.025000Z,27.189726,Sentinel-2_L2A,Satellite CNN prediction: PermanentCrop (confidence: 0.29),S2C_MSIL2A_20260810T041551_R090_T46RGS_20260810T071116
764,False,UNKNOWN,,2026-08-14,45.43682,Sentinel-2_L2A,"Sentinel-2 observation available but obscured by cloud cover (best: 45.4%, threshold: 30.0%)",S2C_MSIL2A_20260810T041551_R090_T46REP_20260810T071116
765,False,UNKNOWN,,2026-08-14,45.43682,Sentinel-2_L2A,"Sentinel-2 observation available but obscured by cloud cover (best: 45.4%, threshold: 30.0%)",S2C_MSIL2A_20260810T041551_R090_T46REP_20260810T071116
766,False,UNKNOWN,,2026-08-14,45.43682,Sentinel-2_L2A,"Sentinel-2 observation available but obscured by cloud cover (best: 45.4%, threshold: 30.0%)",S2C_MSIL2A_20260810T041551_R090_T46REP_20260810T071116
767,True,SeaLake,0.6494,2026-08-10T05:06:49.024000Z,3.189906,Sentinel-2_L2A,Satellite CNN prediction: SeaLake (confidence: 0.65),S2B_MSIL2A_20260810T050649_R019_T43PHK_20260810T085431
768,False,UNKNOWN,,2026-08-14,76.149887,Sentinel-2_L2A,"Sentinel-2 observation available but obscured by cloud cover (best: 76.1%, threshold: 30.0%)",S2A_MSIL2A_20260817T051241_R019_T43PGK_20260817T101210
769,True,SeaLake,0.9986,2026-08-10T05:06:49.024000Z,2.036197,Sentinel-2_L2A,Satellite CNN prediction: SeaLake (confidence: 1.00),S2B_MSIL2A_20260810T050649_R019_T43PHL_20260810T085431
770,True,SeaLake,0.8398,2026-08-10T05:06:49.024000Z,1.769387,Sentinel-2_L2A,Satellite CNN prediction: SeaLake (confidence: 0.84),S2B_MSIL2A_20260810T050649_R019_T44PKR_20260810T085431
771,True,SeaLake,0.8912,2026-08-17T04:56:59.024000Z,20.364849,Sentinel-2_L2A,Satellite CNN prediction: SeaLake (confidence: 0.89),S2B_MSIL2A_20260817T045659_R119_T44PKR_20260817T084758
772,True,SeaLake,0.9765,2026-08-10T05:06:49.024000Z,1.769387,Sentinel-2_L2A,Satellite CNN prediction: SeaLake (confidence: 0.98),S2B_MSIL2A_20260810T050649_R019_T44PKR_20260810T085431
773,True,SeaLake,0.9684,2026-08-17T04:56:59.024000Z,12.858477,Sentinel-2_L2A,Satellite CNN prediction: SeaLake (confidence: 0.97),S2B_MSIL2A_20260817T045659_R119_T43PHL_20260817T084758
774,True,SeaLake,0.9866,2026-08-17T04:56:59.024000Z,20.364849,Sentinel-2_L2A,Satellite CNN prediction: SeaLake (confidence: 0.99),S2B_MSIL2A_20260817T045659_R119_T44PKR_20260817T084758
775,True,River,0.2691,2026-08-10T05:06:49.024000Z,1.769387,Sentinel-2_L2A,Satellite CNN prediction: River (confidence: 0.27),S2B_MSIL2A_20260810T050649_R019_T44PKR_20260810T085431
776,True,PermanentCrop,0.3515,2026-08-10T05:06:49.024000Z,25.075337,Sentinel-2_L2A,Satellite CNN prediction: PermanentCrop (confidence: 0.35),S2B_MSIL2A_20260810T050649_R019_T44PKS_20260810T085431
777,True,SeaLake,0.7557,2026-08-12T04:57:01.025000Z,8.703873,Sentinel-2_L2A,Satellite CNN prediction: SeaLake (confidence: 0.76),S2C_MSIL2A_20260812T045701_R119_T44PLS_20260812T093911
778,False,UNKNOWN,,2026-08-14,84.946901,Sentinel-2_L2A,"Sentinel-2 observation available but obscured by cloud cover (best: 84.9%, threshold: 30.0%)",S2A_MSIL2A_20260810T052241_R062_T43PFT_20260810T114010
779,False,UNKNOWN,,2026-08-14,79.046935,Sentinel-2_L2A,"Sentinel-2 observation available but obscured by cloud cover (best: 79.0%, threshold: 30.0%)",S2C_MSIL2A_20260812T045701_R119_T44QND_20260812T091712
780,True,SeaLake,0.9915,2026-08-10T05:06:49.024000Z,3.189906,Sentinel-2_L2A,Satellite CNN prediction: SeaLake (confidence: 0.99),S2B_MSIL2A_20260810T050649_R019_T43PHK_20260810T085431
781,True,AnnualCrop,0.3589,2026-08-10T05:06:49.024000Z,2.036197,Sentinel-2_L2A,Satellite CNN prediction: AnnualCrop (confidence: 0.36),S2B_MSIL2A_20260810T050649_R019_T43PHL_20260810T085431
782,True,Pasture,0.4684,2026-08-17T04:56:59.024000Z,20.364849,Sentinel-2_L2A,Satellite CNN prediction: Pasture (confidence: 0.47),S2B_MSIL2A_20260817T045659_R119_T44PKR_20260817T084758
783,False,UNKNOWN,,2026-08-14,47.825363,Sentinel-2_L2A,"Sentinel-2 observation available but obscured by cloud cover (best: 47.8%, threshold: 30.0%)",S2B_MSIL2A_20260810T050649_R019_T43PGL_20260810T085431
784,False,UNKNOWN,,2026-08-14,47.825363,Sentinel-2_L2A,"Sentinel-2 observation available but obscured by cloud cover (best: 47.8%, threshold: 30.0%)",S2B_MSIL2A_20260810T050649_R019_T43PGL_20260810T085431
785,True,SeaLake,0.9897,2026-08-10T05:06:49.024000Z,2.036197,Sentinel-2_L2A,Satellite CNN prediction: SeaLake (confidence: 0.99),S2B_MSIL2A_20260810T050649_R019_T43PHL_20260810T085431
786,True,Forest,0.5673,2026-08-10T05:06:49.024000Z,2.036197,Sentinel-2_L2A,Satellite CNN prediction: Forest (confidence: 0.57),S2B_MSIL2A_20260810T050649_R019_T43PHL_20260810T085431
787,False,UNKNOWN,,2026-08-14,35.110965,Sentinel-2_L2A,"Sentinel-2 observation available but obscured by cloud cover (best: 35.1%, threshold: 30.0%)",S2B_MSIL2A_20260810T050649_R019_T44PKA_20260810T085431
788,False,UNKNOWN,,2026-08-14,47.471505,Sentinel-2_L2A,"Sentinel-2 observation available but obscured by cloud cover (best: 47.5%, threshold: 30.0%)",S2B_MSIL2A_20260815T041549_R090_T46RFQ_20260815T063018
789,True,AnnualCrop,0.2971,2026-08-10T04:15:51.025000Z,20.591527,Sentinel-2_L2A,Satellite CNN prediction: AnnualCrop (confidence: 0.30),S2C_MSIL2A_20260810T041551_R090_T46RGR_20260810T071116
790,True,SeaLake,0.6858,2026-08-12T04:57:01.025000Z,27.846348,Sentinel-2_L2A,Satellite CNN prediction: SeaLake (confidence: 0.69),S2C_MSIL2A_20260812T045701_R119_T44RQQ_20260812T100317
791,False,UNKNOWN,,2026-08-14,42.921308,Sentinel-2_L2A,"Sentinel-2 observation available but obscured by cloud cover (best: 42.9%, threshold: 30.0%)",S2A_MSIL2A_20260811T045241_R076_T45QVG_20260811T100012
792,False,UNKNOWN,,2026-08-14,60.280496,Sentinel-2_L2A,"Sentinel-2 observation available but obscured by cloud cover (best: 60.3%, threshold: 30.0%)",S2C_MSIL2A_20260812T045701_R119_T44QPK_20260812T100317
793,False,UNKNOWN,,2026-08-14,82.244349,Sentinel-2_L2A,"Sentinel-2 observation available but obscured by cloud cover (best: 82.2%, threshold: 30.0%)",S2A_MSIL2A_20260809T055251_R048_T42QXL_20260809T105919
794,False,UNKNOWN,,2026-08-14,79.088616,Sentinel-2_L2A,"Sentinel-2 observation available but obscured by cloud cover (best: 79.1%, threshold: 30.0%)",S2B_MSIL2A_20260816T052639_R105_T43RFM_20260816T091153
795,False,UNKNOWN,,2026-08-14,74.768436,Sentinel-2_L2A,"Sentinel-2 observation available but obscured by cloud cover (best: 74.8%, threshold: 30.0%)",S2A_MSIL2A_20260810T052241_R062_T43PGT_20260810T114010
796,False,UNKNOWN,,2026-08-14,39.808428,Sentinel-2_L2A,"Sentinel-2 observation available but obscured by cloud cover (best: 39.8%, threshold: 30.0%)",S2A_MSIL2A_20260810T052241_R062_T43QGV_20260810T102817
797,False,UNKNOWN,,2026-08-14,84.246951,Sentinel-2_L2A,"Sentinel-2 observation available but obscured by cloud cover (best: 84.2%, threshold: 30.0%)",S2C_MSIL2A_20260817T054631_R048_T42QWK_20260817T085418
798,False,UNKNOWN,,2026-08-14,59.606689,Sentinel-2_L2A,"Sentinel-2 observation available but obscured by cloud cover (best: 59.6%, threshold: 30.0%)",S2B_MSIL2A_20260810T050649_R019_T43PGQ_20260810T085431
799,False,UNKNOWN,,2026-08-14,64.193034,Sentinel-2_L2A,"Sentinel-2 observation available but obscured by cloud cover (best: 64.2%, threshold: 30.0%)",S2A_MSIL2A_20260810T052241_R062_T43PFS_20260810T114010
800,False,UNKNOWN,,2026-08-14,64.193034,Sentinel-2_L2A,"Sentinel-2 observation available but obscured by cloud cover (best: 64.2%, threshold: 30.0%)",S2A_MSIL2A_20260810T052241_R062_T43PFS_20260810T114010
801,False,UNKNOWN,,2026-08-14,64.193034,Sentinel-2_L2A,"Sentinel-2 observation available but obscured by cloud cover (best: 64.2%, threshold: 30.0%)",S2A_MSIL2A_20260810T052241_R062_T43PFS_20260810T114010
802,False,UNKNOWN,,2026-08-14,64.193034,Sentinel-2_L2A,"Sentinel-2 observation available but obscured by cloud cover (best: 64.2%, threshold: 30.0%)",S2A_MSIL2A_20260810T052241_R062_T43PFS_20260810T114010
803,False,UNKNOWN,,2026-08-14,70.697784,Sentinel-2_L2A,"Sentinel-2 observation available but obscured by cloud cover (best: 70.7%, threshold: 30.0%)",S2C_MSIL2A_20260817T054631_R048_T42QWL_20260817T085418
804,False,UNKNOWN,,2026-08-15,65.328407,Sentinel-2_L2A,"Sentinel-2 observation available but obscured by cloud cover (best: 65.3%, threshold: 30.0%)",S2A_MSIL2A_20260819T041211_R047_T46RGS_20260819T090411
805,True,Highway,0.6556,2026-08-10T04:15:51.025000Z,27.189726,Sentinel-2_L2A,Satellite CNN prediction: Highway (confidence: 0.66),S2C_MSIL2A_20260810T041551_R090_T46RGS_20260810T071116
806,False,UNKNOWN,,2026-08-15,60.73606,Sentinel-2_L2A,"Sentinel-2 observation available but obscured by cloud cover (best: 60.7%, threshold: 30.0%)",S2B_MSIL2A_20260810T050649_R019_T44PKU_20260810T085431
807,False,UNKNOWN,,2026-08-15,47.66117,Sentinel-2_L2A,"Sentinel-2 observation available but obscured by cloud cover (best: 47.7%, threshold: 30.0%)",S2B_MSIL2A_20260820T050649_R019_T44PLA_20260820T085718
808,True,PermanentCrop,0.2707,2026-08-10T05:06:49.024000Z,5.104031,Sentinel-2_L2A,Satellite CNN prediction: PermanentCrop (confidence: 0.27),S2B_MSIL2A_20260810T050649_R019_T44QLE_20260810T085257
809,False,UNKNOWN,,2026-08-15,35.819444,Sentinel-2_L2A,"Sentinel-2 observation available but obscured by cloud cover (best: 35.8%, threshold: 30.0%)",S2B_MSIL2A_20260811T043659_R033_T45RXL_20260811T082821
810,True,River,0.3682,2026-08-20T05:56:31.025000Z,0.090596,Sentinel-2_L2A,Satellite CNN prediction: River (confidence: 0.37),S2C_MSIL2A_20260820T055631_R091_T42RXR_20260820T090013
811,True,SeaLake,0.3506,2026-08-10T05:06:49.024000Z,3.189906,Sentinel-2_L2A,Satellite CNN prediction: SeaLake (confidence: 0.35),S2B_MSIL2A_20260810T050649_R019_T43PHK_20260810T085431
812,True,Forest,0.4307,2026-08-10T05:06:49.024000Z,3.189906,Sentinel-2_L2A,Satellite CNN prediction: Forest (confidence: 0.43),S2B_MSIL2A_20260810T050649_R019_T43PHK_20260810T085431
813,True,SeaLake,0.9848,2026-08-10T05:06:49.024000Z,3.189906,Sentinel-2_L2A,Satellite CNN prediction: SeaLake (confidence: 0.98),S2B_MSIL2A_20260810T050649_R019_T43PHK_20260810T085431
814,True,SeaLake,0.8332,2026-08-10T05:06:49.024000Z,3.189906,Sentinel-2_L2A,Satellite CNN prediction: SeaLake (confidence: 0.83),S2B_MSIL2A_20260810T050649_R019_T43PHK_20260810T085431
815,True,SeaLake,0.7571,2026-08-20T05:06:49.024000Z,21.059443,Sentinel-2_L2A,Satellite CNN prediction: SeaLake (confidence: 0.76),S2B_MSIL2A_20260820T050649_R019_T43PHK_20260820T085718
816,True,SeaLake,0.9649,2026-08-10T05:06:49.024000Z,2.036197,Sentinel-2_L2A,Satellite CNN prediction: SeaLake (confidence: 0.96),S2B_MSIL2A_20260810T050649_R019_T43PHL_20260810T085431
817,False,UNKNOWN,,2026-08-15,47.825363,Sentinel-2_L2A,"Sentinel-2 observation available but obscured by cloud cover (best: 47.8%, threshold: 30.0%)",S2B_MSIL2A_20260810T050649_R019_T43PGL_20260810T085431
818,False,UNKNOWN,,2026-08-15,61.325908,Sentinel-2_L2A,"Sentinel-2 observation available but obscured by cloud cover (best: 61.3%, threshold: 30.0%)",S2C_MSIL2A_20260812T045701_R119_T44PKU_20260812T093911
819,False,UNKNOWN,,2026-08-15,60.73606,Sentinel-2_L2A,"Sentinel-2 observation available but obscured by cloud cover (best: 60.7%, threshold: 30.0%)",S2B_MSIL2A_20260810T050649_R019_T44PKU_20260810T085431
820,False,UNKNOWN,,2026-08-15,73.99717,Sentinel-2_L2A,"Sentinel-2 observation available but obscured by cloud cover (best: 74.0%, threshold: 30.0%)",S2C_MSIL2A_20260818T051651_R062_T43PFP_20260818T100915
821,False,UNKNOWN,,2026-08-15,60.73606,Sentinel-2_L2A,"Sentinel-2 observation available but obscured by cloud cover (best: 60.7%, threshold: 30.0%)",S2B_MSIL2A_20260810T050649_R019_T44PKU_20260810T085431
822,False,UNKNOWN,,2026-08-15,55.91892,Sentinel-2_L2A,"Sentinel-2 observation available but obscured by cloud cover (best: 55.9%, threshold: 30.0%)",S2B_MSIL2A_20260810T050649_R019_T43PHP_20260810T085431
823,True,PermanentCrop,0.6422,2026-08-10T05:06:49.024000Z,29.89291,Sentinel-2_L2A,Satellite CNN prediction: PermanentCrop (confidence: 0.64),S2B_MSIL2A_20260810T050649_R019_T44PLA_20260810T085431
824,True,SeaLake,0.8111,2026-08-10T05:06:49.024000Z,25.546271,Sentinel-2_L2A,Satellite CNN prediction: SeaLake (confidence: 0.81),S2B_MSIL2A_20260810T050649_R019_T44PLB_20260810T085431
825,True,SeaLake,0.9687,2026-08-10T05:06:49.024000Z,25.546271,Sentinel-2_L2A,Satellite CNN prediction: SeaLake (confidence: 0.97),S2B_MSIL2A_20260810T050649_R019_T44PLB_20260810T085431
826,False,UNKNOWN,,2026-08-15,83.74424,Sentinel-2_L2A,"Sentinel-2 observation available but obscured by cloud cover (best: 83.7%, threshold: 30.0%)",S2C_MSIL2A_20260815T050651_R019_T44PKC_20260815T100309
827,True,SeaLake,0.9977,2026-08-10T05:06:49.024000Z,20.96276,Sentinel-2_L2A,Satellite CNN prediction: SeaLake (confidence: 1.00),S2B_MSIL2A_20260810T050649_R019_T44QKE_20260810T085257
828,False,UNKNOWN,,2026-08-15,96.349597,Sentinel-2_L2A,"Sentinel-2 observation available but obscured by cloud cover (best: 96.3%, threshold: 30.0%)",S2B_MSIL2A_20260819T053639_R005_T43QBF_20260819T091716
829,True,HerbaceousVegetation,0.6678,2026-08-17T05:46:31.024000Z,20.680705,Sentinel-2_L2A,Satellite CNN prediction: HerbaceousVegetation (confidence: 0.67),S2C_MSIL2A_20260817T054631_R048_T42RXQ_20260817T085418
830,False,UNKNOWN,,2026-08-15,67.801321,Sentinel-2_L2A,"Sentinel-2 observation available but obscured by cloud cover (best: 67.8%, threshold: 30.0%)",S2B_MSIL2A_20260811T043659_R033_T45QWE_20260811T082821
831,False,UNKNOWN,,2026-08-15,31.731808,Sentinel-2_L2A,"Sentinel-2 observation available but obscured by cloud cover (best: 31.7%, threshold: 30.0%)",S2A_MSIL2A_20260811T045241_R076_T45QVF_20260811T100012
832,False,UNKNOWN,,2026-08-15,75.891227,Sentinel-2_L2A,"Sentinel-2 observation available but obscured by cloud cover (best: 75.9%, threshold: 30.0%)",S2B_MSIL2A_20260811T043659_R033_T45QWG_20260811T082821
833,False,UNKNOWN,,2026-08-15,35.571855,Sentinel-2_L2A,"Sentinel-2 observation available but obscured by cloud cover (best: 35.6%, threshold: 30.0%)",S2A_MSIL2A_20260811T045241_R076_T45QUG_20260811T100012
834,False,UNKNOWN,,2026-08-15,45.178264,Sentinel-2_L2A,"Sentinel-2 observation available but obscured by cloud cover (best: 45.2%, threshold: 30.0%)",S2A_MSIL2A_20260811T045241_R076_T45QWG_20260811T100012
835,False,UNKNOWN,,2026-08-15,45.178264,Sentinel-2_L2A,"Sentinel-2 observation available but obscured by cloud cover (best: 45.2%, threshold: 30.0%)",S2A_MSIL2A_20260811T045241_R076_T45QWG_20260811T100012
836,False,UNKNOWN,,2026-08-15,45.80155,Sentinel-2_L2A,"Sentinel-2 observation available but obscured by cloud cover (best: 45.8%, threshold: 30.0%)",S2A_MSIL2A_20260811T045241_R076_T45QUF_20260811T100012
837,False,UNKNOWN,,2026-08-15,45.80155,Sentinel-2_L2A,"Sentinel-2 observation available but obscured by cloud cover (best: 45.8%, threshold: 30.0%)",S2A_MSIL2A_20260811T045241_R076_T45QUF_20260811T100012
838,False,UNKNOWN,,2026-08-15,31.731808,Sentinel-2_L2A,"Sentinel-2 observation available but obscured by cloud cover (best: 31.7%, threshold: 30.0%)",S2A_MSIL2A_20260811T045241_R076_T45QVF_20260811T100012
839,False,UNKNOWN,,2026-08-15,31.731808,Sentinel-2_L2A,"Sentinel-2 observation available but obscured by cloud cover (best: 31.7%, threshold: 30.0%)",S2A_MSIL2A_20260811T045241_R076_T45QVF_20260811T100012
840,False,UNKNOWN,,2026-08-15,35.571855,Sentinel-2_L2A,"Sentinel-2 observation available but obscured by cloud cover (best: 35.6%, threshold: 30.0%)",S2A_MSIL2A_20260811T045241_R076_T45QUG_20260811T100012
841,False,UNKNOWN,,2026-08-15,42.921308,Sentinel-2_L2A,"Sentinel-2 observation available but obscured by cloud cover (best: 42.9%, threshold: 30.0%)",S2A_MSIL2A_20260811T045241_R076_T45QVG_20260811T100012
842,False,UNKNOWN,,2026-08-15,42.921308,Sentinel-2_L2A,"Sentinel-2 observation available but obscured by cloud cover (best: 42.9%, threshold: 30.0%)",S2A_MSIL2A_20260811T045241_R076_T45QVG_20260811T100012
843,False,UNKNOWN,,2026-08-15,42.921308,Sentinel-2_L2A,"Sentinel-2 observation available but obscured by cloud cover (best: 42.9%, threshold: 30.0%)",S2A_MSIL2A_20260811T045241_R076_T45QVG_20260811T100012
844,False,UNKNOWN,,2026-08-15,60.73606,Sentinel-2_L2A,"Sentinel-2 observation available but obscured by cloud cover (best: 60.7%, threshold: 30.0%)",S2B_MSIL2A_20260810T050649_R019_T44PKU_20260810T085431
845,False,UNKNOWN,,2026-08-15,58.764118,Sentinel-2_L2A,"Sentinel-2 observation available but obscured by cloud cover (best: 58.8%, threshold: 30.0%)",S2C_MSIL2A_20260812T045701_R119_T44PLV_20260812T093911
846,False,UNKNOWN,,2026-08-15,64.822149,Sentinel-2_L2A,"Sentinel-2 observation available but obscured by cloud cover (best: 64.8%, threshold: 30.0%)",S2A_MSIL2A_20260810T052241_R062_T43PFR_20260810T114010
847,False,UNKNOWN,,2026-08-15,73.057038,Sentinel-2_L2A,"Sentinel-2 observation available but obscured by cloud cover (best: 73.1%, threshold: 30.0%)",S2B_MSIL2A_20260810T050649_R019_T43PHS_20260810T085431
848,False,UNKNOWN,,2026-08-15,84.107685,Sentinel-2_L2A,"Sentinel-2 observation available but obscured by cloud cover (best: 84.1%, threshold: 30.0%)",S2A_MSIL2A_20260816T054251_R005_T43QBA_20260816T103351
849,False,UNKNOWN,,2026-08-15,84.107685,Sentinel-2_L2A,"Sentinel-2 observation available but obscured by cloud cover (best: 84.1%, threshold: 30.0%)",S2A_MSIL2A_20260816T054251_R005_T43QBA_20260816T103351
850,True,SeaLake,0.3372,2026-08-10T05:06:49.024000Z,3.189906,Sentinel-2_L2A,Satellite CNN prediction: SeaLake (confidence: 0.34),S2B_MSIL2A_20260810T050649_R019_T43PHK_20260810T085431
851,True,Pasture,0.5081,2026-08-17T04:56:59.024000Z,12.858477,Sentinel-2_L2A,Satellite CNN prediction: Pasture (confidence: 0.51),S2B_MSIL2A_20260817T045659_R119_T43PHL_20260817T084758
852,False,UNKNOWN,,2026-08-15,46.653283,Sentinel-2_L2A,"Sentinel-2 observation available but obscured by cloud cover (best: 46.7%, threshold: 30.0%)",S2B_MSIL2A_20260810T050649_R019_T43PGM_20260810T085431
853,True,SeaLake,0.2051,2026-08-12T04:57:01.025000Z,12.857196,Sentinel-2_L2A,Satellite CNN prediction: SeaLake (confidence: 0.21),S2C_MSIL2A_20260812T045701_R119_T44PKS_20260812T093911
854,False,UNKNOWN,,2026-08-15,60.73606,Sentinel-2_L2A,"Sentinel-2 observation available but obscured by cloud cover (best: 60.7%, threshold: 30.0%)",S2B_MSIL2A_20260810T050649_R019_T44PKU_20260810T085431
855,False,UNKNOWN,,2026-08-15,55.696332,Sentinel-2_L2A,"Sentinel-2 observation available but obscured by cloud cover (best: 55.7%, threshold: 30.0%)",S2A_MSIL2A_20260816T054251_R005_T43RCK_20260816T103351
856,False,UNKNOWN,,2026-08-15,55.696332,Sentinel-2_L2A,"Sentinel-2 observation available but obscured by cloud cover (best: 55.7%, threshold: 30.0%)",S2A_MSIL2A_20260816T054251_R005_T43RCK_20260816T103351
857,False,UNKNOWN,,2026-08-15,56.535316,Sentinel-2_L2A,"Sentinel-2 observation available but obscured by cloud cover (best: 56.5%, threshold: 30.0%)",S2B_MSIL2A_20260816T052639_R105_T43RFN_20260816T091153
858,False,UNKNOWN,,2026-08-15,97.916961,Sentinel-2_L2A,"Sentinel-2 observation available but obscured by cloud cover (best: 97.9%, threshold: 30.0%)",S2B_MSIL2A_20260819T053639_R005_T43QBD_20260819T091716
859,False,UNKNOWN,,2026-08-15,93.388861,Sentinel-2_L2A,"Sentinel-2 observation available but obscured by cloud cover (best: 93.4%, threshold: 30.0%)",S2C_MSIL2A_20260810T055631_R091_T42QVM_20260810T090514
860,False,UNKNOWN,,2026-08-15,86.289233,Sentinel-2_L2A,"Sentinel-2 observation available but obscured by cloud cover (best: 86.3%, threshold: 30.0%)",S2B_MSIL2A_20260820T050649_R019_T43PHN_20260820T085718
861,False,UNKNOWN,,2026-08-15,60.73606,Sentinel-2_L2A,"Sentinel-2 observation available but obscured by cloud cover (best: 60.7%, threshold: 30.0%)",S2B_MSIL2A_20260810T050649_R019_T44PKU_20260810T085431
862,False,UNKNOWN,,2026-08-15,83.687985,Sentinel-2_L2A,"Sentinel-2 observation available but obscured by cloud cover (best: 83.7%, threshold: 30.0%)",S2C_MSIL2A_20260812T045701_R119_T44PMV_20260812T093911
863,True,SeaLake,0.9993,2026-08-10T05:06:49.024000Z,25.546271,Sentinel-2_L2A,Satellite CNN prediction: SeaLake (confidence: 1.00),S2B_MSIL2A_20260810T050649_R019_T44PLB_20260810T085431
864,False,UNKNOWN,,2026-08-16,71.444893,Sentinel-2_L2A,"Sentinel-2 observation available but obscured by cloud cover (best: 71.4%, threshold: 30.0%)",S2C_MSIL2A_20260812T045701_R119_T44PLU_20260812T093911
865,False,UNKNOWN,,2026-08-16,71.444893,Sentinel-2_L2A,"Sentinel-2 observation available but obscured by cloud cover (best: 71.4%, threshold: 30.0%)",S2C_MSIL2A_20260812T045701_R119_T44PLU_20260812T093911
866,True,AnnualCrop,0.344,2026-08-16T05:42:51.024000Z,2.026211,Sentinel-2_L2A,Satellite CNN prediction: AnnualCrop (confidence: 0.34),S2A_MSIL2A_20260816T054251_R005_T43RDP_20260816T103351
867,False,UNKNOWN,,2026-08-16,54.933995,Sentinel-2_L2A,"Sentinel-2 observation available but obscured by cloud cover (best: 54.9%, threshold: 30.0%)",S2A_MSIL2A_20260817T051241_R019_T43PGL_20260817T101210
868,False,UNKNOWN,,2026-08-16,30.094135,Sentinel-2_L2A,"Sentinel-2 observation available but obscured by cloud cover (best: 30.1%, threshold: 30.0%)",S2A_MSIL2A_20260817T051241_R019_T43PHL_20260817T101210
869,True,SeaLake,0.7546,2026-08-12T04:57:01.025000Z,12.857196,Sentinel-2_L2A,Satellite CNN prediction: SeaLake (confidence: 0.75),S2C_MSIL2A_20260812T045701_R119_T44PKS_20260812T093911
870,False,UNKNOWN,,2026-08-16,92.603332,Sentinel-2_L2A,"Sentinel-2 observation available but obscured by cloud cover (best: 92.6%, threshold: 30.0%)",S2B_MSIL2A_20260820T050649_R019_T43PGM_20260820T085718
871,True,River,0.6633,2026-08-12T04:57:01.025000Z,8.703873,Sentinel-2_L2A,Satellite CNN prediction: River (confidence: 0.66),S2C_MSIL2A_20260812T045701_R119_T44PLS_20260812T093911
872,True,AnnualCrop,0.5029,2026-08-12T04:57:01.025000Z,8.703873,Sentinel-2_L2A,Satellite CNN prediction: AnnualCrop (confidence: 0.50),S2C_MSIL2A_20260812T045701_R119_T44PLS_20260812T093911
873,True,SeaLake,0.2752,2026-08-12T04:57:01.025000Z,8.703873,Sentinel-2_L2A,Satellite CNN prediction: SeaLake (confidence: 0.28),S2C_MSIL2A_20260812T045701_R119_T44PLS_20260812T093911
874,False,UNKNOWN,,2026-08-16,86.289233,Sentinel-2_L2A,"Sentinel-2 observation available but obscured by cloud cover (best: 86.3%, threshold: 30.0%)",S2B_MSIL2A_20260820T050649_R019_T43PHN_20260820T085718
875,False,UNKNOWN,,2026-08-16,80.818027,Sentinel-2_L2A,"Sentinel-2 observation available but obscured by cloud cover (best: 80.8%, threshold: 30.0%)",S2B_MSIL2A_20260820T050649_R019_T43PFN_20260820T085718
876,False,UNKNOWN,,2026-08-16,62.614924,Sentinel-2_L2A,"Sentinel-2 observation available but obscured by cloud cover (best: 62.6%, threshold: 30.0%)",S2C_MSIL2A_20260812T045701_R119_T44PLT_20260812T093911
877,False,UNKNOWN,,2026-08-16,89.197487,Sentinel-2_L2A,"Sentinel-2 observation available but obscured by cloud cover (best: 89.2%, threshold: 30.0%)",S2B_MSIL2A_20260820T050649_R019_T44PKT_20260820T085718
878,False,UNKNOWN,,2026-08-16,62.614924,Sentinel-2_L2A,"Sentinel-2 observation available but obscured by cloud cover (best: 62.6%, threshold: 30.0%)",S2C_MSIL2A_20260812T045701_R119_T44PLT_20260812T093911
879,False,UNKNOWN,,2026-08-16,62.614924,Sentinel-2_L2A,"Sentinel-2 observation available but obscured by cloud cover (best: 62.6%, threshold: 30.0%)",S2C_MSIL2A_20260812T045701_R119_T44PLT_20260812T093911
880,False,UNKNOWN,,2026-08-16,62.614924,Sentinel-2_L2A,"Sentinel-2 observation available but obscured by cloud cover (best: 62.6%, threshold: 30.0%)",S2C_MSIL2A_20260812T045701_R119_T44PLT_20260812T093911
881,False,UNKNOWN,,2026-08-16,62.614924,Sentinel-2_L2A,"Sentinel-2 observation available but obscured by cloud cover (best: 62.6%, threshold: 30.0%)",S2C_MSIL2A_20260812T045701_R119_T44PLT_20260812T093911
882,False,UNKNOWN,,2026-08-16,98.677194,Sentinel-2_L2A,"Sentinel-2 observation available but obscured by cloud cover (best: 98.7%, threshold: 30.0%)",S2B_MSIL2A_20260817T045659_R119_T44PLU_20260817T084758
883,False,UNKNOWN,,2026-08-16,94.763255,Sentinel-2_L2A,"Sentinel-2 observation available but obscured by cloud cover (best: 94.8%, threshold: 30.0%)",S2B_MSIL2A_20260820T050649_R019_T44PKU_20260820T085718
884,False,UNKNOWN,,2026-08-16,71.444893,Sentinel-2_L2A,"Sentinel-2 observation available but obscured by cloud cover (best: 71.4%, threshold: 30.0%)",S2C_MSIL2A_20260812T045701_R119_T44PLU_20260812T093911
885,False,UNKNOWN,,2026-08-16,71.444893,Sentinel-2_L2A,"Sentinel-2 observation available but obscured by cloud cover (best: 71.4%, threshold: 30.0%)",S2C_MSIL2A_20260812T045701_R119_T44PLU_20260812T093911
886,False,UNKNOWN,,2026-08-16,94.763255,Sentinel-2_L2A,"Sentinel-2 observation available but obscured by cloud cover (best: 94.8%, threshold: 30.0%)",S2B_MSIL2A_20260820T050649_R019_T44PKU_20260820T085718
887,False,UNKNOWN,,2026-08-16,71.444893,Sentinel-2_L2A,"Sentinel-2 observation available but obscured by cloud cover (best: 71.4%, threshold: 30.0%)",S2C_MSIL2A_20260812T045701_R119_T44PLU_20260812T093911
888,False,UNKNOWN,,2026-08-16,71.444893,Sentinel-2_L2A,"Sentinel-2 observation available but obscured by cloud cover (best: 71.4%, threshold: 30.0%)",S2C_MSIL2A_20260812T045701_R119_T44PLU_20260812T093911
889,False,UNKNOWN,,2026-08-16,58.764118,Sentinel-2_L2A,"Sentinel-2 observation available but obscured by cloud cover (best: 58.8%, threshold: 30.0%)",S2C_MSIL2A_20260812T045701_R119_T44PLV_20260812T093911
890,False,UNKNOWN,,2026-08-16,60.811269,Sentinel-2_L2A,"Sentinel-2 observation available but obscured by cloud cover (best: 60.8%, threshold: 30.0%)",S2B_MSIL2A_20260820T050649_R019_T44PKA_20260820T085718
891,False,UNKNOWN,,2026-08-16,80.42444,Sentinel-2_L2A,"Sentinel-2 observation available but obscured by cloud cover (best: 80.4%, threshold: 30.0%)",S2B_MSIL2A_20260820T050649_R019_T44PLB_20260820T085718
892,False,UNKNOWN,,2026-08-16,76.452577,Sentinel-2_L2A,"Sentinel-2 observation available but obscured by cloud cover (best: 76.5%, threshold: 30.0%)",S2B_MSIL2A_20260820T050649_R019_T44PKB_20260820T085718
893,False,UNKNOWN,,2026-08-16,80.42444,Sentinel-2_L2A,"Sentinel-2 observation available but obscured by cloud cover (best: 80.4%, threshold: 30.0%)",S2B_MSIL2A_20260820T050649_R019_T44PLB_20260820T085718
894,False,UNKNOWN,,2026-08-16,80.42444,Sentinel-2_L2A,"Sentinel-2 observation available but obscured by cloud cover (best: 80.4%, threshold: 30.0%)",S2B_MSIL2A_20260820T050649_R019_T44PLB_20260820T085718
895,False,UNKNOWN,,2026-08-16,49.428847,Sentinel-2_L2A,"Sentinel-2 observation available but obscured by cloud cover (best: 49.4%, threshold: 30.0%)",S2A_MSIL2A_20260817T051241_R019_T44QKE_20260817T101210
896,False,UNKNOWN,,2026-08-16,58.35163,Sentinel-2_L2A,"Sentinel-2 observation available but obscured by cloud cover (best: 58.4%, threshold: 30.0%)",S2B_MSIL2A_20260821T043659_R033_T45QWE_20260821T082129
897,True,AnnualCrop,0.4919,2026-08-16T05:42:51.024000Z,10.995463,Sentinel-2_L2A,Satellite CNN prediction: AnnualCrop (confidence: 0.49),S2A_MSIL2A_20260816T054251_R005_T43REQ_20260816T103351
898,True,HerbaceousVegetation,0.4457,2026-08-16T05:42:51.024000Z,4.244732,Sentinel-2_L2A,Satellite CNN prediction: HerbaceousVegetation (confidence: 0.45),S2A_MSIL2A_20260816T054251_R005_T43RDQ_20260816T103351
899,True,Pasture,0.5253,2026-08-16T05:42:51.024000Z,4.244732,Sentinel-2_L2A,Satellite CNN prediction: Pasture (confidence: 0.53),S2A_MSIL2A_20260816T054251_R005_T43RDQ_20260816T103351
900,False,UNKNOWN,,2026-08-16,33.779469,Sentinel-2_L2A,"Sentinel-2 observation available but obscured by cloud cover (best: 33.8%, threshold: 30.0%)",S2A_MSIL2A_20260816T054251_R005_T43SER_20260816T090308
901,False,UNKNOWN,,2026-08-16,30.094135,Sentinel-2_L2A,"Sentinel-2 observation available but obscured by cloud cover (best: 30.1%, threshold: 30.0%)",S2A_MSIL2A_20260817T051241_R019_T43PHL_20260817T101210
902,False,UNKNOWN,,2026-08-16,67.577857,Sentinel-2_L2A,"Sentinel-2 observation available but obscured by cloud cover (best: 67.6%, threshold: 30.0%)",S2A_MSIL2A_20260817T051241_R019_T44PKS_20260817T101210
903,False,UNKNOWN,,2026-08-16,70.194674,Sentinel-2_L2A,"Sentinel-2 observation available but obscured by cloud cover (best: 70.2%, threshold: 30.0%)",S2B_MSIL2A_20260820T050649_R019_T43PGN_20260820T085718
904,False,UNKNOWN,,2026-08-16,94.763255,Sentinel-2_L2A,"Sentinel-2 observation available but obscured by cloud cover (best: 94.8%, threshold: 30.0%)",S2B_MSIL2A_20260820T050649_R019_T44PKU_20260820T085718
905,False,UNKNOWN,,2026-08-16,83.044547,Sentinel-2_L2A,"Sentinel-2 observation available but obscured by cloud cover (best: 83.0%, threshold: 30.0%)",S2C_MSIL2A_20260818T051651_R062_T43PFS_20260818T101620
906,True,Pasture,0.4297,2026-08-16T05:42:51.024000Z,25.515085,Sentinel-2_L2A,Satellite CNN prediction: Pasture (confidence: 0.43),S2A_MSIL2A_20260816T054251_R005_T43RBK_20260816T103351
907,True,Pasture,0.3731,2026-08-17T05:46:31.024000Z,28.764841,Sentinel-2_L2A,Satellite CNN prediction: Pasture (confidence: 0.37),S2C_MSIL2A_20260817T054631_R048_T42RYR_20260817T085418
908,False,UNKNOWN,,2026-08-16,39.675224,Sentinel-2_L2A,"Sentinel-2 observation available but obscured by cloud cover (best: 39.7%, threshold: 30.0%)",S2B_MSIL2A_20260815T041549_R090_T46RGR_20260815T063018
909,False,UNKNOWN,,2026-08-16,39.675224,Sentinel-2_L2A,"Sentinel-2 observation available but obscured by cloud cover (best: 39.7%, threshold: 30.0%)",S2B_MSIL2A_20260815T041549_R090_T46RGR_20260815T063018
910,False,UNKNOWN,,2026-08-16,45.80155,Sentinel-2_L2A,"Sentinel-2 observation available but obscured by cloud cover (best: 45.8%, threshold: 30.0%)",S2A_MSIL2A_20260811T045241_R076_T45QUF_20260811T100012
911,False,UNKNOWN,,2026-08-16,35.571855,Sentinel-2_L2A,"Sentinel-2 observation available but obscured by cloud cover (best: 35.6%, threshold: 30.0%)",S2A_MSIL2A_20260811T045241_R076_T45QUG_20260811T100012
912,False,UNKNOWN,,2026-08-16,42.921308,Sentinel-2_L2A,"Sentinel-2 observation available but obscured by cloud cover (best: 42.9%, threshold: 30.0%)",S2A_MSIL2A_20260811T045241_R076_T45QVG_20260811T100012
913,False,UNKNOWN,,2026-08-16,35.571855,Sentinel-2_L2A,"Sentinel-2 observation available but obscured by cloud cover (best: 35.6%, threshold: 30.0%)",S2A_MSIL2A_20260811T045241_R076_T45QUG_20260811T100012
914,False,UNKNOWN,,2026-08-16,53.696418,Sentinel-2_L2A,"Sentinel-2 observation available but obscured by cloud cover (best: 53.7%, threshold: 30.0%)",S2A_MSIL2A_20260811T045241_R076_T45QTG_20260811T100012
915,False,UNKNOWN,,2026-08-16,35.571855,Sentinel-2_L2A,"Sentinel-2 observation available but obscured by cloud cover (best: 35.6%, threshold: 30.0%)",S2A_MSIL2A_20260811T045241_R076_T45QUG_20260811T100012
916,False,UNKNOWN,,2026-08-16,35.571855,Sentinel-2_L2A,"Sentinel-2 observation available but obscured by cloud cover (best: 35.6%, threshold: 30.0%)",S2A_MSIL2A_20260811T045241_R076_T45QUG_20260811T100012
917,False,UNKNOWN,,2026-08-16,35.571855,Sentinel-2_L2A,"Sentinel-2 observation available but obscured by cloud cover (best: 35.6%, threshold: 30.0%)",S2A_MSIL2A_20260811T045241_R076_T45QUG_20260811T100012
918,False,UNKNOWN,,2026-08-16,35.571855,Sentinel-2_L2A,"Sentinel-2 observation available but obscured by cloud cover (best: 35.6%, threshold: 30.0%)",S2A_MSIL2A_20260811T045241_R076_T45QUG_20260811T100012
919,False,UNKNOWN,,2026-08-16,69.353038,Sentinel-2_L2A,"Sentinel-2 observation available but obscured by cloud cover (best: 69.4%, threshold: 30.0%)",S2B_MSIL2A_20260821T043659_R033_T45QVG_20260821T082129
920,False,UNKNOWN,,2026-08-16,35.571855,Sentinel-2_L2A,"Sentinel-2 observation available but obscured by cloud cover (best: 35.6%, threshold: 30.0%)",S2A_MSIL2A_20260811T045241_R076_T45QUG_20260811T100012
921,True,SeaLake,0.7639,2026-08-12T04:57:01.025000Z,27.160326,Sentinel-2_L2A,Satellite CNN prediction: SeaLake (confidence: 0.76),S2C_MSIL2A_20260812T045701_R119_T45QTG_20260812T100317
922,False,UNKNOWN,,2026-08-16,78.789735,Sentinel-2_L2A,"Sentinel-2 observation available but obscured by cloud cover (best: 78.8%, threshold: 30.0%)",S2A_MSIL2A_20260811T045241_R076_T45RWH_20260811T100012
923,False,UNKNOWN,,2026-08-16,43.978223,Sentinel-2_L2A,"Sentinel-2 observation available but obscured by cloud cover (best: 44.0%, threshold: 30.0%)",S2A_MSIL2A_20260811T045241_R076_T44QQE_20260811T110533
924,True,SeaLake,0.6493,2026-08-17T05:12:41.024000Z,13.662151,Sentinel-2_L2A,Satellite CNN prediction: SeaLake (confidence: 0.65),S2A_MSIL2A_20260817T051241_R019_T44PKR_20260817T101210
925,True,SeaLake,0.9219,2026-08-21T05:26:41.025000Z,5.810681,Sentinel-2_L2A,Satellite CNN prediction: SeaLake (confidence: 0.92),S2C_MSIL2A_20260821T052641_R105_T43RFM_20260821T102216
926,False,UNKNOWN,,2026-08-16,80.217719,Sentinel-2_L2A,"Sentinel-2 observation available but obscured by cloud cover (best: 80.2%, threshold: 30.0%)",S2C_MSIL2A_20260821T052641_R105_T43RGP_20260821T102216
927,True,PermanentCrop,0.7609,2026-08-16T05:42:51.024000Z,2.026211,Sentinel-2_L2A,Satellite CNN prediction: PermanentCrop (confidence: 0.76),S2A_MSIL2A_20260816T054251_R005_T43RDP_20260816T103351
928,False,UNKNOWN,,2026-08-16,42.343658,Sentinel-2_L2A,"Sentinel-2 observation available but obscured by cloud cover (best: 42.3%, threshold: 30.0%)",S2B_MSIL2A_20260813T051649_R062_T43RGL_20260813T090622
929,True,Industrial,0.4579,2026-08-21T05:26:41.025000Z,21.103691,Sentinel-2_L2A,Satellite CNN prediction: Industrial (confidence: 0.46),S2C_MSIL2A_20260821T052641_R105_T43REL_20260821T102216
930,False,UNKNOWN,,2026-08-16,83.044547,Sentinel-2_L2A,"Sentinel-2 observation available but obscured by cloud cover (best: 83.0%, threshold: 30.0%)",S2C_MSIL2A_20260818T051651_R062_T43PFS_20260818T101620
931,False,UNKNOWN,,2026-08-16,83.044547,Sentinel-2_L2A,"Sentinel-2 observation available but obscured by cloud cover (best: 83.0%, threshold: 30.0%)",S2C_MSIL2A_20260818T051651_R062_T43PFS_20260818T101620
932,False,UNKNOWN,,2026-08-16,83.74424,Sentinel-2_L2A,"Sentinel-2 observation available but obscured by cloud cover (best: 83.7%, threshold: 30.0%)",S2C_MSIL2A_20260815T050651_R019_T44PKC_20260815T100309
933,False,UNKNOWN,,2026-08-16,68.261588,Sentinel-2_L2A,"Sentinel-2 observation available but obscured by cloud cover (best: 68.3%, threshold: 30.0%)",S2C_MSIL2A_20260821T052641_R105_T43QDU_20260821T102216
934,False,UNKNOWN,,2026-08-16,70.194674,Sentinel-2_L2A,"Sentinel-2 observation available but obscured by cloud cover (best: 70.2%, threshold: 30.0%)",S2B_MSIL2A_20260820T050649_R019_T43PGN_20260820T085718
935,False,UNKNOWN,,2026-08-16,70.194674,Sentinel-2_L2A,"Sentinel-2 observation available but obscured by cloud cover (best: 70.2%, threshold: 30.0%)",S2B_MSIL2A_20260820T050649_R019_T43PGN_20260820T085718
936,False,UNKNOWN,,2026-08-16,99.521625,Sentinel-2_L2A,"Sentinel-2 observation available but obscured by cloud cover (best: 99.5%, threshold: 30.0%)",S2B_MSIL2A_20260820T050649_R019_T43PGP_20260820T085718
937,True,PermanentCrop,0.2248,2026-08-19T05:36:39.024000Z,10.938056,Sentinel-2_L2A,Satellite CNN prediction: PermanentCrop (confidence: 0.22),S2B_MSIL2A_20260819T053639_R005_T43RCL_20260819T091716
938,False,UNKNOWN,,2026-08-17,45.20781,Sentinel-2_L2A,"Sentinel-2 observation available but obscured by cloud cover (best: 45.2%, threshold: 30.0%)",S2B_MSIL2A_20260820T050649_R019_T43PGK_20260820T085718
939,False,UNKNOWN,,2026-08-17,30.094135,Sentinel-2_L2A,"Sentinel-2 observation available but obscured by cloud cover (best: 30.1%, threshold: 30.0%)",S2A_MSIL2A_20260817T051241_R019_T43PHL_20260817T101210
940,True,HerbaceousVegetation,0.6951,2026-08-17T04:56:59.024000Z,20.364849,Sentinel-2_L2A,Satellite CNN prediction: HerbaceousVegetation (confidence: 0.70),S2B_MSIL2A_20260817T045659_R119_T44PKR_20260817T084758
941,False,UNKNOWN,,2026-08-17,30.094135,Sentinel-2_L2A,"Sentinel-2 observation available but obscured by cloud cover (best: 30.1%, threshold: 30.0%)",S2A_MSIL2A_20260817T051241_R019_T43PHL_20260817T101210
942,False,UNKNOWN,,2026-08-17,30.094135,Sentinel-2_L2A,"Sentinel-2 observation available but obscured by cloud cover (best: 30.1%, threshold: 30.0%)",S2A_MSIL2A_20260817T051241_R019_T43PHL_20260817T101210
943,False,UNKNOWN,,2026-08-17,54.933995,Sentinel-2_L2A,"Sentinel-2 observation available but obscured by cloud cover (best: 54.9%, threshold: 30.0%)",S2A_MSIL2A_20260817T051241_R019_T43PGL_20260817T101210
944,True,SeaLake,0.9904,2026-08-17T05:12:41.024000Z,13.662151,Sentinel-2_L2A,Satellite CNN prediction: SeaLake (confidence: 0.99),S2A_MSIL2A_20260817T051241_R019_T44PKR_20260817T101210
945,False,UNKNOWN,,2026-08-17,30.094135,Sentinel-2_L2A,"Sentinel-2 observation available but obscured by cloud cover (best: 30.1%, threshold: 30.0%)",S2A_MSIL2A_20260817T051241_R019_T43PHL_20260817T101210
946,False,UNKNOWN,,2026-08-17,82.363164,Sentinel-2_L2A,"Sentinel-2 observation available but obscured by cloud cover (best: 82.4%, threshold: 30.0%)",S2A_MSIL2A_20260817T051241_R019_T43PHM_20260817T101210
947,True,AnnualCrop,0.2967,2026-08-12T04:57:01.025000Z,8.703873,Sentinel-2_L2A,Satellite CNN prediction: AnnualCrop (confidence: 0.30),S2C_MSIL2A_20260812T045701_R119_T44PLS_20260812T093911
948,False,UNKNOWN,,2026-08-17,98.906106,Sentinel-2_L2A,"Sentinel-2 observation available but obscured by cloud cover (best: 98.9%, threshold: 30.0%)",S2C_MSIL2A_20260818T051651_R062_T43PFT_20260818T101620
949,False,UNKNOWN,,2026-08-17,54.933995,Sentinel-2_L2A,"Sentinel-2 observation available but obscured by cloud cover (best: 54.9%, threshold: 30.0%)",S2A_MSIL2A_20260817T051241_R019_T43PGL_20260817T101210
950,False,UNKNOWN,,2026-08-17,82.363164,Sentinel-2_L2A,"Sentinel-2 observation available but obscured by cloud cover (best: 82.4%, threshold: 30.0%)",S2A_MSIL2A_20260817T051241_R019_T43PHM_20260817T101210
951,False,UNKNOWN,,2026-08-17,80.872017,Sentinel-2_L2A,"Sentinel-2 observation available but obscured by cloud cover (best: 80.9%, threshold: 30.0%)",S2C_MSIL2A_20260818T051651_R062_T43PFR_20260818T100915
952,False,UNKNOWN,,2026-08-17,47.66117,Sentinel-2_L2A,"Sentinel-2 observation available but obscured by cloud cover (best: 47.7%, threshold: 30.0%)",S2B_MSIL2A_20260820T050649_R019_T44PLA_20260820T085718
953,False,UNKNOWN,,2026-08-17,86.266011,Sentinel-2_L2A,"Sentinel-2 observation available but obscured by cloud cover (best: 86.3%, threshold: 30.0%)",S2C_MSIL2A_20260817T054631_R048_T42QXL_20260817T085418
954,False,UNKNOWN,,2026-08-17,47.471505,Sentinel-2_L2A,"Sentinel-2 observation available but obscured by cloud cover (best: 47.5%, threshold: 30.0%)",S2B_MSIL2A_20260815T041549_R090_T46RFQ_20260815T063018
955,False,UNKNOWN,,2026-08-17,92.603332,Sentinel-2_L2A,"Sentinel-2 observation available but obscured by cloud cover (best: 92.6%, threshold: 30.0%)",S2B_MSIL2A_20260820T050649_R019_T43PGM_20260820T085718
956,False,UNKNOWN,,2026-08-17,81.074959,Sentinel-2_L2A,"Sentinel-2 observation available but obscured by cloud cover (best: 81.1%, threshold: 30.0%)",S2B_MSIL2A_20260820T050649_R019_T44QKH_20260820T085718
957,False,UNKNOWN,,2026-08-17,67.577857,Sentinel-2_L2A,"Sentinel-2 observation available but obscured by cloud cover (best: 67.6%, threshold: 30.0%)",S2A_MSIL2A_20260817T051241_R019_T44PKS_20260817T101210
958,False,UNKNOWN,,2026-08-17,86.289233,Sentinel-2_L2A,"Sentinel-2 observation available but obscured by cloud cover (best: 86.3%, threshold: 30.0%)",S2B_MSIL2A_20260820T050649_R019_T43PHN_20260820T085718
959,False,UNKNOWN,,2026-08-17,70.194674,Sentinel-2_L2A,"Sentinel-2 observation available but obscured by cloud cover (best: 70.2%, threshold: 30.0%)",S2B_MSIL2A_20260820T050649_R019_T43PGN_20260820T085718
960,False,UNKNOWN,,2026-08-17,70.194674,Sentinel-2_L2A,"Sentinel-2 observation available but obscured by cloud cover (best: 70.2%, threshold: 30.0%)",S2B_MSIL2A_20260820T050649_R019_T43PGN_20260820T085718
961,False,UNKNOWN,,2026-08-17,62.614924,Sentinel-2_L2A,"Sentinel-2 observation available but obscured by cloud cover (best: 62.6%, threshold: 30.0%)",S2C_MSIL2A_20260812T045701_R119_T44PLT_20260812T093911
962,False,UNKNOWN,,2026-08-17,89.027309,Sentinel-2_L2A,"Sentinel-2 observation available but obscured by cloud cover (best: 89.0%, threshold: 30.0%)",S2C_MSIL2A_20260812T045701_R119_T44PKT_20260812T093911
963,False,UNKNOWN,,2026-08-17,98.718536,Sentinel-2_L2A,"Sentinel-2 observation available but obscured by cloud cover (best: 98.7%, threshold: 30.0%)",S2B_MSIL2A_20260820T050649_R019_T43PHP_20260820T085718
964,False,UNKNOWN,,2026-08-17,96.492094,Sentinel-2_L2A,"Sentinel-2 observation available but obscured by cloud cover (best: 96.5%, threshold: 30.0%)",S2B_MSIL2A_20260820T050649_R019_T43PGQ_20260820T085718
965,False,UNKNOWN,,2026-08-17,58.764118,Sentinel-2_L2A,"Sentinel-2 observation available but obscured by cloud cover (best: 58.8%, threshold: 30.0%)",S2C_MSIL2A_20260812T045701_R119_T44PLV_20260812T093911
966,False,UNKNOWN,,2026-08-17,52.326298,Sentinel-2_L2A,"Sentinel-2 observation available but obscured by cloud cover (best: 52.3%, threshold: 30.0%)",S2C_MSIL2A_20260822T045651_R119_T44PLV_20260822T095910
967,False,UNKNOWN,,2026-08-17,74.772215,Sentinel-2_L2A,"Sentinel-2 observation available but obscured by cloud cover (best: 74.8%, threshold: 30.0%)",S2C_MSIL2A_20260818T051651_R062_T43QGU_20260818T101620
968,True,SeaLake,0.5871,2026-08-20T05:06:49.024000Z,21.059443,Sentinel-2_L2A,Satellite CNN prediction: SeaLake (confidence: 0.59),S2B_MSIL2A_20260820T050649_R019_T43PHK_20260820T085718
969,False,UNKNOWN,,2026-08-17,54.933995,Sentinel-2_L2A,"Sentinel-2 observation available but obscured by cloud cover (best: 54.9%, threshold: 30.0%)",S2A_MSIL2A_20260817T051241_R019_T43PGL_20260817T101210
970,False,UNKNOWN,,2026-08-17,86.244023,Sentinel-2_L2A,"Sentinel-2 observation available but obscured by cloud cover (best: 86.2%, threshold: 30.0%)",S2B_MSIL2A_20260819T053639_R005_T43RCH_20260819T091716
971,False,UNKNOWN,,2026-08-17,90.774274,Sentinel-2_L2A,"Sentinel-2 observation available but obscured by cloud cover (best: 90.8%, threshold: 30.0%)",S2A_MSIL2A_20260816T054251_R005_T43RBH_20260816T103351
972,False,UNKNOWN,,2026-08-17,74.100465,Sentinel-2_L2A,"Sentinel-2 observation available but obscured by cloud cover (best: 74.1%, threshold: 30.0%)",S2C_MSIL2A_20260821T052641_R105_T43QDA_20260821T102216
973,False,UNKNOWN,,2026-08-17,75.525796,Sentinel-2_L2A,"Sentinel-2 observation available but obscured by cloud cover (best: 75.5%, threshold: 30.0%)",S2C_MSIL2A_20260821T052641_R105_T43QCA_20260821T102216
974,True,SeaLake,0.9548,2026-08-20T05:06:49.024000Z,21.059443,Sentinel-2_L2A,Satellite CNN prediction: SeaLake (confidence: 0.95),S2B_MSIL2A_20260820T050649_R019_T43PHK_20260820T085718
975,False,UNKNOWN,,2026-08-18,45.20781,Sentinel-2_L2A,"Sentinel-2 observation available but obscured by cloud cover (best: 45.2%, threshold: 30.0%)",S2B_MSIL2A_20260820T050649_R019_T43PGK_20260820T085718
976,True,SeaLake,0.7894,2026-08-20T05:06:49.024000Z,21.059443,Sentinel-2_L2A,Satellite CNN prediction: SeaLake (confidence: 0.79),S2B_MSIL2A_20260820T050649_R019_T43PHK_20260820T085718
977,False,UNKNOWN,,2026-08-18,45.20781,Sentinel-2_L2A,"Sentinel-2 observation available but obscured by cloud cover (best: 45.2%, threshold: 30.0%)",S2B_MSIL2A_20260820T050649_R019_T43PGK_20260820T085718
978,False,UNKNOWN,,2026-08-18,54.933995,Sentinel-2_L2A,"Sentinel-2 observation available but obscured by cloud cover (best: 54.9%, threshold: 30.0%)",S2A_MSIL2A_20260817T051241_R019_T43PGL_20260817T101210
979,True,SeaLake,0.9241,2026-08-17T04:56:59.024000Z,12.858477,Sentinel-2_L2A,Satellite CNN prediction: SeaLake (confidence: 0.92),S2B_MSIL2A_20260817T045659_R119_T43PHL_20260817T084758
980,True,Pasture,0.6607,2026-08-17T04:56:59.024000Z,20.364849,Sentinel-2_L2A,Satellite CNN prediction: Pasture (confidence: 0.66),S2B_MSIL2A_20260817T045659_R119_T44PKR_20260817T084758
981,False,UNKNOWN,,2026-08-18,54.933995,Sentinel-2_L2A,"Sentinel-2 observation available but obscured by cloud cover (best: 54.9%, threshold: 30.0%)",S2A_MSIL2A_20260817T051241_R019_T43PGL_20260817T101210
982,False,UNKNOWN,,2026-08-18,54.933995,Sentinel-2_L2A,"Sentinel-2 observation available but obscured by cloud cover (best: 54.9%, threshold: 30.0%)",S2A_MSIL2A_20260817T051241_R019_T43PGL_20260817T101210
983,False,UNKNOWN,,2026-08-18,54.933995,Sentinel-2_L2A,"Sentinel-2 observation available but obscured by cloud cover (best: 54.9%, threshold: 30.0%)",S2A_MSIL2A_20260817T051241_R019_T43PGL_20260817T101210
984,True,SeaLake,0.8242,2026-08-17T04:56:59.024000Z,12.858477,Sentinel-2_L2A,Satellite CNN prediction: SeaLake (confidence: 0.82),S2B_MSIL2A_20260817T045659_R119_T43PHL_20260817T084758
985,True,SeaLake,0.6301,2026-08-17T05:12:41.024000Z,13.662151,Sentinel-2_L2A,Satellite CNN prediction: SeaLake (confidence: 0.63),S2A_MSIL2A_20260817T051241_R019_T44PKR_20260817T101210
986,False,UNKNOWN,,2026-08-18,92.603332,Sentinel-2_L2A,"Sentinel-2 observation available but obscured by cloud cover (best: 92.6%, threshold: 30.0%)",S2B_MSIL2A_20260820T050649_R019_T43PGM_20260820T085718
987,False,UNKNOWN,,2026-08-18,45.439783,Sentinel-2_L2A,"Sentinel-2 observation available but obscured by cloud cover (best: 45.4%, threshold: 30.0%)",S2B_MSIL2A_20260817T045659_R119_T44PKS_20260817T084758
988,False,UNKNOWN,,2026-08-18,45.439783,Sentinel-2_L2A,"Sentinel-2 observation available but obscured by cloud cover (best: 45.4%, threshold: 30.0%)",S2B_MSIL2A_20260817T045659_R119_T44PKS_20260817T084758
989,False,UNKNOWN,,2026-08-18,45.439783,Sentinel-2_L2A,"Sentinel-2 observation available but obscured by cloud cover (best: 45.4%, threshold: 30.0%)",S2B_MSIL2A_20260817T045659_R119_T44PKS_20260817T084758
990,False,UNKNOWN,,2026-08-18,45.439783,Sentinel-2_L2A,"Sentinel-2 observation available but obscured by cloud cover (best: 45.4%, threshold: 30.0%)",S2B_MSIL2A_20260817T045659_R119_T44PKS_20260817T084758
991,False,UNKNOWN,,2026-08-18,76.690173,Sentinel-2_L2A,"Sentinel-2 observation available but obscured by cloud cover (best: 76.7%, threshold: 30.0%)",S2B_MSIL2A_20260817T045659_R119_T44PLS_20260817T084758
992,False,UNKNOWN,,2026-08-18,82.363164,Sentinel-2_L2A,"Sentinel-2 observation available but obscured by cloud cover (best: 82.4%, threshold: 30.0%)",S2A_MSIL2A_20260817T051241_R019_T43PHM_20260817T101210
993,False,UNKNOWN,,2026-08-18,76.690173,Sentinel-2_L2A,"Sentinel-2 observation available but obscured by cloud cover (best: 76.7%, threshold: 30.0%)",S2B_MSIL2A_20260817T045659_R119_T44PLS_20260817T084758
994,False,UNKNOWN,,2026-08-18,70.194674,Sentinel-2_L2A,"Sentinel-2 observation available but obscured by cloud cover (best: 70.2%, threshold: 30.0%)",S2B_MSIL2A_20260820T050649_R019_T43PGN_20260820T085718
995,False,UNKNOWN,,2026-08-18,86.289233,Sentinel-2_L2A,"Sentinel-2 observation available but obscured by cloud cover (best: 86.3%, threshold: 30.0%)",S2B_MSIL2A_20260820T050649_R019_T43PHN_20260820T085718
996,False,UNKNOWN,,2026-08-18,90.547734,Sentinel-2_L2A,"Sentinel-2 observation available but obscured by cloud cover (best: 90.5%, threshold: 30.0%)",S2C_MSIL2A_20260822T045651_R119_T44PKT_20260822T092621
997,False,UNKNOWN,,2026-08-18,86.289233,Sentinel-2_L2A,"Sentinel-2 observation available but obscured by cloud cover (best: 86.3%, threshold: 30.0%)",S2B_MSIL2A_20260820T050649_R019_T43PHN_20260820T085718
998,False,UNKNOWN,,2026-08-18,86.289233,Sentinel-2_L2A,"Sentinel-2 observation available but obscured by cloud cover (best: 86.3%, threshold: 30.0%)",S2B_MSIL2A_20260820T050649_R019_T43PHN_20260820T085718
999,False,UNKNOWN,,2026-08-18,86.289233,Sentinel-2_L2A,"Sentinel-2 observation available but obscured by cloud cover (best: 86.3%, threshold: 30.0%)",S2B_MSIL2A_20260820T050649_R019_T43PHN_20260820T085718
1000,False,UNKNOWN,,2026-08-18,99.521625,Sentinel-2_L2A,"Sentinel-2 observation available but obscured by cloud cover (best: 99.5%, threshold: 30.0%)",S2B_MSIL2A_20260820T050649_R019_T43PGP_20260820T085718
1001,False,UNKNOWN,,2026-08-18,90.309751,Sentinel-2_L2A,"Sentinel-2 observation available but obscured by cloud cover (best: 90.3%, threshold: 30.0%)",S2C_MSIL2A_20260822T045651_R119_T44PLU_20260822T092621
1002,False,UNKNOWN,,2026-08-18,69.184935,Sentinel-2_L2A,"Sentinel-2 observation available but obscured by cloud cover (best: 69.2%, threshold: 30.0%)",S2B_MSIL2A_20260820T050649_R019_T44PKV_20260820T085718
1003,False,UNKNOWN,,2026-08-18,69.184935,Sentinel-2_L2A,"Sentinel-2 observation available but obscured by cloud cover (best: 69.2%, threshold: 30.0%)",S2B_MSIL2A_20260820T050649_R019_T44PKV_20260820T085718
1004,False,UNKNOWN,,2026-08-18,69.184935,Sentinel-2_L2A,"Sentinel-2 observation available but obscured by cloud cover (best: 69.2%, threshold: 30.0%)",S2B_MSIL2A_20260820T050649_R019_T44PKV_20260820T085718
1005,False,UNKNOWN,,2026-08-18,47.66117,Sentinel-2_L2A,"Sentinel-2 observation available but obscured by cloud cover (best: 47.7%, threshold: 30.0%)",S2B_MSIL2A_20260820T050649_R019_T44PLA_20260820T085718
1006,False,UNKNOWN,,2026-08-18,89.871192,Sentinel-2_L2A,"Sentinel-2 observation available but obscured by cloud cover (best: 89.9%, threshold: 30.0%)",S2B_MSIL2A_20260820T050649_R019_T43PGR_20260820T085718
1007,False,UNKNOWN,,2026-08-18,60.772043,Sentinel-2_L2A,"Sentinel-2 observation available but obscured by cloud cover (best: 60.8%, threshold: 30.0%)",S2C_MSIL2A_20260822T045651_R119_T44PLA_20260822T095910
1008,False,UNKNOWN,,2026-08-18,72.991478,Sentinel-2_L2A,"Sentinel-2 observation available but obscured by cloud cover (best: 73.0%, threshold: 30.0%)",S2B_MSIL2A_20260820T050649_R019_T43PHR_20260820T085718
1009,True,SeaLake,0.8781,2026-08-20T05:06:49.024000Z,21.059443,Sentinel-2_L2A,Satellite CNN prediction: SeaLake (confidence: 0.88),S2B_MSIL2A_20260820T050649_R019_T43PHK_20260820T085718
1010,True,SeaLake,0.8314,2026-08-20T05:06:49.024000Z,21.059443,Sentinel-2_L2A,Satellite CNN prediction: SeaLake (confidence: 0.83),S2B_MSIL2A_20260820T050649_R019_T43PHK_20260820T085718
1011,True,Forest,0.696,2026-08-20T05:06:49.024000Z,21.059443,Sentinel-2_L2A,Satellite CNN prediction: Forest (confidence: 0.70),S2B_MSIL2A_20260820T050649_R019_T43PHK_20260820T085718
1012,False,UNKNOWN,,2026-08-18,45.20781,Sentinel-2_L2A,"Sentinel-2 observation available but obscured by cloud cover (best: 45.2%, threshold: 30.0%)",S2B_MSIL2A_20260820T050649_R019_T43PGK_20260820T085718
1013,True,Forest,0.6732,2026-08-20T05:06:49.024000Z,21.059443,Sentinel-2_L2A,Satellite CNN prediction: Forest (confidence: 0.67),S2B_MSIL2A_20260820T050649_R019_T43PHK_20260820T085718
1014,False,UNKNOWN,,2026-08-18,45.20781,Sentinel-2_L2A,"Sentinel-2 observation available but obscured by cloud cover (best: 45.2%, threshold: 30.0%)",S2B_MSIL2A_20260820T050649_R019_T43PGK_20260820T085718
1015,True,SeaLake,0.509,2026-08-20T05:06:49.024000Z,21.059443,Sentinel-2_L2A,Satellite CNN prediction: SeaLake (confidence: 0.51),S2B_MSIL2A_20260820T050649_R019_T43PHK_20260820T085718
1016,False,UNKNOWN,,2026-08-18,45.20781,Sentinel-2_L2A,"Sentinel-2 observation available but obscured by cloud cover (best: 45.2%, threshold: 30.0%)",S2B_MSIL2A_20260820T050649_R019_T43PGK_20260820T085718
1017,False,UNKNOWN,,2026-08-18,45.20781,Sentinel-2_L2A,"Sentinel-2 observation available but obscured by cloud cover (best: 45.2%, threshold: 30.0%)",S2B_MSIL2A_20260820T050649_R019_T43PGK_20260820T085718
1018,True,SeaLake,0.9823,2026-08-17T04:56:59.024000Z,12.858477,Sentinel-2_L2A,Satellite CNN prediction: SeaLake (confidence: 0.98),S2B_MSIL2A_20260817T045659_R119_T43PHL_20260817T084758
1019,True,Forest,0.4954,2026-08-17T04:56:59.024000Z,20.364849,Sentinel-2_L2A,Satellite CNN prediction: Forest (confidence: 0.50),S2B_MSIL2A_20260817T045659_R119_T44PKR_20260817T084758
1020,False,UNKNOWN,,2026-08-18,54.933995,Sentinel-2_L2A,"Sentinel-2 observation available but obscured by cloud cover (best: 54.9%, threshold: 30.0%)",S2A_MSIL2A_20260817T051241_R019_T43PGL_20260817T101210
1021,False,UNKNOWN,,2026-08-18,30.094135,Sentinel-2_L2A,"Sentinel-2 observation available but obscured by cloud cover (best: 30.1%, threshold: 30.0%)",S2A_MSIL2A_20260817T051241_R019_T43PHL_20260817T101210
1022,False,UNKNOWN,,2026-08-18,54.933995,Sentinel-2_L2A,"Sentinel-2 observation available but obscured by cloud cover (best: 54.9%, threshold: 30.0%)",S2A_MSIL2A_20260817T051241_R019_T43PGL_20260817T101210
1023,False,UNKNOWN,,2026-08-18,30.094135,Sentinel-2_L2A,"Sentinel-2 observation available but obscured by cloud cover (best: 30.1%, threshold: 30.0%)",S2A_MSIL2A_20260817T051241_R019_T43PHL_20260817T101210
1024,True,SeaLake,0.6378,2026-08-17T05:12:41.024000Z,13.662151,Sentinel-2_L2A,Satellite CNN prediction: SeaLake (confidence: 0.64),S2A_MSIL2A_20260817T051241_R019_T44PKR_20260817T101210
1025,True,SeaLake,0.9856,2026-08-17T05:12:41.024000Z,13.662151,Sentinel-2_L2A,Satellite CNN prediction: SeaLake (confidence: 0.99),S2A_MSIL2A_20260817T051241_R019_T44PKR_20260817T101210
1026,False,UNKNOWN,,2026-08-18,67.577857,Sentinel-2_L2A,"Sentinel-2 observation available but obscured by cloud cover (best: 67.6%, threshold: 30.0%)",S2A_MSIL2A_20260817T051241_R019_T44PKS_20260817T101210
1027,False,UNKNOWN,,2026-08-18,82.363164,Sentinel-2_L2A,"Sentinel-2 observation available but obscured by cloud cover (best: 82.4%, threshold: 30.0%)",S2A_MSIL2A_20260817T051241_R019_T43PHM_20260817T101210
1028,False,UNKNOWN,,2026-08-18,45.439783,Sentinel-2_L2A,"Sentinel-2 observation available but obscured by cloud cover (best: 45.4%, threshold: 30.0%)",S2B_MSIL2A_20260817T045659_R119_T44PKS_20260817T084758
1029,False,UNKNOWN,,2026-08-18,82.363164,Sentinel-2_L2A,"Sentinel-2 observation available but obscured by cloud cover (best: 82.4%, threshold: 30.0%)",S2A_MSIL2A_20260817T051241_R019_T43PHM_20260817T101210
1030,False,UNKNOWN,,2026-08-18,45.439783,Sentinel-2_L2A,"Sentinel-2 observation available but obscured by cloud cover (best: 45.4%, threshold: 30.0%)",S2B_MSIL2A_20260817T045659_R119_T44PKS_20260817T084758
1031,False,UNKNOWN,,2026-08-18,92.603332,Sentinel-2_L2A,"Sentinel-2 observation available but obscured by cloud cover (best: 92.6%, threshold: 30.0%)",S2B_MSIL2A_20260820T050649_R019_T43PGM_20260820T085718
1032,False,UNKNOWN,,2026-08-18,67.577857,Sentinel-2_L2A,"Sentinel-2 observation available but obscured by cloud cover (best: 67.6%, threshold: 30.0%)",S2A_MSIL2A_20260817T051241_R019_T44PKS_20260817T101210
1033,False,UNKNOWN,,2026-08-18,82.363164,Sentinel-2_L2A,"Sentinel-2 observation available but obscured by cloud cover (best: 82.4%, threshold: 30.0%)",S2A_MSIL2A_20260817T051241_R019_T43PHM_20260817T101210
1034,False,UNKNOWN,,2026-08-18,45.439783,Sentinel-2_L2A,"Sentinel-2 observation available but obscured by cloud cover (best: 45.4%, threshold: 30.0%)",S2B_MSIL2A_20260817T045659_R119_T44PKS_20260817T084758
1035,False,UNKNOWN,,2026-08-18,76.690173,Sentinel-2_L2A,"Sentinel-2 observation available but obscured by cloud cover (best: 76.7%, threshold: 30.0%)",S2B_MSIL2A_20260817T045659_R119_T44PLS_20260817T084758
1036,False,UNKNOWN,,2026-08-18,92.603332,Sentinel-2_L2A,"Sentinel-2 observation available but obscured by cloud cover (best: 92.6%, threshold: 30.0%)",S2B_MSIL2A_20260820T050649_R019_T43PGM_20260820T085718
1037,False,UNKNOWN,,2026-08-18,76.690173,Sentinel-2_L2A,"Sentinel-2 observation available but obscured by cloud cover (best: 76.7%, threshold: 30.0%)",S2B_MSIL2A_20260817T045659_R119_T44PLS_20260817T084758
1038,False,UNKNOWN,,2026-08-18,67.577857,Sentinel-2_L2A,"Sentinel-2 observation available but obscured by cloud cover (best: 67.6%, threshold: 30.0%)",S2A_MSIL2A_20260817T051241_R019_T44PKS_20260817T101210
1039,False,UNKNOWN,,2026-08-18,73.311502,Sentinel-2_L2A,"Sentinel-2 observation available but obscured by cloud cover (best: 73.3%, threshold: 30.0%)",S2C_MSIL2A_20260822T045651_R119_T44PLT_20260822T092621
1040,False,UNKNOWN,,2026-08-18,45.439783,Sentinel-2_L2A,"Sentinel-2 observation available but obscured by cloud cover (best: 45.4%, threshold: 30.0%)",S2B_MSIL2A_20260817T045659_R119_T44PKS_20260817T084758
1041,False,UNKNOWN,,2026-08-18,73.311502,Sentinel-2_L2A,"Sentinel-2 observation available but obscured by cloud cover (best: 73.3%, threshold: 30.0%)",S2C_MSIL2A_20260822T045651_R119_T44PLT_20260822T092621
1042,False,UNKNOWN,,2026-08-18,86.289233,Sentinel-2_L2A,"Sentinel-2 observation available but obscured by cloud cover (best: 86.3%, threshold: 30.0%)",S2B_MSIL2A_20260820T050649_R019_T43PHN_20260820T085718
1043,False,UNKNOWN,,2026-08-18,86.289233,Sentinel-2_L2A,"Sentinel-2 observation available but obscured by cloud cover (best: 86.3%, threshold: 30.0%)",S2B_MSIL2A_20260820T050649_R019_T43PHN_20260820T085718
1044,False,UNKNOWN,,2026-08-18,73.311502,Sentinel-2_L2A,"Sentinel-2 observation available but obscured by cloud cover (best: 73.3%, threshold: 30.0%)",S2C_MSIL2A_20260822T045651_R119_T44PLT_20260822T092621
1045,False,UNKNOWN,,2026-08-18,89.197487,Sentinel-2_L2A,"Sentinel-2 observation available but obscured by cloud cover (best: 89.2%, threshold: 30.0%)",S2B_MSIL2A_20260820T050649_R019_T44PKT_20260820T085718
1046,False,UNKNOWN,,2026-08-18,86.289233,Sentinel-2_L2A,"Sentinel-2 observation available but obscured by cloud cover (best: 86.3%, threshold: 30.0%)",S2B_MSIL2A_20260820T050649_R019_T43PHN_20260820T085718
1047,False,UNKNOWN,,2026-08-18,86.289233,Sentinel-2_L2A,"Sentinel-2 observation available but obscured by cloud cover (best: 86.3%, threshold: 30.0%)",S2B_MSIL2A_20260820T050649_R019_T43PHN_20260820T085718
1048,False,UNKNOWN,,2026-08-18,73.311502,Sentinel-2_L2A,"Sentinel-2 observation available but obscured by cloud cover (best: 73.3%, threshold: 30.0%)",S2C_MSIL2A_20260822T045651_R119_T44PLT_20260822T092621
1049,False,UNKNOWN,,2026-08-18,86.289233,Sentinel-2_L2A,"Sentinel-2 observation available but obscured by cloud cover (best: 86.3%, threshold: 30.0%)",S2B_MSIL2A_20260820T050649_R019_T43PHN_20260820T085718
1050,False,UNKNOWN,,2026-08-18,70.194674,Sentinel-2_L2A,"Sentinel-2 observation available but obscured by cloud cover (best: 70.2%, threshold: 30.0%)",S2B_MSIL2A_20260820T050649_R019_T43PGN_20260820T085718
1051,False,UNKNOWN,,2026-08-18,73.311502,Sentinel-2_L2A,"Sentinel-2 observation available but obscured by cloud cover (best: 73.3%, threshold: 30.0%)",S2C_MSIL2A_20260822T045651_R119_T44PLT_20260822T092621
1052,False,UNKNOWN,,2026-08-18,86.289233,Sentinel-2_L2A,"Sentinel-2 observation available but obscured by cloud cover (best: 86.3%, threshold: 30.0%)",S2B_MSIL2A_20260820T050649_R019_T43PHN_20260820T085718
1053,False,UNKNOWN,,2026-08-18,86.289233,Sentinel-2_L2A,"Sentinel-2 observation available but obscured by cloud cover (best: 86.3%, threshold: 30.0%)",S2B_MSIL2A_20260820T050649_R019_T43PHN_20260820T085718
1054,False,UNKNOWN,,2026-08-18,86.289233,Sentinel-2_L2A,"Sentinel-2 observation available but obscured by cloud cover (best: 86.3%, threshold: 30.0%)",S2B_MSIL2A_20260820T050649_R019_T43PHN_20260820T085718
1055,False,UNKNOWN,,2026-08-18,94.763255,Sentinel-2_L2A,"Sentinel-2 observation available but obscured by cloud cover (best: 94.8%, threshold: 30.0%)",S2B_MSIL2A_20260820T050649_R019_T44PKU_20260820T085718
1056,False,UNKNOWN,,2026-08-18,94.763255,Sentinel-2_L2A,"Sentinel-2 observation available but obscured by cloud cover (best: 94.8%, threshold: 30.0%)",S2B_MSIL2A_20260820T050649_R019_T44PKU_20260820T085718
1057,False,UNKNOWN,,2026-08-18,94.763255,Sentinel-2_L2A,"Sentinel-2 observation available but obscured by cloud cover (best: 94.8%, threshold: 30.0%)",S2B_MSIL2A_20260820T050649_R019_T44PKU_20260820T085718
1058,False,UNKNOWN,,2026-08-18,90.309751,Sentinel-2_L2A,"Sentinel-2 observation available but obscured by cloud cover (best: 90.3%, threshold: 30.0%)",S2C_MSIL2A_20260822T045651_R119_T44PLU_20260822T092621
1059,False,UNKNOWN,,2026-08-18,73.99717,Sentinel-2_L2A,"Sentinel-2 observation available but obscured by cloud cover (best: 74.0%, threshold: 30.0%)",S2C_MSIL2A_20260818T051651_R062_T43PFP_20260818T100915
1060,False,UNKNOWN,,2026-08-18,73.99717,Sentinel-2_L2A,"Sentinel-2 observation available but obscured by cloud cover (best: 74.0%, threshold: 30.0%)",S2C_MSIL2A_20260818T051651_R062_T43PFP_20260818T100915
1061,False,UNKNOWN,,2026-08-18,73.99717,Sentinel-2_L2A,"Sentinel-2 observation available but obscured by cloud cover (best: 74.0%, threshold: 30.0%)",S2C_MSIL2A_20260818T051651_R062_T43PFP_20260818T100915
1062,False,UNKNOWN,,2026-08-18,96.492094,Sentinel-2_L2A,"Sentinel-2 observation available but obscured by cloud cover (best: 96.5%, threshold: 30.0%)",S2B_MSIL2A_20260820T050649_R019_T43PGQ_20260820T085718
1063,False,UNKNOWN,,2026-08-18,72.37938,Sentinel-2_L2A,"Sentinel-2 observation available but obscured by cloud cover (best: 72.4%, threshold: 30.0%)",S2B_MSIL2A_20260820T050649_R019_T43PHQ_20260820T085718
1064,False,UNKNOWN,,2026-08-18,85.468173,Sentinel-2_L2A,"Sentinel-2 observation available but obscured by cloud cover (best: 85.5%, threshold: 30.0%)",S2C_MSIL2A_20260818T051651_R062_T43PFQ_20260818T100915
1065,False,UNKNOWN,,2026-08-18,80.071545,Sentinel-2_L2A,"Sentinel-2 observation available but obscured by cloud cover (best: 80.1%, threshold: 30.0%)",S2B_MSIL2A_20260823T051649_R062_T43PFR_20260823T090719
1066,False,UNKNOWN,,2026-08-18,89.871192,Sentinel-2_L2A,"Sentinel-2 observation available but obscured by cloud cover (best: 89.9%, threshold: 30.0%)",S2B_MSIL2A_20260820T050649_R019_T43PGR_20260820T085718
1067,False,UNKNOWN,,2026-08-18,72.991478,Sentinel-2_L2A,"Sentinel-2 observation available but obscured by cloud cover (best: 73.0%, threshold: 30.0%)",S2B_MSIL2A_20260820T050649_R019_T43PHR_20260820T085718
1068,False,UNKNOWN,,2026-08-18,61.609286,Sentinel-2_L2A,"Sentinel-2 observation available but obscured by cloud cover (best: 61.6%, threshold: 30.0%)",S2C_MSIL2A_20260818T051651_R062_T43PGR_20260818T101620
1069,False,UNKNOWN,,2026-08-18,60.811269,Sentinel-2_L2A,"Sentinel-2 observation available but obscured by cloud cover (best: 60.8%, threshold: 30.0%)",S2B_MSIL2A_20260820T050649_R019_T44PKA_20260820T085718
1070,False,UNKNOWN,,2026-08-18,89.871192,Sentinel-2_L2A,"Sentinel-2 observation available but obscured by cloud cover (best: 89.9%, threshold: 30.0%)",S2B_MSIL2A_20260820T050649_R019_T43PGR_20260820T085718
1071,False,UNKNOWN,,2026-08-18,89.871192,Sentinel-2_L2A,"Sentinel-2 observation available but obscured by cloud cover (best: 89.9%, threshold: 30.0%)",S2B_MSIL2A_20260820T050649_R019_T43PGR_20260820T085718
1072,False,UNKNOWN,,2026-08-18,80.42444,Sentinel-2_L2A,"Sentinel-2 observation available but obscured by cloud cover (best: 80.4%, threshold: 30.0%)",S2B_MSIL2A_20260820T050649_R019_T44PLB_20260820T085718
1073,False,UNKNOWN,,2026-08-18,78.73441,Sentinel-2_L2A,"Sentinel-2 observation available but obscured by cloud cover (best: 78.7%, threshold: 30.0%)",S2B_MSIL2A_20260823T051649_R062_T43PFS_20260823T090719
1074,False,UNKNOWN,,2026-08-18,74.100465,Sentinel-2_L2A,"Sentinel-2 observation available but obscured by cloud cover (best: 74.1%, threshold: 30.0%)",S2C_MSIL2A_20260821T052641_R105_T43QDA_20260821T102216
1075,False,UNKNOWN,,2026-08-18,74.100465,Sentinel-2_L2A,"Sentinel-2 observation available but obscured by cloud cover (best: 74.1%, threshold: 30.0%)",S2C_MSIL2A_20260821T052641_R105_T43QDA_20260821T102216
1076,True,AnnualCrop,0.9437,2026-08-22T04:05:39.024000Z,23.410837,Sentinel-2_L2A,Satellite CNN prediction: AnnualCrop (confidence: 0.94),S2B_MSIL2A_20260822T040539_R047_T46RGR_20260822T060623
1077,True,SeaLake,0.7052,2026-08-22T04:05:39.024000Z,23.410837,Sentinel-2_L2A,Satellite CNN prediction: SeaLake (confidence: 0.71),S2B_MSIL2A_20260822T040539_R047_T46RGR_20260822T060623
1078,True,SeaLake,0.7934,2026-08-22T04:05:39.024000Z,23.410837,Sentinel-2_L2A,Satellite CNN prediction: SeaLake (confidence: 0.79),S2B_MSIL2A_20260822T040539_R047_T46RGR_20260822T060623
1079,True,River,0.3725,2026-08-22T04:05:39.024000Z,23.410837,Sentinel-2_L2A,Satellite CNN prediction: River (confidence: 0.37),S2B_MSIL2A_20260822T040539_R047_T46RGR_20260822T060623
1080,True,SeaLake,0.573,2026-08-22T04:05:39.024000Z,23.410837,Sentinel-2_L2A,Satellite CNN prediction: SeaLake (confidence: 0.57),S2B_MSIL2A_20260822T040539_R047_T46RGR_20260822T060623
1081,False,UNKNOWN,,2026-08-18,39.675224,Sentinel-2_L2A,"Sentinel-2 observation available but obscured by cloud cover (best: 39.7%, threshold: 30.0%)",S2B_MSIL2A_20260815T041549_R090_T46RGR_20260815T063018
1082,False,UNKNOWN,,2026-08-18,42.343658,Sentinel-2_L2A,"Sentinel-2 observation available but obscured by cloud cover (best: 42.3%, threshold: 30.0%)",S2B_MSIL2A_20260813T051649_R062_T43RGL_20260813T090622
1083,True,SeaLake,0.4438,2026-08-21T05:26:41.025000Z,21.205589,Sentinel-2_L2A,Satellite CNN prediction: SeaLake (confidence: 0.44),S2C_MSIL2A_20260821T052641_R105_T43RGM_20260821T102216
1084,True,SeaLake,0.999,2026-08-21T05:26:41.025000Z,5.810681,Sentinel-2_L2A,Satellite CNN prediction: SeaLake (confidence: 1.00),S2C_MSIL2A_20260821T052641_R105_T43RFM_20260821T102216
1085,True,Highway,0.3203,2026-08-21T05:26:41.025000Z,5.810681,Sentinel-2_L2A,Satellite CNN prediction: Highway (confidence: 0.32),S2C_MSIL2A_20260821T052641_R105_T43RFM_20260821T102216
1086,False,UNKNOWN,,2026-08-18,54.933995,Sentinel-2_L2A,"Sentinel-2 observation available but obscured by cloud cover (best: 54.9%, threshold: 30.0%)",S2A_MSIL2A_20260817T051241_R019_T43PGL_20260817T101210
1087,False,UNKNOWN,,2026-08-18,76.690173,Sentinel-2_L2A,"Sentinel-2 observation available but obscured by cloud cover (best: 76.7%, threshold: 30.0%)",S2B_MSIL2A_20260817T045659_R119_T44PLS_20260817T084758
1088,False,UNKNOWN,,2026-08-18,92.603332,Sentinel-2_L2A,"Sentinel-2 observation available but obscured by cloud cover (best: 92.6%, threshold: 30.0%)",S2B_MSIL2A_20260820T050649_R019_T43PGM_20260820T085718
1089,False,UNKNOWN,,2026-08-18,70.194674,Sentinel-2_L2A,"Sentinel-2 observation available but obscured by cloud cover (best: 70.2%, threshold: 30.0%)",S2B_MSIL2A_20260820T050649_R019_T43PGN_20260820T085718
1090,False,UNKNOWN,,2026-08-18,69.184935,Sentinel-2_L2A,"Sentinel-2 observation available but obscured by cloud cover (best: 69.2%, threshold: 30.0%)",S2B_MSIL2A_20260820T050649_R019_T44PKV_20260820T085718
1091,True,HerbaceousVegetation,0.9947,2026-08-19T05:36:39.024000Z,10.938056,Sentinel-2_L2A,Satellite CNN prediction: HerbaceousVegetation (confidence: 0.99),S2B_MSIL2A_20260819T053639_R005_T43RCL_20260819T091716
1092,True,SeaLake,0.9362,2026-08-23T05:32:41.024000Z,28.794193,Sentinel-2_L2A,Satellite CNN prediction: SeaLake (confidence: 0.94),S2A_MSIL2A_20260823T053241_R105_T43RFL_20260823T122218
1093,True,HerbaceousVegetation,0.5748,2026-08-21T05:26:41.025000Z,21.205589,Sentinel-2_L2A,Satellite CNN prediction: HerbaceousVegetation (confidence: 0.57),S2C_MSIL2A_20260821T052641_R105_T43RGM_20260821T102216
1094,False,UNKNOWN,,2026-08-18,55.696332,Sentinel-2_L2A,"Sentinel-2 observation available but obscured by cloud cover (best: 55.7%, threshold: 30.0%)",S2A_MSIL2A_20260816T054251_R005_T43RCK_20260816T103351
1095,True,SeaLake,0.9504,2026-08-22T04:05:39.024000Z,23.410837,Sentinel-2_L2A,Satellite CNN prediction: SeaLake (confidence: 0.95),S2B_MSIL2A_20260822T040539_R047_T46RGR_20260822T060623
1096,False,UNKNOWN,,2026-08-19,91.391569,Sentinel-2_L2A,"Sentinel-2 observation available but obscured by cloud cover (best: 91.4%, threshold: 30.0%)",S2C_MSIL2A_20260819T044701_R076_T45QUD_20260819T091408
1097,False,UNKNOWN,,2026-08-19,58.35163,Sentinel-2_L2A,"Sentinel-2 observation available but obscured by cloud cover (best: 58.4%, threshold: 30.0%)",S2B_MSIL2A_20260821T043659_R033_T45QWE_20260821T082129
1098,True,SeaLake,0.8299,2026-08-20T05:06:49.024000Z,21.059443,Sentinel-2_L2A,Satellite CNN prediction: SeaLake (confidence: 0.83),S2B_MSIL2A_20260820T050649_R019_T43PHK_20260820T085718
1099,True,SeaLake,0.9155,2026-08-17T04:56:59.024000Z,12.858477,Sentinel-2_L2A,Satellite CNN prediction: SeaLake (confidence: 0.92),S2B_MSIL2A_20260817T045659_R119_T43PHL_20260817T084758
1100,True,SeaLake,0.9448,2026-08-17T04:56:59.024000Z,12.858477,Sentinel-2_L2A,Satellite CNN prediction: SeaLake (confidence: 0.94),S2B_MSIL2A_20260817T045659_R119_T43PHL_20260817T084758
1101,False,UNKNOWN,,2026-08-19,30.094135,Sentinel-2_L2A,"Sentinel-2 observation available but obscured by cloud cover (best: 30.1%, threshold: 30.0%)",S2A_MSIL2A_20260817T051241_R019_T43PHL_20260817T101210
1102,False,UNKNOWN,,2026-08-19,80.818027,Sentinel-2_L2A,"Sentinel-2 observation available but obscured by cloud cover (best: 80.8%, threshold: 30.0%)",S2B_MSIL2A_20260820T050649_R019_T43PFN_20260820T085718
1103,False,UNKNOWN,,2026-08-19,91.391569,Sentinel-2_L2A,"Sentinel-2 observation available but obscured by cloud cover (best: 91.4%, threshold: 30.0%)",S2C_MSIL2A_20260819T044701_R076_T45QUD_20260819T091408
1104,True,SeaLake,0.9699,2026-08-20T05:06:49.024000Z,21.059443,Sentinel-2_L2A,Satellite CNN prediction: SeaLake (confidence: 0.97),S2B_MSIL2A_20260820T050649_R019_T43PHK_20260820T085718
1105,False,UNKNOWN,,2026-08-19,45.20781,Sentinel-2_L2A,"Sentinel-2 observation available but obscured by cloud cover (best: 45.2%, threshold: 30.0%)",S2B_MSIL2A_20260820T050649_R019_T43PGK_20260820T085718
1106,True,SeaLake,0.9966,2026-08-17T05:12:41.024000Z,13.662151,Sentinel-2_L2A,Satellite CNN prediction: SeaLake (confidence: 1.00),S2A_MSIL2A_20260817T051241_R019_T44PKR_20260817T101210
1107,False,UNKNOWN,,2026-08-19,67.577857,Sentinel-2_L2A,"Sentinel-2 observation available but obscured by cloud cover (best: 67.6%, threshold: 30.0%)",S2A_MSIL2A_20260817T051241_R019_T44PKS_20260817T101210
1108,False,UNKNOWN,,2026-08-19,86.289233,Sentinel-2_L2A,"Sentinel-2 observation available but obscured by cloud cover (best: 86.3%, threshold: 30.0%)",S2B_MSIL2A_20260820T050649_R019_T43PHN_20260820T085718
1109,False,UNKNOWN,,2026-08-19,86.289233,Sentinel-2_L2A,"Sentinel-2 observation available but obscured by cloud cover (best: 86.3%, threshold: 30.0%)",S2B_MSIL2A_20260820T050649_R019_T43PHN_20260820T085718
1110,False,UNKNOWN,,2026-08-19,47.471505,Sentinel-2_L2A,"Sentinel-2 observation available but obscured by cloud cover (best: 47.5%, threshold: 30.0%)",S2B_MSIL2A_20260815T041549_R090_T46RFQ_20260815T063018
1111,False,UNKNOWN,,2026-08-19,54.815573,Sentinel-2_L2A,"Sentinel-2 observation available but obscured by cloud cover (best: 54.8%, threshold: 30.0%)",S2C_MSIL2A_20260819T044701_R076_T45QUC_20260819T091408
1112,False,UNKNOWN,,2026-08-19,94.567317,Sentinel-2_L2A,"Sentinel-2 observation available but obscured by cloud cover (best: 94.6%, threshold: 30.0%)",S2C_MSIL2A_20260819T044701_R076_T45QTD_20260819T091408
1113,False,UNKNOWN,,2026-08-19,94.567317,Sentinel-2_L2A,"Sentinel-2 observation available but obscured by cloud cover (best: 94.6%, threshold: 30.0%)",S2C_MSIL2A_20260819T044701_R076_T45QTD_20260819T091408
1114,False,UNKNOWN,,2026-08-19,64.080083,Sentinel-2_L2A,"Sentinel-2 observation available but obscured by cloud cover (best: 64.1%, threshold: 30.0%)",S2C_MSIL2A_20260819T044701_R076_T45QVD_20260819T091408
1115,False,UNKNOWN,,2026-08-19,91.391569,Sentinel-2_L2A,"Sentinel-2 observation available but obscured by cloud cover (best: 91.4%, threshold: 30.0%)",S2C_MSIL2A_20260819T044701_R076_T45QUD_20260819T091408
1116,False,UNKNOWN,,2026-08-19,64.080083,Sentinel-2_L2A,"Sentinel-2 observation available but obscured by cloud cover (best: 64.1%, threshold: 30.0%)",S2C_MSIL2A_20260819T044701_R076_T45QVD_20260819T091408
1117,False,UNKNOWN,,2026-08-19,91.391569,Sentinel-2_L2A,"Sentinel-2 observation available but obscured by cloud cover (best: 91.4%, threshold: 30.0%)",S2C_MSIL2A_20260819T044701_R076_T45QUD_20260819T091408
1118,False,UNKNOWN,,2026-08-19,91.391569,Sentinel-2_L2A,"Sentinel-2 observation available but obscured by cloud cover (best: 91.4%, threshold: 30.0%)",S2C_MSIL2A_20260819T044701_R076_T45QUD_20260819T091408
1119,False,UNKNOWN,,2026-08-19,91.391569,Sentinel-2_L2A,"Sentinel-2 observation available but obscured by cloud cover (best: 91.4%, threshold: 30.0%)",S2C_MSIL2A_20260819T044701_R076_T45QUD_20260819T091408
1120,False,UNKNOWN,,2026-08-19,94.567317,Sentinel-2_L2A,"Sentinel-2 observation available but obscured by cloud cover (best: 94.6%, threshold: 30.0%)",S2C_MSIL2A_20260819T044701_R076_T45QTD_20260819T091408
1121,False,UNKNOWN,,2026-08-19,88.398743,Sentinel-2_L2A,"Sentinel-2 observation available but obscured by cloud cover (best: 88.4%, threshold: 30.0%)",S2B_MSIL2A_20260821T043659_R033_T45QXE_20260821T082129
1122,False,UNKNOWN,,2026-08-19,91.726762,Sentinel-2_L2A,"Sentinel-2 observation available but obscured by cloud cover (best: 91.7%, threshold: 30.0%)",S2B_MSIL2A_20260824T044659_R076_T45QUE_20260824T082928
1123,False,UNKNOWN,,2026-08-19,91.726762,Sentinel-2_L2A,"Sentinel-2 observation available but obscured by cloud cover (best: 91.7%, threshold: 30.0%)",S2B_MSIL2A_20260824T044659_R076_T45QUE_20260824T082928
1124,False,UNKNOWN,,2026-08-19,58.35163,Sentinel-2_L2A,"Sentinel-2 observation available but obscured by cloud cover (best: 58.4%, threshold: 30.0%)",S2B_MSIL2A_20260821T043659_R033_T45QWE_20260821T082129
1125,False,UNKNOWN,,2026-08-19,86.778092,Sentinel-2_L2A,"Sentinel-2 observation available but obscured by cloud cover (best: 86.8%, threshold: 30.0%)",S2B_MSIL2A_20260824T044659_R076_T45QUF_20260824T082928
1126,False,UNKNOWN,,2026-08-19,86.778092,Sentinel-2_L2A,"Sentinel-2 observation available but obscured by cloud cover (best: 86.8%, threshold: 30.0%)",S2B_MSIL2A_20260824T044659_R076_T45QUF_20260824T082928
1127,False,UNKNOWN,,2026-08-19,86.778092,Sentinel-2_L2A,"Sentinel-2 observation available but obscured by cloud cover (best: 86.8%, threshold: 30.0%)",S2B_MSIL2A_20260824T044659_R076_T45QUF_20260824T082928
1128,False,UNKNOWN,,2026-08-19,88.500828,Sentinel-2_L2A,"Sentinel-2 observation available but obscured by cloud cover (best: 88.5%, threshold: 30.0%)",S2C_MSIL2A_20260816T043701_R033_T45QWG_20260816T093714
1129,False,UNKNOWN,,2026-08-19,90.865403,Sentinel-2_L2A,"Sentinel-2 observation available but obscured by cloud cover (best: 90.9%, threshold: 30.0%)",S2B_MSIL2A_20260824T044659_R076_T45QVG_20260824T082928
1130,False,UNKNOWN,,2026-08-19,88.500828,Sentinel-2_L2A,"Sentinel-2 observation available but obscured by cloud cover (best: 88.5%, threshold: 30.0%)",S2C_MSIL2A_20260816T043701_R033_T45QWG_20260816T093714
1131,False,UNKNOWN,,2026-08-19,90.865403,Sentinel-2_L2A,"Sentinel-2 observation available but obscured by cloud cover (best: 90.9%, threshold: 30.0%)",S2B_MSIL2A_20260824T044659_R076_T45QVG_20260824T082928
1132,False,UNKNOWN,,2026-08-19,90.865403,Sentinel-2_L2A,"Sentinel-2 observation available but obscured by cloud cover (best: 90.9%, threshold: 30.0%)",S2B_MSIL2A_20260824T044659_R076_T45QVG_20260824T082928
1133,False,UNKNOWN,,2026-08-19,90.865403,Sentinel-2_L2A,"Sentinel-2 observation available but obscured by cloud cover (best: 90.9%, threshold: 30.0%)",S2B_MSIL2A_20260824T044659_R076_T45QVG_20260824T082928
1134,False,UNKNOWN,,2026-08-19,56.686449,Sentinel-2_L2A,"Sentinel-2 observation available but obscured by cloud cover (best: 56.7%, threshold: 30.0%)",S2C_MSIL2A_20260822T045651_R119_T45RTH_20260822T095910
1135,False,UNKNOWN,,2026-08-19,80.42444,Sentinel-2_L2A,"Sentinel-2 observation available but obscured by cloud cover (best: 80.4%, threshold: 30.0%)",S2B_MSIL2A_20260820T050649_R019_T44PLB_20260820T085718
1136,False,UNKNOWN,,2026-08-19,54.933995,Sentinel-2_L2A,"Sentinel-2 observation available but obscured by cloud cover (best: 54.9%, threshold: 30.0%)",S2A_MSIL2A_20260817T051241_R019_T43PGL_20260817T101210
1137,True,SeaLake,0.8215,2026-08-17T05:12:41.024000Z,13.662151,Sentinel-2_L2A,Satellite CNN prediction: SeaLake (confidence: 0.82),S2A_MSIL2A_20260817T051241_R019_T44PKR_20260817T101210
1138,False,UNKNOWN,,2026-08-19,30.368543,Sentinel-2_L2A,"Sentinel-2 observation available but obscured by cloud cover (best: 30.4%, threshold: 30.0%)",S2B_MSIL2A_20260816T052639_R105_T43RFQ_20260816T091153
1139,False,UNKNOWN,,2026-08-19,58.35163,Sentinel-2_L2A,"Sentinel-2 observation available but obscured by cloud cover (best: 58.4%, threshold: 30.0%)",S2B_MSIL2A_20260821T043659_R033_T45QWE_20260821T082129
1140,False,UNKNOWN,,2026-08-19,88.500828,Sentinel-2_L2A,"Sentinel-2 observation available but obscured by cloud cover (best: 88.5%, threshold: 30.0%)",S2C_MSIL2A_20260816T043701_R033_T45QWG_20260816T093714
1141,False,UNKNOWN,,2026-08-19,69.353038,Sentinel-2_L2A,"Sentinel-2 observation available but obscured by cloud cover (best: 69.4%, threshold: 30.0%)",S2B_MSIL2A_20260821T043659_R033_T45QVG_20260821T082129
1142,False,UNKNOWN,,2026-08-19,90.865403,Sentinel-2_L2A,"Sentinel-2 observation available but obscured by cloud cover (best: 90.9%, threshold: 30.0%)",S2B_MSIL2A_20260824T044659_R076_T45QVG_20260824T082928
1143,False,UNKNOWN,,2026-08-19,90.865403,Sentinel-2_L2A,"Sentinel-2 observation available but obscured by cloud cover (best: 90.9%, threshold: 30.0%)",S2B_MSIL2A_20260824T044659_R076_T45QVG_20260824T082928
1144,False,UNKNOWN,,2026-08-19,90.865403,Sentinel-2_L2A,"Sentinel-2 observation available but obscured by cloud cover (best: 90.9%, threshold: 30.0%)",S2B_MSIL2A_20260824T044659_R076_T45QVG_20260824T082928
1145,False,UNKNOWN,,2026-08-19,84.52763,Sentinel-2_L2A,"Sentinel-2 observation available but obscured by cloud cover (best: 84.5%, threshold: 30.0%)",S2C_MSIL2A_20260822T045651_R119_T44QME_20260822T095910
1146,False,UNKNOWN,,2026-08-19,58.248967,Sentinel-2_L2A,"Sentinel-2 observation available but obscured by cloud cover (best: 58.2%, threshold: 30.0%)",S2C_MSIL2A_20260819T044701_R076_T44QQE_20260819T091408
1147,False,UNKNOWN,,2026-08-19,84.52763,Sentinel-2_L2A,"Sentinel-2 observation available but obscured by cloud cover (best: 84.5%, threshold: 30.0%)",S2C_MSIL2A_20260822T045651_R119_T44QME_20260822T095910
1148,False,UNKNOWN,,2026-08-19,91.391569,Sentinel-2_L2A,"Sentinel-2 observation available but obscured by cloud cover (best: 91.4%, threshold: 30.0%)",S2C_MSIL2A_20260819T044701_R076_T45QUD_20260819T091408
1149,False,UNKNOWN,,2026-08-19,70.194674,Sentinel-2_L2A,"Sentinel-2 observation available but obscured by cloud cover (best: 70.2%, threshold: 30.0%)",S2B_MSIL2A_20260820T050649_R019_T43PGN_20260820T085718
1150,False,UNKNOWN,,2026-08-19,84.107685,Sentinel-2_L2A,"Sentinel-2 observation available but obscured by cloud cover (best: 84.1%, threshold: 30.0%)",S2A_MSIL2A_20260816T054251_R005_T43QBA_20260816T103351
1151,False,UNKNOWN,,2026-08-20,98.697484,Sentinel-2_L2A,"Sentinel-2 observation available but obscured by cloud cover (best: 98.7%, threshold: 30.0%)",S2A_MSIL2A_20260825T043231_R133_T46RCQ_20260825T110709
1152,False,UNKNOWN,,2026-08-20,30.094135,Sentinel-2_L2A,"Sentinel-2 observation available but obscured by cloud cover (best: 30.1%, threshold: 30.0%)",S2A_MSIL2A_20260817T051241_R019_T43PHL_20260817T101210
1153,False,UNKNOWN,,2026-08-20,54.933995,Sentinel-2_L2A,"Sentinel-2 observation available but obscured by cloud cover (best: 54.9%, threshold: 30.0%)",S2A_MSIL2A_20260817T051241_R019_T43PGL_20260817T101210
1154,False,UNKNOWN,,2026-08-20,54.192173,Sentinel-2_L2A,"Sentinel-2 observation available but obscured by cloud cover (best: 54.2%, threshold: 30.0%)",S2B_MSIL2A_20260820T050649_R019_T43QHU_20260820T085718
1155,False,UNKNOWN,,2026-08-20,74.772215,Sentinel-2_L2A,"Sentinel-2 observation available but obscured by cloud cover (best: 74.8%, threshold: 30.0%)",S2C_MSIL2A_20260818T051651_R062_T43QGU_20260818T101620
1156,False,UNKNOWN,,2026-08-20,58.248967,Sentinel-2_L2A,"Sentinel-2 observation available but obscured by cloud cover (best: 58.2%, threshold: 30.0%)",S2C_MSIL2A_20260819T044701_R076_T44QQE_20260819T091408
1157,False,UNKNOWN,,2026-08-20,58.248967,Sentinel-2_L2A,"Sentinel-2 observation available but obscured by cloud cover (best: 58.2%, threshold: 30.0%)",S2C_MSIL2A_20260819T044701_R076_T44QQE_20260819T091408
1158,False,UNKNOWN,,2026-08-20,58.248967,Sentinel-2_L2A,"Sentinel-2 observation available but obscured by cloud cover (best: 58.2%, threshold: 30.0%)",S2C_MSIL2A_20260819T044701_R076_T44QQE_20260819T091408
1159,False,UNKNOWN,,2026-08-20,74.100465,Sentinel-2_L2A,"Sentinel-2 observation available but obscured by cloud cover (best: 74.1%, threshold: 30.0%)",S2C_MSIL2A_20260821T052641_R105_T43QDA_20260821T102216
1160,True,SeaLake,0.344,2026-08-16T05:42:51.024000Z,2.026211,Sentinel-2_L2A,Satellite CNN prediction: SeaLake (confidence: 0.34),S2A_MSIL2A_20260816T054251_R005_T43RDP_20260816T103351
1161,True,SeaLake,0.9769,2026-08-20T05:06:49.024000Z,21.059443,Sentinel-2_L2A,Satellite CNN prediction: SeaLake (confidence: 0.98),S2B_MSIL2A_20260820T050649_R019_T43PHK_20260820T085718
1162,True,SeaLake,0.9464,2026-08-20T05:06:49.024000Z,21.059443,Sentinel-2_L2A,Satellite CNN prediction: SeaLake (confidence: 0.95),S2B_MSIL2A_20260820T050649_R019_T43PHK_20260820T085718
1163,True,Forest,0.4544,2026-08-20T05:06:49.024000Z,21.059443,Sentinel-2_L2A,Satellite CNN prediction: Forest (confidence: 0.45),S2B_MSIL2A_20260820T050649_R019_T43PHK_20260820T085718
1164,False,UNKNOWN,,2026-08-20,54.933995,Sentinel-2_L2A,"Sentinel-2 observation available but obscured by cloud cover (best: 54.9%, threshold: 30.0%)",S2A_MSIL2A_20260817T051241_R019_T43PGL_20260817T101210
1165,False,UNKNOWN,,2026-08-20,82.363164,Sentinel-2_L2A,"Sentinel-2 observation available but obscured by cloud cover (best: 82.4%, threshold: 30.0%)",S2A_MSIL2A_20260817T051241_R019_T43PHM_20260817T101210
1166,False,UNKNOWN,,2026-08-20,89.197487,Sentinel-2_L2A,"Sentinel-2 observation available but obscured by cloud cover (best: 89.2%, threshold: 30.0%)",S2B_MSIL2A_20260820T050649_R019_T44PKT_20260820T085718
1167,False,UNKNOWN,,2026-08-20,100.0,Sentinel-2_L2A,"Sentinel-2 observation available but obscured by cloud cover (best: 100.0%, threshold: 30.0%)",S2C_MSIL2A_20260825T050651_R019_T44PKT_20260825T100208
1168,False,UNKNOWN,,2026-08-20,89.197487,Sentinel-2_L2A,"Sentinel-2 observation available but obscured by cloud cover (best: 89.2%, threshold: 30.0%)",S2B_MSIL2A_20260820T050649_R019_T44PKT_20260820T085718
1169,False,UNKNOWN,,2026-08-20,69.184935,Sentinel-2_L2A,"Sentinel-2 observation available but obscured by cloud cover (best: 69.2%, threshold: 30.0%)",S2B_MSIL2A_20260820T050649_R019_T44PKV_20260820T085718
1170,False,UNKNOWN,,2026-08-20,85.468173,Sentinel-2_L2A,"Sentinel-2 observation available but obscured by cloud cover (best: 85.5%, threshold: 30.0%)",S2C_MSIL2A_20260818T051651_R062_T43PFQ_20260818T100915
1171,False,UNKNOWN,,2026-08-20,89.871192,Sentinel-2_L2A,"Sentinel-2 observation available but obscured by cloud cover (best: 89.9%, threshold: 30.0%)",S2B_MSIL2A_20260820T050649_R019_T43PGR_20260820T085718
1172,False,UNKNOWN,,2026-08-20,60.811269,Sentinel-2_L2A,"Sentinel-2 observation available but obscured by cloud cover (best: 60.8%, threshold: 30.0%)",S2B_MSIL2A_20260820T050649_R019_T44PKA_20260820T085718
1173,False,UNKNOWN,,2026-08-20,82.616431,Sentinel-2_L2A,"Sentinel-2 observation available but obscured by cloud cover (best: 82.6%, threshold: 30.0%)",S2B_MSIL2A_20260823T051649_R062_T43QEV_20260823T090719
1174,False,UNKNOWN,,2026-08-20,73.595357,Sentinel-2_L2A,"Sentinel-2 observation available but obscured by cloud cover (best: 73.6%, threshold: 30.0%)",S2B_MSIL2A_20260820T050649_R019_T43PGS_20260820T085718
1175,True,Forest,0.4296,2026-08-16T05:42:51.024000Z,5.373277,Sentinel-2_L2A,Satellite CNN prediction: Forest (confidence: 0.43),S2A_MSIL2A_20260816T054251_R005_T43RDN_20260816T103351
1176,False,UNKNOWN,,2026-08-20,59.106332,Sentinel-2_L2A,"Sentinel-2 observation available but obscured by cloud cover (best: 59.1%, threshold: 30.0%)",S2B_MSIL2A_20260821T043659_R033_T45QWF_20260821T082129
1177,False,UNKNOWN,,2026-08-20,88.500828,Sentinel-2_L2A,"Sentinel-2 observation available but obscured by cloud cover (best: 88.5%, threshold: 30.0%)",S2C_MSIL2A_20260816T043701_R033_T45QWG_20260816T093714
1178,False,UNKNOWN,,2026-08-20,81.757325,Sentinel-2_L2A,"Sentinel-2 observation available but obscured by cloud cover (best: 81.8%, threshold: 30.0%)",S2B_MSIL2A_20260824T044659_R076_T45QUG_20260824T082928
1179,False,UNKNOWN,,2026-08-20,81.757325,Sentinel-2_L2A,"Sentinel-2 observation available but obscured by cloud cover (best: 81.8%, threshold: 30.0%)",S2B_MSIL2A_20260824T044659_R076_T45QUG_20260824T082928
1180,False,UNKNOWN,,2026-08-20,88.464946,Sentinel-2_L2A,"Sentinel-2 observation available but obscured by cloud cover (best: 88.5%, threshold: 30.0%)",S2B_MSIL2A_20260824T044659_R076_T45QTG_20260824T082928
1181,False,UNKNOWN,,2026-08-20,81.757325,Sentinel-2_L2A,"Sentinel-2 observation available but obscured by cloud cover (best: 81.8%, threshold: 30.0%)",S2B_MSIL2A_20260824T044659_R076_T45QUG_20260824T082928
1182,False,UNKNOWN,,2026-08-20,81.757325,Sentinel-2_L2A,"Sentinel-2 observation available but obscured by cloud cover (best: 81.8%, threshold: 30.0%)",S2B_MSIL2A_20260824T044659_R076_T45QUG_20260824T082928
1183,False,UNKNOWN,,2026-08-20,81.757325,Sentinel-2_L2A,"Sentinel-2 observation available but obscured by cloud cover (best: 81.8%, threshold: 30.0%)",S2B_MSIL2A_20260824T044659_R076_T45QUG_20260824T082928
1184,False,UNKNOWN,,2026-08-20,81.757325,Sentinel-2_L2A,"Sentinel-2 observation available but obscured by cloud cover (best: 81.8%, threshold: 30.0%)",S2B_MSIL2A_20260824T044659_R076_T45QUG_20260824T082928
1185,False,UNKNOWN,,2026-08-20,90.865403,Sentinel-2_L2A,"Sentinel-2 observation available but obscured by cloud cover (best: 90.9%, threshold: 30.0%)",S2B_MSIL2A_20260824T044659_R076_T45QVG_20260824T082928
1186,True,SeaLake,0.9816,2026-08-22T04:05:39.024000Z,23.410837,Sentinel-2_L2A,Satellite CNN prediction: SeaLake (confidence: 0.98),S2B_MSIL2A_20260822T040539_R047_T46RGR_20260822T060623
1187,False,UNKNOWN,,2026-08-20,94.799423,Sentinel-2_L2A,"Sentinel-2 observation available but obscured by cloud cover (best: 94.8%, threshold: 30.0%)",S2C_MSIL2A_20260822T045651_R119_T44QRK_20260822T095910
1188,False,UNKNOWN,,2026-08-20,91.726762,Sentinel-2_L2A,"Sentinel-2 observation available but obscured by cloud cover (best: 91.7%, threshold: 30.0%)",S2B_MSIL2A_20260824T044659_R076_T45QUE_20260824T082928
1189,False,UNKNOWN,,2026-08-20,96.556008,Sentinel-2_L2A,"Sentinel-2 observation available but obscured by cloud cover (best: 96.6%, threshold: 30.0%)",S2A_MSIL2A_20260824T050231_R119_T44QQK_20260824T115710
1190,False,UNKNOWN,,2026-08-20,64.597529,Sentinel-2_L2A,"Sentinel-2 observation available but obscured by cloud cover (best: 64.6%, threshold: 30.0%)",S2C_MSIL2A_20260825T050651_R019_T44PLB_20260825T100208
1191,False,UNKNOWN,,2026-08-20,59.590232,Sentinel-2_L2A,"Sentinel-2 observation available but obscured by cloud cover (best: 59.6%, threshold: 30.0%)",S2C_MSIL2A_20260822T045651_R119_T44RQQ_20260822T095910
1192,True,SeaLake,0.4061,2026-08-21T05:26:41.025000Z,5.810681,Sentinel-2_L2A,Satellite CNN prediction: SeaLake (confidence: 0.41),S2C_MSIL2A_20260821T052641_R105_T43RFM_20260821T102216
1193,True,SeaLake,0.9767,2026-08-21T05:26:41.025000Z,5.810681,Sentinel-2_L2A,Satellite CNN prediction: SeaLake (confidence: 0.98),S2C_MSIL2A_20260821T052641_R105_T43RFM_20260821T102216
1194,True,SeaLake,0.863,2026-08-21T05:26:41.025000Z,5.810681,Sentinel-2_L2A,Satellite CNN prediction: SeaLake (confidence: 0.86),S2C_MSIL2A_20260821T052641_R105_T43RFM_20260821T102216
1195,False,UNKNOWN,,2026-08-20,51.387042,Sentinel-2_L2A,"Sentinel-2 observation available but obscured by cloud cover (best: 51.4%, threshold: 30.0%)",S2C_MSIL2A_20260821T052641_R105_T43RFN_20260821T102216
1196,False,UNKNOWN,,2026-08-20,47.129831,Sentinel-2_L2A,"Sentinel-2 observation available but obscured by cloud cover (best: 47.1%, threshold: 30.0%)",S2A_MSIL2A_20260823T053241_R105_T44SKC_20260823T122218
1197,False,UNKNOWN,,2026-08-20,81.074959,Sentinel-2_L2A,"Sentinel-2 observation available but obscured by cloud cover (best: 81.1%, threshold: 30.0%)",S2B_MSIL2A_20260820T050649_R019_T44QKH_20260820T085718
1198,False,UNKNOWN,,2026-08-20,96.556008,Sentinel-2_L2A,"Sentinel-2 observation available but obscured by cloud cover (best: 96.6%, threshold: 30.0%)",S2A_MSIL2A_20260824T050231_R119_T44QQK_20260824T115710
1199,False,UNKNOWN,,2026-08-20,94.799423,Sentinel-2_L2A,"Sentinel-2 observation available but obscured by cloud cover (best: 94.8%, threshold: 30.0%)",S2C_MSIL2A_20260822T045651_R119_T44QRK_20260822T095910
1200,False,UNKNOWN,,2026-08-20,94.799423,Sentinel-2_L2A,"Sentinel-2 observation available but obscured by cloud cover (best: 94.8%, threshold: 30.0%)",S2C_MSIL2A_20260822T045651_R119_T44QRK_20260822T095910
1201,False,UNKNOWN,,2026-08-20,96.556008,Sentinel-2_L2A,"Sentinel-2 observation available but obscured by cloud cover (best: 96.6%, threshold: 30.0%)",S2A_MSIL2A_20260824T050231_R119_T44QQK_20260824T115710
1202,False,UNKNOWN,,2026-08-20,94.799423,Sentinel-2_L2A,"Sentinel-2 observation available but obscured by cloud cover (best: 94.8%, threshold: 30.0%)",S2C_MSIL2A_20260822T045651_R119_T44QRK_20260822T095910
1203,False,UNKNOWN,,2026-08-20,96.556008,Sentinel-2_L2A,"Sentinel-2 observation available but obscured by cloud cover (best: 96.6%, threshold: 30.0%)",S2A_MSIL2A_20260824T050231_R119_T44QQK_20260824T115710
1204,False,UNKNOWN,,2026-08-20,96.556008,Sentinel-2_L2A,"Sentinel-2 observation available but obscured by cloud cover (best: 96.6%, threshold: 30.0%)",S2A_MSIL2A_20260824T050231_R119_T44QQK_20260824T115710
1205,False,UNKNOWN,,2026-08-20,96.556008,Sentinel-2_L2A,"Sentinel-2 observation available but obscured by cloud cover (best: 96.6%, threshold: 30.0%)",S2A_MSIL2A_20260824T050231_R119_T44QQK_20260824T115710
1206,False,UNKNOWN,,2026-08-20,96.556008,Sentinel-2_L2A,"Sentinel-2 observation available but obscured by cloud cover (best: 96.6%, threshold: 30.0%)",S2A_MSIL2A_20260824T050231_R119_T44QQK_20260824T115710
1207,False,UNKNOWN,,2026-08-20,90.865403,Sentinel-2_L2A,"Sentinel-2 observation available but obscured by cloud cover (best: 90.9%, threshold: 30.0%)",S2B_MSIL2A_20260824T044659_R076_T45QVG_20260824T082928
1208,False,UNKNOWN,,2026-08-20,81.757325,Sentinel-2_L2A,"Sentinel-2 observation available but obscured by cloud cover (best: 81.8%, threshold: 30.0%)",S2B_MSIL2A_20260824T044659_R076_T45QUG_20260824T082928
1209,False,UNKNOWN,,2026-08-20,69.353038,Sentinel-2_L2A,"Sentinel-2 observation available but obscured by cloud cover (best: 69.4%, threshold: 30.0%)",S2B_MSIL2A_20260821T043659_R033_T45QVG_20260821T082129
1210,False,UNKNOWN,,2026-08-20,81.757325,Sentinel-2_L2A,"Sentinel-2 observation available but obscured by cloud cover (best: 81.8%, threshold: 30.0%)",S2B_MSIL2A_20260824T044659_R076_T45QUG_20260824T082928
1211,False,UNKNOWN,,2026-08-20,88.464946,Sentinel-2_L2A,"Sentinel-2 observation available but obscured by cloud cover (best: 88.5%, threshold: 30.0%)",S2B_MSIL2A_20260824T044659_R076_T45QTG_20260824T082928
1212,False,UNKNOWN,,2026-08-20,88.464946,Sentinel-2_L2A,"Sentinel-2 observation available but obscured by cloud cover (best: 88.5%, threshold: 30.0%)",S2B_MSIL2A_20260824T044659_R076_T45QTG_20260824T082928
1213,False,UNKNOWN,,2026-08-20,81.757325,Sentinel-2_L2A,"Sentinel-2 observation available but obscured by cloud cover (best: 81.8%, threshold: 30.0%)",S2B_MSIL2A_20260824T044659_R076_T45QUG_20260824T082928
1214,False,UNKNOWN,,2026-08-20,81.757325,Sentinel-2_L2A,"Sentinel-2 observation available but obscured by cloud cover (best: 81.8%, threshold: 30.0%)",S2B_MSIL2A_20260824T044659_R076_T45QUG_20260824T082928
1215,False,UNKNOWN,,2026-08-20,81.757325,Sentinel-2_L2A,"Sentinel-2 observation available but obscured by cloud cover (best: 81.8%, threshold: 30.0%)",S2B_MSIL2A_20260824T044659_R076_T45QUG_20260824T082928
1216,False,UNKNOWN,,2026-08-20,81.757325,Sentinel-2_L2A,"Sentinel-2 observation available but obscured by cloud cover (best: 81.8%, threshold: 30.0%)",S2B_MSIL2A_20260824T044659_R076_T45QUG_20260824T082928
1217,False,UNKNOWN,,2026-08-20,48.791593,Sentinel-2_L2A,"Sentinel-2 observation available but obscured by cloud cover (best: 48.8%, threshold: 30.0%)",S2C_MSIL2A_20260824T053641_R005_T43RDH_20260824T102214
1218,False,UNKNOWN,,2026-08-20,77.868724,Sentinel-2_L2A,"Sentinel-2 observation available but obscured by cloud cover (best: 77.9%, threshold: 30.0%)",S2C_MSIL2A_20260818T051651_R062_T43PGS_20260818T101620
1219,False,UNKNOWN,,2026-08-20,58.468288,Sentinel-2_L2A,"Sentinel-2 observation available but obscured by cloud cover (best: 58.5%, threshold: 30.0%)",S2B_MSIL2A_20260823T051649_R062_T43PFT_20260823T090719
1220,False,UNKNOWN,,2026-08-20,82.39525,Sentinel-2_L2A,"Sentinel-2 observation available but obscured by cloud cover (best: 82.4%, threshold: 30.0%)",S2B_MSIL2A_20260817T045659_R119_T44QND_20260817T084758
1221,False,UNKNOWN,,2026-08-20,30.094135,Sentinel-2_L2A,"Sentinel-2 observation available but obscured by cloud cover (best: 30.1%, threshold: 30.0%)",S2A_MSIL2A_20260817T051241_R019_T43PHL_20260817T101210
1222,False,UNKNOWN,,2026-08-20,94.763255,Sentinel-2_L2A,"Sentinel-2 observation available but obscured by cloud cover (best: 94.8%, threshold: 30.0%)",S2B_MSIL2A_20260820T050649_R019_T44PKU_20260820T085718
1223,False,UNKNOWN,,2026-08-20,94.763255,Sentinel-2_L2A,"Sentinel-2 observation available but obscured by cloud cover (best: 94.8%, threshold: 30.0%)",S2B_MSIL2A_20260820T050649_R019_T44PKU_20260820T085718
1224,False,UNKNOWN,,2026-08-20,85.468173,Sentinel-2_L2A,"Sentinel-2 observation available but obscured by cloud cover (best: 85.5%, threshold: 30.0%)",S2C_MSIL2A_20260818T051651_R062_T43PFQ_20260818T100915
1225,False,UNKNOWN,,2026-08-20,93.750542,Sentinel-2_L2A,"Sentinel-2 observation available but obscured by cloud cover (best: 93.8%, threshold: 30.0%)",S2C_MSIL2A_20260825T050651_R019_T43PGQ_20260825T100208
1226,False,UNKNOWN,,2026-08-20,77.002782,Sentinel-2_L2A,"Sentinel-2 observation available but obscured by cloud cover (best: 77.0%, threshold: 30.0%)",S2C_MSIL2A_20260817T054631_R048_T42RZP_20260817T085418
1227,True,HerbaceousVegetation,0.3712,2026-08-24T05:36:41.025000Z,25.50481,Sentinel-2_L2A,Satellite CNN prediction: HerbaceousVegetation (confidence: 0.37),S2C_MSIL2A_20260824T053641_R005_T43RCK_20260824T102214
1228,True,SeaLake,0.2469,2026-08-16T05:42:51.024000Z,2.026211,Sentinel-2_L2A,Satellite CNN prediction: SeaLake (confidence: 0.25),S2A_MSIL2A_20260816T054251_R005_T43RDP_20260816T103351
1229,False,UNKNOWN,,2026-08-20,78.489828,Sentinel-2_L2A,"Sentinel-2 observation available but obscured by cloud cover (best: 78.5%, threshold: 30.0%)",S2A_MSIL2A_20260816T054251_R005_T43QBB_20260816T103351
1230,False,UNKNOWN,,2026-08-20,71.453226,Sentinel-2_L2A,"Sentinel-2 observation available but obscured by cloud cover (best: 71.5%, threshold: 30.0%)",S2B_MSIL2A_20260820T050649_R019_T43QHB_20260820T085718
1231,False,UNKNOWN,,2026-08-20,70.194674,Sentinel-2_L2A,"Sentinel-2 observation available but obscured by cloud cover (best: 70.2%, threshold: 30.0%)",S2B_MSIL2A_20260820T050649_R019_T43PGN_20260820T085718
1232,False,UNKNOWN,,2026-08-20,89.45961,Sentinel-2_L2A,"Sentinel-2 observation available but obscured by cloud cover (best: 89.5%, threshold: 30.0%)",S2B_MSIL2A_20260823T051649_R062_T43PFQ_20260823T090719
1233,False,UNKNOWN,,2026-08-20,69.184935,Sentinel-2_L2A,"Sentinel-2 observation available but obscured by cloud cover (best: 69.2%, threshold: 30.0%)",S2B_MSIL2A_20260820T050649_R019_T44PKV_20260820T085718
1234,False,UNKNOWN,,2026-08-20,78.73441,Sentinel-2_L2A,"Sentinel-2 observation available but obscured by cloud cover (best: 78.7%, threshold: 30.0%)",S2B_MSIL2A_20260823T051649_R062_T43PFS_20260823T090719
1235,False,UNKNOWN,,2026-08-20,78.73441,Sentinel-2_L2A,"Sentinel-2 observation available but obscured by cloud cover (best: 78.7%, threshold: 30.0%)",S2B_MSIL2A_20260823T051649_R062_T43PFS_20260823T090719
1236,False,UNKNOWN,,2026-08-21,30.094135,Sentinel-2_L2A,"Sentinel-2 observation available but obscured by cloud cover (best: 30.1%, threshold: 30.0%)",S2A_MSIL2A_20260817T051241_R019_T43PHL_20260817T101210
1237,True,SeaLake,0.8644,2026-08-17T05:12:41.024000Z,13.662151,Sentinel-2_L2A,Satellite CNN prediction: SeaLake (confidence: 0.86),S2A_MSIL2A_20260817T051241_R019_T44PKR_20260817T101210
1238,False,UNKNOWN,,2026-08-21,30.094135,Sentinel-2_L2A,"Sentinel-2 observation available but obscured by cloud cover (best: 30.1%, threshold: 30.0%)",S2A_MSIL2A_20260817T051241_R019_T43PHL_20260817T101210
1239,False,UNKNOWN,,2026-08-21,92.603332,Sentinel-2_L2A,"Sentinel-2 observation available but obscured by cloud cover (best: 92.6%, threshold: 30.0%)",S2B_MSIL2A_20260820T050649_R019_T43PGM_20260820T085718
1240,False,UNKNOWN,,2026-08-21,82.363164,Sentinel-2_L2A,"Sentinel-2 observation available but obscured by cloud cover (best: 82.4%, threshold: 30.0%)",S2A_MSIL2A_20260817T051241_R019_T43PHM_20260817T101210
1241,False,UNKNOWN,,2026-08-21,82.363164,Sentinel-2_L2A,"Sentinel-2 observation available but obscured by cloud cover (best: 82.4%, threshold: 30.0%)",S2A_MSIL2A_20260817T051241_R019_T43PHM_20260817T101210
1242,False,UNKNOWN,,2026-08-21,99.217111,Sentinel-2_L2A,"Sentinel-2 observation available but obscured by cloud cover (best: 99.2%, threshold: 30.0%)",S2C_MSIL2A_20260825T050651_R019_T44PKU_20260825T100208
1243,False,UNKNOWN,,2026-08-21,94.763255,Sentinel-2_L2A,"Sentinel-2 observation available but obscured by cloud cover (best: 94.8%, threshold: 30.0%)",S2B_MSIL2A_20260820T050649_R019_T44PKU_20260820T085718
1244,False,UNKNOWN,,2026-08-21,90.309751,Sentinel-2_L2A,"Sentinel-2 observation available but obscured by cloud cover (best: 90.3%, threshold: 30.0%)",S2C_MSIL2A_20260822T045651_R119_T44PLU_20260822T092621
1245,False,UNKNOWN,,2026-08-21,66.643369,Sentinel-2_L2A,"Sentinel-2 observation available but obscured by cloud cover (best: 66.6%, threshold: 30.0%)",S2C_MSIL2A_20260822T045651_R119_T44PMV_20260822T092621
1246,False,UNKNOWN,,2026-08-21,64.597529,Sentinel-2_L2A,"Sentinel-2 observation available but obscured by cloud cover (best: 64.6%, threshold: 30.0%)",S2C_MSIL2A_20260825T050651_R019_T44PLB_20260825T100208
1247,False,UNKNOWN,,2026-08-21,64.597529,Sentinel-2_L2A,"Sentinel-2 observation available but obscured by cloud cover (best: 64.6%, threshold: 30.0%)",S2C_MSIL2A_20260825T050651_R019_T44PLB_20260825T100208
1248,False,UNKNOWN,,2026-08-21,64.597529,Sentinel-2_L2A,"Sentinel-2 observation available but obscured by cloud cover (best: 64.6%, threshold: 30.0%)",S2C_MSIL2A_20260825T050651_R019_T44PLB_20260825T100208
1249,False,UNKNOWN,,2026-08-21,64.597529,Sentinel-2_L2A,"Sentinel-2 observation available but obscured by cloud cover (best: 64.6%, threshold: 30.0%)",S2C_MSIL2A_20260825T050651_R019_T44PLB_20260825T100208
1250,False,UNKNOWN,,2026-08-21,64.597529,Sentinel-2_L2A,"Sentinel-2 observation available but obscured by cloud cover (best: 64.6%, threshold: 30.0%)",S2C_MSIL2A_20260825T050651_R019_T44PLB_20260825T100208
1251,False,UNKNOWN,,2026-08-21,73.595357,Sentinel-2_L2A,"Sentinel-2 observation available but obscured by cloud cover (best: 73.6%, threshold: 30.0%)",S2B_MSIL2A_20260820T050649_R019_T43PGS_20260820T085718
1252,False,UNKNOWN,,2026-08-21,64.597529,Sentinel-2_L2A,"Sentinel-2 observation available but obscured by cloud cover (best: 64.6%, threshold: 30.0%)",S2C_MSIL2A_20260825T050651_R019_T44PLB_20260825T100208
1253,False,UNKNOWN,,2026-08-21,76.80226,Sentinel-2_L2A,"Sentinel-2 observation available but obscured by cloud cover (best: 76.8%, threshold: 30.0%)",S2C_MSIL2A_20260825T050651_R019_T44PLC_20260825T100208
1254,False,UNKNOWN,,2026-08-21,76.80226,Sentinel-2_L2A,"Sentinel-2 observation available but obscured by cloud cover (best: 76.8%, threshold: 30.0%)",S2C_MSIL2A_20260825T050651_R019_T44PLC_20260825T100208
1255,False,UNKNOWN,,2026-08-21,79.585654,Sentinel-2_L2A,"Sentinel-2 observation available but obscured by cloud cover (best: 79.6%, threshold: 30.0%)",S2B_MSIL2A_20260820T050649_R019_T44QLD_20260820T085718
1256,False,UNKNOWN,,2026-08-21,56.089467,Sentinel-2_L2A,"Sentinel-2 observation available but obscured by cloud cover (best: 56.1%, threshold: 30.0%)",S2B_MSIL2A_20260820T050649_R019_T44QLE_20260820T085718
1257,False,UNKNOWN,,2026-08-21,58.248967,Sentinel-2_L2A,"Sentinel-2 observation available but obscured by cloud cover (best: 58.2%, threshold: 30.0%)",S2C_MSIL2A_20260819T044701_R076_T44QQE_20260819T091408
1258,False,UNKNOWN,,2026-08-21,59.106332,Sentinel-2_L2A,"Sentinel-2 observation available but obscured by cloud cover (best: 59.1%, threshold: 30.0%)",S2B_MSIL2A_20260821T043659_R033_T45QWF_20260821T082129
1259,False,UNKNOWN,,2026-08-21,90.534031,Sentinel-2_L2A,"Sentinel-2 observation available but obscured by cloud cover (best: 90.5%, threshold: 30.0%)",S2C_MSIL2A_20260820T041541_R090_T46RFP_20260820T075213
1260,True,Pasture,0.7874,2026-08-16T05:42:51.024000Z,7.503723,Sentinel-2_L2A,Satellite CNN prediction: Pasture (confidence: 0.79),S2A_MSIL2A_20260816T054251_R005_T43RBL_20260816T103351
1261,True,SeaLake,0.821,2026-08-21T05:26:41.025000Z,9.483559,Sentinel-2_L2A,Satellite CNN prediction: SeaLake (confidence: 0.82),S2C_MSIL2A_20260821T052641_R105_T43REN_20260821T102216
1262,True,SeaLake,0.9681,2026-08-20T05:06:49.024000Z,21.059443,Sentinel-2_L2A,Satellite CNN prediction: SeaLake (confidence: 0.97),S2B_MSIL2A_20260820T050649_R019_T43PHK_20260820T085718
1263,True,SeaLake,0.976,2026-08-17T04:56:59.024000Z,20.364849,Sentinel-2_L2A,Satellite CNN prediction: SeaLake (confidence: 0.98),S2B_MSIL2A_20260817T045659_R119_T44PKR_20260817T084758
1264,True,SeaLake,0.7352,2026-08-17T04:56:59.024000Z,20.364849,Sentinel-2_L2A,Satellite CNN prediction: SeaLake (confidence: 0.74),S2B_MSIL2A_20260817T045659_R119_T44PKR_20260817T084758
1265,True,SeaLake,0.6129,2026-08-17T05:12:41.024000Z,13.662151,Sentinel-2_L2A,Satellite CNN prediction: SeaLake (confidence: 0.61),S2A_MSIL2A_20260817T051241_R019_T44PKR_20260817T101210
1266,False,UNKNOWN,,2026-08-21,30.094135,Sentinel-2_L2A,"Sentinel-2 observation available but obscured by cloud cover (best: 30.1%, threshold: 30.0%)",S2A_MSIL2A_20260817T051241_R019_T43PHL_20260817T101210
1267,False,UNKNOWN,,2026-08-21,30.094135,Sentinel-2_L2A,"Sentinel-2 observation available but obscured by cloud cover (best: 30.1%, threshold: 30.0%)",S2A_MSIL2A_20260817T051241_R019_T43PHL_20260817T101210
1268,False,UNKNOWN,,2026-08-21,30.094135,Sentinel-2_L2A,"Sentinel-2 observation available but obscured by cloud cover (best: 30.1%, threshold: 30.0%)",S2A_MSIL2A_20260817T051241_R019_T43PHL_20260817T101210
1269,True,SeaLake,0.6417,2026-08-17T05:12:41.024000Z,13.662151,Sentinel-2_L2A,Satellite CNN prediction: SeaLake (confidence: 0.64),S2A_MSIL2A_20260817T051241_R019_T44PKR_20260817T101210
1270,False,UNKNOWN,,2026-08-21,54.933995,Sentinel-2_L2A,"Sentinel-2 observation available but obscured by cloud cover (best: 54.9%, threshold: 30.0%)",S2A_MSIL2A_20260817T051241_R019_T43PGL_20260817T101210
1271,False,UNKNOWN,,2026-08-21,82.363164,Sentinel-2_L2A,"Sentinel-2 observation available but obscured by cloud cover (best: 82.4%, threshold: 30.0%)",S2A_MSIL2A_20260817T051241_R019_T43PHM_20260817T101210
1272,False,UNKNOWN,,2026-08-21,82.363164,Sentinel-2_L2A,"Sentinel-2 observation available but obscured by cloud cover (best: 82.4%, threshold: 30.0%)",S2A_MSIL2A_20260817T051241_R019_T43PHM_20260817T101210
1273,False,UNKNOWN,,2026-08-21,92.603332,Sentinel-2_L2A,"Sentinel-2 observation available but obscured by cloud cover (best: 92.6%, threshold: 30.0%)",S2B_MSIL2A_20260820T050649_R019_T43PGM_20260820T085718
1274,False,UNKNOWN,,2026-08-21,82.363164,Sentinel-2_L2A,"Sentinel-2 observation available but obscured by cloud cover (best: 82.4%, threshold: 30.0%)",S2A_MSIL2A_20260817T051241_R019_T43PHM_20260817T101210
1275,False,UNKNOWN,,2026-08-21,70.194674,Sentinel-2_L2A,"Sentinel-2 observation available but obscured by cloud cover (best: 70.2%, threshold: 30.0%)",S2B_MSIL2A_20260820T050649_R019_T43PGN_20260820T085718
1276,False,UNKNOWN,,2026-08-21,67.577857,Sentinel-2_L2A,"Sentinel-2 observation available but obscured by cloud cover (best: 67.6%, threshold: 30.0%)",S2A_MSIL2A_20260817T051241_R019_T44PKS_20260817T101210
1277,False,UNKNOWN,,2026-08-21,82.363164,Sentinel-2_L2A,"Sentinel-2 observation available but obscured by cloud cover (best: 82.4%, threshold: 30.0%)",S2A_MSIL2A_20260817T051241_R019_T43PHM_20260817T101210
1278,False,UNKNOWN,,2026-08-21,67.577857,Sentinel-2_L2A,"Sentinel-2 observation available but obscured by cloud cover (best: 67.6%, threshold: 30.0%)",S2A_MSIL2A_20260817T051241_R019_T44PKS_20260817T101210
1279,False,UNKNOWN,,2026-08-21,86.289233,Sentinel-2_L2A,"Sentinel-2 observation available but obscured by cloud cover (best: 86.3%, threshold: 30.0%)",S2B_MSIL2A_20260820T050649_R019_T43PHN_20260820T085718
1280,False,UNKNOWN,,2026-08-21,86.289233,Sentinel-2_L2A,"Sentinel-2 observation available but obscured by cloud cover (best: 86.3%, threshold: 30.0%)",S2B_MSIL2A_20260820T050649_R019_T43PHN_20260820T085718
1281,False,UNKNOWN,,2026-08-21,89.197487,Sentinel-2_L2A,"Sentinel-2 observation available but obscured by cloud cover (best: 89.2%, threshold: 30.0%)",S2B_MSIL2A_20260820T050649_R019_T44PKT_20260820T085718
1282,False,UNKNOWN,,2026-08-21,89.197487,Sentinel-2_L2A,"Sentinel-2 observation available but obscured by cloud cover (best: 89.2%, threshold: 30.0%)",S2B_MSIL2A_20260820T050649_R019_T44PKT_20260820T085718
1283,False,UNKNOWN,,2026-08-21,70.194674,Sentinel-2_L2A,"Sentinel-2 observation available but obscured by cloud cover (best: 70.2%, threshold: 30.0%)",S2B_MSIL2A_20260820T050649_R019_T43PGN_20260820T085718
1284,False,UNKNOWN,,2026-08-21,70.194674,Sentinel-2_L2A,"Sentinel-2 observation available but obscured by cloud cover (best: 70.2%, threshold: 30.0%)",S2B_MSIL2A_20260820T050649_R019_T43PGN_20260820T085718
1285,False,UNKNOWN,,2026-08-21,70.194674,Sentinel-2_L2A,"Sentinel-2 observation available but obscured by cloud cover (best: 70.2%, threshold: 30.0%)",S2B_MSIL2A_20260820T050649_R019_T43PGN_20260820T085718
1286,False,UNKNOWN,,2026-08-21,70.194674,Sentinel-2_L2A,"Sentinel-2 observation available but obscured by cloud cover (best: 70.2%, threshold: 30.0%)",S2B_MSIL2A_20260820T050649_R019_T43PGN_20260820T085718
1287,False,UNKNOWN,,2026-08-21,70.194674,Sentinel-2_L2A,"Sentinel-2 observation available but obscured by cloud cover (best: 70.2%, threshold: 30.0%)",S2B_MSIL2A_20260820T050649_R019_T43PGN_20260820T085718
1288,False,UNKNOWN,,2026-08-21,70.194674,Sentinel-2_L2A,"Sentinel-2 observation available but obscured by cloud cover (best: 70.2%, threshold: 30.0%)",S2B_MSIL2A_20260820T050649_R019_T43PGN_20260820T085718
1289,False,UNKNOWN,,2026-08-21,70.194674,Sentinel-2_L2A,"Sentinel-2 observation available but obscured by cloud cover (best: 70.2%, threshold: 30.0%)",S2B_MSIL2A_20260820T050649_R019_T43PGN_20260820T085718
1290,False,UNKNOWN,,2026-08-21,90.309751,Sentinel-2_L2A,"Sentinel-2 observation available but obscured by cloud cover (best: 90.3%, threshold: 30.0%)",S2C_MSIL2A_20260822T045651_R119_T44PLU_20260822T092621
1291,False,UNKNOWN,,2026-08-21,96.758235,Sentinel-2_L2A,"Sentinel-2 observation available but obscured by cloud cover (best: 96.8%, threshold: 30.0%)",S2C_MSIL2A_20260825T050651_R019_T43PHP_20260825T100208
1292,False,UNKNOWN,,2026-08-21,81.905717,Sentinel-2_L2A,"Sentinel-2 observation available but obscured by cloud cover (best: 81.9%, threshold: 30.0%)",S2C_MSIL2A_20260822T045651_R119_T44PLV_20260822T092621
1293,False,UNKNOWN,,2026-08-21,81.905717,Sentinel-2_L2A,"Sentinel-2 observation available but obscured by cloud cover (best: 81.9%, threshold: 30.0%)",S2C_MSIL2A_20260822T045651_R119_T44PLV_20260822T092621
1294,False,UNKNOWN,,2026-08-21,81.905717,Sentinel-2_L2A,"Sentinel-2 observation available but obscured by cloud cover (best: 81.9%, threshold: 30.0%)",S2C_MSIL2A_20260822T045651_R119_T44PLV_20260822T092621
1295,False,UNKNOWN,,2026-08-21,93.750542,Sentinel-2_L2A,"Sentinel-2 observation available but obscured by cloud cover (best: 93.8%, threshold: 30.0%)",S2C_MSIL2A_20260825T050651_R019_T43PGQ_20260825T100208
1296,False,UNKNOWN,,2026-08-21,93.750542,Sentinel-2_L2A,"Sentinel-2 observation available but obscured by cloud cover (best: 93.8%, threshold: 30.0%)",S2C_MSIL2A_20260825T050651_R019_T43PGQ_20260825T100208
1297,False,UNKNOWN,,2026-08-21,64.597529,Sentinel-2_L2A,"Sentinel-2 observation available but obscured by cloud cover (best: 64.6%, threshold: 30.0%)",S2C_MSIL2A_20260825T050651_R019_T44PLB_20260825T100208
1298,False,UNKNOWN,,2026-08-21,64.597529,Sentinel-2_L2A,"Sentinel-2 observation available but obscured by cloud cover (best: 64.6%, threshold: 30.0%)",S2C_MSIL2A_20260825T050651_R019_T44PLB_20260825T100208
1299,False,UNKNOWN,,2026-08-21,64.597529,Sentinel-2_L2A,"Sentinel-2 observation available but obscured by cloud cover (best: 64.6%, threshold: 30.0%)",S2C_MSIL2A_20260825T050651_R019_T44PLB_20260825T100208
1300,False,UNKNOWN,,2026-08-21,76.80226,Sentinel-2_L2A,"Sentinel-2 observation available but obscured by cloud cover (best: 76.8%, threshold: 30.0%)",S2C_MSIL2A_20260825T050651_R019_T44PLC_20260825T100208
1301,False,UNKNOWN,,2026-08-21,64.781338,Sentinel-2_L2A,"Sentinel-2 observation available but obscured by cloud cover (best: 64.8%, threshold: 30.0%)",S2B_MSIL2A_20260823T051649_R062_T43PGT_20260823T090719
1302,False,UNKNOWN,,2026-08-21,81.545222,Sentinel-2_L2A,"Sentinel-2 observation available but obscured by cloud cover (best: 81.5%, threshold: 30.0%)",S2C_MSIL2A_20260825T050651_R019_T44PKC_20260825T100208
1303,True,AnnualCrop,0.3675,2026-08-21T05:26:41.025000Z,28.310645,Sentinel-2_L2A,Satellite CNN prediction: AnnualCrop (confidence: 0.37),S2C_MSIL2A_20260821T052641_R105_T43PCT_20260821T102216
1304,False,UNKNOWN,,2026-08-21,76.80226,Sentinel-2_L2A,"Sentinel-2 observation available but obscured by cloud cover (best: 76.8%, threshold: 30.0%)",S2C_MSIL2A_20260825T050651_R019_T44PLC_20260825T100208
1305,False,UNKNOWN,,2026-08-21,81.545222,Sentinel-2_L2A,"Sentinel-2 observation available but obscured by cloud cover (best: 81.5%, threshold: 30.0%)",S2C_MSIL2A_20260825T050651_R019_T44PKC_20260825T100208
1306,False,UNKNOWN,,2026-08-21,99.559188,Sentinel-2_L2A,"Sentinel-2 observation available but obscured by cloud cover (best: 99.6%, threshold: 30.0%)",S2A_MSIL2A_20260824T050231_R119_T44PMC_20260824T115710
1307,False,UNKNOWN,,2026-08-21,76.80226,Sentinel-2_L2A,"Sentinel-2 observation available but obscured by cloud cover (best: 76.8%, threshold: 30.0%)",S2C_MSIL2A_20260825T050651_R019_T44PLC_20260825T100208
1308,False,UNKNOWN,,2026-08-21,54.192173,Sentinel-2_L2A,"Sentinel-2 observation available but obscured by cloud cover (best: 54.2%, threshold: 30.0%)",S2B_MSIL2A_20260820T050649_R019_T43QHU_20260820T085718
1309,False,UNKNOWN,,2026-08-21,54.192173,Sentinel-2_L2A,"Sentinel-2 observation available but obscured by cloud cover (best: 54.2%, threshold: 30.0%)",S2B_MSIL2A_20260820T050649_R019_T43QHU_20260820T085718
1310,False,UNKNOWN,,2026-08-21,54.192173,Sentinel-2_L2A,"Sentinel-2 observation available but obscured by cloud cover (best: 54.2%, threshold: 30.0%)",S2B_MSIL2A_20260820T050649_R019_T43QHU_20260820T085718
1311,False,UNKNOWN,,2026-08-21,54.192173,Sentinel-2_L2A,"Sentinel-2 observation available but obscured by cloud cover (best: 54.2%, threshold: 30.0%)",S2B_MSIL2A_20260820T050649_R019_T43QHU_20260820T085718
1312,False,UNKNOWN,,2026-08-21,84.52763,Sentinel-2_L2A,"Sentinel-2 observation available but obscured by cloud cover (best: 84.5%, threshold: 30.0%)",S2C_MSIL2A_20260822T045651_R119_T44QME_20260822T095910
1313,False,UNKNOWN,,2026-08-21,49.428847,Sentinel-2_L2A,"Sentinel-2 observation available but obscured by cloud cover (best: 49.4%, threshold: 30.0%)",S2A_MSIL2A_20260817T051241_R019_T44QKE_20260817T101210
1314,False,UNKNOWN,,2026-08-21,57.607228,Sentinel-2_L2A,"Sentinel-2 observation available but obscured by cloud cover (best: 57.6%, threshold: 30.0%)",S2B_MSIL2A_20260822T054629_R048_T42RYQ_20260822T075335
1315,True,Pasture,0.9999,2026-08-17T05:46:31.024000Z,10.562417,Sentinel-2_L2A,Satellite CNN prediction: Pasture (confidence: 1.00),S2C_MSIL2A_20260817T054631_R048_T42RXR_20260817T085418
1316,False,UNKNOWN,,2026-08-21,86.53217,Sentinel-2_L2A,"Sentinel-2 observation available but obscured by cloud cover (best: 86.5%, threshold: 30.0%)",S2B_MSIL2A_20260818T042659_R133_T46RCP_20260818T063818
1317,False,UNKNOWN,,2026-08-21,81.757325,Sentinel-2_L2A,"Sentinel-2 observation available but obscured by cloud cover (best: 81.8%, threshold: 30.0%)",S2B_MSIL2A_20260824T044659_R076_T45QUG_20260824T082928
1318,False,UNKNOWN,,2026-08-21,46.383104,Sentinel-2_L2A,"Sentinel-2 observation available but obscured by cloud cover (best: 46.4%, threshold: 30.0%)",S2B_MSIL2A_20260826T052639_R105_T43QDA_20260826T091619
1319,False,UNKNOWN,,2026-08-21,46.383104,Sentinel-2_L2A,"Sentinel-2 observation available but obscured by cloud cover (best: 46.4%, threshold: 30.0%)",S2B_MSIL2A_20260826T052639_R105_T43QDA_20260826T091619
1320,False,UNKNOWN,,2026-08-21,99.946624,Sentinel-2_L2A,"Sentinel-2 observation available but obscured by cloud cover (best: 99.9%, threshold: 30.0%)",S2C_MSIL2A_20260822T045651_R119_T44QPK_20260822T095910
1321,False,UNKNOWN,,2026-08-21,99.946624,Sentinel-2_L2A,"Sentinel-2 observation available but obscured by cloud cover (best: 99.9%, threshold: 30.0%)",S2C_MSIL2A_20260822T045651_R119_T44QPK_20260822T095910
1322,False,UNKNOWN,,2026-08-21,66.344547,Sentinel-2_L2A,"Sentinel-2 observation available but obscured by cloud cover (best: 66.3%, threshold: 30.0%)",S2C_MSIL2A_20260825T050651_R019_T43PHS_20260825T100208
1323,False,UNKNOWN,,2026-08-21,66.344547,Sentinel-2_L2A,"Sentinel-2 observation available but obscured by cloud cover (best: 66.3%, threshold: 30.0%)",S2C_MSIL2A_20260825T050651_R019_T43PHS_20260825T100208
1324,False,UNKNOWN,,2026-08-21,77.868724,Sentinel-2_L2A,"Sentinel-2 observation available but obscured by cloud cover (best: 77.9%, threshold: 30.0%)",S2C_MSIL2A_20260818T051651_R062_T43PGS_20260818T101620
1325,False,UNKNOWN,,2026-08-21,92.603332,Sentinel-2_L2A,"Sentinel-2 observation available but obscured by cloud cover (best: 92.6%, threshold: 30.0%)",S2B_MSIL2A_20260820T050649_R019_T43PGM_20260820T085718
1326,False,UNKNOWN,,2026-08-21,92.603332,Sentinel-2_L2A,"Sentinel-2 observation available but obscured by cloud cover (best: 92.6%, threshold: 30.0%)",S2B_MSIL2A_20260820T050649_R019_T43PGM_20260820T085718
1327,False,UNKNOWN,,2026-08-21,86.266011,Sentinel-2_L2A,"Sentinel-2 observation available but obscured by cloud cover (best: 86.3%, threshold: 30.0%)",S2C_MSIL2A_20260817T054631_R048_T42QXL_20260817T085418
1328,False,UNKNOWN,,2026-08-21,48.791593,Sentinel-2_L2A,"Sentinel-2 observation available but obscured by cloud cover (best: 48.8%, threshold: 30.0%)",S2C_MSIL2A_20260824T053641_R005_T43RDH_20260824T102214
1329,True,HerbaceousVegetation,0.9637,2026-08-24T05:36:41.025000Z,25.50481,Sentinel-2_L2A,Satellite CNN prediction: HerbaceousVegetation (confidence: 0.96),S2C_MSIL2A_20260824T053641_R005_T43RCK_20260824T102214
1330,False,UNKNOWN,,2026-08-21,79.585654,Sentinel-2_L2A,"Sentinel-2 observation available but obscured by cloud cover (best: 79.6%, threshold: 30.0%)",S2B_MSIL2A_20260820T050649_R019_T44QLD_20260820T085718
1331,False,UNKNOWN,,2026-08-21,49.428847,Sentinel-2_L2A,"Sentinel-2 observation available but obscured by cloud cover (best: 49.4%, threshold: 30.0%)",S2A_MSIL2A_20260817T051241_R019_T44QKE_20260817T101210
1332,False,UNKNOWN,,2026-08-21,60.638338,Sentinel-2_L2A,"Sentinel-2 observation available but obscured by cloud cover (best: 60.6%, threshold: 30.0%)",S2C_MSIL2A_20260818T051651_R062_T43QGV_20260818T101620
1333,False,UNKNOWN,,2026-08-21,54.933995,Sentinel-2_L2A,"Sentinel-2 observation available but obscured by cloud cover (best: 54.9%, threshold: 30.0%)",S2A_MSIL2A_20260817T051241_R019_T43PGL_20260817T101210
1334,False,UNKNOWN,,2026-08-21,78.73441,Sentinel-2_L2A,"Sentinel-2 observation available but obscured by cloud cover (best: 78.7%, threshold: 30.0%)",S2B_MSIL2A_20260823T051649_R062_T43PFS_20260823T090719
1335,False,UNKNOWN,,2026-08-21,78.73441,Sentinel-2_L2A,"Sentinel-2 observation available but obscured by cloud cover (best: 78.7%, threshold: 30.0%)",S2B_MSIL2A_20260823T051649_R062_T43PFS_20260823T090719
1336,False,UNKNOWN,,2026-08-21,78.73441,Sentinel-2_L2A,"Sentinel-2 observation available but obscured by cloud cover (best: 78.7%, threshold: 30.0%)",S2B_MSIL2A_20260823T051649_R062_T43PFS_20260823T090719
1337,True,AnnualCrop,0.6128,2026-08-21T05:26:41.025000Z,28.310645,Sentinel-2_L2A,Satellite CNN prediction: AnnualCrop (confidence: 0.61),S2C_MSIL2A_20260821T052641_R105_T43PCT_20260821T102216
1338,True,HerbaceousVegetation,0.3561,2026-08-19T05:36:39.024000Z,10.938056,Sentinel-2_L2A,Satellite CNN prediction: HerbaceousVegetation (confidence: 0.36),S2B_MSIL2A_20260819T053639_R005_T43RCL_20260819T091716
1339,False,UNKNOWN,,2026-08-21,72.268069,Sentinel-2_L2A,"Sentinel-2 observation available but obscured by cloud cover (best: 72.3%, threshold: 30.0%)",S2C_MSIL2A_20260824T053641_R005_T43RCH_20260824T102214
1340,False,UNKNOWN,,2026-08-22,82.504171,Sentinel-2_L2A,"Sentinel-2 observation available but obscured by cloud cover (best: 82.5%, threshold: 30.0%)",S2B_MSIL2A_20260821T043659_R033_T45RXL_20260821T082129
1341,True,SeaLake,0.9863,2026-08-17T05:12:41.024000Z,13.662151,Sentinel-2_L2A,Satellite CNN prediction: SeaLake (confidence: 0.99),S2A_MSIL2A_20260817T051241_R019_T44PKR_20260817T101210
1342,False,UNKNOWN,,2026-08-22,54.933995,Sentinel-2_L2A,"Sentinel-2 observation available but obscured by cloud cover (best: 54.9%, threshold: 30.0%)",S2A_MSIL2A_20260817T051241_R019_T43PGL_20260817T101210
1343,False,UNKNOWN,,2026-08-22,54.933995,Sentinel-2_L2A,"Sentinel-2 observation available but obscured by cloud cover (best: 54.9%, threshold: 30.0%)",S2A_MSIL2A_20260817T051241_R019_T43PGL_20260817T101210
1344,False,UNKNOWN,,2026-08-22,54.933995,Sentinel-2_L2A,"Sentinel-2 observation available but obscured by cloud cover (best: 54.9%, threshold: 30.0%)",S2A_MSIL2A_20260817T051241_R019_T43PGL_20260817T101210
1345,False,UNKNOWN,,2026-08-22,70.194674,Sentinel-2_L2A,"Sentinel-2 observation available but obscured by cloud cover (best: 70.2%, threshold: 30.0%)",S2B_MSIL2A_20260820T050649_R019_T43PGN_20260820T085718
1346,False,UNKNOWN,,2026-08-22,86.289233,Sentinel-2_L2A,"Sentinel-2 observation available but obscured by cloud cover (best: 86.3%, threshold: 30.0%)",S2B_MSIL2A_20260820T050649_R019_T43PHN_20260820T085718
1347,False,UNKNOWN,,2026-08-22,86.289233,Sentinel-2_L2A,"Sentinel-2 observation available but obscured by cloud cover (best: 86.3%, threshold: 30.0%)",S2B_MSIL2A_20260820T050649_R019_T43PHN_20260820T085718
1348,True,SeaLake,0.9975,2026-08-27T04:56:59.024000Z,22.399519,Sentinel-2_L2A,Satellite CNN prediction: SeaLake (confidence: 1.00),S2B_MSIL2A_20260827T045659_R119_T44PLU_20260827T084453
1349,False,UNKNOWN,,2026-08-22,94.763255,Sentinel-2_L2A,"Sentinel-2 observation available but obscured by cloud cover (best: 94.8%, threshold: 30.0%)",S2B_MSIL2A_20260820T050649_R019_T44PKU_20260820T085718
1350,False,UNKNOWN,,2026-08-22,77.868724,Sentinel-2_L2A,"Sentinel-2 observation available but obscured by cloud cover (best: 77.9%, threshold: 30.0%)",S2C_MSIL2A_20260818T051651_R062_T43PGS_20260818T101620
1351,True,Pasture,0.4316,2026-08-17T05:46:31.024000Z,10.562417,Sentinel-2_L2A,Satellite CNN prediction: Pasture (confidence: 0.43),S2C_MSIL2A_20260817T054631_R048_T42RXR_20260817T085418
1352,True,AnnualCrop,0.5166,2026-08-17T05:46:31.024000Z,10.562417,Sentinel-2_L2A,Satellite CNN prediction: AnnualCrop (confidence: 0.52),S2C_MSIL2A_20260817T054631_R048_T42RXR_20260817T085418
1353,False,UNKNOWN,,2026-08-22,84.364516,Sentinel-2_L2A,"Sentinel-2 observation available but obscured by cloud cover (best: 84.4%, threshold: 30.0%)",S2B_MSIL2A_20260820T050649_R019_T43PHL_20260820T085718
1354,False,UNKNOWN,,2026-08-22,30.094135,Sentinel-2_L2A,"Sentinel-2 observation available but obscured by cloud cover (best: 30.1%, threshold: 30.0%)",S2A_MSIL2A_20260817T051241_R019_T43PHL_20260817T101210
1355,True,SeaLake,0.9779,2026-08-27T04:56:59.024000Z,19.664714,Sentinel-2_L2A,Satellite CNN prediction: SeaLake (confidence: 0.98),S2B_MSIL2A_20260827T045659_R119_T44PKR_20260827T084453
1356,True,SeaLake,0.9257,2026-08-27T04:56:59.024000Z,19.664714,Sentinel-2_L2A,Satellite CNN prediction: SeaLake (confidence: 0.93),S2B_MSIL2A_20260827T045659_R119_T44PKR_20260827T084453
1357,True,AnnualCrop,0.8585,2026-08-22T04:05:39.024000Z,23.410837,Sentinel-2_L2A,Satellite CNN prediction: AnnualCrop (confidence: 0.86),S2B_MSIL2A_20260822T040539_R047_T46RGR_20260822T060623
1358,True,PermanentCrop,0.5661,2026-08-22T04:05:39.024000Z,23.410837,Sentinel-2_L2A,Satellite CNN prediction: PermanentCrop (confidence: 0.57),S2B_MSIL2A_20260822T040539_R047_T46RGR_20260822T060623
1359,False,UNKNOWN,,2026-08-22,86.778092,Sentinel-2_L2A,"Sentinel-2 observation available but obscured by cloud cover (best: 86.8%, threshold: 30.0%)",S2B_MSIL2A_20260824T044659_R076_T45QUF_20260824T082928
1360,False,UNKNOWN,,2026-08-22,86.778092,Sentinel-2_L2A,"Sentinel-2 observation available but obscured by cloud cover (best: 86.8%, threshold: 30.0%)",S2B_MSIL2A_20260824T044659_R076_T45QUF_20260824T082928
1361,False,UNKNOWN,,2026-08-22,69.353038,Sentinel-2_L2A,"Sentinel-2 observation available but obscured by cloud cover (best: 69.4%, threshold: 30.0%)",S2B_MSIL2A_20260821T043659_R033_T45QVG_20260821T082129
1362,False,UNKNOWN,,2026-08-22,67.577857,Sentinel-2_L2A,"Sentinel-2 observation available but obscured by cloud cover (best: 67.6%, threshold: 30.0%)",S2A_MSIL2A_20260817T051241_R019_T44PKS_20260817T101210
1363,True,River,0.3444,2026-08-21T05:26:41.025000Z,21.205589,Sentinel-2_L2A,Satellite CNN prediction: River (confidence: 0.34),S2C_MSIL2A_20260821T052641_R105_T43RGM_20260821T102216
1364,False,UNKNOWN,,2026-08-22,96.506459,Sentinel-2_L2A,"Sentinel-2 observation available but obscured by cloud cover (best: 96.5%, threshold: 30.0%)",S2B_MSIL2A_20260827T045659_R119_T44QQK_20260827T084453
1365,False,UNKNOWN,,2026-08-22,98.457193,Sentinel-2_L2A,"Sentinel-2 observation available but obscured by cloud cover (best: 98.5%, threshold: 30.0%)",S2B_MSIL2A_20260827T045659_R119_T44QPK_20260827T084453
1366,False,UNKNOWN,,2026-08-22,90.865403,Sentinel-2_L2A,"Sentinel-2 observation available but obscured by cloud cover (best: 90.9%, threshold: 30.0%)",S2B_MSIL2A_20260824T044659_R076_T45QVG_20260824T082928
1367,False,UNKNOWN,,2026-08-22,48.791593,Sentinel-2_L2A,"Sentinel-2 observation available but obscured by cloud cover (best: 48.8%, threshold: 30.0%)",S2C_MSIL2A_20260824T053641_R005_T43RDH_20260824T102214
1368,False,UNKNOWN,,2026-08-22,81.545222,Sentinel-2_L2A,"Sentinel-2 observation available but obscured by cloud cover (best: 81.5%, threshold: 30.0%)",S2C_MSIL2A_20260825T050651_R019_T44PKC_20260825T100208
1369,False,UNKNOWN,,2026-08-22,92.603332,Sentinel-2_L2A,"Sentinel-2 observation available but obscured by cloud cover (best: 92.6%, threshold: 30.0%)",S2B_MSIL2A_20260820T050649_R019_T43PGM_20260820T085718
1370,False,UNKNOWN,,2026-08-22,92.603332,Sentinel-2_L2A,"Sentinel-2 observation available but obscured by cloud cover (best: 92.6%, threshold: 30.0%)",S2B_MSIL2A_20260820T050649_R019_T43PGM_20260820T085718
1371,False,UNKNOWN,,2026-08-22,70.194674,Sentinel-2_L2A,"Sentinel-2 observation available but obscured by cloud cover (best: 70.2%, threshold: 30.0%)",S2B_MSIL2A_20260820T050649_R019_T43PGN_20260820T085718
1372,True,SeaLake,0.6571,2026-08-27T04:56:59.024000Z,13.948886,Sentinel-2_L2A,Satellite CNN prediction: SeaLake (confidence: 0.66),S2B_MSIL2A_20260827T045659_R119_T44PKT_20260827T084453
1373,False,UNKNOWN,,2026-08-22,70.194674,Sentinel-2_L2A,"Sentinel-2 observation available but obscured by cloud cover (best: 70.2%, threshold: 30.0%)",S2B_MSIL2A_20260820T050649_R019_T43PGN_20260820T085718
1374,False,UNKNOWN,,2026-08-22,72.268069,Sentinel-2_L2A,"Sentinel-2 observation available but obscured by cloud cover (best: 72.3%, threshold: 30.0%)",S2C_MSIL2A_20260824T053641_R005_T43RCH_20260824T102214
1375,False,UNKNOWN,,2026-08-22,97.916961,Sentinel-2_L2A,"Sentinel-2 observation available but obscured by cloud cover (best: 97.9%, threshold: 30.0%)",S2B_MSIL2A_20260819T053639_R005_T43QBD_20260819T091716
1376,False,UNKNOWN,,2026-08-22,83.092177,Sentinel-2_L2A,"Sentinel-2 observation available but obscured by cloud cover (best: 83.1%, threshold: 30.0%)",S2C_MSIL2A_20260824T053641_R005_T43QBF_20260824T102214
1377,False,UNKNOWN,,2026-08-22,54.933995,Sentinel-2_L2A,"Sentinel-2 observation available but obscured by cloud cover (best: 54.9%, threshold: 30.0%)",S2A_MSIL2A_20260817T051241_R019_T43PGL_20260817T101210
1378,False,UNKNOWN,,2026-08-23,64.372116,Sentinel-2_L2A,"Sentinel-2 observation available but obscured by cloud cover (best: 64.4%, threshold: 30.0%)",S2B_MSIL2A_20260822T040539_R047_T47RKL_20260822T060623
1379,False,UNKNOWN,,2026-08-23,40.509483,Sentinel-2_L2A,"Sentinel-2 observation available but obscured by cloud cover (best: 40.5%, threshold: 30.0%)",S2B_MSIL2A_20260822T040539_R047_T46RGS_20260822T060623
1380,False,UNKNOWN,,2026-08-23,45.20781,Sentinel-2_L2A,"Sentinel-2 observation available but obscured by cloud cover (best: 45.2%, threshold: 30.0%)",S2B_MSIL2A_20260820T050649_R019_T43PGK_20260820T085718
1381,False,UNKNOWN,,2026-08-23,84.364516,Sentinel-2_L2A,"Sentinel-2 observation available but obscured by cloud cover (best: 84.4%, threshold: 30.0%)",S2B_MSIL2A_20260820T050649_R019_T43PHL_20260820T085718
1382,False,UNKNOWN,,2026-08-23,86.289233,Sentinel-2_L2A,"Sentinel-2 observation available but obscured by cloud cover (best: 86.3%, threshold: 30.0%)",S2B_MSIL2A_20260820T050649_R019_T43PHN_20260820T085718
1383,False,UNKNOWN,,2026-08-23,66.474438,Sentinel-2_L2A,"Sentinel-2 observation available but obscured by cloud cover (best: 66.5%, threshold: 30.0%)",S2B_MSIL2A_20260827T045659_R119_T44PLV_20260827T084453
1384,False,UNKNOWN,,2026-08-23,66.474438,Sentinel-2_L2A,"Sentinel-2 observation available but obscured by cloud cover (best: 66.5%, threshold: 30.0%)",S2B_MSIL2A_20260827T045659_R119_T44PLV_20260827T084453
1385,False,UNKNOWN,,2026-08-23,73.595357,Sentinel-2_L2A,"Sentinel-2 observation available but obscured by cloud cover (best: 73.6%, threshold: 30.0%)",S2B_MSIL2A_20260820T050649_R019_T43PGS_20260820T085718
1386,False,UNKNOWN,,2026-08-23,73.595357,Sentinel-2_L2A,"Sentinel-2 observation available but obscured by cloud cover (best: 73.6%, threshold: 30.0%)",S2B_MSIL2A_20260820T050649_R019_T43PGS_20260820T085718
1387,False,UNKNOWN,,2026-08-23,46.383104,Sentinel-2_L2A,"Sentinel-2 observation available but obscured by cloud cover (best: 46.4%, threshold: 30.0%)",S2B_MSIL2A_20260826T052639_R105_T43QDA_20260826T091619
1388,False,UNKNOWN,,2026-08-23,96.37242,Sentinel-2_L2A,"Sentinel-2 observation available but obscured by cloud cover (best: 96.4%, threshold: 30.0%)",S2B_MSIL2A_20260827T045659_R119_T44QNJ_20260827T084453
1389,False,UNKNOWN,,2026-08-23,96.37242,Sentinel-2_L2A,"Sentinel-2 observation available but obscured by cloud cover (best: 96.4%, threshold: 30.0%)",S2B_MSIL2A_20260827T045659_R119_T44QNJ_20260827T084453
1390,False,UNKNOWN,,2026-08-23,45.20781,Sentinel-2_L2A,"Sentinel-2 observation available but obscured by cloud cover (best: 45.2%, threshold: 30.0%)",S2B_MSIL2A_20260820T050649_R019_T43PGK_20260820T085718
1391,True,SeaLake,0.7594,2026-08-20T05:06:49.024000Z,21.059443,Sentinel-2_L2A,Satellite CNN prediction: SeaLake (confidence: 0.76),S2B_MSIL2A_20260820T050649_R019_T43PHK_20260820T085718
1392,True,SeaLake,0.7363,2026-08-20T05:06:49.024000Z,21.059443,Sentinel-2_L2A,Satellite CNN prediction: SeaLake (confidence: 0.74),S2B_MSIL2A_20260820T050649_R019_T43PHK_20260820T085718
1393,False,UNKNOWN,,2026-08-23,87.593836,Sentinel-2_L2A,"Sentinel-2 observation available but obscured by cloud cover (best: 87.6%, threshold: 30.0%)",S2B_MSIL2A_20260820T050649_R019_T43PGL_20260820T085718
1394,False,UNKNOWN,,2026-08-23,87.593836,Sentinel-2_L2A,"Sentinel-2 observation available but obscured by cloud cover (best: 87.6%, threshold: 30.0%)",S2B_MSIL2A_20260820T050649_R019_T43PGL_20260820T085718
1395,False,UNKNOWN,,2026-08-23,87.593836,Sentinel-2_L2A,"Sentinel-2 observation available but obscured by cloud cover (best: 87.6%, threshold: 30.0%)",S2B_MSIL2A_20260820T050649_R019_T43PGL_20260820T085718
1396,False,UNKNOWN,,2026-08-23,87.593836,Sentinel-2_L2A,"Sentinel-2 observation available but obscured by cloud cover (best: 87.6%, threshold: 30.0%)",S2B_MSIL2A_20260820T050649_R019_T43PGL_20260820T085718
1397,False,UNKNOWN,,2026-08-23,87.593836,Sentinel-2_L2A,"Sentinel-2 observation available but obscured by cloud cover (best: 87.6%, threshold: 30.0%)",S2B_MSIL2A_20260820T050649_R019_T43PGL_20260820T085718
1398,False,UNKNOWN,,2026-08-23,84.364516,Sentinel-2_L2A,"Sentinel-2 observation available but obscured by cloud cover (best: 84.4%, threshold: 30.0%)",S2B_MSIL2A_20260820T050649_R019_T43PHL_20260820T085718
1399,False,UNKNOWN,,2026-08-23,84.364516,Sentinel-2_L2A,"Sentinel-2 observation available but obscured by cloud cover (best: 84.4%, threshold: 30.0%)",S2B_MSIL2A_20260820T050649_R019_T43PHL_20260820T085718
1400,False,UNKNOWN,,2026-08-23,92.603332,Sentinel-2_L2A,"Sentinel-2 observation available but obscured by cloud cover (best: 92.6%, threshold: 30.0%)",S2B_MSIL2A_20260820T050649_R019_T43PGM_20260820T085718
1401,False,UNKNOWN,,2026-08-23,98.025936,Sentinel-2_L2A,"Sentinel-2 observation available but obscured by cloud cover (best: 98.0%, threshold: 30.0%)",S2B_MSIL2A_20260820T050649_R019_T43PHM_20260820T085718
1402,False,UNKNOWN,,2026-08-23,70.194674,Sentinel-2_L2A,"Sentinel-2 observation available but obscured by cloud cover (best: 70.2%, threshold: 30.0%)",S2B_MSIL2A_20260820T050649_R019_T43PGN_20260820T085718
1403,False,UNKNOWN,,2026-08-23,47.66117,Sentinel-2_L2A,"Sentinel-2 observation available but obscured by cloud cover (best: 47.7%, threshold: 30.0%)",S2B_MSIL2A_20260820T050649_R019_T44PLA_20260820T085718
1404,False,UNKNOWN,,2026-08-23,62.923777,Sentinel-2_L2A,"Sentinel-2 observation available but obscured by cloud cover (best: 62.9%, threshold: 30.0%)",S2C_MSIL2A_20260825T050651_R019_T44PKB_20260825T100208
1405,False,UNKNOWN,,2026-08-23,81.545222,Sentinel-2_L2A,"Sentinel-2 observation available but obscured by cloud cover (best: 81.5%, threshold: 30.0%)",S2C_MSIL2A_20260825T050651_R019_T44PKC_20260825T100208
1406,False,UNKNOWN,,2026-08-23,98.472559,Sentinel-2_L2A,"Sentinel-2 observation available but obscured by cloud cover (best: 98.5%, threshold: 30.0%)",S2B_MSIL2A_20260822T054629_R048_T42QXL_20260822T075335
1407,False,UNKNOWN,,2026-08-23,89.111507,Sentinel-2_L2A,"Sentinel-2 observation available but obscured by cloud cover (best: 89.1%, threshold: 30.0%)",S2B_MSIL2A_20260821T043659_R033_T45QWG_20260821T082129
1408,False,UNKNOWN,,2026-08-23,90.865403,Sentinel-2_L2A,"Sentinel-2 observation available but obscured by cloud cover (best: 90.9%, threshold: 30.0%)",S2B_MSIL2A_20260824T044659_R076_T45QVG_20260824T082928
1409,False,UNKNOWN,,2026-08-23,90.865403,Sentinel-2_L2A,"Sentinel-2 observation available but obscured by cloud cover (best: 90.9%, threshold: 30.0%)",S2B_MSIL2A_20260824T044659_R076_T45QVG_20260824T082928
1410,True,AnnualCrop,0.5911,2026-08-22T04:05:39.024000Z,23.410837,Sentinel-2_L2A,Satellite CNN prediction: AnnualCrop (confidence: 0.59),S2B_MSIL2A_20260822T040539_R047_T46RGR_20260822T060623
1411,False,UNKNOWN,,2026-08-23,85.739434,Sentinel-2_L2A,"Sentinel-2 observation available but obscured by cloud cover (best: 85.7%, threshold: 30.0%)",S2A_MSIL2A_20260823T053241_R105_T43RFQ_20260823T122218
1412,True,AnnualCrop,0.9127,2026-08-24T05:36:41.025000Z,18.564437,Sentinel-2_L2A,Satellite CNN prediction: AnnualCrop (confidence: 0.91),S2C_MSIL2A_20260824T053641_R005_T43SES_20260824T102214
1413,False,UNKNOWN,,2026-08-23,64.983511,Sentinel-2_L2A,"Sentinel-2 observation available but obscured by cloud cover (best: 65.0%, threshold: 30.0%)",S2B_MSIL2A_20260819T053639_R005_T43RDK_20260819T091716
1414,True,Highway,0.7341,2026-08-21T05:26:41.025000Z,21.205589,Sentinel-2_L2A,Satellite CNN prediction: Highway (confidence: 0.73),S2C_MSIL2A_20260821T052641_R105_T43RGM_20260821T102216
1415,True,SeaLake,0.3039,2026-08-21T05:26:41.025000Z,5.810681,Sentinel-2_L2A,Satellite CNN prediction: SeaLake (confidence: 0.30),S2C_MSIL2A_20260821T052641_R105_T43RFM_20260821T102216
1416,False,UNKNOWN,,2026-08-23,51.387042,Sentinel-2_L2A,"Sentinel-2 observation available but obscured by cloud cover (best: 51.4%, threshold: 30.0%)",S2C_MSIL2A_20260821T052641_R105_T43RFN_20260821T102216
1417,False,UNKNOWN,,2026-08-23,92.603332,Sentinel-2_L2A,"Sentinel-2 observation available but obscured by cloud cover (best: 92.6%, threshold: 30.0%)",S2B_MSIL2A_20260820T050649_R019_T43PGM_20260820T085718
1418,False,UNKNOWN,,2026-08-23,86.289233,Sentinel-2_L2A,"Sentinel-2 observation available but obscured by cloud cover (best: 86.3%, threshold: 30.0%)",S2B_MSIL2A_20260820T050649_R019_T43PHN_20260820T085718
1419,False,UNKNOWN,,2026-08-23,97.146207,Sentinel-2_L2A,"Sentinel-2 observation available but obscured by cloud cover (best: 97.1%, threshold: 30.0%)",S2B_MSIL2A_20260822T054629_R048_T42QXK_20260822T075335
1420,False,UNKNOWN,,2026-08-23,80.348277,Sentinel-2_L2A,"Sentinel-2 observation available but obscured by cloud cover (best: 80.3%, threshold: 30.0%)",S2C_MSIL2A_20260824T053641_R005_T43RBH_20260824T102214
1421,True,SeaLake,0.5117,2026-08-21T05:26:41.025000Z,9.483559,Sentinel-2_L2A,Satellite CNN prediction: SeaLake (confidence: 0.51),S2C_MSIL2A_20260821T052641_R105_T43REN_20260821T102216
1422,False,UNKNOWN,,2026-08-23,51.387042,Sentinel-2_L2A,"Sentinel-2 observation available but obscured by cloud cover (best: 51.4%, threshold: 30.0%)",S2C_MSIL2A_20260821T052641_R105_T43RFN_20260821T102216
1423,False,UNKNOWN,,2026-08-23,88.573653,Sentinel-2_L2A,"Sentinel-2 observation available but obscured by cloud cover (best: 88.6%, threshold: 30.0%)",S2B_MSIL2A_20260819T053639_R005_T43QBB_20260819T091716
1424,False,UNKNOWN,,2026-08-23,75.456381,Sentinel-2_L2A,"Sentinel-2 observation available but obscured by cloud cover (best: 75.5%, threshold: 30.0%)",S2B_MSIL2A_20260826T052639_R105_T43QCC_20260826T091619
1425,False,UNKNOWN,,2026-08-23,70.194674,Sentinel-2_L2A,"Sentinel-2 observation available but obscured by cloud cover (best: 70.2%, threshold: 30.0%)",S2B_MSIL2A_20260820T050649_R019_T43PGN_20260820T085718
1426,False,UNKNOWN,,2026-08-24,56.709534,Sentinel-2_L2A,"Sentinel-2 observation available but obscured by cloud cover (best: 56.7%, threshold: 30.0%)",S2A_MSIL2A_20260823T053241_R105_T44SKA_20260823T122218
1427,False,UNKNOWN,,2026-08-24,84.364516,Sentinel-2_L2A,"Sentinel-2 observation available but obscured by cloud cover (best: 84.4%, threshold: 30.0%)",S2B_MSIL2A_20260820T050649_R019_T43PHL_20260820T085718
1428,False,UNKNOWN,,2026-08-24,84.364516,Sentinel-2_L2A,"Sentinel-2 observation available but obscured by cloud cover (best: 84.4%, threshold: 30.0%)",S2B_MSIL2A_20260820T050649_R019_T43PHL_20260820T085718
1429,True,SeaLake,0.6563,2026-08-27T04:56:59.024000Z,27.89973,Sentinel-2_L2A,Satellite CNN prediction: SeaLake (confidence: 0.66),S2B_MSIL2A_20260827T045659_R119_T44PLS_20260827T084453
1430,False,UNKNOWN,,2026-08-24T05:36:41.025000Z,18.437696,Sentinel-2_L2A,Satellite metadata available but image download failed,S2C_MSIL2A_20260824T053641_R005_T43RDQ_20260824T102214
1431,False,UNKNOWN,,2026-08-24,89.111507,Sentinel-2_L2A,"Sentinel-2 observation available but obscured by cloud cover (best: 89.1%, threshold: 30.0%)",S2B_MSIL2A_20260821T043659_R033_T45QWG_20260821T082129
1432,False,UNKNOWN,,2026-08-24,58.248967,Sentinel-2_L2A,"Sentinel-2 observation available but obscured by cloud cover (best: 58.2%, threshold: 30.0%)",S2C_MSIL2A_20260819T044701_R076_T44QQE_20260819T091408
1433,False,UNKNOWN,,2026-08-24,81.757325,Sentinel-2_L2A,"Sentinel-2 observation available but obscured by cloud cover (best: 81.8%, threshold: 30.0%)",S2B_MSIL2A_20260824T044659_R076_T45QUG_20260824T082928
1434,False,UNKNOWN,,2026-08-24,85.739434,Sentinel-2_L2A,"Sentinel-2 observation available but obscured by cloud cover (best: 85.7%, threshold: 30.0%)",S2A_MSIL2A_20260823T053241_R105_T43RFQ_20260823T122218
1435,False,UNKNOWN,,2026-08-24,86.230373,Sentinel-2_L2A,"Sentinel-2 observation available but obscured by cloud cover (best: 86.2%, threshold: 30.0%)",S2B_MSIL2A_20260829T053639_R005_T42QYJ_20260829T091959
1436,False,UNKNOWN,,2026-08-24,94.783163,Sentinel-2_L2A,"Sentinel-2 observation available but obscured by cloud cover (best: 94.8%, threshold: 30.0%)",S2A_MSIL2A_20260829T055251_R048_T42QWK_20260829T121111
1437,False,UNKNOWN,,2026-08-24,94.42749,Sentinel-2_L2A,"Sentinel-2 observation available but obscured by cloud cover (best: 94.4%, threshold: 30.0%)",S2A_MSIL2A_20260829T055251_R048_T42QWL_20260829T121111
1438,False,UNKNOWN,,2026-08-25,39.76883,Sentinel-2_L2A,"Sentinel-2 observation available but obscured by cloud cover (best: 39.8%, threshold: 30.0%)",S2C_MSIL2A_20260828T051651_R062_T43PGS_20260828T101205
1439,False,UNKNOWN,,2026-08-25,41.267297,Sentinel-2_L2A,"Sentinel-2 observation available but obscured by cloud cover (best: 41.3%, threshold: 30.0%)",S2B_MSIL2A_20260830T050649_R019_T44PLB_20260830T085227
1440,False,UNKNOWN,,2026-08-25,55.1139,Sentinel-2_L2A,"Sentinel-2 observation available but obscured by cloud cover (best: 55.1%, threshold: 30.0%)",S2C_MSIL2A_20260828T051651_R062_T43PET_20260828T101205
1441,False,UNKNOWN,,2026-08-25,79.35245,Sentinel-2_L2A,"Sentinel-2 observation available but obscured by cloud cover (best: 79.4%, threshold: 30.0%)",S2B_MSIL2A_20260830T050649_R019_T44QLD_20260830T085227
1442,False,UNKNOWN,,2026-08-25,46.383104,Sentinel-2_L2A,"Sentinel-2 observation available but obscured by cloud cover (best: 46.4%, threshold: 30.0%)",S2B_MSIL2A_20260826T052639_R105_T43QDA_20260826T091619
1443,False,UNKNOWN,,2026-08-25,78.89027,Sentinel-2_L2A,"Sentinel-2 observation available but obscured by cloud cover (best: 78.9%, threshold: 30.0%)",S2B_MSIL2A_20260825T055629_R091_T42QWL_20260825T080255
1444,False,UNKNOWN,,2026-08-25,59.590232,Sentinel-2_L2A,"Sentinel-2 observation available but obscured by cloud cover (best: 59.6%, threshold: 30.0%)",S2C_MSIL2A_20260822T045651_R119_T44RQQ_20260822T095910
1445,False,UNKNOWN,,2026-08-25,92.261308,Sentinel-2_L2A,"Sentinel-2 observation available but obscured by cloud cover (best: 92.3%, threshold: 30.0%)",S2C_MSIL2A_20260828T051651_R062_T44QKJ_20260828T101205
1446,False,UNKNOWN,,2026-08-25,96.37242,Sentinel-2_L2A,"Sentinel-2 observation available but obscured by cloud cover (best: 96.4%, threshold: 30.0%)",S2B_MSIL2A_20260827T045659_R119_T44QNJ_20260827T084453
1447,False,UNKNOWN,,2026-08-25,96.37242,Sentinel-2_L2A,"Sentinel-2 observation available but obscured by cloud cover (best: 96.4%, threshold: 30.0%)",S2B_MSIL2A_20260827T045659_R119_T44QNJ_20260827T084453
1448,True,SeaLake,0.9764,2026-08-21T05:26:41.025000Z,5.810681,Sentinel-2_L2A,Satellite CNN prediction: SeaLake (confidence: 0.98),S2C_MSIL2A_20260821T052641_R105_T43RFM_20260821T102216
1449,False,UNKNOWN,,2026-08-25,66.344547,Sentinel-2_L2A,"Sentinel-2 observation available but obscured by cloud cover (best: 66.3%, threshold: 30.0%)",S2C_MSIL2A_20260825T050651_R019_T43PHS_20260825T100208
1450,False,UNKNOWN,,2026-08-25,47.935808,Sentinel-2_L2A,"Sentinel-2 observation available but obscured by cloud cover (best: 47.9%, threshold: 30.0%)",S2C_MSIL2A_20260828T051651_R062_T43PFS_20260828T101205
1451,False,UNKNOWN,,2026-08-25,39.76883,Sentinel-2_L2A,"Sentinel-2 observation available but obscured by cloud cover (best: 39.8%, threshold: 30.0%)",S2C_MSIL2A_20260828T051651_R062_T43PGS_20260828T101205
1452,False,UNKNOWN,,2026-08-25,47.935808,Sentinel-2_L2A,"Sentinel-2 observation available but obscured by cloud cover (best: 47.9%, threshold: 30.0%)",S2C_MSIL2A_20260828T051651_R062_T43PFS_20260828T101205
1453,True,AnnualCrop,0.6665,2026-08-21T05:26:41.025000Z,28.310645,Sentinel-2_L2A,Satellite CNN prediction: AnnualCrop (confidence: 0.67),S2C_MSIL2A_20260821T052641_R105_T43PCT_20260821T102216
1454,False,UNKNOWN,,2026-08-25,57.794803,Sentinel-2_L2A,"Sentinel-2 observation available but obscured by cloud cover (best: 57.8%, threshold: 30.0%)",S2B_MSIL2A_20260830T050649_R019_T44PKC_20260830T085227
1455,False,UNKNOWN,,2026-08-25,84.52763,Sentinel-2_L2A,"Sentinel-2 observation available but obscured by cloud cover (best: 84.5%, threshold: 30.0%)",S2C_MSIL2A_20260822T045651_R119_T44QME_20260822T095910
1456,False,UNKNOWN,,2026-08-25,91.847593,Sentinel-2_L2A,"Sentinel-2 observation available but obscured by cloud cover (best: 91.8%, threshold: 30.0%)",S2B_MSIL2A_20260829T053639_R005_T43QBA_20260829T092033
1457,False,UNKNOWN,,2026-08-25,46.383104,Sentinel-2_L2A,"Sentinel-2 observation available but obscured by cloud cover (best: 46.4%, threshold: 30.0%)",S2B_MSIL2A_20260826T052639_R105_T43QDA_20260826T091619
1458,False,UNKNOWN,,2026-08-25,96.37242,Sentinel-2_L2A,"Sentinel-2 observation available but obscured by cloud cover (best: 96.4%, threshold: 30.0%)",S2B_MSIL2A_20260827T045659_R119_T44QNJ_20260827T084453
1459,False,UNKNOWN,,2026-08-25,96.37242,Sentinel-2_L2A,"Sentinel-2 observation available but obscured by cloud cover (best: 96.4%, threshold: 30.0%)",S2B_MSIL2A_20260827T045659_R119_T44QNJ_20260827T084453
1460,False,UNKNOWN,,2026-08-25,96.37242,Sentinel-2_L2A,"Sentinel-2 observation available but obscured by cloud cover (best: 96.4%, threshold: 30.0%)",S2B_MSIL2A_20260827T045659_R119_T44QNJ_20260827T084453
1461,False,UNKNOWN,,2026-08-25,96.37242,Sentinel-2_L2A,"Sentinel-2 observation available but obscured by cloud cover (best: 96.4%, threshold: 30.0%)",S2B_MSIL2A_20260827T045659_R119_T44QNJ_20260827T084453
1462,False,UNKNOWN,,2026-08-25,98.457193,Sentinel-2_L2A,"Sentinel-2 observation available but obscured by cloud cover (best: 98.5%, threshold: 30.0%)",S2B_MSIL2A_20260827T045659_R119_T44QPK_20260827T084453
1463,False,UNKNOWN,,2026-08-25,98.457193,Sentinel-2_L2A,"Sentinel-2 observation available but obscured by cloud cover (best: 98.5%, threshold: 30.0%)",S2B_MSIL2A_20260827T045659_R119_T44QPK_20260827T084453
1464,False,UNKNOWN,,2026-08-25,91.892129,Sentinel-2_L2A,"Sentinel-2 observation available but obscured by cloud cover (best: 91.9%, threshold: 30.0%)",S2C_MSIL2A_20260822T045651_R119_T44QPL_20260822T095910
1465,True,SeaLake,0.6479,2026-08-27T04:56:59.024000Z,13.948886,Sentinel-2_L2A,Satellite CNN prediction: SeaLake (confidence: 0.65),S2B_MSIL2A_20260827T045659_R119_T44PKT_20260827T084453
1466,False,UNKNOWN,,2026-08-25,44.493437,Sentinel-2_L2A,"Sentinel-2 observation available but obscured by cloud cover (best: 44.5%, threshold: 30.0%)",S2B_MSIL2A_20260830T050649_R019_T44PKU_20260830T085227
1467,False,UNKNOWN,,2026-08-25,69.184935,Sentinel-2_L2A,"Sentinel-2 observation available but obscured by cloud cover (best: 69.2%, threshold: 30.0%)",S2B_MSIL2A_20260820T050649_R019_T44PKV_20260820T085718
1468,False,UNKNOWN,,2026-08-25,84.52763,Sentinel-2_L2A,"Sentinel-2 observation available but obscured by cloud cover (best: 84.5%, threshold: 30.0%)",S2C_MSIL2A_20260822T045651_R119_T44QME_20260822T095910
1469,False,UNKNOWN,,2026-08-25,85.410726,Sentinel-2_L2A,"Sentinel-2 observation available but obscured by cloud cover (best: 85.4%, threshold: 30.0%)",S2B_MSIL2A_20260820T050649_R019_T44QLG_20260820T085718
1470,True,PermanentCrop,0.7368,2026-08-27T05:46:31.025000Z,21.485227,Sentinel-2_L2A,Satellite CNN prediction: PermanentCrop (confidence: 0.74),S2C_MSIL2A_20260827T054631_R048_T43SCU_20260827T085311
1471,False,UNKNOWN,,2026-08-25,44.76015,Sentinel-2_L2A,"Sentinel-2 observation available but obscured by cloud cover (best: 44.8%, threshold: 30.0%)",S2C_MSIL2A_20260830T055631_R091_T42QVK_20260830T090058
1472,False,UNKNOWN,,2026-08-25,94.42749,Sentinel-2_L2A,"Sentinel-2 observation available but obscured by cloud cover (best: 94.4%, threshold: 30.0%)",S2A_MSIL2A_20260829T055251_R048_T42QWL_20260829T121111
1473,False,UNKNOWN,,2026-08-25,42.720479,Sentinel-2_L2A,"Sentinel-2 observation available but obscured by cloud cover (best: 42.7%, threshold: 30.0%)",S2B_MSIL2A_20260825T055629_R091_T42QVL_20260825T080255
1474,False,UNKNOWN,,2026-08-25,47.935808,Sentinel-2_L2A,"Sentinel-2 observation available but obscured by cloud cover (best: 47.9%, threshold: 30.0%)",S2C_MSIL2A_20260828T051651_R062_T43PFS_20260828T101205
1475,False,UNKNOWN,,2026-08-25,42.856765,Sentinel-2_L2A,"Sentinel-2 observation available but obscured by cloud cover (best: 42.9%, threshold: 30.0%)",S2C_MSIL2A_20260828T051651_R062_T43PFT_20260828T101205
1476,True,SeaLake,0.9824,2026-08-27T04:56:59.024000Z,19.664714,Sentinel-2_L2A,Satellite CNN prediction: SeaLake (confidence: 0.98),S2B_MSIL2A_20260827T045659_R119_T44PKR_20260827T084453
1477,True,SeaLake,0.7942,2026-08-27T04:56:59.024000Z,27.89973,Sentinel-2_L2A,Satellite CNN prediction: SeaLake (confidence: 0.79),S2B_MSIL2A_20260827T045659_R119_T44PLS_20260827T084453
1478,False,UNKNOWN,,2026-08-26,30.433002,Sentinel-2_L2A,"Sentinel-2 observation available but obscured by cloud cover (best: 30.4%, threshold: 30.0%)",S2B_MSIL2A_20260830T050649_R019_T44PKT_20260830T085227
1479,True,SeaLake,0.8881,2026-08-27T04:56:59.024000Z,13.948886,Sentinel-2_L2A,Satellite CNN prediction: SeaLake (confidence: 0.89),S2B_MSIL2A_20260827T045659_R119_T44PKT_20260827T084453
1480,False,UNKNOWN,,2026-08-26,57.794803,Sentinel-2_L2A,"Sentinel-2 observation available but obscured by cloud cover (best: 57.8%, threshold: 30.0%)",S2B_MSIL2A_20260830T050649_R019_T44PKC_20260830T085227
1481,False,UNKNOWN,,2026-08-26,79.35245,Sentinel-2_L2A,"Sentinel-2 observation available but obscured by cloud cover (best: 79.4%, threshold: 30.0%)",S2B_MSIL2A_20260830T050649_R019_T44QLD_20260830T085227
1482,False,UNKNOWN,,2026-08-26,76.853651,Sentinel-2_L2A,"Sentinel-2 observation available but obscured by cloud cover (best: 76.9%, threshold: 30.0%)",S2B_MSIL2A_20260830T050649_R019_T44QKD_20260830T085227
1483,False,UNKNOWN,,2026-08-26,96.803349,Sentinel-2_L2A,"Sentinel-2 observation available but obscured by cloud cover (best: 96.8%, threshold: 30.0%)",S2B_MSIL2A_20260827T045659_R119_T44QRK_20260827T084453
1484,False,UNKNOWN,,2026-08-26,98.408431,Sentinel-2_L2A,"Sentinel-2 observation available but obscured by cloud cover (best: 98.4%, threshold: 30.0%)",S2B_MSIL2A_20260824T044659_R076_T45QTE_20260824T082928
1485,False,UNKNOWN,,2026-08-26,98.408431,Sentinel-2_L2A,"Sentinel-2 observation available but obscured by cloud cover (best: 98.4%, threshold: 30.0%)",S2B_MSIL2A_20260824T044659_R076_T45QTE_20260824T082928
1486,True,SeaLake,0.4284,2026-08-24T05:36:41.025000Z,14.543396,Sentinel-2_L2A,Satellite CNN prediction: SeaLake (confidence: 0.43),S2C_MSIL2A_20260824T053641_R005_T43RDP_20260824T102214
1487,True,SeaLake,0.7528,2026-08-27T04:56:59.024000Z,19.338951,Sentinel-2_L2A,Satellite CNN prediction: SeaLake (confidence: 0.75),S2B_MSIL2A_20260827T045659_R119_T43PHL_20260827T084453
1488,False,UNKNOWN,,2026-08-26,33.652875,Sentinel-2_L2A,"Sentinel-2 observation available but obscured by cloud cover (best: 33.7%, threshold: 30.0%)",S2B_MSIL2A_20260830T050649_R019_T43PGL_20260830T085227
1489,False,UNKNOWN,,2026-08-26,38.350433,Sentinel-2_L2A,"Sentinel-2 observation available but obscured by cloud cover (best: 38.4%, threshold: 30.0%)",S2B_MSIL2A_20260830T050649_R019_T43PHL_20260830T085227
1490,False,UNKNOWN,,2026-08-26,100.0,Sentinel-2_L2A,"Sentinel-2 observation available but obscured by cloud cover (best: 100.0%, threshold: 30.0%)",S2C_MSIL2A_20260825T050651_R019_T43PHM_20260825T100208
1491,True,SeaLake,0.9905,2026-08-27T04:56:59.024000Z,12.485749,Sentinel-2_L2A,Satellite CNN prediction: SeaLake (confidence: 0.99),S2B_MSIL2A_20260827T045659_R119_T44PLT_20260827T084453
1492,True,SeaLake,0.9627,2026-08-30T05:06:49.024000Z,20.921202,Sentinel-2_L2A,Satellite CNN prediction: SeaLake (confidence: 0.96),S2B_MSIL2A_20260830T050649_R019_T43PGN_20260830T085227
1493,True,SeaLake,0.4127,2026-08-30T05:06:49.024000Z,22.092167,Sentinel-2_L2A,Satellite CNN prediction: SeaLake (confidence: 0.41),S2B_MSIL2A_20260830T050649_R019_T43PHN_20260830T085227
1494,True,SeaLake,0.8776,2026-08-30T05:06:49.024000Z,20.921202,Sentinel-2_L2A,Satellite CNN prediction: SeaLake (confidence: 0.88),S2B_MSIL2A_20260830T050649_R019_T43PGN_20260830T085227
1495,True,SeaLake,0.9822,2026-08-30T05:06:49.024000Z,22.092167,Sentinel-2_L2A,Satellite CNN prediction: SeaLake (confidence: 0.98),S2B_MSIL2A_20260830T050649_R019_T43PHN_20260830T085227
1496,True,AnnualCrop,0.6209,2026-08-27T04:56:59.024000Z,12.485749,Sentinel-2_L2A,Satellite CNN prediction: AnnualCrop (confidence: 0.62),S2B_MSIL2A_20260827T045659_R119_T44PLT_20260827T084453
1497,True,SeaLake,0.9522,2026-08-30T05:06:49.024000Z,22.092167,Sentinel-2_L2A,Satellite CNN prediction: SeaLake (confidence: 0.95),S2B_MSIL2A_20260830T050649_R019_T43PHN_20260830T085227
1498,True,HerbaceousVegetation,0.9042,2026-08-30T05:06:49.024000Z,24.435607,Sentinel-2_L2A,Satellite CNN prediction: HerbaceousVegetation (confidence: 0.90),S2B_MSIL2A_20260830T050649_R019_T43PFP_20260830T085227
1499,True,SeaLake,0.9987,2026-08-27T04:56:59.024000Z,22.399519,Sentinel-2_L2A,Satellite CNN prediction: SeaLake (confidence: 1.00),S2B_MSIL2A_20260827T045659_R119_T44PLU_20260827T084453
1500,False,UNKNOWN,,2026-08-26,30.858564,Sentinel-2_L2A,"Sentinel-2 observation available but obscured by cloud cover (best: 30.9%, threshold: 30.0%)",S2B_MSIL2A_20260830T050649_R019_T43PGP_20260830T085227
1501,True,HerbaceousVegetation,0.8788,2026-08-30T05:06:49.024000Z,24.435607,Sentinel-2_L2A,Satellite CNN prediction: HerbaceousVegetation (confidence: 0.88),S2B_MSIL2A_20260830T050649_R019_T43PFP_20260830T085227
1502,False,UNKNOWN,,2026-08-26,89.83624,Sentinel-2_L2A,"Sentinel-2 observation available but obscured by cloud cover (best: 89.8%, threshold: 30.0%)",S2B_MSIL2A_20260830T050649_R019_T44PLV_20260830T085227
1503,False,UNKNOWN,,2026-08-26,91.686678,Sentinel-2_L2A,"Sentinel-2 observation available but obscured by cloud cover (best: 91.7%, threshold: 30.0%)",S2B_MSIL2A_20260830T050649_R019_T44PKV_20260830T085227
1504,False,UNKNOWN,,2026-08-26,72.322041,Sentinel-2_L2A,"Sentinel-2 observation available but obscured by cloud cover (best: 72.3%, threshold: 30.0%)",S2B_MSIL2A_20260830T050649_R019_T44PKA_20260830T085227
1505,False,UNKNOWN,,2026-08-26,62.323719,Sentinel-2_L2A,"Sentinel-2 observation available but obscured by cloud cover (best: 62.3%, threshold: 30.0%)",S2C_MSIL2A_20260828T051651_R062_T43PGR_20260828T101205
1506,False,UNKNOWN,,2026-08-26,60.772043,Sentinel-2_L2A,"Sentinel-2 observation available but obscured by cloud cover (best: 60.8%, threshold: 30.0%)",S2C_MSIL2A_20260822T045651_R119_T44PLA_20260822T095910
1507,False,UNKNOWN,,2026-08-26,39.76883,Sentinel-2_L2A,"Sentinel-2 observation available but obscured by cloud cover (best: 39.8%, threshold: 30.0%)",S2C_MSIL2A_20260828T051651_R062_T43PGS_20260828T101205
1508,False,UNKNOWN,,2026-08-26,41.267297,Sentinel-2_L2A,"Sentinel-2 observation available but obscured by cloud cover (best: 41.3%, threshold: 30.0%)",S2B_MSIL2A_20260830T050649_R019_T44PLB_20260830T085227
1509,False,UNKNOWN,,2026-08-26,47.935808,Sentinel-2_L2A,"Sentinel-2 observation available but obscured by cloud cover (best: 47.9%, threshold: 30.0%)",S2C_MSIL2A_20260828T051651_R062_T43PFS_20260828T101205
1510,False,UNKNOWN,,2026-08-26,59.83547,Sentinel-2_L2A,"Sentinel-2 observation available but obscured by cloud cover (best: 59.8%, threshold: 30.0%)",S2C_MSIL2A_20260828T051651_R062_T43PGT_20260828T101205
1511,False,UNKNOWN,,2026-08-26,82.409775,Sentinel-2_L2A,"Sentinel-2 observation available but obscured by cloud cover (best: 82.4%, threshold: 30.0%)",S2C_MSIL2A_20260825T050651_R019_T43PGT_20260825T100208
1512,False,UNKNOWN,,2026-08-26,57.794803,Sentinel-2_L2A,"Sentinel-2 observation available but obscured by cloud cover (best: 57.8%, threshold: 30.0%)",S2B_MSIL2A_20260830T050649_R019_T44PKC_20260830T085227
1513,False,UNKNOWN,,2026-08-26,59.83547,Sentinel-2_L2A,"Sentinel-2 observation available but obscured by cloud cover (best: 59.8%, threshold: 30.0%)",S2C_MSIL2A_20260828T051651_R062_T43PGT_20260828T101205
1514,False,UNKNOWN,,2026-08-26,75.456381,Sentinel-2_L2A,"Sentinel-2 observation available but obscured by cloud cover (best: 75.5%, threshold: 30.0%)",S2B_MSIL2A_20260826T052639_R105_T43QCC_20260826T091619
1515,False,UNKNOWN,,2026-08-26,96.506459,Sentinel-2_L2A,"Sentinel-2 observation available but obscured by cloud cover (best: 96.5%, threshold: 30.0%)",S2B_MSIL2A_20260827T045659_R119_T44QQK_20260827T084453
1516,False,UNKNOWN,,2026-08-26,98.633558,Sentinel-2_L2A,"Sentinel-2 observation available but obscured by cloud cover (best: 98.6%, threshold: 30.0%)",S2B_MSIL2A_20260824T044659_R076_T45QUD_20260824T082928
1517,False,UNKNOWN,,2026-08-26,98.633558,Sentinel-2_L2A,"Sentinel-2 observation available but obscured by cloud cover (best: 98.6%, threshold: 30.0%)",S2B_MSIL2A_20260824T044659_R076_T45QUD_20260824T082928
1518,False,UNKNOWN,,2026-08-26,98.633558,Sentinel-2_L2A,"Sentinel-2 observation available but obscured by cloud cover (best: 98.6%, threshold: 30.0%)",S2B_MSIL2A_20260824T044659_R076_T45QUD_20260824T082928
1519,False,UNKNOWN,,2026-08-26,98.485291,Sentinel-2_L2A,"Sentinel-2 observation available but obscured by cloud cover (best: 98.5%, threshold: 30.0%)",S2B_MSIL2A_20260824T044659_R076_T45QTD_20260824T082928
1520,False,UNKNOWN,,2026-08-26,98.485291,Sentinel-2_L2A,"Sentinel-2 observation available but obscured by cloud cover (best: 98.5%, threshold: 30.0%)",S2B_MSIL2A_20260824T044659_R076_T45QTD_20260824T082928
1521,False,UNKNOWN,,2026-08-26,98.485291,Sentinel-2_L2A,"Sentinel-2 observation available but obscured by cloud cover (best: 98.5%, threshold: 30.0%)",S2B_MSIL2A_20260824T044659_R076_T45QTD_20260824T082928
1522,False,UNKNOWN,,2026-08-26,78.115201,Sentinel-2_L2A,"Sentinel-2 observation available but obscured by cloud cover (best: 78.1%, threshold: 30.0%)",S2C_MSIL2A_20260829T044701_R076_T45QVG_20260829T095112
1523,True,SeaLake,0.9922,2026-08-30T05:06:49.024000Z,25.577471,Sentinel-2_L2A,Satellite CNN prediction: SeaLake (confidence: 0.99),S2B_MSIL2A_20260830T050649_R019_T43PHP_20260830T085227
1524,False,UNKNOWN,,2026-08-26,62.923777,Sentinel-2_L2A,"Sentinel-2 observation available but obscured by cloud cover (best: 62.9%, threshold: 30.0%)",S2C_MSIL2A_20260825T050651_R019_T44PKB_20260825T100208
1525,False,UNKNOWN,,2026-08-26,41.267297,Sentinel-2_L2A,"Sentinel-2 observation available but obscured by cloud cover (best: 41.3%, threshold: 30.0%)",S2B_MSIL2A_20260830T050649_R019_T44PLB_20260830T085227
1526,False,UNKNOWN,,2026-08-26,69.834083,Sentinel-2_L2A,"Sentinel-2 observation available but obscured by cloud cover (best: 69.8%, threshold: 30.0%)",S2B_MSIL2A_20260827T045659_R119_T44PMC_20260827T084453
1527,False,UNKNOWN,,2026-08-26,95.34021,Sentinel-2_L2A,"Sentinel-2 observation available but obscured by cloud cover (best: 95.3%, threshold: 30.0%)",S2A_MSIL2A_20260824T050231_R119_T44QND_20260824T115710
1528,False,UNKNOWN,,2026-08-26,69.353038,Sentinel-2_L2A,"Sentinel-2 observation available but obscured by cloud cover (best: 69.4%, threshold: 30.0%)",S2B_MSIL2A_20260821T043659_R033_T45QVG_20260821T082129
1529,False,UNKNOWN,,2026-08-26,92.944497,Sentinel-2_L2A,"Sentinel-2 observation available but obscured by cloud cover (best: 92.9%, threshold: 30.0%)",S2C_MSIL2A_20260824T053641_R005_T43QBG_20260824T102214
1530,True,HerbaceousVegetation,0.7189,2026-08-24T05:36:41.025000Z,25.50481,Sentinel-2_L2A,Satellite CNN prediction: HerbaceousVegetation (confidence: 0.72),S2C_MSIL2A_20260824T053641_R005_T43RCK_20260824T102214
1531,False,UNKNOWN,,2026-08-26,51.041937,Sentinel-2_L2A,"Sentinel-2 observation available but obscured by cloud cover (best: 51.0%, threshold: 30.0%)",S2C_MSIL2A_20260831T052641_R105_T43QCB_20260831T102215
1532,False,UNKNOWN,,2026-08-26,94.783163,Sentinel-2_L2A,"Sentinel-2 observation available but obscured by cloud cover (best: 94.8%, threshold: 30.0%)",S2A_MSIL2A_20260829T055251_R048_T42QWK_20260829T121111
1533,False,UNKNOWN,,2026-08-26,60.772043,Sentinel-2_L2A,"Sentinel-2 observation available but obscured by cloud cover (best: 60.8%, threshold: 30.0%)",S2C_MSIL2A_20260822T045651_R119_T44PLA_20260822T095910
1534,False,UNKNOWN,,2026-08-26,73.110265,Sentinel-2_L2A,"Sentinel-2 observation available but obscured by cloud cover (best: 73.1%, threshold: 30.0%)",S2C_MSIL2A_20260825T050651_R019_T44PLA_20260825T100208
1535,False,UNKNOWN,,2026-08-26,47.935808,Sentinel-2_L2A,"Sentinel-2 observation available but obscured by cloud cover (best: 47.9%, threshold: 30.0%)",S2C_MSIL2A_20260828T051651_R062_T43PFS_20260828T101205
1536,False,UNKNOWN,,2026-08-26,42.856765,Sentinel-2_L2A,"Sentinel-2 observation available but obscured by cloud cover (best: 42.9%, threshold: 30.0%)",S2C_MSIL2A_20260828T051651_R062_T43PFT_20260828T101205
1537,False,UNKNOWN,,2026-08-26,42.856765,Sentinel-2_L2A,"Sentinel-2 observation available but obscured by cloud cover (best: 42.9%, threshold: 30.0%)",S2C_MSIL2A_20260828T051651_R062_T43PFT_20260828T101205
1538,False,UNKNOWN,,2026-08-27,58.481205,Sentinel-2_L2A,"Sentinel-2 observation available but obscured by cloud cover (best: 58.5%, threshold: 30.0%)",S2C_MSIL2A_20260823T042701_R133_T46RCR_20260823T071717
1539,True,SeaLake,0.743,2026-08-29T05:36:39.024000Z,0.251074,Sentinel-2_L2A,Satellite CNN prediction: SeaLake (confidence: 0.74),S2B_MSIL2A_20260829T053639_R005_T43SFU_20260829T091959
1540,False,UNKNOWN,,2026-08-27,38.350433,Sentinel-2_L2A,"Sentinel-2 observation available but obscured by cloud cover (best: 38.4%, threshold: 30.0%)",S2B_MSIL2A_20260830T050649_R019_T43PHL_20260830T085227
1541,False,UNKNOWN,,2026-08-27,38.350433,Sentinel-2_L2A,"Sentinel-2 observation available but obscured by cloud cover (best: 38.4%, threshold: 30.0%)",S2B_MSIL2A_20260830T050649_R019_T43PHL_20260830T085227
1542,False,UNKNOWN,,2026-08-27,33.652875,Sentinel-2_L2A,"Sentinel-2 observation available but obscured by cloud cover (best: 33.7%, threshold: 30.0%)",S2B_MSIL2A_20260830T050649_R019_T43PGL_20260830T085227
1543,False,UNKNOWN,,2026-08-27,38.350433,Sentinel-2_L2A,"Sentinel-2 observation available but obscured by cloud cover (best: 38.4%, threshold: 30.0%)",S2B_MSIL2A_20260830T050649_R019_T43PHL_20260830T085227
1544,False,UNKNOWN,,2026-08-27,33.652875,Sentinel-2_L2A,"Sentinel-2 observation available but obscured by cloud cover (best: 33.7%, threshold: 30.0%)",S2B_MSIL2A_20260830T050649_R019_T43PGL_20260830T085227
1545,False,UNKNOWN,,2026-08-27,45.477653,Sentinel-2_L2A,"Sentinel-2 observation available but obscured by cloud cover (best: 45.5%, threshold: 30.0%)",S2B_MSIL2A_20260830T050649_R019_T44PKR_20260830T085227
1546,True,SeaLake,0.736,2026-08-30T05:06:49.024000Z,20.921202,Sentinel-2_L2A,Satellite CNN prediction: SeaLake (confidence: 0.74),S2B_MSIL2A_20260830T050649_R019_T43PGN_20260830T085227
1547,True,PermanentCrop,0.4024,2026-08-30T05:06:49.024000Z,22.092167,Sentinel-2_L2A,Satellite CNN prediction: PermanentCrop (confidence: 0.40),S2B_MSIL2A_20260830T050649_R019_T43PHN_20260830T085227
1548,True,SeaLake,0.6108,2026-09-01T04:57:01.025000Z,0.102522,Sentinel-2_L2A,Satellite CNN prediction: SeaLake (confidence: 0.61),S2C_MSIL2A_20260901T045701_R119_T44PLU_20260901T094009
1549,True,SeaLake,0.9988,2026-08-30T05:06:49.024000Z,25.577471,Sentinel-2_L2A,Satellite CNN prediction: SeaLake (confidence: 1.00),S2B_MSIL2A_20260830T050649_R019_T43PHP_20260830T085227
1550,True,SeaLake,0.913,2026-09-01T04:57:01.025000Z,0.102522,Sentinel-2_L2A,Satellite CNN prediction: SeaLake (confidence: 0.91),S2C_MSIL2A_20260901T045701_R119_T44PLU_20260901T094009
1551,False,UNKNOWN,,2026-08-27,44.493437,Sentinel-2_L2A,"Sentinel-2 observation available but obscured by cloud cover (best: 44.5%, threshold: 30.0%)",S2B_MSIL2A_20260830T050649_R019_T44PKU_20260830T085227
1552,False,UNKNOWN,,2026-08-27,65.171331,Sentinel-2_L2A,"Sentinel-2 observation available but obscured by cloud cover (best: 65.2%, threshold: 30.0%)",S2B_MSIL2A_20260830T050649_R019_T44PLC_20260830T085227
1553,False,UNKNOWN,,2026-08-27,59.506005,Sentinel-2_L2A,"Sentinel-2 observation available but obscured by cloud cover (best: 59.5%, threshold: 30.0%)",S2B_MSIL2A_20260826T052639_R105_T43QEV_20260826T091619
1554,False,UNKNOWN,,2026-08-27,98.633558,Sentinel-2_L2A,"Sentinel-2 observation available but obscured by cloud cover (best: 98.6%, threshold: 30.0%)",S2B_MSIL2A_20260824T044659_R076_T45QUD_20260824T082928
1555,True,Pasture,0.5144,2026-09-01T05:46:39.024000Z,5.363423,Sentinel-2_L2A,Satellite CNN prediction: Pasture (confidence: 0.51),S2B_MSIL2A_20260901T054639_R048_T42RXQ_20260901T075232
1556,True,HerbaceousVegetation,0.6735,2026-08-29T05:36:39.024000Z,23.347335,Sentinel-2_L2A,Satellite CNN prediction: HerbaceousVegetation (confidence: 0.67),S2B_MSIL2A_20260829T053639_R005_T43SER_20260829T091959
1557,False,UNKNOWN,,2026-08-27,38.350433,Sentinel-2_L2A,"Sentinel-2 observation available but obscured by cloud cover (best: 38.4%, threshold: 30.0%)",S2B_MSIL2A_20260830T050649_R019_T43PHL_20260830T085227
1558,False,UNKNOWN,,2026-08-27,33.652875,Sentinel-2_L2A,"Sentinel-2 observation available but obscured by cloud cover (best: 33.7%, threshold: 30.0%)",S2B_MSIL2A_20260830T050649_R019_T43PGL_20260830T085227
1559,False,UNKNOWN,,2026-08-27,38.350433,Sentinel-2_L2A,"Sentinel-2 observation available but obscured by cloud cover (best: 38.4%, threshold: 30.0%)",S2B_MSIL2A_20260830T050649_R019_T43PHL_20260830T085227
1560,False,UNKNOWN,,2026-08-27,33.652875,Sentinel-2_L2A,"Sentinel-2 observation available but obscured by cloud cover (best: 33.7%, threshold: 30.0%)",S2B_MSIL2A_20260830T050649_R019_T43PGL_20260830T085227
1561,False,UNKNOWN,,2026-08-27,38.350433,Sentinel-2_L2A,"Sentinel-2 observation available but obscured by cloud cover (best: 38.4%, threshold: 30.0%)",S2B_MSIL2A_20260830T050649_R019_T43PHL_20260830T085227
1562,True,SeaLake,0.9592,2026-08-30T05:06:49.024000Z,20.921202,Sentinel-2_L2A,Satellite CNN prediction: SeaLake (confidence: 0.96),S2B_MSIL2A_20260830T050649_R019_T43PGN_20260830T085227
1563,True,SeaLake,0.9315,2026-08-30T05:06:49.024000Z,20.921202,Sentinel-2_L2A,Satellite CNN prediction: SeaLake (confidence: 0.93),S2B_MSIL2A_20260830T050649_R019_T43PGN_20260830T085227
1564,True,SeaLake,0.3507,2026-08-31T05:26:41.025000Z,29.021177,Sentinel-2_L2A,Satellite CNN prediction: SeaLake (confidence: 0.35),S2C_MSIL2A_20260831T052641_R105_T43RFN_20260831T102215
1565,True,SeaLake,0.6391,2026-08-24T05:36:41.025000Z,14.543396,Sentinel-2_L2A,Satellite CNN prediction: SeaLake (confidence: 0.64),S2C_MSIL2A_20260824T053641_R005_T43RDP_20260824T102214
1566,False,UNKNOWN,,2026-08-27,80.851811,Sentinel-2_L2A,"Sentinel-2 observation available but obscured by cloud cover (best: 80.9%, threshold: 30.0%)",S2A_MSIL2A_20260829T055251_R048_T42QXL_20260829T121111
1567,False,UNKNOWN,,2026-08-27,78.115201,Sentinel-2_L2A,"Sentinel-2 observation available but obscured by cloud cover (best: 78.1%, threshold: 30.0%)",S2C_MSIL2A_20260829T044701_R076_T45QVG_20260829T095112
1568,True,AnnualCrop,0.9333,2026-09-01T04:57:01.025000Z,0.791918,Sentinel-2_L2A,Satellite CNN prediction: AnnualCrop (confidence: 0.93),S2C_MSIL2A_20260901T045701_R119_T44PLV_20260901T094009
1569,False,UNKNOWN,,2026-08-27,73.110265,Sentinel-2_L2A,"Sentinel-2 observation available but obscured by cloud cover (best: 73.1%, threshold: 30.0%)",S2C_MSIL2A_20260825T050651_R019_T44PLA_20260825T100208
1570,False,UNKNOWN,,2026-08-27,65.171331,Sentinel-2_L2A,"Sentinel-2 observation available but obscured by cloud cover (best: 65.2%, threshold: 30.0%)",S2B_MSIL2A_20260830T050649_R019_T44PLC_20260830T085227
1571,False,UNKNOWN,,2026-08-27,57.794803,Sentinel-2_L2A,"Sentinel-2 observation available but obscured by cloud cover (best: 57.8%, threshold: 30.0%)",S2B_MSIL2A_20260830T050649_R019_T44PKC_20260830T085227
1572,False,UNKNOWN,,2026-08-27,57.794803,Sentinel-2_L2A,"Sentinel-2 observation available but obscured by cloud cover (best: 57.8%, threshold: 30.0%)",S2B_MSIL2A_20260830T050649_R019_T44PKC_20260830T085227
1573,False,UNKNOWN,,2026-08-27,66.710901,Sentinel-2_L2A,"Sentinel-2 observation available but obscured by cloud cover (best: 66.7%, threshold: 30.0%)",S2C_MSIL2A_20260831T052641_R105_T43QDU_20260831T102215
1574,False,UNKNOWN,,2026-08-27,53.415692,Sentinel-2_L2A,"Sentinel-2 observation available but obscured by cloud cover (best: 53.4%, threshold: 30.0%)",S2C_MSIL2A_20260828T051651_R062_T43QGU_20260828T101205
1575,False,UNKNOWN,,2026-08-27,53.415692,Sentinel-2_L2A,"Sentinel-2 observation available but obscured by cloud cover (best: 53.4%, threshold: 30.0%)",S2C_MSIL2A_20260828T051651_R062_T43QGU_20260828T101205
1576,False,UNKNOWN,,2026-08-27,89.919299,Sentinel-2_L2A,"Sentinel-2 observation available but obscured by cloud cover (best: 89.9%, threshold: 30.0%)",S2B_MSIL2A_20260823T051649_R062_T43QGV_20260823T090719
1577,False,UNKNOWN,,2026-08-27,70.970291,Sentinel-2_L2A,"Sentinel-2 observation available but obscured by cloud cover (best: 71.0%, threshold: 30.0%)",S2B_MSIL2A_20260830T050649_R019_T43PGK_20260830T085227
1578,False,UNKNOWN,,2026-08-27,33.652875,Sentinel-2_L2A,"Sentinel-2 observation available but obscured by cloud cover (best: 33.7%, threshold: 30.0%)",S2B_MSIL2A_20260830T050649_R019_T43PGL_20260830T085227
1579,False,UNKNOWN,,2026-08-27,32.107139,Sentinel-2_L2A,"Sentinel-2 observation available but obscured by cloud cover (best: 32.1%, threshold: 30.0%)",S2B_MSIL2A_20260830T050649_R019_T43PGM_20260830T085227
1580,False,UNKNOWN,,2026-08-27,32.107139,Sentinel-2_L2A,"Sentinel-2 observation available but obscured by cloud cover (best: 32.1%, threshold: 30.0%)",S2B_MSIL2A_20260830T050649_R019_T43PGM_20260830T085227
1581,True,SeaLake,0.9134,2026-08-30T05:06:49.024000Z,20.921202,Sentinel-2_L2A,Satellite CNN prediction: SeaLake (confidence: 0.91),S2B_MSIL2A_20260830T050649_R019_T43PGN_20260830T085227
1582,True,SeaLake,0.6868,2026-09-01T04:57:01.025000Z,3.654139,Sentinel-2_L2A,Satellite CNN prediction: SeaLake (confidence: 0.69),S2C_MSIL2A_20260901T045701_R119_T44PKT_20260901T094009
1583,True,SeaLake,0.7266,2026-08-30T05:06:49.024000Z,25.577471,Sentinel-2_L2A,Satellite CNN prediction: SeaLake (confidence: 0.73),S2B_MSIL2A_20260830T050649_R019_T43PHP_20260830T085227
1584,True,Pasture,0.5245,2026-08-30T05:06:49.024000Z,25.577471,Sentinel-2_L2A,Satellite CNN prediction: Pasture (confidence: 0.52),S2B_MSIL2A_20260830T050649_R019_T43PHP_20260830T085227
1585,False,UNKNOWN,,2026-08-27,84.302408,Sentinel-2_L2A,"Sentinel-2 observation available but obscured by cloud cover (best: 84.3%, threshold: 30.0%)",S2B_MSIL2A_20260830T050649_R019_T43PGQ_20260830T085227
1586,False,UNKNOWN,,2026-08-27,46.383104,Sentinel-2_L2A,"Sentinel-2 observation available but obscured by cloud cover (best: 46.4%, threshold: 30.0%)",S2B_MSIL2A_20260826T052639_R105_T43QDA_20260826T091619
1587,False,UNKNOWN,,2026-08-28,46.380797,Sentinel-2_L2A,"Sentinel-2 observation available but obscured by cloud cover (best: 46.4%, threshold: 30.0%)",S2C_MSIL2A_20260827T040541_R047_T46RGS_20260827T082110
1588,False,UNKNOWN,,2026-08-28,91.738844,Sentinel-2_L2A,"Sentinel-2 observation available but obscured by cloud cover (best: 91.7%, threshold: 30.0%)",S2B_MSIL2A_20260830T050649_R019_T43PHK_20260830T085227
1589,False,UNKNOWN,,2026-08-28,91.738844,Sentinel-2_L2A,"Sentinel-2 observation available but obscured by cloud cover (best: 91.7%, threshold: 30.0%)",S2B_MSIL2A_20260830T050649_R019_T43PHK_20260830T085227
1590,False,UNKNOWN,,2026-08-28,91.738844,Sentinel-2_L2A,"Sentinel-2 observation available but obscured by cloud cover (best: 91.7%, threshold: 30.0%)",S2B_MSIL2A_20260830T050649_R019_T43PHK_20260830T085227
1591,False,UNKNOWN,,2026-08-28,91.738844,Sentinel-2_L2A,"Sentinel-2 observation available but obscured by cloud cover (best: 91.7%, threshold: 30.0%)",S2B_MSIL2A_20260830T050649_R019_T43PHK_20260830T085227
1592,False,UNKNOWN,,2026-08-28,91.738844,Sentinel-2_L2A,"Sentinel-2 observation available but obscured by cloud cover (best: 91.7%, threshold: 30.0%)",S2B_MSIL2A_20260830T050649_R019_T43PHK_20260830T085227
1593,False,UNKNOWN,,2026-08-28,38.350433,Sentinel-2_L2A,"Sentinel-2 observation available but obscured by cloud cover (best: 38.4%, threshold: 30.0%)",S2B_MSIL2A_20260830T050649_R019_T43PHL_20260830T085227
1594,False,UNKNOWN,,2026-08-28,33.652875,Sentinel-2_L2A,"Sentinel-2 observation available but obscured by cloud cover (best: 33.7%, threshold: 30.0%)",S2B_MSIL2A_20260830T050649_R019_T43PGL_20260830T085227
1595,False,UNKNOWN,,2026-08-28,38.350433,Sentinel-2_L2A,"Sentinel-2 observation available but obscured by cloud cover (best: 38.4%, threshold: 30.0%)",S2B_MSIL2A_20260830T050649_R019_T43PHL_20260830T085227
1596,False,UNKNOWN,,2026-08-28,38.350433,Sentinel-2_L2A,"Sentinel-2 observation available but obscured by cloud cover (best: 38.4%, threshold: 30.0%)",S2B_MSIL2A_20260830T050649_R019_T43PHL_20260830T085227
1597,True,SeaLake,0.8431,2026-09-01T04:57:01.025000Z,0.093174,Sentinel-2_L2A,Satellite CNN prediction: SeaLake (confidence: 0.84),S2C_MSIL2A_20260901T045701_R119_T43PHL_20260901T094009
1598,False,UNKNOWN,,2026-08-28,38.350433,Sentinel-2_L2A,"Sentinel-2 observation available but obscured by cloud cover (best: 38.4%, threshold: 30.0%)",S2B_MSIL2A_20260830T050649_R019_T43PHL_20260830T085227
1599,False,UNKNOWN,,2026-08-28,38.350433,Sentinel-2_L2A,"Sentinel-2 observation available but obscured by cloud cover (best: 38.4%, threshold: 30.0%)",S2B_MSIL2A_20260830T050649_R019_T43PHL_20260830T085227
1600,False,UNKNOWN,,2026-08-28,38.350433,Sentinel-2_L2A,"Sentinel-2 observation available but obscured by cloud cover (best: 38.4%, threshold: 30.0%)",S2B_MSIL2A_20260830T050649_R019_T43PHL_20260830T085227
1601,False,UNKNOWN,,2026-08-28,38.350433,Sentinel-2_L2A,"Sentinel-2 observation available but obscured by cloud cover (best: 38.4%, threshold: 30.0%)",S2B_MSIL2A_20260830T050649_R019_T43PHL_20260830T085227
1602,False,UNKNOWN,,2026-08-28,100.0,Sentinel-2_L2A,"Sentinel-2 observation available but obscured by cloud cover (best: 100.0%, threshold: 30.0%)",S2C_MSIL2A_20260825T050651_R019_T43PHM_20260825T100208
1603,False,UNKNOWN,,2026-08-28,100.0,Sentinel-2_L2A,"Sentinel-2 observation available but obscured by cloud cover (best: 100.0%, threshold: 30.0%)",S2C_MSIL2A_20260825T050651_R019_T44PKS_20260825T100208
1604,False,UNKNOWN,,2026-08-28,100.0,Sentinel-2_L2A,"Sentinel-2 observation available but obscured by cloud cover (best: 100.0%, threshold: 30.0%)",S2C_MSIL2A_20260825T050651_R019_T44PKS_20260825T100208
1605,False,UNKNOWN,,2026-08-28,43.749866,Sentinel-2_L2A,"Sentinel-2 observation available but obscured by cloud cover (best: 43.7%, threshold: 30.0%)",S2B_MSIL2A_20260827T045659_R119_T44PKS_20260827T084453
1606,False,UNKNOWN,,2026-08-28,30.433002,Sentinel-2_L2A,"Sentinel-2 observation available but obscured by cloud cover (best: 30.4%, threshold: 30.0%)",S2B_MSIL2A_20260830T050649_R019_T44PKT_20260830T085227
1607,True,SeaLake,0.9698,2026-08-30T05:06:49.024000Z,20.921202,Sentinel-2_L2A,Satellite CNN prediction: SeaLake (confidence: 0.97),S2B_MSIL2A_20260830T050649_R019_T43PGN_20260830T085227
1608,True,PermanentCrop,0.8483,2026-09-01T04:57:01.025000Z,12.423465,Sentinel-2_L2A,Satellite CNN prediction: PermanentCrop (confidence: 0.85),S2C_MSIL2A_20260901T045701_R119_T44PLT_20260901T094009
1609,True,SeaLake,0.9997,2026-09-01T04:57:01.025000Z,0.102522,Sentinel-2_L2A,Satellite CNN prediction: SeaLake (confidence: 1.00),S2C_MSIL2A_20260901T045701_R119_T44PLU_20260901T094009
1610,True,SeaLake,0.363,2026-09-01T04:57:01.025000Z,0.102522,Sentinel-2_L2A,Satellite CNN prediction: SeaLake (confidence: 0.36),S2C_MSIL2A_20260901T045701_R119_T44PLU_20260901T094009
1611,True,SeaLake,0.9613,2026-09-01T04:57:01.025000Z,8.01251,Sentinel-2_L2A,Satellite CNN prediction: SeaLake (confidence: 0.96),S2C_MSIL2A_20260901T045701_R119_T44PLB_20260901T094009
1612,False,UNKNOWN,,2026-08-28,74.273312,Sentinel-2_L2A,"Sentinel-2 observation available but obscured by cloud cover (best: 74.3%, threshold: 30.0%)",S2C_MSIL2A_20260825T050651_R019_T43PGS_20260825T100208
1613,False,UNKNOWN,,2026-08-28,50.768483,Sentinel-2_L2A,"Sentinel-2 observation available but obscured by cloud cover (best: 50.8%, threshold: 30.0%)",S2C_MSIL2A_20260828T051651_R062_T43PES_20260828T101205
1614,False,UNKNOWN,,2026-08-28,41.267297,Sentinel-2_L2A,"Sentinel-2 observation available but obscured by cloud cover (best: 41.3%, threshold: 30.0%)",S2B_MSIL2A_20260830T050649_R019_T44PLB_20260830T085227
1615,False,UNKNOWN,,2026-08-28,41.267297,Sentinel-2_L2A,"Sentinel-2 observation available but obscured by cloud cover (best: 41.3%, threshold: 30.0%)",S2B_MSIL2A_20260830T050649_R019_T44PLB_20260830T085227
1616,False,UNKNOWN,,2026-08-28,57.794803,Sentinel-2_L2A,"Sentinel-2 observation available but obscured by cloud cover (best: 57.8%, threshold: 30.0%)",S2B_MSIL2A_20260830T050649_R019_T44PKC_20260830T085227
1617,False,UNKNOWN,,2026-08-28,65.171331,Sentinel-2_L2A,"Sentinel-2 observation available but obscured by cloud cover (best: 65.2%, threshold: 30.0%)",S2B_MSIL2A_20260830T050649_R019_T44PLC_20260830T085227
1618,False,UNKNOWN,,2026-08-28,65.171331,Sentinel-2_L2A,"Sentinel-2 observation available but obscured by cloud cover (best: 65.2%, threshold: 30.0%)",S2B_MSIL2A_20260830T050649_R019_T44PLC_20260830T085227
1619,False,UNKNOWN,,2026-08-28,68.887323,Sentinel-2_L2A,"Sentinel-2 observation available but obscured by cloud cover (best: 68.9%, threshold: 30.0%)",S2B_MSIL2A_20260830T050649_R019_T43PHT_20260830T085227
1620,False,UNKNOWN,,2026-08-28,98.633558,Sentinel-2_L2A,"Sentinel-2 observation available but obscured by cloud cover (best: 98.6%, threshold: 30.0%)",S2B_MSIL2A_20260824T044659_R076_T45QUD_20260824T082928
1621,False,UNKNOWN,,2026-08-28,78.115201,Sentinel-2_L2A,"Sentinel-2 observation available but obscured by cloud cover (best: 78.1%, threshold: 30.0%)",S2C_MSIL2A_20260829T044701_R076_T45QVG_20260829T095112
1622,False,UNKNOWN,,2026-08-28,51.959425,Sentinel-2_L2A,"Sentinel-2 observation available but obscured by cloud cover (best: 52.0%, threshold: 30.0%)",S2C_MSIL2A_20260829T044701_R076_T45RWH_20260829T095112
1623,True,AnnualCrop,0.483,2026-08-29T05:52:51.024000Z,0.000571,Sentinel-2_L2A,Satellite CNN prediction: AnnualCrop (confidence: 0.48),S2A_MSIL2A_20260829T055251_R048_T42RXR_20260829T121111
1624,False,UNKNOWN,,2026-08-28,91.738844,Sentinel-2_L2A,"Sentinel-2 observation available but obscured by cloud cover (best: 91.7%, threshold: 30.0%)",S2B_MSIL2A_20260830T050649_R019_T43PHK_20260830T085227
1625,False,UNKNOWN,,2026-08-28,91.738844,Sentinel-2_L2A,"Sentinel-2 observation available but obscured by cloud cover (best: 91.7%, threshold: 30.0%)",S2B_MSIL2A_20260830T050649_R019_T43PHK_20260830T085227
1626,False,UNKNOWN,,2026-08-28,38.350433,Sentinel-2_L2A,"Sentinel-2 observation available but obscured by cloud cover (best: 38.4%, threshold: 30.0%)",S2B_MSIL2A_20260830T050649_R019_T43PHL_20260830T085227
1627,False,UNKNOWN,,2026-08-28,33.652875,Sentinel-2_L2A,"Sentinel-2 observation available but obscured by cloud cover (best: 33.7%, threshold: 30.0%)",S2B_MSIL2A_20260830T050649_R019_T43PGL_20260830T085227
1628,False,UNKNOWN,,2026-08-28,33.652875,Sentinel-2_L2A,"Sentinel-2 observation available but obscured by cloud cover (best: 33.7%, threshold: 30.0%)",S2B_MSIL2A_20260830T050649_R019_T43PGL_20260830T085227
1629,False,UNKNOWN,,2026-08-28,38.350433,Sentinel-2_L2A,"Sentinel-2 observation available but obscured by cloud cover (best: 38.4%, threshold: 30.0%)",S2B_MSIL2A_20260830T050649_R019_T43PHL_20260830T085227
1630,False,UNKNOWN,,2026-08-28,38.350433,Sentinel-2_L2A,"Sentinel-2 observation available but obscured by cloud cover (best: 38.4%, threshold: 30.0%)",S2B_MSIL2A_20260830T050649_R019_T43PHL_20260830T085227
1631,False,UNKNOWN,,2026-08-28,33.652875,Sentinel-2_L2A,"Sentinel-2 observation available but obscured by cloud cover (best: 33.7%, threshold: 30.0%)",S2B_MSIL2A_20260830T050649_R019_T43PGL_20260830T085227
1632,True,SeaLake,0.9883,2026-09-01T04:57:01.025000Z,0.283873,Sentinel-2_L2A,Satellite CNN prediction: SeaLake (confidence: 0.99),S2C_MSIL2A_20260901T045701_R119_T44PKR_20260901T094009
1633,False,UNKNOWN,,2026-08-28,33.652875,Sentinel-2_L2A,"Sentinel-2 observation available but obscured by cloud cover (best: 33.7%, threshold: 30.0%)",S2B_MSIL2A_20260830T050649_R019_T43PGL_20260830T085227
1634,False,UNKNOWN,,2026-08-28,38.350433,Sentinel-2_L2A,"Sentinel-2 observation available but obscured by cloud cover (best: 38.4%, threshold: 30.0%)",S2B_MSIL2A_20260830T050649_R019_T43PHL_20260830T085227
1635,False,UNKNOWN,,2026-08-28,38.350433,Sentinel-2_L2A,"Sentinel-2 observation available but obscured by cloud cover (best: 38.4%, threshold: 30.0%)",S2B_MSIL2A_20260830T050649_R019_T43PHL_20260830T085227
1636,False,UNKNOWN,,2026-08-28,38.350433,Sentinel-2_L2A,"Sentinel-2 observation available but obscured by cloud cover (best: 38.4%, threshold: 30.0%)",S2B_MSIL2A_20260830T050649_R019_T43PHL_20260830T085227
1637,False,UNKNOWN,,2026-08-28,38.350433,Sentinel-2_L2A,"Sentinel-2 observation available but obscured by cloud cover (best: 38.4%, threshold: 30.0%)",S2B_MSIL2A_20260830T050649_R019_T43PHL_20260830T085227
1638,False,UNKNOWN,,2026-08-28,38.350433,Sentinel-2_L2A,"Sentinel-2 observation available but obscured by cloud cover (best: 38.4%, threshold: 30.0%)",S2B_MSIL2A_20260830T050649_R019_T43PHL_20260830T085227
1639,False,UNKNOWN,,2026-08-28,100.0,Sentinel-2_L2A,"Sentinel-2 observation available but obscured by cloud cover (best: 100.0%, threshold: 30.0%)",S2C_MSIL2A_20260825T050651_R019_T43PHM_20260825T100208
1640,True,Highway,0.1746,2026-09-01T04:57:01.025000Z,1.527297,Sentinel-2_L2A,Satellite CNN prediction: Highway (confidence: 0.17),S2C_MSIL2A_20260901T045701_R119_T44PLS_20260901T094009
1641,False,UNKNOWN,,2026-08-28,100.0,Sentinel-2_L2A,"Sentinel-2 observation available but obscured by cloud cover (best: 100.0%, threshold: 30.0%)",S2C_MSIL2A_20260825T050651_R019_T44PKS_20260825T100208
1642,True,SeaLake,0.9625,2026-08-30T05:06:49.024000Z,22.092167,Sentinel-2_L2A,Satellite CNN prediction: SeaLake (confidence: 0.96),S2B_MSIL2A_20260830T050649_R019_T43PHN_20260830T085227
1643,False,UNKNOWN,,2026-08-28,30.433002,Sentinel-2_L2A,"Sentinel-2 observation available but obscured by cloud cover (best: 30.4%, threshold: 30.0%)",S2B_MSIL2A_20260830T050649_R019_T44PKT_20260830T085227
1644,True,HerbaceousVegetation,0.2579,2026-08-30T05:06:49.024000Z,20.921202,Sentinel-2_L2A,Satellite CNN prediction: HerbaceousVegetation (confidence: 0.26),S2B_MSIL2A_20260830T050649_R019_T43PGN_20260830T085227
1645,True,SeaLake,0.9904,2026-09-01T04:57:01.025000Z,3.654139,Sentinel-2_L2A,Satellite CNN prediction: SeaLake (confidence: 0.99),S2C_MSIL2A_20260901T045701_R119_T44PKT_20260901T094009
1646,False,UNKNOWN,,2026-08-28,30.858564,Sentinel-2_L2A,"Sentinel-2 observation available but obscured by cloud cover (best: 30.9%, threshold: 30.0%)",S2B_MSIL2A_20260830T050649_R019_T43PGP_20260830T085227
1647,True,SeaLake,0.9828,2026-09-01T04:57:01.025000Z,0.102522,Sentinel-2_L2A,Satellite CNN prediction: SeaLake (confidence: 0.98),S2C_MSIL2A_20260901T045701_R119_T44PLU_20260901T094009
1648,False,UNKNOWN,,2026-08-28,70.628774,Sentinel-2_L2A,"Sentinel-2 observation available but obscured by cloud cover (best: 70.6%, threshold: 30.0%)",S2B_MSIL2A_20260902T051649_R062_T43PFQ_20260902T090945
1649,True,SeaLake,0.9893,2026-09-01T04:57:01.025000Z,20.702092,Sentinel-2_L2A,Satellite CNN prediction: SeaLake (confidence: 0.99),S2C_MSIL2A_20260901T045701_R119_T44PLA_20260901T094009
1650,False,UNKNOWN,,2026-08-28,62.323719,Sentinel-2_L2A,"Sentinel-2 observation available but obscured by cloud cover (best: 62.3%, threshold: 30.0%)",S2C_MSIL2A_20260828T051651_R062_T43PGR_20260828T101205
1651,False,UNKNOWN,,2026-08-28,47.935808,Sentinel-2_L2A,"Sentinel-2 observation available but obscured by cloud cover (best: 47.9%, threshold: 30.0%)",S2C_MSIL2A_20260828T051651_R062_T43PFS_20260828T101205
1652,False,UNKNOWN,,2026-08-28,47.935808,Sentinel-2_L2A,"Sentinel-2 observation available but obscured by cloud cover (best: 47.9%, threshold: 30.0%)",S2C_MSIL2A_20260828T051651_R062_T43PFS_20260828T101205
1653,False,UNKNOWN,,2026-08-28,41.267297,Sentinel-2_L2A,"Sentinel-2 observation available but obscured by cloud cover (best: 41.3%, threshold: 30.0%)",S2B_MSIL2A_20260830T050649_R019_T44PLB_20260830T085227
1654,False,UNKNOWN,,2026-08-28,47.935808,Sentinel-2_L2A,"Sentinel-2 observation available but obscured by cloud cover (best: 47.9%, threshold: 30.0%)",S2C_MSIL2A_20260828T051651_R062_T43PFS_20260828T101205
1655,False,UNKNOWN,,2026-08-28,59.655774,Sentinel-2_L2A,"Sentinel-2 observation available but obscured by cloud cover (best: 59.7%, threshold: 30.0%)",S2C_MSIL2A_20260901T045701_R119_T44PLC_20260901T094009
1656,False,UNKNOWN,,2026-08-28,57.794803,Sentinel-2_L2A,"Sentinel-2 observation available but obscured by cloud cover (best: 57.8%, threshold: 30.0%)",S2B_MSIL2A_20260830T050649_R019_T44PKC_20260830T085227
1657,False,UNKNOWN,,2026-08-28,65.171331,Sentinel-2_L2A,"Sentinel-2 observation available but obscured by cloud cover (best: 65.2%, threshold: 30.0%)",S2B_MSIL2A_20260830T050649_R019_T44PLC_20260830T085227
1658,False,UNKNOWN,,2026-08-28,76.853651,Sentinel-2_L2A,"Sentinel-2 observation available but obscured by cloud cover (best: 76.9%, threshold: 30.0%)",S2B_MSIL2A_20260830T050649_R019_T44QKD_20260830T085227
1659,False,UNKNOWN,,2026-08-28,80.851811,Sentinel-2_L2A,"Sentinel-2 observation available but obscured by cloud cover (best: 80.9%, threshold: 30.0%)",S2A_MSIL2A_20260829T055251_R048_T42QXL_20260829T121111
1660,False,UNKNOWN,,2026-08-28,30.043924,Sentinel-2_L2A,"Sentinel-2 observation available but obscured by cloud cover (best: 30.0%, threshold: 30.0%)",S2C_MSIL2A_20260824T053641_R005_T43REQ_20260824T102214
1661,False,UNKNOWN,,2026-08-28,38.818815,Sentinel-2_L2A,"Sentinel-2 observation available but obscured by cloud cover (best: 38.8%, threshold: 30.0%)",S2B_MSIL2A_20260829T053639_R005_T43RDK_20260829T091959
1662,True,PermanentCrop,0.4514,2026-08-30T04:15:51.025000Z,28.360078,Sentinel-2_L2A,Satellite CNN prediction: PermanentCrop (confidence: 0.45),S2C_MSIL2A_20260830T041551_R090_T46RGR_20260830T123610
1663,True,River,0.1688,2026-08-30T05:06:49.024000Z,20.921202,Sentinel-2_L2A,Satellite CNN prediction: River (confidence: 0.17),S2B_MSIL2A_20260830T050649_R019_T43PGN_20260830T085227
1664,True,HerbaceousVegetation,0.315,2026-08-30T05:06:49.024000Z,20.921202,Sentinel-2_L2A,Satellite CNN prediction: HerbaceousVegetation (confidence: 0.32),S2B_MSIL2A_20260830T050649_R019_T43PGN_20260830T085227
1665,True,SeaLake,0.9352,2026-08-30T05:06:49.024000Z,20.921202,Sentinel-2_L2A,Satellite CNN prediction: SeaLake (confidence: 0.94),S2B_MSIL2A_20260830T050649_R019_T43PGN_20260830T085227
1666,True,SeaLake,0.4438,2026-09-01T04:57:01.025000Z,0.102522,Sentinel-2_L2A,Satellite CNN prediction: SeaLake (confidence: 0.44),S2C_MSIL2A_20260901T045701_R119_T44PLU_20260901T094009
1667,False,UNKNOWN,,2026-08-28,62.323719,Sentinel-2_L2A,"Sentinel-2 observation available but obscured by cloud cover (best: 62.3%, threshold: 30.0%)",S2C_MSIL2A_20260828T051651_R062_T43PGR_20260828T101205
1668,False,UNKNOWN,,2026-08-28,77.29969,Sentinel-2_L2A,"Sentinel-2 observation available but obscured by cloud cover (best: 77.3%, threshold: 30.0%)",S2C_MSIL2A_20260828T051651_R062_T43PFR_20260828T100602
1669,False,UNKNOWN,,2026-08-28,75.456381,Sentinel-2_L2A,"Sentinel-2 observation available but obscured by cloud cover (best: 75.5%, threshold: 30.0%)",S2B_MSIL2A_20260826T052639_R105_T43QCC_20260826T091619
1670,False,UNKNOWN,,2026-08-28,99.999475,Sentinel-2_L2A,"Sentinel-2 observation available but obscured by cloud cover (best: 100.0%, threshold: 30.0%)",S2C_MSIL2A_20260825T050651_R019_T44QLH_20260825T100415
1671,False,UNKNOWN,,2026-08-28,98.533195,Sentinel-2_L2A,"Sentinel-2 observation available but obscured by cloud cover (best: 98.5%, threshold: 30.0%)",S2A_MSIL2A_20260823T053241_R105_T43QEE_20260823T122218
1672,False,UNKNOWN,,2026-08-28,91.738844,Sentinel-2_L2A,"Sentinel-2 observation available but obscured by cloud cover (best: 91.7%, threshold: 30.0%)",S2B_MSIL2A_20260830T050649_R019_T43PHK_20260830T085227
1673,False,UNKNOWN,,2026-08-28,91.738844,Sentinel-2_L2A,"Sentinel-2 observation available but obscured by cloud cover (best: 91.7%, threshold: 30.0%)",S2B_MSIL2A_20260830T050649_R019_T43PHK_20260830T085227
1674,True,Forest,0.4453,2026-09-01T04:57:01.025000Z,8.01251,Sentinel-2_L2A,Satellite CNN prediction: Forest (confidence: 0.45),S2C_MSIL2A_20260901T045701_R119_T44PLB_20260901T094009
1675,False,UNKNOWN,,2026-08-28,47.935808,Sentinel-2_L2A,"Sentinel-2 observation available but obscured by cloud cover (best: 47.9%, threshold: 30.0%)",S2C_MSIL2A_20260828T051651_R062_T43PFS_20260828T101205
1676,False,UNKNOWN,,2026-08-28,65.171331,Sentinel-2_L2A,"Sentinel-2 observation available but obscured by cloud cover (best: 65.2%, threshold: 30.0%)",S2B_MSIL2A_20260830T050649_R019_T44PLC_20260830T085227
1677,False,UNKNOWN,,2026-08-28,57.794803,Sentinel-2_L2A,"Sentinel-2 observation available but obscured by cloud cover (best: 57.8%, threshold: 30.0%)",S2B_MSIL2A_20260830T050649_R019_T44PKC_20260830T085227
1678,False,UNKNOWN,,2026-08-28,57.794803,Sentinel-2_L2A,"Sentinel-2 observation available but obscured by cloud cover (best: 57.8%, threshold: 30.0%)",S2B_MSIL2A_20260830T050649_R019_T44PKC_20260830T085227
1679,False,UNKNOWN,,2026-08-29,81.205052,Sentinel-2_L2A,"Sentinel-2 observation available but obscured by cloud cover (best: 81.2%, threshold: 30.0%)",S2C_MSIL2A_20260902T042701_R133_T46REQ_20260902T091052
1680,True,SeaLake,0.5232,2026-09-01T04:57:01.025000Z,0.283873,Sentinel-2_L2A,Satellite CNN prediction: SeaLake (confidence: 0.52),S2C_MSIL2A_20260901T045701_R119_T44PKR_20260901T094009
1681,True,SeaLake,0.8829,2026-09-01T04:57:01.025000Z,1.527297,Sentinel-2_L2A,Satellite CNN prediction: SeaLake (confidence: 0.88),S2C_MSIL2A_20260901T045701_R119_T44PLS_20260901T094009
1682,False,UNKNOWN,,2026-08-29,30.433002,Sentinel-2_L2A,"Sentinel-2 observation available but obscured by cloud cover (best: 30.4%, threshold: 30.0%)",S2B_MSIL2A_20260830T050649_R019_T44PKT_20260830T085227
1683,True,AnnualCrop,0.4,2026-09-01T04:57:01.025000Z,0.102522,Sentinel-2_L2A,Satellite CNN prediction: AnnualCrop (confidence: 0.40),S2C_MSIL2A_20260901T045701_R119_T44PLU_20260901T094009
1684,True,SeaLake,0.3496,2026-09-01T04:57:01.025000Z,20.702092,Sentinel-2_L2A,Satellite CNN prediction: SeaLake (confidence: 0.35),S2C_MSIL2A_20260901T045701_R119_T44PLA_20260901T094009
1685,True,SeaLake,0.7001,2026-09-01T04:57:01.025000Z,8.01251,Sentinel-2_L2A,Satellite CNN prediction: SeaLake (confidence: 0.70),S2C_MSIL2A_20260901T045701_R119_T44PLB_20260901T094009
1686,False,UNKNOWN,,2026-08-29,74.273312,Sentinel-2_L2A,"Sentinel-2 observation available but obscured by cloud cover (best: 74.3%, threshold: 30.0%)",S2C_MSIL2A_20260825T050651_R019_T43PGS_20260825T100208
1687,False,UNKNOWN,,2026-08-29,68.188071,Sentinel-2_L2A,"Sentinel-2 observation available but obscured by cloud cover (best: 68.2%, threshold: 30.0%)",S2C_MSIL2A_20260830T041551_R090_T46RFS_20260830T123610
1688,False,UNKNOWN,,2026-08-29,62.561506,Sentinel-2_L2A,"Sentinel-2 observation available but obscured by cloud cover (best: 62.6%, threshold: 30.0%)",S2C_MSIL2A_20260831T052641_R105_T44SKA_20260831T102215
1689,False,UNKNOWN,,2026-08-29,91.738844,Sentinel-2_L2A,"Sentinel-2 observation available but obscured by cloud cover (best: 91.7%, threshold: 30.0%)",S2B_MSIL2A_20260830T050649_R019_T43PHK_20260830T085227
1690,False,UNKNOWN,,2026-08-29,91.738844,Sentinel-2_L2A,"Sentinel-2 observation available but obscured by cloud cover (best: 91.7%, threshold: 30.0%)",S2B_MSIL2A_20260830T050649_R019_T43PHK_20260830T085227
1691,False,UNKNOWN,,2026-08-29,91.738844,Sentinel-2_L2A,"Sentinel-2 observation available but obscured by cloud cover (best: 91.7%, threshold: 30.0%)",S2B_MSIL2A_20260830T050649_R019_T43PHK_20260830T085227
1692,False,UNKNOWN,,2026-08-29,70.970291,Sentinel-2_L2A,"Sentinel-2 observation available but obscured by cloud cover (best: 71.0%, threshold: 30.0%)",S2B_MSIL2A_20260830T050649_R019_T43PGK_20260830T085227
1693,False,UNKNOWN,,2026-08-29,91.738844,Sentinel-2_L2A,"Sentinel-2 observation available but obscured by cloud cover (best: 91.7%, threshold: 30.0%)",S2B_MSIL2A_20260830T050649_R019_T43PHK_20260830T085227
1694,False,UNKNOWN,,2026-08-29,38.350433,Sentinel-2_L2A,"Sentinel-2 observation available but obscured by cloud cover (best: 38.4%, threshold: 30.0%)",S2B_MSIL2A_20260830T050649_R019_T43PHL_20260830T085227
1695,True,SeaLake,0.9892,2026-09-01T04:57:01.025000Z,0.283873,Sentinel-2_L2A,Satellite CNN prediction: SeaLake (confidence: 0.99),S2C_MSIL2A_20260901T045701_R119_T44PKR_20260901T094009
1696,True,SeaLake,0.993,2026-09-01T04:57:01.025000Z,0.283873,Sentinel-2_L2A,Satellite CNN prediction: SeaLake (confidence: 0.99),S2C_MSIL2A_20260901T045701_R119_T44PKR_20260901T094009
1697,True,PermanentCrop,1.0,2026-09-01T04:57:01.025000Z,0.093174,Sentinel-2_L2A,Satellite CNN prediction: PermanentCrop (confidence: 1.00),S2C_MSIL2A_20260901T045701_R119_T43PHL_20260901T094009
1698,False,UNKNOWN,,2026-08-29,33.652875,Sentinel-2_L2A,"Sentinel-2 observation available but obscured by cloud cover (best: 33.7%, threshold: 30.0%)",S2B_MSIL2A_20260830T050649_R019_T43PGL_20260830T085227
1699,False,UNKNOWN,,2026-08-29,38.350433,Sentinel-2_L2A,"Sentinel-2 observation available but obscured by cloud cover (best: 38.4%, threshold: 30.0%)",S2B_MSIL2A_20260830T050649_R019_T43PHL_20260830T085227
1700,False,UNKNOWN,,2026-08-29,100.0,Sentinel-2_L2A,"Sentinel-2 observation available but obscured by cloud cover (best: 100.0%, threshold: 30.0%)",S2C_MSIL2A_20260825T050651_R019_T43PHM_20260825T100208
1701,False,UNKNOWN,,2026-08-29,100.0,Sentinel-2_L2A,"Sentinel-2 observation available but obscured by cloud cover (best: 100.0%, threshold: 30.0%)",S2C_MSIL2A_20260825T050651_R019_T44PKS_20260825T100208
1702,True,SeaLake,0.9797,2026-09-01T04:57:01.025000Z,1.527297,Sentinel-2_L2A,Satellite CNN prediction: SeaLake (confidence: 0.98),S2C_MSIL2A_20260901T045701_R119_T44PLS_20260901T094009
1703,True,Forest,0.5345,2026-09-01T04:57:01.025000Z,1.527297,Sentinel-2_L2A,Satellite CNN prediction: Forest (confidence: 0.53),S2C_MSIL2A_20260901T045701_R119_T44PLS_20260901T094009
1704,True,SeaLake,0.9506,2026-09-01T04:57:01.025000Z,1.527297,Sentinel-2_L2A,Satellite CNN prediction: SeaLake (confidence: 0.95),S2C_MSIL2A_20260901T045701_R119_T44PLS_20260901T094009
1705,False,UNKNOWN,,2026-08-29,30.433002,Sentinel-2_L2A,"Sentinel-2 observation available but obscured by cloud cover (best: 30.4%, threshold: 30.0%)",S2B_MSIL2A_20260830T050649_R019_T44PKT_20260830T085227
1706,True,SeaLake,0.914,2026-08-30T05:06:49.024000Z,22.092167,Sentinel-2_L2A,Satellite CNN prediction: SeaLake (confidence: 0.91),S2B_MSIL2A_20260830T050649_R019_T43PHN_20260830T085227
1707,True,SeaLake,0.9925,2026-08-30T05:06:49.024000Z,22.092167,Sentinel-2_L2A,Satellite CNN prediction: SeaLake (confidence: 0.99),S2B_MSIL2A_20260830T050649_R019_T43PHN_20260830T085227
1708,True,SeaLake,0.9944,2026-09-01T04:57:01.025000Z,3.654139,Sentinel-2_L2A,Satellite CNN prediction: SeaLake (confidence: 0.99),S2C_MSIL2A_20260901T045701_R119_T44PKT_20260901T094009
1709,True,SeaLake,0.9986,2026-09-01T04:57:01.025000Z,12.423465,Sentinel-2_L2A,Satellite CNN prediction: SeaLake (confidence: 1.00),S2C_MSIL2A_20260901T045701_R119_T44PLT_20260901T094009
1710,True,SeaLake,0.9312,2026-08-30T05:06:49.024000Z,22.092167,Sentinel-2_L2A,Satellite CNN prediction: SeaLake (confidence: 0.93),S2B_MSIL2A_20260830T050649_R019_T43PHN_20260830T085227
1711,False,UNKNOWN,,2026-08-29,30.433002,Sentinel-2_L2A,"Sentinel-2 observation available but obscured by cloud cover (best: 30.4%, threshold: 30.0%)",S2B_MSIL2A_20260830T050649_R019_T44PKT_20260830T085227
1712,True,SeaLake,0.9639,2026-09-01T04:57:01.025000Z,3.654139,Sentinel-2_L2A,Satellite CNN prediction: SeaLake (confidence: 0.96),S2C_MSIL2A_20260901T045701_R119_T44PKT_20260901T094009
1713,True,SeaLake,0.9998,2026-08-30T05:06:49.024000Z,20.921202,Sentinel-2_L2A,Satellite CNN prediction: SeaLake (confidence: 1.00),S2B_MSIL2A_20260830T050649_R019_T43PGN_20260830T085227
1714,False,UNKNOWN,,2026-08-29,44.493437,Sentinel-2_L2A,"Sentinel-2 observation available but obscured by cloud cover (best: 44.5%, threshold: 30.0%)",S2B_MSIL2A_20260830T050649_R019_T44PKU_20260830T085227
1715,True,Highway,0.2598,2026-09-01T04:57:01.025000Z,0.102522,Sentinel-2_L2A,Satellite CNN prediction: Highway (confidence: 0.26),S2C_MSIL2A_20260901T045701_R119_T44PLU_20260901T094009
1716,True,SeaLake,0.6791,2026-09-01T04:57:01.025000Z,0.102522,Sentinel-2_L2A,Satellite CNN prediction: SeaLake (confidence: 0.68),S2C_MSIL2A_20260901T045701_R119_T44PLU_20260901T094009
1717,False,UNKNOWN,,2026-08-29,44.493437,Sentinel-2_L2A,"Sentinel-2 observation available but obscured by cloud cover (best: 44.5%, threshold: 30.0%)",S2B_MSIL2A_20260830T050649_R019_T44PKU_20260830T085227
1718,False,UNKNOWN,,2026-08-29,30.858564,Sentinel-2_L2A,"Sentinel-2 observation available but obscured by cloud cover (best: 30.9%, threshold: 30.0%)",S2B_MSIL2A_20260830T050649_R019_T43PGP_20260830T085227
1719,True,SeaLake,0.4883,2026-09-01T04:57:01.025000Z,0.791918,Sentinel-2_L2A,Satellite CNN prediction: SeaLake (confidence: 0.49),S2C_MSIL2A_20260901T045701_R119_T44PLV_20260901T094009
1720,True,SeaLake,0.9889,2026-09-01T04:57:01.025000Z,0.791918,Sentinel-2_L2A,Satellite CNN prediction: SeaLake (confidence: 0.99),S2C_MSIL2A_20260901T045701_R119_T44PLV_20260901T094009
1721,True,SeaLake,0.9934,2026-09-01T04:57:01.025000Z,0.791918,Sentinel-2_L2A,Satellite CNN prediction: SeaLake (confidence: 0.99),S2C_MSIL2A_20260901T045701_R119_T44PLV_20260901T094009
1722,False,UNKNOWN,,2026-08-29,94.974428,Sentinel-2_L2A,"Sentinel-2 observation available but obscured by cloud cover (best: 95.0%, threshold: 30.0%)",S2C_MSIL2A_20260825T050651_R019_T43PHQ_20260825T100208
1723,False,UNKNOWN,,2026-08-29,77.29969,Sentinel-2_L2A,"Sentinel-2 observation available but obscured by cloud cover (best: 77.3%, threshold: 30.0%)",S2C_MSIL2A_20260828T051651_R062_T43PFR_20260828T100602
1724,False,UNKNOWN,,2026-08-29,72.322041,Sentinel-2_L2A,"Sentinel-2 observation available but obscured by cloud cover (best: 72.3%, threshold: 30.0%)",S2B_MSIL2A_20260830T050649_R019_T44PKA_20260830T085227
1725,False,UNKNOWN,,2026-08-29,62.923777,Sentinel-2_L2A,"Sentinel-2 observation available but obscured by cloud cover (best: 62.9%, threshold: 30.0%)",S2C_MSIL2A_20260825T050651_R019_T44PKB_20260825T100208
1726,False,UNKNOWN,,2026-08-29,62.923777,Sentinel-2_L2A,"Sentinel-2 observation available but obscured by cloud cover (best: 62.9%, threshold: 30.0%)",S2C_MSIL2A_20260825T050651_R019_T44PKB_20260825T100208
1727,False,UNKNOWN,,2026-08-29,41.267297,Sentinel-2_L2A,"Sentinel-2 observation available but obscured by cloud cover (best: 41.3%, threshold: 30.0%)",S2B_MSIL2A_20260830T050649_R019_T44PLB_20260830T085227
1728,False,UNKNOWN,,2026-08-29,39.76883,Sentinel-2_L2A,"Sentinel-2 observation available but obscured by cloud cover (best: 39.8%, threshold: 30.0%)",S2C_MSIL2A_20260828T051651_R062_T43PGS_20260828T101205
1729,True,SeaLake,0.9971,2026-09-01T04:57:01.025000Z,8.01251,Sentinel-2_L2A,Satellite CNN prediction: SeaLake (confidence: 1.00),S2C_MSIL2A_20260901T045701_R119_T44PLB_20260901T094009
1730,False,UNKNOWN,,2026-08-29,41.267297,Sentinel-2_L2A,"Sentinel-2 observation available but obscured by cloud cover (best: 41.3%, threshold: 30.0%)",S2B_MSIL2A_20260830T050649_R019_T44PLB_20260830T085227
1731,False,UNKNOWN,,2026-08-29,59.655774,Sentinel-2_L2A,"Sentinel-2 observation available but obscured by cloud cover (best: 59.7%, threshold: 30.0%)",S2C_MSIL2A_20260901T045701_R119_T44PLC_20260901T094009
1732,False,UNKNOWN,,2026-08-29,57.794803,Sentinel-2_L2A,"Sentinel-2 observation available but obscured by cloud cover (best: 57.8%, threshold: 30.0%)",S2B_MSIL2A_20260830T050649_R019_T44PKC_20260830T085227
1733,False,UNKNOWN,,2026-08-29,79.35245,Sentinel-2_L2A,"Sentinel-2 observation available but obscured by cloud cover (best: 79.4%, threshold: 30.0%)",S2B_MSIL2A_20260830T050649_R019_T44QLD_20260830T085227
1734,False,UNKNOWN,,2026-08-29,76.853651,Sentinel-2_L2A,"Sentinel-2 observation available but obscured by cloud cover (best: 76.9%, threshold: 30.0%)",S2B_MSIL2A_20260830T050649_R019_T44QKD_20260830T085227
1735,False,UNKNOWN,,2026-08-29,76.853651,Sentinel-2_L2A,"Sentinel-2 observation available but obscured by cloud cover (best: 76.9%, threshold: 30.0%)",S2B_MSIL2A_20260830T050649_R019_T44QKD_20260830T085227
1736,False,UNKNOWN,,2026-08-29,59.968126,Sentinel-2_L2A,"Sentinel-2 observation available but obscured by cloud cover (best: 60.0%, threshold: 30.0%)",S2B_MSIL2A_20260826T052639_R105_T43QEA_20260826T091619
1737,True,AnnualCrop,0.2761,2026-08-31T05:26:41.025000Z,29.021177,Sentinel-2_L2A,Satellite CNN prediction: AnnualCrop (confidence: 0.28),S2C_MSIL2A_20260831T052641_R105_T43RFN_20260831T102215
1738,False,UNKNOWN,,2026-08-29,81.918722,Sentinel-2_L2A,"Sentinel-2 observation available but obscured by cloud cover (best: 81.9%, threshold: 30.0%)",S2B_MSIL2A_20260831T043659_R033_T45RYK_20260831T082240
1739,False,UNKNOWN,,2026-08-29,72.172236,Sentinel-2_L2A,"Sentinel-2 observation available but obscured by cloud cover (best: 72.2%, threshold: 30.0%)",S2C_MSIL2A_20260830T041551_R090_T46RFR_20260830T123610
1740,True,River,0.6043,2026-08-30T04:15:51.025000Z,28.360078,Sentinel-2_L2A,Satellite CNN prediction: River (confidence: 0.60),S2C_MSIL2A_20260830T041551_R090_T46RGR_20260830T123610
1741,True,River,0.5733,2026-08-30T04:15:51.025000Z,28.360078,Sentinel-2_L2A,Satellite CNN prediction: River (confidence: 0.57),S2C_MSIL2A_20260830T041551_R090_T46RGR_20260830T123610
1742,True,Industrial,0.3434,2026-08-30T04:15:51.025000Z,28.360078,Sentinel-2_L2A,Satellite CNN prediction: Industrial (confidence: 0.34),S2C_MSIL2A_20260830T041551_R090_T46RGR_20260830T123610
1743,False,UNKNOWN,,2026-08-29,99.366492,Sentinel-2_L2A,"Sentinel-2 observation available but obscured by cloud cover (best: 99.4%, threshold: 30.0%)",S2B_MSIL2A_20260831T043659_R033_T45QWE_20260831T082240
1744,False,UNKNOWN,,2026-08-29,78.115201,Sentinel-2_L2A,"Sentinel-2 observation available but obscured by cloud cover (best: 78.1%, threshold: 30.0%)",S2C_MSIL2A_20260829T044701_R076_T45QVG_20260829T095112
1745,False,UNKNOWN,,2026-08-29,86.222446,Sentinel-2_L2A,"Sentinel-2 observation available but obscured by cloud cover (best: 86.2%, threshold: 30.0%)",S2C_MSIL2A_20260831T052641_R105_T43RGM_20260831T102215
1746,False,UNKNOWN,,2026-08-29,33.652875,Sentinel-2_L2A,"Sentinel-2 observation available but obscured by cloud cover (best: 33.7%, threshold: 30.0%)",S2B_MSIL2A_20260830T050649_R019_T43PGL_20260830T085227
1747,False,UNKNOWN,,2026-08-29,33.652875,Sentinel-2_L2A,"Sentinel-2 observation available but obscured by cloud cover (best: 33.7%, threshold: 30.0%)",S2B_MSIL2A_20260830T050649_R019_T43PGL_20260830T085227
1748,False,UNKNOWN,,2026-08-29,38.350433,Sentinel-2_L2A,"Sentinel-2 observation available but obscured by cloud cover (best: 38.4%, threshold: 30.0%)",S2B_MSIL2A_20260830T050649_R019_T43PHL_20260830T085227
1749,False,UNKNOWN,,2026-08-29,32.107139,Sentinel-2_L2A,"Sentinel-2 observation available but obscured by cloud cover (best: 32.1%, threshold: 30.0%)",S2B_MSIL2A_20260830T050649_R019_T43PGM_20260830T085227
1750,True,AnnualCrop,0.5387,2026-09-01T04:57:01.025000Z,1.527297,Sentinel-2_L2A,Satellite CNN prediction: AnnualCrop (confidence: 0.54),S2C_MSIL2A_20260901T045701_R119_T44PLS_20260901T094009
1751,True,SeaLake,0.4031,2026-09-01T04:57:01.025000Z,3.654139,Sentinel-2_L2A,Satellite CNN prediction: SeaLake (confidence: 0.40),S2C_MSIL2A_20260901T045701_R119_T44PKT_20260901T094009
1752,True,SeaLake,0.9861,2026-08-30T05:06:49.024000Z,20.921202,Sentinel-2_L2A,Satellite CNN prediction: SeaLake (confidence: 0.99),S2B_MSIL2A_20260830T050649_R019_T43PGN_20260830T085227
1753,True,SeaLake,0.9236,2026-08-30T05:06:49.024000Z,22.092167,Sentinel-2_L2A,Satellite CNN prediction: SeaLake (confidence: 0.92),S2B_MSIL2A_20260830T050649_R019_T43PHN_20260830T085227
1754,False,UNKNOWN,,2026-08-29,73.110265,Sentinel-2_L2A,"Sentinel-2 observation available but obscured by cloud cover (best: 73.1%, threshold: 30.0%)",S2C_MSIL2A_20260825T050651_R019_T44PLA_20260825T100208
1755,False,UNKNOWN,,2026-08-29,38.818815,Sentinel-2_L2A,"Sentinel-2 observation available but obscured by cloud cover (best: 38.8%, threshold: 30.0%)",S2B_MSIL2A_20260829T053639_R005_T43RDK_20260829T091959
1756,False,UNKNOWN,,2026-08-29,38.818815,Sentinel-2_L2A,"Sentinel-2 observation available but obscured by cloud cover (best: 38.8%, threshold: 30.0%)",S2B_MSIL2A_20260829T053639_R005_T43RDK_20260829T091959
1757,False,UNKNOWN,,2026-08-29,86.222446,Sentinel-2_L2A,"Sentinel-2 observation available but obscured by cloud cover (best: 86.2%, threshold: 30.0%)",S2C_MSIL2A_20260831T052641_R105_T43RGM_20260831T102215
1758,False,UNKNOWN,,2026-08-29,86.222446,Sentinel-2_L2A,"Sentinel-2 observation available but obscured by cloud cover (best: 86.2%, threshold: 30.0%)",S2C_MSIL2A_20260831T052641_R105_T43RGM_20260831T102215
1759,True,Pasture,0.3545,2026-08-31T05:26:41.025000Z,24.280852,Sentinel-2_L2A,Satellite CNN prediction: Pasture (confidence: 0.35),S2C_MSIL2A_20260831T052641_R105_T43RFM_20260831T102215
1760,True,SeaLake,0.7056,2026-08-31T05:26:41.025000Z,29.021177,Sentinel-2_L2A,Satellite CNN prediction: SeaLake (confidence: 0.71),S2C_MSIL2A_20260831T052641_R105_T43RFN_20260831T102215
1761,False,UNKNOWN,,2026-08-29,80.348277,Sentinel-2_L2A,"Sentinel-2 observation available but obscured by cloud cover (best: 80.3%, threshold: 30.0%)",S2C_MSIL2A_20260824T053641_R005_T43RBH_20260824T102214
1762,False,UNKNOWN,,2026-08-29,48.791593,Sentinel-2_L2A,"Sentinel-2 observation available but obscured by cloud cover (best: 48.8%, threshold: 30.0%)",S2C_MSIL2A_20260824T053641_R005_T43RDH_20260824T102214
1763,False,UNKNOWN,,2026-08-29,48.791593,Sentinel-2_L2A,"Sentinel-2 observation available but obscured by cloud cover (best: 48.8%, threshold: 30.0%)",S2C_MSIL2A_20260824T053641_R005_T43RDH_20260824T102214
1764,True,SeaLake,0.9954,2026-08-30T05:06:49.024000Z,20.921202,Sentinel-2_L2A,Satellite CNN prediction: SeaLake (confidence: 1.00),S2B_MSIL2A_20260830T050649_R019_T43PGN_20260830T085227
1765,False,UNKNOWN,,2026-08-29,36.648291,Sentinel-2_L2A,"Sentinel-2 observation available but obscured by cloud cover (best: 36.6%, threshold: 30.0%)",S2A_MSIL2A_20260830T052241_R062_T43PDQ_20260830T115854
1766,False,UNKNOWN,,2026-08-29,56.76921,Sentinel-2_L2A,"Sentinel-2 observation available but obscured by cloud cover (best: 56.8%, threshold: 30.0%)",S2C_MSIL2A_20260831T052641_R105_T43QCA_20260831T102215
1767,False,UNKNOWN,,2026-08-29,91.738844,Sentinel-2_L2A,"Sentinel-2 observation available but obscured by cloud cover (best: 91.7%, threshold: 30.0%)",S2B_MSIL2A_20260830T050649_R019_T43PHK_20260830T085227
1768,True,HerbaceousVegetation,0.9617,2026-09-01T04:57:01.025000Z,8.01251,Sentinel-2_L2A,Satellite CNN prediction: HerbaceousVegetation (confidence: 0.96),S2C_MSIL2A_20260901T045701_R119_T44PLB_20260901T094009
1769,False,UNKNOWN,,2026-08-30,92.577624,Sentinel-2_L2A,"Sentinel-2 observation available but obscured by cloud cover (best: 92.6%, threshold: 30.0%)",S2B_MSIL2A_20260903T044659_R076_T45QUG_20260903T084603
1770,False,UNKNOWN,,2026-08-30,78.115201,Sentinel-2_L2A,"Sentinel-2 observation available but obscured by cloud cover (best: 78.1%, threshold: 30.0%)",S2C_MSIL2A_20260829T044701_R076_T45QVG_20260829T095112
1771,False,UNKNOWN,,2026-08-30,68.188071,Sentinel-2_L2A,"Sentinel-2 observation available but obscured by cloud cover (best: 68.2%, threshold: 30.0%)",S2C_MSIL2A_20260830T041551_R090_T46RFS_20260830T123610
1772,False,UNKNOWN,,2026-08-30,46.380797,Sentinel-2_L2A,"Sentinel-2 observation available but obscured by cloud cover (best: 46.4%, threshold: 30.0%)",S2C_MSIL2A_20260827T040541_R047_T46RGS_20260827T082110
1773,False,UNKNOWN,,2026-08-30,91.738844,Sentinel-2_L2A,"Sentinel-2 observation available but obscured by cloud cover (best: 91.7%, threshold: 30.0%)",S2B_MSIL2A_20260830T050649_R019_T43PHK_20260830T085227
1774,False,UNKNOWN,,2026-08-30,33.652875,Sentinel-2_L2A,"Sentinel-2 observation available but obscured by cloud cover (best: 33.7%, threshold: 30.0%)",S2B_MSIL2A_20260830T050649_R019_T43PGL_20260830T085227
1775,False,UNKNOWN,,2026-08-30,33.652875,Sentinel-2_L2A,"Sentinel-2 observation available but obscured by cloud cover (best: 33.7%, threshold: 30.0%)",S2B_MSIL2A_20260830T050649_R019_T43PGL_20260830T085227
1776,False,UNKNOWN,,2026-08-30,30.858564,Sentinel-2_L2A,"Sentinel-2 observation available but obscured by cloud cover (best: 30.9%, threshold: 30.0%)",S2B_MSIL2A_20260830T050649_R019_T43PGP_20260830T085227
1777,True,Pasture,0.2421,2026-09-01T04:57:01.025000Z,20.702092,Sentinel-2_L2A,Satellite CNN prediction: Pasture (confidence: 0.24),S2C_MSIL2A_20260901T045701_R119_T44PLA_20260901T094009
1778,True,SeaLake,0.5679,2026-09-01T04:57:01.025000Z,16.892572,Sentinel-2_L2A,Satellite CNN prediction: SeaLake (confidence: 0.57),S2C_MSIL2A_20260901T045701_R119_T44PMA_20260901T094009
1779,True,SeaLake,0.9905,2026-09-01T04:57:01.025000Z,8.01251,Sentinel-2_L2A,Satellite CNN prediction: SeaLake (confidence: 0.99),S2C_MSIL2A_20260901T045701_R119_T44PLB_20260901T094009
1780,False,UNKNOWN,,2026-08-30,74.273312,Sentinel-2_L2A,"Sentinel-2 observation available but obscured by cloud cover (best: 74.3%, threshold: 30.0%)",S2C_MSIL2A_20260825T050651_R019_T43PGS_20260825T100208
1781,False,UNKNOWN,,2026-08-30,46.383104,Sentinel-2_L2A,"Sentinel-2 observation available but obscured by cloud cover (best: 46.4%, threshold: 30.0%)",S2B_MSIL2A_20260826T052639_R105_T43QDA_20260826T091619
1782,False,UNKNOWN,,2026-08-30,46.383104,Sentinel-2_L2A,"Sentinel-2 observation available but obscured by cloud cover (best: 46.4%, threshold: 30.0%)",S2B_MSIL2A_20260826T052639_R105_T43QDA_20260826T091619
1783,False,UNKNOWN,,2026-08-30,78.115201,Sentinel-2_L2A,"Sentinel-2 observation available but obscured by cloud cover (best: 78.1%, threshold: 30.0%)",S2C_MSIL2A_20260829T044701_R076_T45QVG_20260829T095112
1784,True,AnnualCrop,0.4092,2026-08-29T05:52:51.024000Z,0.000571,Sentinel-2_L2A,Satellite CNN prediction: AnnualCrop (confidence: 0.41),S2A_MSIL2A_20260829T055251_R048_T42RXR_20260829T121111
1785,True,Forest,0.4855,2026-08-29T05:52:51.024000Z,0.000571,Sentinel-2_L2A,Satellite CNN prediction: Forest (confidence: 0.49),S2A_MSIL2A_20260829T055251_R048_T42RXR_20260829T121111
1786,False,UNKNOWN,,2026-08-30,34.571916,Sentinel-2_L2A,"Sentinel-2 observation available but obscured by cloud cover (best: 34.6%, threshold: 30.0%)",S2B_MSIL2A_20260829T053639_R005_T43SFR_20260829T091959
1787,True,PermanentCrop,0.9676,2026-08-27T05:46:31.025000Z,22.924469,Sentinel-2_L2A,Satellite CNN prediction: PermanentCrop (confidence: 0.97),S2C_MSIL2A_20260827T054631_R048_T43SDT_20260827T085311
1788,False,UNKNOWN,,2026-08-30,70.970291,Sentinel-2_L2A,"Sentinel-2 observation available but obscured by cloud cover (best: 71.0%, threshold: 30.0%)",S2B_MSIL2A_20260830T050649_R019_T43PGK_20260830T085227
1789,False,UNKNOWN,,2026-08-30,32.107139,Sentinel-2_L2A,"Sentinel-2 observation available but obscured by cloud cover (best: 32.1%, threshold: 30.0%)",S2B_MSIL2A_20260830T050649_R019_T43PGM_20260830T085227
1790,True,Pasture,0.7894,2026-08-29T05:52:51.024000Z,0.000571,Sentinel-2_L2A,Satellite CNN prediction: Pasture (confidence: 0.79),S2A_MSIL2A_20260829T055251_R048_T42RXR_20260829T121111
1791,True,SeaLake,0.9799,2026-08-29T05:36:39.024000Z,20.75467,Sentinel-2_L2A,Satellite CNN prediction: SeaLake (confidence: 0.98),S2B_MSIL2A_20260829T053639_R005_T43SDR_20260829T091959
