cluster_id,observation_count,active_days,first_detection,last_detection,time_span_days,start_latitude,start_longitude,end_latitude,end_longitude,total_movement_distance_km,movement_rate_km_per_day,movement_bearing_degrees,movement_direction,movement_confidence,movement_status,direction,movement_pattern,direction_confidence,direction_confidence_score,direction_available
0,1,1,2026-08-01T06:57:00+00:00,2026-08-01T06:57:00+00:00,0.0,19.49014,85.20157,19.49014,85.20157,0.0,0.0,0.0,INSUFFICIENT_DATA,INSUFFICIENT_DATA,INSUFFICIENT_DATA,,insufficient_evidence,INSUFFICIENT,0,False
1,8,2,2026-08-01T06:59:00+00:00,2026-08-02T20:46:00+00:00,1.574,23.80371,86.3297,23.80306,86.32974,0.072,0.046,176.36,S,LOW,STATIONARY,,stationary,INSUFFICIENT,0,False
2,3,1,2026-08-01T07:50:00+00:00,2026-08-01T07:50:00+00:00,0.0,8.75679,78.18329,8.75679,78.18329,0.0,0.0,0.0,INSUFFICIENT_DATA,INSUFFICIENT_DATA,INSUFFICIENT_DATA,,insufficient_evidence,INSUFFICIENT,0,False
3,1,1,2026-08-01T07:50:00+00:00,2026-08-01T07:50:00+00:00,0.0,9.39618,78.85063,9.39618,78.85063,0.0,0.0,0.0,INSUFFICIENT_DATA,INSUFFICIENT_DATA,INSUFFICIENT_DATA,,insufficient_evidence,INSUFFICIENT,0,False
4,1,1,2026-08-01T07:50:00+00:00,2026-08-01T07:50:00+00:00,0.0,9.68989,78.37985,9.68989,78.37985,0.0,0.0,0.0,INSUFFICIENT_DATA,INSUFFICIENT_DATA,INSUFFICIENT_DATA,,insufficient_evidence,INSUFFICIENT,0,False
5,1,1,2026-08-01T07:50:00+00:00,2026-08-01T07:50:00+00:00,0.0,10.26295,79.14907,10.26295,79.14907,0.0,0.0,0.0,INSUFFICIENT_DATA,INSUFFICIENT_DATA,INSUFFICIENT_DATA,,insufficient_evidence,INSUFFICIENT,0,False
6,1,1,2026-08-01T07:50:00+00:00,2026-08-01T07:50:00+00:00,0.0,10.38009,78.3605,10.38009,78.3605,0.0,0.0,0.0,INSUFFICIENT_DATA,INSUFFICIENT_DATA,INSUFFICIENT_DATA,,insufficient_evidence,INSUFFICIENT,0,False
7,1,1,2026-08-01T07:50:00+00:00,2026-08-01T07:50:00+00:00,0.0,10.96096,79.73511,10.96096,79.73511,0.0,0.0,0.0,INSUFFICIENT_DATA,INSUFFICIENT_DATA,INSUFFICIENT_DATA,,insufficient_evidence,INSUFFICIENT,0,False
8,1,1,2026-08-01T07:50:00+00:00,2026-08-01T07:50:00+00:00,0.0,11.02383,78.76881,11.02383,78.76881,0.0,0.0,0.0,INSUFFICIENT_DATA,INSUFFICIENT_DATA,INSUFFICIENT_DATA,,insufficient_evidence,INSUFFICIENT,0,False
9,1,1,2026-08-01T07:50:00+00:00,2026-08-01T07:50:00+00:00,0.0,11.05059,79.3532,11.05059,79.3532,0.0,0.0,0.0,INSUFFICIENT_DATA,INSUFFICIENT_DATA,INSUFFICIENT_DATA,,insufficient_evidence,INSUFFICIENT,0,False
10,1,1,2026-08-01T07:50:00+00:00,2026-08-01T07:50:00+00:00,0.0,11.15094,78.02576,11.15094,78.02576,0.0,0.0,0.0,INSUFFICIENT_DATA,INSUFFICIENT_DATA,INSUFFICIENT_DATA,,insufficient_evidence,INSUFFICIENT,0,False
11,1,1,2026-08-01T07:50:00+00:00,2026-08-01T07:50:00+00:00,0.0,11.155,77.7301,11.155,77.7301,0.0,0.0,0.0,INSUFFICIENT_DATA,INSUFFICIENT_DATA,INSUFFICIENT_DATA,,insufficient_evidence,INSUFFICIENT,0,False
12,1,1,2026-08-01T07:50:00+00:00,2026-08-01T07:50:00+00:00,0.0,11.27329,78.15312,11.27329,78.15312,0.0,0.0,0.0,INSUFFICIENT_DATA,INSUFFICIENT_DATA,INSUFFICIENT_DATA,,insufficient_evidence,INSUFFICIENT,0,False
13,2,1,2026-08-01T07:50:00+00:00,2026-08-01T08:37:00+00:00,0.033,11.29058,79.78271,11.29058,79.78271,0.0,0.0,0.0,INSUFFICIENT_DATA,INSUFFICIENT_DATA,INSUFFICIENT_DATA,,insufficient_evidence,INSUFFICIENT,0,False
14,1,1,2026-08-01T07:50:00+00:00,2026-08-01T07:50:00+00:00,0.0,11.72811,78.7383,11.72811,78.7383,0.0,0.0,0.0,INSUFFICIENT_DATA,INSUFFICIENT_DATA,INSUFFICIENT_DATA,,insufficient_evidence,INSUFFICIENT,0,False
15,1,1,2026-08-01T07:50:00+00:00,2026-08-01T07:50:00+00:00,0.0,11.87308,79.73968,11.87308,79.73968,0.0,0.0,0.0,INSUFFICIENT_DATA,INSUFFICIENT_DATA,INSUFFICIENT_DATA,,insufficient_evidence,INSUFFICIENT,0,False
16,1,1,2026-08-01T07:50:00+00:00,2026-08-01T07:50:00+00:00,0.0,11.87655,79.37332,11.87655,79.37332,0.0,0.0,0.0,INSUFFICIENT_DATA,INSUFFICIENT_DATA,INSUFFICIENT_DATA,,insufficient_evidence,INSUFFICIENT,0,False
17,1,1,2026-08-01T07:50:00+00:00,2026-08-01T07:50:00+00:00,0.0,11.93526,79.55087,11.93526,79.55087,0.0,0.0,0.0,INSUFFICIENT_DATA,INSUFFICIENT_DATA,INSUFFICIENT_DATA,,insufficient_evidence,INSUFFICIENT,0,False
18,1,1,2026-08-01T07:50:00+00:00,2026-08-01T07:50:00+00:00,0.0,12.41949,80.10271,12.41949,80.10271,0.0,0.0,0.0,INSUFFICIENT_DATA,INSUFFICIENT_DATA,INSUFFICIENT_DATA,,insufficient_evidence,INSUFFICIENT,0,False
19,1,1,2026-08-01T07:50:00+00:00,2026-08-01T07:50:00+00:00,0.0,12.57915,79.24837,12.57915,79.24837,0.0,0.0,0.0,INSUFFICIENT_DATA,INSUFFICIENT_DATA,INSUFFICIENT_DATA,,insufficient_evidence,INSUFFICIENT,0,False
20,6,2,2026-08-01T07:52:00+00:00,2026-08-02T20:02:00+00:00,1.507,20.96636,86.01635,20.96879,86.01051,0.664,0.441,294.04,NW,LOW,MOVING,NW,directional,PRELIMINARY,33,True
21,1,1,2026-08-01T07:52:00+00:00,2026-08-01T07:52:00+00:00,0.0,21.29788,81.60934,21.29788,81.60934,0.0,0.0,0.0,INSUFFICIENT_DATA,INSUFFICIENT_DATA,INSUFFICIENT_DATA,,insufficient_evidence,INSUFFICIENT,0,False
22,16,2,2026-08-01T07:52:00+00:00,2026-08-02T08:20:00+00:00,1.019,21.75017,83.84378,21.74968,83.84399,0.059,0.057,158.15,S,LOW,STATIONARY,,stationary,INSUFFICIENT,0,False
23,1,1,2026-08-01T07:52:00+00:00,2026-08-01T07:52:00+00:00,0.0,21.91989,83.35123,21.91989,83.35123,0.0,0.0,0.0,INSUFFICIENT_DATA,INSUFFICIENT_DATA,INSUFFICIENT_DATA,,insufficient_evidence,INSUFFICIENT,0,False
24,8,3,2026-08-01T07:52:00+00:00,2026-08-04T07:41:00+00:00,2.992,22.35779,82.30262,22.358,82.30145,0.123,0.041,281.15,W,LOW,STATIONARY,,stationary,INSUFFICIENT,0,False
25,3,2,2026-08-01T07:52:00+00:00,2026-08-03T19:45:00+00:00,2.495,22.78672,86.20246,22.78971,86.19771,0.59,0.236,304.25,NW,LOW,MOVING,NW,directional,PRELIMINARY,33,True
26,2,1,2026-08-01T07:52:00+00:00,2026-08-01T20:19:00+00:00,0.519,23.78686,85.55264,23.78686,85.55264,0.0,0.0,0.0,INSUFFICIENT_DATA,INSUFFICIENT_DATA,INSUFFICIENT_DATA,,insufficient_evidence,INSUFFICIENT,0,False
27,1,1,2026-08-01T07:52:00+00:00,2026-08-01T07:52:00+00:00,0.0,24.14243,82.71046,24.14243,82.71046,0.0,0.0,0.0,INSUFFICIENT_DATA,INSUFFICIENT_DATA,INSUFFICIENT_DATA,,insufficient_evidence,INSUFFICIENT,0,False
28,1,1,2026-08-01T07:52:00+00:00,2026-08-01T07:52:00+00:00,0.0,24.16346,82.63028,24.16346,82.63028,0.0,0.0,0.0,INSUFFICIENT_DATA,INSUFFICIENT_DATA,INSUFFICIENT_DATA,,insufficient_evidence,INSUFFICIENT,0,False
29,1,1,2026-08-01T07:52:00+00:00,2026-08-01T07:52:00+00:00,0.0,24.20259,82.70964,24.20259,82.70964,0.0,0.0,0.0,INSUFFICIENT_DATA,INSUFFICIENT_DATA,INSUFFICIENT_DATA,,insufficient_evidence,INSUFFICIENT,0,False
30,1,1,2026-08-01T08:37:00+00:00,2026-08-01T08:37:00+00:00,0.0,10.93222,78.44296,10.93222,78.44296,0.0,0.0,0.0,INSUFFICIENT_DATA,INSUFFICIENT_DATA,INSUFFICIENT_DATA,,insufficient_evidence,INSUFFICIENT,0,False
31,1,1,2026-08-01T08:37:00+00:00,2026-08-01T08:37:00+00:00,0.0,11.21864,78.20132,11.21864,78.20132,0.0,0.0,0.0,INSUFFICIENT_DATA,INSUFFICIENT_DATA,INSUFFICIENT_DATA,,insufficient_evidence,INSUFFICIENT,0,False
32,1,1,2026-08-01T08:37:00+00:00,2026-08-01T08:37:00+00:00,0.0,11.32136,79.04636,11.32136,79.04636,0.0,0.0,0.0,INSUFFICIENT_DATA,INSUFFICIENT_DATA,INSUFFICIENT_DATA,,insufficient_evidence,INSUFFICIENT,0,False
33,1,1,2026-08-01T08:37:00+00:00,2026-08-01T08:37:00+00:00,0.0,11.80317,78.73422,11.80317,78.73422,0.0,0.0,0.0,INSUFFICIENT_DATA,INSUFFICIENT_DATA,INSUFFICIENT_DATA,,insufficient_evidence,INSUFFICIENT,0,False
34,1,1,2026-08-01T08:37:00+00:00,2026-08-01T08:37:00+00:00,0.0,11.88981,79.31049,11.88981,79.31049,0.0,0.0,0.0,INSUFFICIENT_DATA,INSUFFICIENT_DATA,INSUFFICIENT_DATA,,insufficient_evidence,INSUFFICIENT,0,False
35,2,1,2026-08-01T08:37:00+00:00,2026-08-01T08:37:00+00:00,0.0,11.96006,79.44642,11.96006,79.44642,0.0,0.0,0.0,INSUFFICIENT_DATA,INSUFFICIENT_DATA,INSUFFICIENT_DATA,,insufficient_evidence,INSUFFICIENT,0,False
36,2,1,2026-08-01T08:37:00+00:00,2026-08-01T08:37:00+00:00,0.0,12.0519,79.67217,12.0519,79.67217,0.0,0.0,0.0,INSUFFICIENT_DATA,INSUFFICIENT_DATA,INSUFFICIENT_DATA,,insufficient_evidence,INSUFFICIENT,0,False
37,1,1,2026-08-01T08:37:00+00:00,2026-08-01T08:37:00+00:00,0.0,12.32935,79.62632,12.32935,79.62632,0.0,0.0,0.0,INSUFFICIENT_DATA,INSUFFICIENT_DATA,INSUFFICIENT_DATA,,insufficient_evidence,INSUFFICIENT,0,False
38,1,1,2026-08-01T08:39:00+00:00,2026-08-01T08:39:00+00:00,0.0,27.51347,71.62677,27.51347,71.62677,0.0,0.0,0.0,INSUFFICIENT_DATA,INSUFFICIENT_DATA,INSUFFICIENT_DATA,,insufficient_evidence,INSUFFICIENT,0,False
39,19,3,2026-08-01T19:25:00+00:00,2026-08-04T07:41:00+00:00,2.511,20.79426,85.25398,20.79527,85.25335,0.13,0.052,329.83,NW,LOW,STATIONARY,,stationary,INSUFFICIENT,0,False
40,7,3,2026-08-01T19:25:00+00:00,2026-08-03T19:45:00+00:00,2.014,20.86213,84.98734,20.86311,84.99036,0.332,0.165,70.76,E,LOW,STATIONARY,,stationary,INSUFFICIENT,0,False
41,3,1,2026-08-01T19:25:00+00:00,2026-08-01T20:21:00+00:00,0.039,21.33692,78.96837,21.33692,78.96837,0.0,0.0,0.0,INSUFFICIENT_DATA,INSUFFICIENT_DATA,INSUFFICIENT_DATA,,insufficient_evidence,INSUFFICIENT,0,False
42,2,1,2026-08-01T19:25:00+00:00,2026-08-01T20:21:00+00:00,0.039,21.6233,81.79381,21.6233,81.79381,0.0,0.0,0.0,INSUFFICIENT_DATA,INSUFFICIENT_DATA,INSUFFICIENT_DATA,,insufficient_evidence,INSUFFICIENT,0,False
43,3,2,2026-08-01T19:25:00+00:00,2026-08-02T20:02:00+00:00,1.026,21.80114,82.03998,21.8016,82.03996,0.051,0.05,358.27,N,LOW,STATIONARY,,stationary,INSUFFICIENT,0,False
44,2,1,2026-08-01T19:25:00+00:00,2026-08-01T19:25:00+00:00,0.0,21.9695,85.31496,21.9695,85.31496,0.0,0.0,0.0,INSUFFICIENT_DATA,INSUFFICIENT_DATA,INSUFFICIENT_DATA,,insufficient_evidence,INSUFFICIENT,0,False
45,2,2,2026-08-01T19:25:00+00:00,2026-08-02T20:02:00+00:00,1.026,22.24599,87.38873,22.24586,87.38796,0.081,0.079,259.66,W,LOW,STATIONARY,,stationary,INSUFFICIENT,0,False
46,5,1,2026-08-01T19:25:00+00:00,2026-08-01T20:21:00+00:00,0.039,22.32016,82.56528,22.32016,82.56528,0.0,0.0,0.0,INSUFFICIENT_DATA,INSUFFICIENT_DATA,INSUFFICIENT_DATA,,insufficient_evidence,INSUFFICIENT,0,False
47,2,1,2026-08-01T19:25:00+00:00,2026-08-01T20:21:00+00:00,0.039,22.32565,82.54844,22.32565,82.54844,0.0,0.0,0.0,INSUFFICIENT_DATA,INSUFFICIENT_DATA,INSUFFICIENT_DATA,,insufficient_evidence,INSUFFICIENT,0,False
48,3,1,2026-08-01T19:25:00+00:00,2026-08-01T20:21:00+00:00,0.039,22.3312,82.60649,22.3312,82.60649,0.0,0.0,0.0,INSUFFICIENT_DATA,INSUFFICIENT_DATA,INSUFFICIENT_DATA,,insufficient_evidence,INSUFFICIENT,0,False
49,10,3,2026-08-01T19:25:00+00:00,2026-08-03T20:27:00+00:00,2.043,22.35926,87.29333,22.36121,87.29737,0.469,0.23,62.42,NE,LOW,STATIONARY,,stationary,INSUFFICIENT,0,False
50,12,3,2026-08-01T19:25:00+00:00,2026-08-03T20:27:00+00:00,2.043,22.37682,87.27842,22.37657,87.27838,0.028,0.014,188.88,S,LOW,STATIONARY,,stationary,INSUFFICIENT,0,False
51,3,1,2026-08-01T19:25:00+00:00,2026-08-01T20:19:00+00:00,0.037,23.64753,85.43897,23.64753,85.43897,0.0,0.0,0.0,INSUFFICIENT_DATA,INSUFFICIENT_DATA,INSUFFICIENT_DATA,,insufficient_evidence,INSUFFICIENT,0,False
52,2,1,2026-08-01T19:25:00+00:00,2026-08-01T19:25:00+00:00,0.0,23.66469,84.99832,23.66469,84.99832,0.0,0.0,0.0,INSUFFICIENT_DATA,INSUFFICIENT_DATA,INSUFFICIENT_DATA,,insufficient_evidence,INSUFFICIENT,0,False
53,20,2,2026-08-01T19:25:00+00:00,2026-08-02T20:02:00+00:00,1.026,23.6806,86.39608,23.68049,86.39709,0.104,0.102,96.73,E,LOW,STATIONARY,,stationary,INSUFFICIENT,0,False
54,7,2,2026-08-01T19:25:00+00:00,2026-08-02T20:02:00+00:00,1.026,23.68786,87.12221,23.69143,87.11569,0.774,0.754,300.89,NW,LOW,MOVING,NW,directional,PRELIMINARY,33,True
55,4,2,2026-08-01T19:25:00+00:00,2026-08-02T20:02:00+00:00,1.026,23.71762,86.44443,23.71371,86.45043,0.749,0.73,125.46,SE,LOW,MOVING,SE,directional,PRELIMINARY,33,True
56,1,1,2026-08-01T19:25:00+00:00,2026-08-01T19:25:00+00:00,0.0,23.7275,85.00492,23.7275,85.00492,0.0,0.0,0.0,INSUFFICIENT_DATA,INSUFFICIENT_DATA,INSUFFICIENT_DATA,,insufficient_evidence,INSUFFICIENT,0,False
57,2,1,2026-08-01T19:25:00+00:00,2026-08-01T20:19:00+00:00,0.037,23.73708,86.43409,23.73708,86.43409,0.0,0.0,0.0,INSUFFICIENT_DATA,INSUFFICIENT_DATA,INSUFFICIENT_DATA,,insufficient_evidence,INSUFFICIENT,0,False
58,16,2,2026-08-01T19:25:00+00:00,2026-08-02T20:02:00+00:00,1.026,23.76053,86.40311,23.76307,86.40215,0.299,0.291,340.9,N,LOW,STATIONARY,,stationary,INSUFFICIENT,0,False
59,4,1,2026-08-01T19:25:00+00:00,2026-08-01T20:19:00+00:00,0.037,24.11904,86.86152,24.11904,86.86152,0.0,0.0,0.0,INSUFFICIENT_DATA,INSUFFICIENT_DATA,INSUFFICIENT_DATA,,insufficient_evidence,INSUFFICIENT,0,False
60,6,1,2026-08-01T19:30:00+00:00,2026-08-01T20:25:00+00:00,0.038,8.82591,78.08715,8.82591,78.08715,0.0,0.0,0.0,INSUFFICIENT_DATA,INSUFFICIENT_DATA,INSUFFICIENT_DATA,,insufficient_evidence,INSUFFICIENT,0,False
61,1,1,2026-08-01T19:30:00+00:00,2026-08-01T19:30:00+00:00,0.0,9.14897,78.30833,9.14897,78.30833,0.0,0.0,0.0,INSUFFICIENT_DATA,INSUFFICIENT_DATA,INSUFFICIENT_DATA,,insufficient_evidence,INSUFFICIENT,0,False
62,5,2,2026-08-01T20:19:00+00:00,2026-08-02T07:33:00+00:00,0.468,23.16542,82.34002,23.16589,82.34008,0.052,0.112,7.01,N,LOW,STATIONARY,,stationary,INSUFFICIENT,0,False
63,5,2,2026-08-01T20:19:00+00:00,2026-08-02T19:06:00+00:00,0.949,23.6821,86.09514,23.67835,86.08409,1.201,1.265,249.63,W,MEDIUM,MOVING,W,directional,PRELIMINARY,33,True
64,1,1,2026-08-01T20:19:00+00:00,2026-08-01T20:19:00+00:00,0.0,23.69513,85.28842,23.69513,85.28842,0.0,0.0,0.0,INSUFFICIENT_DATA,INSUFFICIENT_DATA,INSUFFICIENT_DATA,,insufficient_evidence,INSUFFICIENT,0,False
65,4,2,2026-08-01T20:19:00+00:00,2026-08-02T20:02:00+00:00,0.988,23.77422,86.36267,23.77583,86.36382,0.214,0.217,33.12,NE,LOW,STATIONARY,,stationary,INSUFFICIENT,0,False
66,4,2,2026-08-01T20:19:00+00:00,2026-08-02T20:02:00+00:00,0.988,23.77842,86.38842,23.77811,86.38837,0.035,0.036,187.76,S,LOW,STATIONARY,,stationary,INSUFFICIENT,0,False
67,3,1,2026-08-01T20:19:00+00:00,2026-08-01T20:19:00+00:00,0.0,23.78277,85.57211,23.78277,85.57211,0.0,0.0,0.0,INSUFFICIENT_DATA,INSUFFICIENT_DATA,INSUFFICIENT_DATA,,insufficient_evidence,INSUFFICIENT,0,False
68,3,2,2026-08-01T20:19:00+00:00,2026-08-02T20:02:00+00:00,0.988,23.78488,86.3416,23.78182,86.34728,0.67,0.679,120.44,SE,LOW,MOVING,SE,directional,PRELIMINARY,33,True
69,1,1,2026-08-01T20:19:00+00:00,2026-08-01T20:19:00+00:00,0.0,23.79527,86.23495,23.79527,86.23495,0.0,0.0,0.0,INSUFFICIENT_DATA,INSUFFICIENT_DATA,INSUFFICIENT_DATA,,insufficient_evidence,INSUFFICIENT,0,False
70,4,2,2026-08-01T20:19:00+00:00,2026-08-02T20:02:00+00:00,0.988,23.79707,86.35059,23.7961,86.35147,0.14,0.142,140.51,SE,LOW,STATIONARY,,stationary,INSUFFICIENT,0,False
71,1,1,2026-08-01T20:19:00+00:00,2026-08-01T20:19:00+00:00,0.0,23.82386,85.49789,23.82386,85.49789,0.0,0.0,0.0,INSUFFICIENT_DATA,INSUFFICIENT_DATA,INSUFFICIENT_DATA,,insufficient_evidence,INSUFFICIENT,0,False
72,3,3,2026-08-01T20:19:00+00:00,2026-08-05T20:46:00+00:00,4.019,24.76533,74.60587,24.76417,74.60862,0.306,0.076,114.92,SE,LOW,STATIONARY,,stationary,INSUFFICIENT,0,False
73,2,2,2026-08-01T20:19:00+00:00,2026-08-02T20:02:00+00:00,0.988,25.03351,87.3898,25.03508,87.38956,0.176,0.178,352.11,N,LOW,STATIONARY,,stationary,INSUFFICIENT,0,False
74,3,1,2026-08-01T20:19:00+00:00,2026-08-01T21:06:00+00:00,0.033,26.64242,79.47906,26.64242,79.47906,0.0,0.0,0.0,INSUFFICIENT_DATA,INSUFFICIENT_DATA,INSUFFICIENT_DATA,,insufficient_evidence,INSUFFICIENT,0,False
75,2,1,2026-08-01T20:21:00+00:00,2026-08-01T20:21:00+00:00,0.0,17.13998,77.1815,17.13998,77.1815,0.0,0.0,0.0,INSUFFICIENT_DATA,INSUFFICIENT_DATA,INSUFFICIENT_DATA,,insufficient_evidence,INSUFFICIENT,0,False
76,16,4,2026-08-01T20:21:00+00:00,2026-08-04T19:25:00+00:00,2.961,17.61027,83.2024,17.61057,83.20392,0.165,0.056,78.3,E,LOW,STATIONARY,,stationary,INSUFFICIENT,0,False
77,2,2,2026-08-01T20:21:00+00:00,2026-08-03T08:01:00+00:00,1.486,20.69718,78.63522,20.69543,78.63831,0.376,0.253,121.19,SE,LOW,STATIONARY,,stationary,INSUFFICIENT,0,False
78,1,1,2026-08-01T20:21:00+00:00,2026-08-01T20:21:00+00:00,0.0,21.00937,80.87962,21.00937,80.87962,0.0,0.0,0.0,INSUFFICIENT_DATA,INSUFFICIENT_DATA,INSUFFICIENT_DATA,,insufficient_evidence,INSUFFICIENT,0,False
79,6,2,2026-08-01T20:21:00+00:00,2026-08-04T20:10:00+00:00,2.992,21.18491,81.38807,21.192,81.39223,0.898,0.3,28.71,NE,LOW,MOVING,NE,directional,PRELIMINARY,33,True
80,1,1,2026-08-01T20:21:00+00:00,2026-08-01T20:21:00+00:00,0.0,21.18909,81.20028,21.18909,81.20028,0.0,0.0,0.0,INSUFFICIENT_DATA,INSUFFICIENT_DATA,INSUFFICIENT_DATA,,insufficient_evidence,INSUFFICIENT,0,False
81,3,2,2026-08-01T20:21:00+00:00,2026-08-02T20:46:00+00:00,1.017,21.24896,79.20756,21.2485,79.20795,0.065,0.064,142.04,SE,LOW,STATIONARY,,stationary,INSUFFICIENT,0,False
82,1,1,2026-08-01T20:21:00+00:00,2026-08-01T20:21:00+00:00,0.0,21.56129,81.75552,21.56129,81.75552,0.0,0.0,0.0,INSUFFICIENT_DATA,INSUFFICIENT_DATA,INSUFFICIENT_DATA,,insufficient_evidence,INSUFFICIENT,0,False
83,1,1,2026-08-01T20:21:00+00:00,2026-08-01T20:21:00+00:00,0.0,21.63124,82.11251,21.63124,82.11251,0.0,0.0,0.0,INSUFFICIENT_DATA,INSUFFICIENT_DATA,INSUFFICIENT_DATA,,insufficient_evidence,INSUFFICIENT,0,False
84,1,1,2026-08-01T20:21:00+00:00,2026-08-01T20:21:00+00:00,0.0,21.67444,82.08134,21.67444,82.08134,0.0,0.0,0.0,INSUFFICIENT_DATA,INSUFFICIENT_DATA,INSUFFICIENT_DATA,,insufficient_evidence,INSUFFICIENT,0,False
85,1,1,2026-08-01T20:21:00+00:00,2026-08-01T20:21:00+00:00,0.0,21.73024,82.21424,21.73024,82.21424,0.0,0.0,0.0,INSUFFICIENT_DATA,INSUFFICIENT_DATA,INSUFFICIENT_DATA,,insufficient_evidence,INSUFFICIENT,0,False
86,1,1,2026-08-01T20:21:00+00:00,2026-08-01T20:21:00+00:00,0.0,22.00468,82.67042,22.00468,82.67042,0.0,0.0,0.0,INSUFFICIENT_DATA,INSUFFICIENT_DATA,INSUFFICIENT_DATA,,insufficient_evidence,INSUFFICIENT,0,False
87,1,1,2026-08-01T20:21:00+00:00,2026-08-01T20:21:00+00:00,0.0,22.31705,82.53432,22.31705,82.53432,0.0,0.0,0.0,INSUFFICIENT_DATA,INSUFFICIENT_DATA,INSUFFICIENT_DATA,,insufficient_evidence,INSUFFICIENT,0,False
88,1,1,2026-08-01T20:23:00+00:00,2026-08-01T20:23:00+00:00,0.0,10.63879,77.44735,10.63879,77.44735,0.0,0.0,0.0,INSUFFICIENT_DATA,INSUFFICIENT_DATA,INSUFFICIENT_DATA,,insufficient_evidence,INSUFFICIENT,0,False
89,1,1,2026-08-01T20:23:00+00:00,2026-08-01T20:23:00+00:00,0.0,11.28767,79.75057,11.28767,79.75057,0.0,0.0,0.0,INSUFFICIENT_DATA,INSUFFICIENT_DATA,INSUFFICIENT_DATA,,insufficient_evidence,INSUFFICIENT,0,False
90,1,1,2026-08-01T20:23:00+00:00,2026-08-01T20:23:00+00:00,0.0,11.36164,79.23067,11.36164,79.23067,0.0,0.0,0.0,INSUFFICIENT_DATA,INSUFFICIENT_DATA,INSUFFICIENT_DATA,,insufficient_evidence,INSUFFICIENT,0,False
91,1,1,2026-08-01T20:23:00+00:00,2026-08-01T20:23:00+00:00,0.0,11.42618,77.49764,11.42618,77.49764,0.0,0.0,0.0,INSUFFICIENT_DATA,INSUFFICIENT_DATA,INSUFFICIENT_DATA,,insufficient_evidence,INSUFFICIENT,0,False
92,1,1,2026-08-01T20:23:00+00:00,2026-08-01T20:23:00+00:00,0.0,11.81586,77.9163,11.81586,77.9163,0.0,0.0,0.0,INSUFFICIENT_DATA,INSUFFICIENT_DATA,INSUFFICIENT_DATA,,insufficient_evidence,INSUFFICIENT,0,False
93,1,1,2026-08-01T20:25:00+00:00,2026-08-01T20:25:00+00:00,0.0,8.66925,77.99277,8.66925,77.99277,0.0,0.0,0.0,INSUFFICIENT_DATA,INSUFFICIENT_DATA,INSUFFICIENT_DATA,,insufficient_evidence,INSUFFICIENT,0,False
94,1,1,2026-08-01T21:06:00+00:00,2026-08-01T21:06:00+00:00,0.0,26.87533,73.51517,26.87533,73.51517,0.0,0.0,0.0,INSUFFICIENT_DATA,INSUFFICIENT_DATA,INSUFFICIENT_DATA,,insufficient_evidence,INSUFFICIENT,0,False
95,2,2,2026-08-01T21:08:00+00:00,2026-08-03T21:23:00+00:00,2.01,22.9327,69.6986,22.93262,69.69827,0.035,0.017,255.25,W,LOW,STATIONARY,,stationary,INSUFFICIENT,0,False
96,1,1,2026-08-02T07:29:00+00:00,2026-08-02T07:29:00+00:00,0.0,10.61565,79.65601,10.61565,79.65601,0.0,0.0,0.0,INSUFFICIENT_DATA,INSUFFICIENT_DATA,INSUFFICIENT_DATA,,insufficient_evidence,INSUFFICIENT,0,False
97,1,1,2026-08-02T07:29:00+00:00,2026-08-02T07:29:00+00:00,0.0,10.88474,79.83207,10.88474,79.83207,0.0,0.0,0.0,INSUFFICIENT_DATA,INSUFFICIENT_DATA,INSUFFICIENT_DATA,,insufficient_evidence,INSUFFICIENT,0,False
98,1,1,2026-08-02T07:29:00+00:00,2026-08-02T07:29:00+00:00,0.0,10.94911,79.78835,10.94911,79.78835,0.0,0.0,0.0,INSUFFICIENT_DATA,INSUFFICIENT_DATA,INSUFFICIENT_DATA,,insufficient_evidence,INSUFFICIENT,0,False
99,1,1,2026-08-02T07:29:00+00:00,2026-08-02T07:29:00+00:00,0.0,11.18027,79.53069,11.18027,79.53069,0.0,0.0,0.0,INSUFFICIENT_DATA,INSUFFICIENT_DATA,INSUFFICIENT_DATA,,insufficient_evidence,INSUFFICIENT,0,False
100,1,1,2026-08-02T07:31:00+00:00,2026-08-02T07:31:00+00:00,0.0,11.49028,79.55821,11.49028,79.55821,0.0,0.0,0.0,INSUFFICIENT_DATA,INSUFFICIENT_DATA,INSUFFICIENT_DATA,,insufficient_evidence,INSUFFICIENT,0,False
101,1,1,2026-08-02T07:31:00+00:00,2026-08-02T07:31:00+00:00,0.0,12.04076,79.63448,12.04076,79.63448,0.0,0.0,0.0,INSUFFICIENT_DATA,INSUFFICIENT_DATA,INSUFFICIENT_DATA,,insufficient_evidence,INSUFFICIENT,0,False
102,2,1,2026-08-02T07:31:00+00:00,2026-08-02T08:16:00+00:00,0.031,12.06288,78.75271,12.06288,78.75271,0.0,0.0,0.0,INSUFFICIENT_DATA,INSUFFICIENT_DATA,INSUFFICIENT_DATA,,insufficient_evidence,INSUFFICIENT,0,False
103,1,1,2026-08-02T07:31:00+00:00,2026-08-02T07:31:00+00:00,0.0,13.6854,78.08358,13.6854,78.08358,0.0,0.0,0.0,INSUFFICIENT_DATA,INSUFFICIENT_DATA,INSUFFICIENT_DATA,,insufficient_evidence,INSUFFICIENT,0,False
104,1,1,2026-08-02T07:31:00+00:00,2026-08-02T07:31:00+00:00,0.0,14.67235,79.53287,14.67235,79.53287,0.0,0.0,0.0,INSUFFICIENT_DATA,INSUFFICIENT_DATA,INSUFFICIENT_DATA,,insufficient_evidence,INSUFFICIENT,0,False
105,1,1,2026-08-02T07:31:00+00:00,2026-08-02T07:31:00+00:00,0.0,15.1253,76.765,15.1253,76.765,0.0,0.0,0.0,INSUFFICIENT_DATA,INSUFFICIENT_DATA,INSUFFICIENT_DATA,,insufficient_evidence,INSUFFICIENT,0,False
106,2,1,2026-08-02T07:31:00+00:00,2026-08-02T08:18:00+00:00,0.033,17.3469,80.85074,17.3469,80.85074,0.0,0.0,0.0,INSUFFICIENT_DATA,INSUFFICIENT_DATA,INSUFFICIENT_DATA,,insufficient_evidence,INSUFFICIENT,0,False
107,15,3,2026-08-02T07:31:00+00:00,2026-08-04T20:10:00+00:00,2.527,19.0998,82.16684,19.09944,82.16756,0.086,0.034,118.08,SE,LOW,STATIONARY,,stationary,INSUFFICIENT,0,False
108,1,1,2026-08-02T07:33:00+00:00,2026-08-02T07:33:00+00:00,0.0,21.07794,85.03757,21.07794,85.03757,0.0,0.0,0.0,INSUFFICIENT_DATA,INSUFFICIENT_DATA,INSUFFICIENT_DATA,,insufficient_evidence,INSUFFICIENT,0,False
109,2,1,2026-08-02T07:33:00+00:00,2026-08-02T07:33:00+00:00,0.0,21.6755,84.04032,21.6755,84.04032,0.0,0.0,0.0,INSUFFICIENT_DATA,INSUFFICIENT_DATA,INSUFFICIENT_DATA,,insufficient_evidence,INSUFFICIENT,0,False
110,1,1,2026-08-02T07:33:00+00:00,2026-08-02T07:33:00+00:00,0.0,21.76636,84.02389,21.76636,84.02389,0.0,0.0,0.0,INSUFFICIENT_DATA,INSUFFICIENT_DATA,INSUFFICIENT_DATA,,insufficient_evidence,INSUFFICIENT,0,False
111,3,2,2026-08-02T07:33:00+00:00,2026-08-03T20:27:00+00:00,1.538,22.36522,87.01934,22.36231,87.0182,0.344,0.224,199.92,S,LOW,STATIONARY,,stationary,INSUFFICIENT,0,False
112,3,2,2026-08-02T07:33:00+00:00,2026-08-04T07:41:00+00:00,2.006,22.57299,85.89765,22.57145,85.89578,0.257,0.128,228.36,SW,LOW,STATIONARY,,stationary,INSUFFICIENT,0,False
113,1,1,2026-08-02T07:33:00+00:00,2026-08-02T07:33:00+00:00,0.0,26.00009,93.45987,26.00009,93.45987,0.0,0.0,0.0,INSUFFICIENT_DATA,INSUFFICIENT_DATA,INSUFFICIENT_DATA,,insufficient_evidence,INSUFFICIENT,0,False
114,1,1,2026-08-02T07:35:00+00:00,2026-08-02T07:35:00+00:00,0.0,28.18286,76.60889,28.18286,76.60889,0.0,0.0,0.0,INSUFFICIENT_DATA,INSUFFICIENT_DATA,INSUFFICIENT_DATA,,insufficient_evidence,INSUFFICIENT,0,False
115,4,1,2026-08-02T07:35:00+00:00,2026-08-02T07:35:00+00:00,0.0,29.59667,76.10747,29.59667,76.10747,0.0,0.0,0.0,INSUFFICIENT_DATA,INSUFFICIENT_DATA,INSUFFICIENT_DATA,,insufficient_evidence,INSUFFICIENT,0,False
116,1,1,2026-08-02T07:35:00+00:00,2026-08-02T07:35:00+00:00,0.0,29.63628,77.26997,29.63628,77.26997,0.0,0.0,0.0,INSUFFICIENT_DATA,INSUFFICIENT_DATA,INSUFFICIENT_DATA,,insufficient_evidence,INSUFFICIENT,0,False
117,1,1,2026-08-02T07:35:00+00:00,2026-08-02T07:35:00+00:00,0.0,29.99296,73.6627,29.99296,73.6627,0.0,0.0,0.0,INSUFFICIENT_DATA,INSUFFICIENT_DATA,INSUFFICIENT_DATA,,insufficient_evidence,INSUFFICIENT,0,False
118,1,1,2026-08-02T08:16:00+00:00,2026-08-02T08:16:00+00:00,0.0,8.90865,78.03073,8.90865,78.03073,0.0,0.0,0.0,INSUFFICIENT_DATA,INSUFFICIENT_DATA,INSUFFICIENT_DATA,,insufficient_evidence,INSUFFICIENT,0,False
119,1,1,2026-08-02T08:16:00+00:00,2026-08-02T08:16:00+00:00,0.0,9.29566,77.94614,9.29566,77.94614,0.0,0.0,0.0,INSUFFICIENT_DATA,INSUFFICIENT_DATA,INSUFFICIENT_DATA,,insufficient_evidence,INSUFFICIENT,0,False
120,3,1,2026-08-02T08:16:00+00:00,2026-08-02T08:16:00+00:00,0.0,11.41044,79.68736,11.41044,79.68736,0.0,0.0,0.0,INSUFFICIENT_DATA,INSUFFICIENT_DATA,INSUFFICIENT_DATA,,insufficient_evidence,INSUFFICIENT,0,False
121,1,1,2026-08-02T08:16:00+00:00,2026-08-02T08:16:00+00:00,0.0,12.45999,78.99902,12.45999,78.99902,0.0,0.0,0.0,INSUFFICIENT_DATA,INSUFFICIENT_DATA,INSUFFICIENT_DATA,,insufficient_evidence,INSUFFICIENT,0,False
122,1,1,2026-08-02T08:16:00+00:00,2026-08-02T08:16:00+00:00,0.0,12.82108,76.97945,12.82108,76.97945,0.0,0.0,0.0,INSUFFICIENT_DATA,INSUFFICIENT_DATA,INSUFFICIENT_DATA,,insufficient_evidence,INSUFFICIENT,0,False
123,1,1,2026-08-02T08:18:00+00:00,2026-08-02T08:18:00+00:00,0.0,13.78007,76.9473,13.78007,76.9473,0.0,0.0,0.0,INSUFFICIENT_DATA,INSUFFICIENT_DATA,INSUFFICIENT_DATA,,insufficient_evidence,INSUFFICIENT,0,False
124,1,1,2026-08-02T08:18:00+00:00,2026-08-02T08:18:00+00:00,0.0,13.93042,77.46671,13.93042,77.46671,0.0,0.0,0.0,INSUFFICIENT_DATA,INSUFFICIENT_DATA,INSUFFICIENT_DATA,,insufficient_evidence,INSUFFICIENT,0,False
125,1,1,2026-08-02T08:18:00+00:00,2026-08-02T08:18:00+00:00,0.0,14.1473,77.31364,14.1473,77.31364,0.0,0.0,0.0,INSUFFICIENT_DATA,INSUFFICIENT_DATA,INSUFFICIENT_DATA,,insufficient_evidence,INSUFFICIENT,0,False
126,4,1,2026-08-02T08:18:00+00:00,2026-08-02T08:18:00+00:00,0.0,14.25055,77.45954,14.25055,77.45954,0.0,0.0,0.0,INSUFFICIENT_DATA,INSUFFICIENT_DATA,INSUFFICIENT_DATA,,insufficient_evidence,INSUFFICIENT,0,False
127,8,1,2026-08-02T08:18:00+00:00,2026-08-02T08:18:00+00:00,0.0,14.28534,77.43562,14.28534,77.43562,0.0,0.0,0.0,INSUFFICIENT_DATA,INSUFFICIENT_DATA,INSUFFICIENT_DATA,,insufficient_evidence,INSUFFICIENT,0,False
128,1,1,2026-08-02T08:18:00+00:00,2026-08-02T08:18:00+00:00,0.0,14.30635,77.44534,14.30635,77.44534,0.0,0.0,0.0,INSUFFICIENT_DATA,INSUFFICIENT_DATA,INSUFFICIENT_DATA,,insufficient_evidence,INSUFFICIENT,0,False
129,8,1,2026-08-02T08:18:00+00:00,2026-08-02T08:18:00+00:00,0.0,14.32605,77.41112,14.32605,77.41112,0.0,0.0,0.0,INSUFFICIENT_DATA,INSUFFICIENT_DATA,INSUFFICIENT_DATA,,insufficient_evidence,INSUFFICIENT,0,False
130,1,1,2026-08-02T08:18:00+00:00,2026-08-02T08:18:00+00:00,0.0,14.41843,78.30199,14.41843,78.30199,0.0,0.0,0.0,INSUFFICIENT_DATA,INSUFFICIENT_DATA,INSUFFICIENT_DATA,,insufficient_evidence,INSUFFICIENT,0,False
131,1,1,2026-08-02T08:18:00+00:00,2026-08-02T08:18:00+00:00,0.0,14.44477,78.46677,14.44477,78.46677,0.0,0.0,0.0,INSUFFICIENT_DATA,INSUFFICIENT_DATA,INSUFFICIENT_DATA,,insufficient_evidence,INSUFFICIENT,0,False
132,1,1,2026-08-02T08:18:00+00:00,2026-08-02T08:18:00+00:00,0.0,14.71503,79.55192,14.71503,79.55192,0.0,0.0,0.0,INSUFFICIENT_DATA,INSUFFICIENT_DATA,INSUFFICIENT_DATA,,insufficient_evidence,INSUFFICIENT,0,False
133,180,19,2026-08-02T08:18:00+00:00,2026-08-30T07:52:00+00:00,27.982,15.17777,76.66106,15.18088,76.66781,0.802,0.029,64.49,NE,LOW,MOVING,,erratic,PRELIMINARY,10,False
134,1,1,2026-08-02T08:18:00+00:00,2026-08-02T08:18:00+00:00,0.0,16.27069,76.4569,16.27069,76.4569,0.0,0.0,0.0,INSUFFICIENT_DATA,INSUFFICIENT_DATA,INSUFFICIENT_DATA,,insufficient_evidence,INSUFFICIENT,0,False
135,1,1,2026-08-02T08:18:00+00:00,2026-08-02T08:18:00+00:00,0.0,17.58144,76.11646,17.58144,76.11646,0.0,0.0,0.0,INSUFFICIENT_DATA,INSUFFICIENT_DATA,INSUFFICIENT_DATA,,insufficient_evidence,INSUFFICIENT,0,False
136,1,1,2026-08-02T08:18:00+00:00,2026-08-02T08:18:00+00:00,0.0,17.79687,83.16254,17.79687,83.16254,0.0,0.0,0.0,INSUFFICIENT_DATA,INSUFFICIENT_DATA,INSUFFICIENT_DATA,,insufficient_evidence,INSUFFICIENT,0,False
137,1,1,2026-08-02T08:22:00+00:00,2026-08-02T08:22:00+00:00,0.0,31.07977,74.70936,31.07977,74.70936,0.0,0.0,0.0,INSUFFICIENT_DATA,INSUFFICIENT_DATA,INSUFFICIENT_DATA,,insufficient_evidence,INSUFFICIENT,0,False
138,1,1,2026-08-02T08:22:00+00:00,2026-08-02T08:22:00+00:00,0.0,31.14965,74.86246,31.14965,74.86246,0.0,0.0,0.0,INSUFFICIENT_DATA,INSUFFICIENT_DATA,INSUFFICIENT_DATA,,insufficient_evidence,INSUFFICIENT,0,False
139,4,1,2026-08-02T19:08:00+00:00,2026-08-02T20:02:00+00:00,0.037,20.76036,85.29556,20.76036,85.29556,0.0,0.0,0.0,INSUFFICIENT_DATA,INSUFFICIENT_DATA,INSUFFICIENT_DATA,,insufficient_evidence,INSUFFICIENT,0,False
140,4,2,2026-08-02T19:08:00+00:00,2026-08-03T07:14:00+00:00,0.504,20.88583,84.98076,20.88563,84.98308,0.242,0.48,95.37,E,LOW,STATIONARY,,stationary,INSUFFICIENT,0,False
141,4,1,2026-08-02T19:08:00+00:00,2026-08-02T20:02:00+00:00,0.037,20.9513,86.04673,20.9513,86.04673,0.0,0.0,0.0,INSUFFICIENT_DATA,INSUFFICIENT_DATA,INSUFFICIENT_DATA,,insufficient_evidence,INSUFFICIENT,0,False
142,1,1,2026-08-02T19:08:00+00:00,2026-08-02T19:08:00+00:00,0.0,20.96288,85.16257,20.96288,85.16257,0.0,0.0,0.0,INSUFFICIENT_DATA,INSUFFICIENT_DATA,INSUFFICIENT_DATA,,insufficient_evidence,INSUFFICIENT,0,False
143,3,2,2026-08-02T19:08:00+00:00,2026-08-04T07:41:00+00:00,1.523,20.96841,85.17459,20.96958,85.17499,0.137,0.09,17.71,N,LOW,STATIONARY,,stationary,INSUFFICIENT,0,False
144,2,2,2026-08-02T19:08:00+00:00,2026-08-03T19:45:00+00:00,1.026,22.05437,88.12376,22.05452,88.12509,0.138,0.135,83.06,E,LOW,STATIONARY,,stationary,INSUFFICIENT,0,False
145,1,1,2026-08-02T20:00:00+00:00,2026-08-02T20:00:00+00:00,0.0,28.7467,76.92795,28.7467,76.92795,0.0,0.0,0.0,INSUFFICIENT_DATA,INSUFFICIENT_DATA,INSUFFICIENT_DATA,,insufficient_evidence,INSUFFICIENT,0,False
146,1,1,2026-08-02T20:02:00+00:00,2026-08-02T20:02:00+00:00,0.0,20.51417,85.72617,20.51417,85.72617,0.0,0.0,0.0,INSUFFICIENT_DATA,INSUFFICIENT_DATA,INSUFFICIENT_DATA,,insufficient_evidence,INSUFFICIENT,0,False
147,1,1,2026-08-02T20:02:00+00:00,2026-08-02T20:02:00+00:00,0.0,20.9223,86.04272,20.9223,86.04272,0.0,0.0,0.0,INSUFFICIENT_DATA,INSUFFICIENT_DATA,INSUFFICIENT_DATA,,insufficient_evidence,INSUFFICIENT,0,False
148,1,1,2026-08-02T20:02:00+00:00,2026-08-02T20:02:00+00:00,0.0,20.96531,86.05065,20.96531,86.05065,0.0,0.0,0.0,INSUFFICIENT_DATA,INSUFFICIENT_DATA,INSUFFICIENT_DATA,,insufficient_evidence,INSUFFICIENT,0,False
149,2,1,2026-08-02T20:02:00+00:00,2026-08-02T20:02:00+00:00,0.0,21.00166,86.02668,21.00166,86.02668,0.0,0.0,0.0,INSUFFICIENT_DATA,INSUFFICIENT_DATA,INSUFFICIENT_DATA,,insufficient_evidence,INSUFFICIENT,0,False
150,1,1,2026-08-02T20:02:00+00:00,2026-08-02T20:02:00+00:00,0.0,23.26589,88.54272,23.26589,88.54272,0.0,0.0,0.0,INSUFFICIENT_DATA,INSUFFICIENT_DATA,INSUFFICIENT_DATA,,insufficient_evidence,INSUFFICIENT,0,False
151,1,1,2026-08-02T20:02:00+00:00,2026-08-02T20:02:00+00:00,0.0,23.56163,87.08474,23.56163,87.08474,0.0,0.0,0.0,INSUFFICIENT_DATA,INSUFFICIENT_DATA,INSUFFICIENT_DATA,,insufficient_evidence,INSUFFICIENT,0,False
152,1,1,2026-08-02T20:02:00+00:00,2026-08-02T20:02:00+00:00,0.0,23.61422,86.78865,23.61422,86.78865,0.0,0.0,0.0,INSUFFICIENT_DATA,INSUFFICIENT_DATA,INSUFFICIENT_DATA,,insufficient_evidence,INSUFFICIENT,0,False
153,1,1,2026-08-02T20:02:00+00:00,2026-08-02T20:02:00+00:00,0.0,23.66245,87.15553,23.66245,87.15553,0.0,0.0,0.0,INSUFFICIENT_DATA,INSUFFICIENT_DATA,INSUFFICIENT_DATA,,insufficient_evidence,INSUFFICIENT,0,False
154,1,1,2026-08-02T20:02:00+00:00,2026-08-02T20:02:00+00:00,0.0,23.66928,86.09188,23.66928,86.09188,0.0,0.0,0.0,INSUFFICIENT_DATA,INSUFFICIENT_DATA,INSUFFICIENT_DATA,,insufficient_evidence,INSUFFICIENT,0,False
155,2,1,2026-08-02T20:02:00+00:00,2026-08-02T20:02:00+00:00,0.0,23.69296,87.09621,23.69296,87.09621,0.0,0.0,0.0,INSUFFICIENT_DATA,INSUFFICIENT_DATA,INSUFFICIENT_DATA,,insufficient_evidence,INSUFFICIENT,0,False
156,3,1,2026-08-02T20:02:00+00:00,2026-08-02T20:02:00+00:00,0.0,23.75631,85.85283,23.75631,85.85283,0.0,0.0,0.0,INSUFFICIENT_DATA,INSUFFICIENT_DATA,INSUFFICIENT_DATA,,insufficient_evidence,INSUFFICIENT,0,False
157,1,1,2026-08-02T20:02:00+00:00,2026-08-02T20:02:00+00:00,0.0,23.77175,86.19526,23.77175,86.19526,0.0,0.0,0.0,INSUFFICIENT_DATA,INSUFFICIENT_DATA,INSUFFICIENT_DATA,,insufficient_evidence,INSUFFICIENT,0,False
158,4,1,2026-08-02T20:02:00+00:00,2026-08-02T20:02:00+00:00,0.0,23.77952,86.21021,23.77952,86.21021,0.0,0.0,0.0,INSUFFICIENT_DATA,INSUFFICIENT_DATA,INSUFFICIENT_DATA,,insufficient_evidence,INSUFFICIENT,0,False
159,1,1,2026-08-02T20:02:00+00:00,2026-08-02T20:02:00+00:00,0.0,23.78087,86.37411,23.78087,86.37411,0.0,0.0,0.0,INSUFFICIENT_DATA,INSUFFICIENT_DATA,INSUFFICIENT_DATA,,insufficient_evidence,INSUFFICIENT,0,False
160,2,2,2026-08-02T20:04:00+00:00,2026-08-03T20:32:00+00:00,1.019,15.0254,78.0157,15.02134,78.01474,0.463,0.454,192.86,S,LOW,STATIONARY,,stationary,INSUFFICIENT,0,False
161,2,2,2026-08-02T20:04:00+00:00,2026-08-04T20:12:00+00:00,2.006,17.46376,80.6548,17.46366,80.65296,0.195,0.097,266.74,W,LOW,STATIONARY,,stationary,INSUFFICIENT,0,False
162,1,1,2026-08-02T20:04:00+00:00,2026-08-02T20:04:00+00:00,0.0,17.61375,83.19126,17.61375,83.19126,0.0,0.0,0.0,INSUFFICIENT_DATA,INSUFFICIENT_DATA,INSUFFICIENT_DATA,,insufficient_evidence,INSUFFICIENT,0,False
163,3,3,2026-08-02T20:04:00+00:00,2026-08-05T08:16:00+00:00,2.508,17.95569,80.79449,17.95611,80.79485,0.06,0.024,39.19,NE,LOW,STATIONARY,,stationary,INSUFFICIENT,0,False
164,1,1,2026-08-02T20:04:00+00:00,2026-08-02T20:04:00+00:00,0.0,17.9686,83.15366,17.9686,83.15366,0.0,0.0,0.0,INSUFFICIENT_DATA,INSUFFICIENT_DATA,INSUFFICIENT_DATA,,insufficient_evidence,INSUFFICIENT,0,False
165,1,1,2026-08-02T20:04:00+00:00,2026-08-02T20:04:00+00:00,0.0,18.54154,83.34146,18.54154,83.34146,0.0,0.0,0.0,INSUFFICIENT_DATA,INSUFFICIENT_DATA,INSUFFICIENT_DATA,,insufficient_evidence,INSUFFICIENT,0,False
166,1,1,2026-08-02T20:46:00+00:00,2026-08-02T20:46:00+00:00,0.0,19.08717,82.17645,19.08717,82.17645,0.0,0.0,0.0,INSUFFICIENT_DATA,INSUFFICIENT_DATA,INSUFFICIENT_DATA,,insufficient_evidence,INSUFFICIENT,0,False
167,1,1,2026-08-02T20:46:00+00:00,2026-08-02T20:46:00+00:00,0.0,19.80054,78.86392,19.80054,78.86392,0.0,0.0,0.0,INSUFFICIENT_DATA,INSUFFICIENT_DATA,INSUFFICIENT_DATA,,insufficient_evidence,INSUFFICIENT,0,False
168,1,1,2026-08-02T20:46:00+00:00,2026-08-02T20:46:00+00:00,0.0,21.24589,79.22108,21.24589,79.22108,0.0,0.0,0.0,INSUFFICIENT_DATA,INSUFFICIENT_DATA,INSUFFICIENT_DATA,,insufficient_evidence,INSUFFICIENT,0,False
169,1,1,2026-08-02T20:46:00+00:00,2026-08-02T20:46:00+00:00,0.0,21.37593,81.67974,21.37593,81.67974,0.0,0.0,0.0,INSUFFICIENT_DATA,INSUFFICIENT_DATA,INSUFFICIENT_DATA,,insufficient_evidence,INSUFFICIENT,0,False
170,1,1,2026-08-02T20:46:00+00:00,2026-08-02T20:46:00+00:00,0.0,21.48706,81.76894,21.48706,81.76894,0.0,0.0,0.0,INSUFFICIENT_DATA,INSUFFICIENT_DATA,INSUFFICIENT_DATA,,insufficient_evidence,INSUFFICIENT,0,False
171,1,1,2026-08-02T20:46:00+00:00,2026-08-02T20:46:00+00:00,0.0,23.31381,70.48843,23.31381,70.48843,0.0,0.0,0.0,INSUFFICIENT_DATA,INSUFFICIENT_DATA,INSUFFICIENT_DATA,,insufficient_evidence,INSUFFICIENT,0,False
172,1,1,2026-08-02T20:46:00+00:00,2026-08-02T20:46:00+00:00,0.0,27.66697,76.12926,27.66697,76.12926,0.0,0.0,0.0,INSUFFICIENT_DATA,INSUFFICIENT_DATA,INSUFFICIENT_DATA,,insufficient_evidence,INSUFFICIENT,0,False
173,2,1,2026-08-02T20:46:00+00:00,2026-08-02T21:40:00+00:00,0.037,29.47629,76.85863,29.47629,76.85863,0.0,0.0,0.0,INSUFFICIENT_DATA,INSUFFICIENT_DATA,INSUFFICIENT_DATA,,insufficient_evidence,INSUFFICIENT,0,False
174,18,9,2026-08-02T20:49:00+00:00,2026-08-16T20:42:00+00:00,13.995,15.33446,76.28731,15.3352,76.28461,0.301,0.022,285.87,W,LOW,STATIONARY,,stationary,INSUFFICIENT,0,False
175,1,1,2026-08-02T20:49:00+00:00,2026-08-02T20:49:00+00:00,0.0,24.57784,74.80232,24.57784,74.80232,0.0,0.0,0.0,INSUFFICIENT_DATA,INSUFFICIENT_DATA,INSUFFICIENT_DATA,,insufficient_evidence,INSUFFICIENT,0,False
176,1,1,2026-08-02T20:49:00+00:00,2026-08-02T20:49:00+00:00,0.0,24.71447,75.95454,24.71447,75.95454,0.0,0.0,0.0,INSUFFICIENT_DATA,INSUFFICIENT_DATA,INSUFFICIENT_DATA,,insufficient_evidence,INSUFFICIENT,0,False
177,1,1,2026-08-03T07:14:00+00:00,2026-08-03T07:14:00+00:00,0.0,17.07052,81.6089,17.07052,81.6089,0.0,0.0,0.0,INSUFFICIENT_DATA,INSUFFICIENT_DATA,INSUFFICIENT_DATA,,insufficient_evidence,INSUFFICIENT,0,False
178,1,1,2026-08-03T07:58:00+00:00,2026-08-03T07:58:00+00:00,0.0,10.87581,79.09857,10.87581,79.09857,0.0,0.0,0.0,INSUFFICIENT_DATA,INSUFFICIENT_DATA,INSUFFICIENT_DATA,,insufficient_evidence,INSUFFICIENT,0,False
179,1,1,2026-08-03T07:58:00+00:00,2026-08-03T07:58:00+00:00,0.0,11.08548,79.41801,11.08548,79.41801,0.0,0.0,0.0,INSUFFICIENT_DATA,INSUFFICIENT_DATA,INSUFFICIENT_DATA,,insufficient_evidence,INSUFFICIENT,0,False
180,1,1,2026-08-03T07:58:00+00:00,2026-08-03T07:58:00+00:00,0.0,12.09229,79.56733,12.09229,79.56733,0.0,0.0,0.0,INSUFFICIENT_DATA,INSUFFICIENT_DATA,INSUFFICIENT_DATA,,insufficient_evidence,INSUFFICIENT,0,False
181,1,1,2026-08-03T07:58:00+00:00,2026-08-03T07:58:00+00:00,0.0,12.38051,79.98348,12.38051,79.98348,0.0,0.0,0.0,INSUFFICIENT_DATA,INSUFFICIENT_DATA,INSUFFICIENT_DATA,,insufficient_evidence,INSUFFICIENT,0,False
182,1,1,2026-08-03T07:58:00+00:00,2026-08-03T07:58:00+00:00,0.0,16.97776,81.59511,16.97776,81.59511,0.0,0.0,0.0,INSUFFICIENT_DATA,INSUFFICIENT_DATA,INSUFFICIENT_DATA,,insufficient_evidence,INSUFFICIENT,0,False
183,1,1,2026-08-03T07:58:00+00:00,2026-08-03T07:58:00+00:00,0.0,17.12715,81.31397,17.12715,81.31397,0.0,0.0,0.0,INSUFFICIENT_DATA,INSUFFICIENT_DATA,INSUFFICIENT_DATA,,insufficient_evidence,INSUFFICIENT,0,False
184,1,1,2026-08-03T08:01:00+00:00,2026-08-03T08:01:00+00:00,0.0,17.22134,81.39058,17.22134,81.39058,0.0,0.0,0.0,INSUFFICIENT_DATA,INSUFFICIENT_DATA,INSUFFICIENT_DATA,,insufficient_evidence,INSUFFICIENT,0,False
185,1,1,2026-08-03T08:01:00+00:00,2026-08-03T08:01:00+00:00,0.0,17.39471,81.24567,17.39471,81.24567,0.0,0.0,0.0,INSUFFICIENT_DATA,INSUFFICIENT_DATA,INSUFFICIENT_DATA,,insufficient_evidence,INSUFFICIENT,0,False
186,1,1,2026-08-03T08:01:00+00:00,2026-08-03T08:01:00+00:00,0.0,17.70182,82.58089,17.70182,82.58089,0.0,0.0,0.0,INSUFFICIENT_DATA,INSUFFICIENT_DATA,INSUFFICIENT_DATA,,insufficient_evidence,INSUFFICIENT,0,False
187,1,1,2026-08-03T08:01:00+00:00,2026-08-03T08:01:00+00:00,0.0,17.82471,83.11395,17.82471,83.11395,0.0,0.0,0.0,INSUFFICIENT_DATA,INSUFFICIENT_DATA,INSUFFICIENT_DATA,,insufficient_evidence,INSUFFICIENT,0,False
188,13,5,2026-08-03T08:01:00+00:00,2026-08-09T21:12:00+00:00,6.549,21.10398,72.6455,21.10538,72.64605,0.166,0.025,20.33,N,LOW,STATIONARY,,stationary,INSUFFICIENT,0,False
189,2,1,2026-08-03T08:54:00+00:00,2026-08-03T08:54:00+00:00,0.0,15.232,76.74436,15.232,76.74436,0.0,0.0,0.0,INSUFFICIENT_DATA,INSUFFICIENT_DATA,INSUFFICIENT_DATA,,insufficient_evidence,INSUFFICIENT,0,False
190,2,1,2026-08-03T19:45:00+00:00,2026-08-03T19:45:00+00:00,0.0,21.9271,85.22426,21.9271,85.22426,0.0,0.0,0.0,INSUFFICIENT_DATA,INSUFFICIENT_DATA,INSUFFICIENT_DATA,,insufficient_evidence,INSUFFICIENT,0,False
191,3,3,2026-08-03T19:45:00+00:00,2026-08-06T20:27:00+00:00,3.029,22.21446,84.86998,22.20951,84.86139,1.042,0.344,238.1,SW,LOW,MOVING,SW,directional,MODERATE,66,True
192,1,1,2026-08-03T19:47:00+00:00,2026-08-03T19:47:00+00:00,0.0,12.747,77.61954,12.747,77.61954,0.0,0.0,0.0,INSUFFICIENT_DATA,INSUFFICIENT_DATA,INSUFFICIENT_DATA,,insufficient_evidence,INSUFFICIENT,0,False
193,1,1,2026-08-03T20:27:00+00:00,2026-08-03T20:27:00+00:00,0.0,22.87237,86.06178,22.87237,86.06178,0.0,0.0,0.0,INSUFFICIENT_DATA,INSUFFICIENT_DATA,INSUFFICIENT_DATA,,insufficient_evidence,INSUFFICIENT,0,False
194,1,1,2026-08-03T21:23:00+00:00,2026-08-03T21:23:00+00:00,0.0,22.9088,69.69844,22.9088,69.69844,0.0,0.0,0.0,INSUFFICIENT_DATA,INSUFFICIENT_DATA,INSUFFICIENT_DATA,,insufficient_evidence,INSUFFICIENT,0,False
195,1,1,2026-08-03T21:23:00+00:00,2026-08-03T21:23:00+00:00,0.0,22.92707,69.82308,22.92707,69.82308,0.0,0.0,0.0,INSUFFICIENT_DATA,INSUFFICIENT_DATA,INSUFFICIENT_DATA,,insufficient_evidence,INSUFFICIENT,0,False
196,1,1,2026-08-04T07:37:00+00:00,2026-08-04T07:37:00+00:00,0.0,8.77262,78.11182,8.77262,78.11182,0.0,0.0,0.0,INSUFFICIENT_DATA,INSUFFICIENT_DATA,INSUFFICIENT_DATA,,insufficient_evidence,INSUFFICIENT,0,False
197,2,1,2026-08-04T07:37:00+00:00,2026-08-04T07:37:00+00:00,0.0,9.26781,77.75261,9.26781,77.75261,0.0,0.0,0.0,INSUFFICIENT_DATA,INSUFFICIENT_DATA,INSUFFICIENT_DATA,,insufficient_evidence,INSUFFICIENT,0,False
198,1,1,2026-08-04T07:39:00+00:00,2026-08-04T07:39:00+00:00,0.0,12.21231,79.97163,12.21231,79.97163,0.0,0.0,0.0,INSUFFICIENT_DATA,INSUFFICIENT_DATA,INSUFFICIENT_DATA,,insufficient_evidence,INSUFFICIENT,0,False
199,1,1,2026-08-04T07:39:00+00:00,2026-08-04T07:39:00+00:00,0.0,13.47575,78.73293,13.47575,78.73293,0.0,0.0,0.0,INSUFFICIENT_DATA,INSUFFICIENT_DATA,INSUFFICIENT_DATA,,insufficient_evidence,INSUFFICIENT,0,False
200,1,1,2026-08-04T07:39:00+00:00,2026-08-04T07:39:00+00:00,0.0,14.42292,80.16588,14.42292,80.16588,0.0,0.0,0.0,INSUFFICIENT_DATA,INSUFFICIENT_DATA,INSUFFICIENT_DATA,,insufficient_evidence,INSUFFICIENT,0,False
201,2,1,2026-08-04T07:39:00+00:00,2026-08-04T07:39:00+00:00,0.0,14.46603,78.84711,14.46603,78.84711,0.0,0.0,0.0,INSUFFICIENT_DATA,INSUFFICIENT_DATA,INSUFFICIENT_DATA,,insufficient_evidence,INSUFFICIENT,0,False
202,1,1,2026-08-04T08:35:00+00:00,2026-08-04T08:35:00+00:00,0.0,8.64996,77.84708,8.64996,77.84708,0.0,0.0,0.0,INSUFFICIENT_DATA,INSUFFICIENT_DATA,INSUFFICIENT_DATA,,insufficient_evidence,INSUFFICIENT,0,False
203,1,1,2026-08-04T08:35:00+00:00,2026-08-04T08:35:00+00:00,0.0,8.94327,78.07706,8.94327,78.07706,0.0,0.0,0.0,INSUFFICIENT_DATA,INSUFFICIENT_DATA,INSUFFICIENT_DATA,,insufficient_evidence,INSUFFICIENT,0,False
204,1,1,2026-08-04T08:35:00+00:00,2026-08-04T08:35:00+00:00,0.0,9.4172,77.78387,9.4172,77.78387,0.0,0.0,0.0,INSUFFICIENT_DATA,INSUFFICIENT_DATA,INSUFFICIENT_DATA,,insufficient_evidence,INSUFFICIENT,0,False
205,1,1,2026-08-04T08:35:00+00:00,2026-08-04T08:35:00+00:00,0.0,13.88589,77.49372,13.88589,77.49372,0.0,0.0,0.0,INSUFFICIENT_DATA,INSUFFICIENT_DATA,INSUFFICIENT_DATA,,insufficient_evidence,INSUFFICIENT,0,False
206,1,1,2026-08-04T08:35:00+00:00,2026-08-04T08:35:00+00:00,0.0,14.94077,79.90197,14.94077,79.90197,0.0,0.0,0.0,INSUFFICIENT_DATA,INSUFFICIENT_DATA,INSUFFICIENT_DATA,,insufficient_evidence,INSUFFICIENT,0,False
207,1,1,2026-08-04T20:08:00+00:00,2026-08-04T20:08:00+00:00,0.0,27.19168,79.73158,27.19168,79.73158,0.0,0.0,0.0,INSUFFICIENT_DATA,INSUFFICIENT_DATA,INSUFFICIENT_DATA,,insufficient_evidence,INSUFFICIENT,0,False
208,1,1,2026-08-04T20:08:00+00:00,2026-08-04T20:08:00+00:00,0.0,28.77298,76.6991,28.77298,76.6991,0.0,0.0,0.0,INSUFFICIENT_DATA,INSUFFICIENT_DATA,INSUFFICIENT_DATA,,insufficient_evidence,INSUFFICIENT,0,False
209,1,1,2026-08-04T20:12:00+00:00,2026-08-04T20:12:00+00:00,0.0,15.17777,77.1018,15.17777,77.1018,0.0,0.0,0.0,INSUFFICIENT_DATA,INSUFFICIENT_DATA,INSUFFICIENT_DATA,,insufficient_evidence,INSUFFICIENT,0,False
210,1,1,2026-08-04T21:06:00+00:00,2026-08-04T21:06:00+00:00,0.0,22.34027,69.85518,22.34027,69.85518,0.0,0.0,0.0,INSUFFICIENT_DATA,INSUFFICIENT_DATA,INSUFFICIENT_DATA,,insufficient_evidence,INSUFFICIENT,0,False
211,3,1,2026-08-05T07:20:00+00:00,2026-08-05T08:13:00+00:00,0.037,9.28438,78.23696,9.28438,78.23696,0.0,0.0,0.0,INSUFFICIENT_DATA,INSUFFICIENT_DATA,INSUFFICIENT_DATA,,insufficient_evidence,INSUFFICIENT,0,False
212,2,1,2026-08-05T07:20:00+00:00,2026-08-05T08:13:00+00:00,0.037,9.56014,77.6033,9.56014,77.6033,0.0,0.0,0.0,INSUFFICIENT_DATA,INSUFFICIENT_DATA,INSUFFICIENT_DATA,,insufficient_evidence,INSUFFICIENT,0,False
213,1,1,2026-08-05T07:20:00+00:00,2026-08-05T07:20:00+00:00,0.0,9.68459,78.8849,9.68459,78.8849,0.0,0.0,0.0,INSUFFICIENT_DATA,INSUFFICIENT_DATA,INSUFFICIENT_DATA,,insufficient_evidence,INSUFFICIENT,0,False
214,1,1,2026-08-05T07:20:00+00:00,2026-08-05T07:20:00+00:00,0.0,13.3994,80.28709,13.3994,80.28709,0.0,0.0,0.0,INSUFFICIENT_DATA,INSUFFICIENT_DATA,INSUFFICIENT_DATA,,insufficient_evidence,INSUFFICIENT,0,False
215,1,1,2026-08-05T07:20:00+00:00,2026-08-05T07:20:00+00:00,0.0,14.67887,79.54193,14.67887,79.54193,0.0,0.0,0.0,INSUFFICIENT_DATA,INSUFFICIENT_DATA,INSUFFICIENT_DATA,,insufficient_evidence,INSUFFICIENT,0,False
216,1,1,2026-08-05T07:22:00+00:00,2026-08-05T07:22:00+00:00,0.0,15.31598,79.434,15.31598,79.434,0.0,0.0,0.0,INSUFFICIENT_DATA,INSUFFICIENT_DATA,INSUFFICIENT_DATA,,insufficient_evidence,INSUFFICIENT,0,False
217,1,1,2026-08-05T07:22:00+00:00,2026-08-05T07:22:00+00:00,0.0,15.5178,79.46233,15.5178,79.46233,0.0,0.0,0.0,INSUFFICIENT_DATA,INSUFFICIENT_DATA,INSUFFICIENT_DATA,,insufficient_evidence,INSUFFICIENT,0,False
218,1,1,2026-08-05T08:13:00+00:00,2026-08-05T08:13:00+00:00,0.0,8.98639,77.9323,8.98639,77.9323,0.0,0.0,0.0,INSUFFICIENT_DATA,INSUFFICIENT_DATA,INSUFFICIENT_DATA,,insufficient_evidence,INSUFFICIENT,0,False
219,1,1,2026-08-05T08:13:00+00:00,2026-08-05T08:13:00+00:00,0.0,9.37203,78.84874,9.37203,78.84874,0.0,0.0,0.0,INSUFFICIENT_DATA,INSUFFICIENT_DATA,INSUFFICIENT_DATA,,insufficient_evidence,INSUFFICIENT,0,False
220,1,1,2026-08-05T08:13:00+00:00,2026-08-05T08:13:00+00:00,0.0,9.40154,78.85131,9.40154,78.85131,0.0,0.0,0.0,INSUFFICIENT_DATA,INSUFFICIENT_DATA,INSUFFICIENT_DATA,,insufficient_evidence,INSUFFICIENT,0,False
221,1,1,2026-08-05T08:13:00+00:00,2026-08-05T08:13:00+00:00,0.0,9.42462,78.84413,9.42462,78.84413,0.0,0.0,0.0,INSUFFICIENT_DATA,INSUFFICIENT_DATA,INSUFFICIENT_DATA,,insufficient_evidence,INSUFFICIENT,0,False
222,1,1,2026-08-05T08:13:00+00:00,2026-08-05T08:13:00+00:00,0.0,9.58819,78.81952,9.58819,78.81952,0.0,0.0,0.0,INSUFFICIENT_DATA,INSUFFICIENT_DATA,INSUFFICIENT_DATA,,insufficient_evidence,INSUFFICIENT,0,False
223,1,1,2026-08-05T08:13:00+00:00,2026-08-05T08:13:00+00:00,0.0,9.61993,77.74524,9.61993,77.74524,0.0,0.0,0.0,INSUFFICIENT_DATA,INSUFFICIENT_DATA,INSUFFICIENT_DATA,,insufficient_evidence,INSUFFICIENT,0,False
224,1,1,2026-08-05T08:13:00+00:00,2026-08-05T08:13:00+00:00,0.0,9.76575,78.28732,9.76575,78.28732,0.0,0.0,0.0,INSUFFICIENT_DATA,INSUFFICIENT_DATA,INSUFFICIENT_DATA,,insufficient_evidence,INSUFFICIENT,0,False
225,1,1,2026-08-05T08:13:00+00:00,2026-08-05T08:13:00+00:00,0.0,9.8193,79.0771,9.8193,79.0771,0.0,0.0,0.0,INSUFFICIENT_DATA,INSUFFICIENT_DATA,INSUFFICIENT_DATA,,insufficient_evidence,INSUFFICIENT,0,False
226,1,1,2026-08-05T08:13:00+00:00,2026-08-05T08:13:00+00:00,0.0,9.86244,78.77674,9.86244,78.77674,0.0,0.0,0.0,INSUFFICIENT_DATA,INSUFFICIENT_DATA,INSUFFICIENT_DATA,,insufficient_evidence,INSUFFICIENT,0,False
227,3,1,2026-08-05T08:13:00+00:00,2026-08-05T08:13:00+00:00,0.0,9.87906,78.2578,9.87906,78.2578,0.0,0.0,0.0,INSUFFICIENT_DATA,INSUFFICIENT_DATA,INSUFFICIENT_DATA,,insufficient_evidence,INSUFFICIENT,0,False
228,2,1,2026-08-05T08:13:00+00:00,2026-08-05T08:13:00+00:00,0.0,9.96798,78.24489,9.96798,78.24489,0.0,0.0,0.0,INSUFFICIENT_DATA,INSUFFICIENT_DATA,INSUFFICIENT_DATA,,insufficient_evidence,INSUFFICIENT,0,False
229,1,1,2026-08-05T08:13:00+00:00,2026-08-05T08:13:00+00:00,0.0,9.98151,78.05077,9.98151,78.05077,0.0,0.0,0.0,INSUFFICIENT_DATA,INSUFFICIENT_DATA,INSUFFICIENT_DATA,,insufficient_evidence,INSUFFICIENT,0,False
230,1,1,2026-08-05T08:13:00+00:00,2026-08-05T08:13:00+00:00,0.0,10.02021,78.65574,10.02021,78.65574,0.0,0.0,0.0,INSUFFICIENT_DATA,INSUFFICIENT_DATA,INSUFFICIENT_DATA,,insufficient_evidence,INSUFFICIENT,0,False
231,1,1,2026-08-05T08:13:00+00:00,2026-08-05T08:13:00+00:00,0.0,10.10668,78.09279,10.10668,78.09279,0.0,0.0,0.0,INSUFFICIENT_DATA,INSUFFICIENT_DATA,INSUFFICIENT_DATA,,insufficient_evidence,INSUFFICIENT,0,False
232,1,1,2026-08-05T08:13:00+00:00,2026-08-05T08:13:00+00:00,0.0,10.34656,77.54609,10.34656,77.54609,0.0,0.0,0.0,INSUFFICIENT_DATA,INSUFFICIENT_DATA,INSUFFICIENT_DATA,,insufficient_evidence,INSUFFICIENT,0,False
233,4,1,2026-08-05T08:13:00+00:00,2026-08-05T08:13:00+00:00,0.0,10.59276,79.70275,10.59276,79.70275,0.0,0.0,0.0,INSUFFICIENT_DATA,INSUFFICIENT_DATA,INSUFFICIENT_DATA,,insufficient_evidence,INSUFFICIENT,0,False
234,1,1,2026-08-05T08:13:00+00:00,2026-08-05T08:13:00+00:00,0.0,10.65871,79.02698,10.65871,79.02698,0.0,0.0,0.0,INSUFFICIENT_DATA,INSUFFICIENT_DATA,INSUFFICIENT_DATA,,insufficient_evidence,INSUFFICIENT,0,False
235,1,1,2026-08-05T08:13:00+00:00,2026-08-05T08:13:00+00:00,0.0,10.86822,79.07246,10.86822,79.07246,0.0,0.0,0.0,INSUFFICIENT_DATA,INSUFFICIENT_DATA,INSUFFICIENT_DATA,,insufficient_evidence,INSUFFICIENT,0,False
236,1,1,2026-08-05T08:13:00+00:00,2026-08-05T08:13:00+00:00,0.0,10.99911,77.93703,10.99911,77.93703,0.0,0.0,0.0,INSUFFICIENT_DATA,INSUFFICIENT_DATA,INSUFFICIENT_DATA,,insufficient_evidence,INSUFFICIENT,0,False
237,2,1,2026-08-05T08:13:00+00:00,2026-08-05T08:13:00+00:00,0.0,11.2811,78.47635,11.2811,78.47635,0.0,0.0,0.0,INSUFFICIENT_DATA,INSUFFICIENT_DATA,INSUFFICIENT_DATA,,insufficient_evidence,INSUFFICIENT,0,False
238,2,1,2026-08-05T08:16:00+00:00,2026-08-05T08:16:00+00:00,0.0,14.4143,78.48064,14.4143,78.48064,0.0,0.0,0.0,INSUFFICIENT_DATA,INSUFFICIENT_DATA,INSUFFICIENT_DATA,,insufficient_evidence,INSUFFICIENT,0,False
239,1,1,2026-08-05T08:16:00+00:00,2026-08-05T08:16:00+00:00,0.0,14.4836,78.49083,14.4836,78.49083,0.0,0.0,0.0,INSUFFICIENT_DATA,INSUFFICIENT_DATA,INSUFFICIENT_DATA,,insufficient_evidence,INSUFFICIENT,0,False
240,2,1,2026-08-05T08:16:00+00:00,2026-08-05T08:16:00+00:00,0.0,14.49511,79.5931,14.49511,79.5931,0.0,0.0,0.0,INSUFFICIENT_DATA,INSUFFICIENT_DATA,INSUFFICIENT_DATA,,insufficient_evidence,INSUFFICIENT,0,False
241,1,1,2026-08-05T08:16:00+00:00,2026-08-05T08:16:00+00:00,0.0,14.72739,77.27681,14.72739,77.27681,0.0,0.0,0.0,INSUFFICIENT_DATA,INSUFFICIENT_DATA,INSUFFICIENT_DATA,,insufficient_evidence,INSUFFICIENT,0,False
242,1,1,2026-08-05T08:16:00+00:00,2026-08-05T08:16:00+00:00,0.0,14.95594,79.48812,14.95594,79.48812,0.0,0.0,0.0,INSUFFICIENT_DATA,INSUFFICIENT_DATA,INSUFFICIENT_DATA,,insufficient_evidence,INSUFFICIENT,0,False
243,1,1,2026-08-05T08:16:00+00:00,2026-08-05T08:16:00+00:00,0.0,15.14045,79.33853,15.14045,79.33853,0.0,0.0,0.0,INSUFFICIENT_DATA,INSUFFICIENT_DATA,INSUFFICIENT_DATA,,insufficient_evidence,INSUFFICIENT,0,False
244,1,1,2026-08-05T08:16:00+00:00,2026-08-05T08:16:00+00:00,0.0,15.16453,79.54033,15.16453,79.54033,0.0,0.0,0.0,INSUFFICIENT_DATA,INSUFFICIENT_DATA,INSUFFICIENT_DATA,,insufficient_evidence,INSUFFICIENT,0,False
245,1,1,2026-08-05T08:16:00+00:00,2026-08-05T08:16:00+00:00,0.0,15.48999,76.92797,15.48999,76.92797,0.0,0.0,0.0,INSUFFICIENT_DATA,INSUFFICIENT_DATA,INSUFFICIENT_DATA,,insufficient_evidence,INSUFFICIENT,0,False
246,1,1,2026-08-05T08:16:00+00:00,2026-08-05T08:16:00+00:00,0.0,15.72755,79.81848,15.72755,79.81848,0.0,0.0,0.0,INSUFFICIENT_DATA,INSUFFICIENT_DATA,INSUFFICIENT_DATA,,insufficient_evidence,INSUFFICIENT,0,False
247,1,1,2026-08-05T08:16:00+00:00,2026-08-05T08:16:00+00:00,0.0,15.72879,79.91379,15.72879,79.91379,0.0,0.0,0.0,INSUFFICIENT_DATA,INSUFFICIENT_DATA,INSUFFICIENT_DATA,,insufficient_evidence,INSUFFICIENT,0,False
248,1,1,2026-08-05T08:16:00+00:00,2026-08-05T08:16:00+00:00,0.0,15.85899,79.68302,15.85899,79.68302,0.0,0.0,0.0,INSUFFICIENT_DATA,INSUFFICIENT_DATA,INSUFFICIENT_DATA,,insufficient_evidence,INSUFFICIENT,0,False
249,1,1,2026-08-05T08:16:00+00:00,2026-08-05T08:16:00+00:00,0.0,15.94053,79.96963,15.94053,79.96963,0.0,0.0,0.0,INSUFFICIENT_DATA,INSUFFICIENT_DATA,INSUFFICIENT_DATA,,insufficient_evidence,INSUFFICIENT,0,False
250,1,1,2026-08-05T08:16:00+00:00,2026-08-05T08:16:00+00:00,0.0,16.48337,79.87724,16.48337,79.87724,0.0,0.0,0.0,INSUFFICIENT_DATA,INSUFFICIENT_DATA,INSUFFICIENT_DATA,,insufficient_evidence,INSUFFICIENT,0,False
251,1,1,2026-08-05T09:07:00+00:00,2026-08-05T09:07:00+00:00,0.0,27.40973,70.82902,27.40973,70.82902,0.0,0.0,0.0,INSUFFICIENT_DATA,INSUFFICIENT_DATA,INSUFFICIENT_DATA,,insufficient_evidence,INSUFFICIENT,0,False
252,1,1,2026-08-05T19:04:00+00:00,2026-08-05T19:04:00+00:00,0.0,27.22478,95.34709,27.22478,95.34709,0.0,0.0,0.0,INSUFFICIENT_DATA,INSUFFICIENT_DATA,INSUFFICIENT_DATA,,insufficient_evidence,INSUFFICIENT,0,False
253,5,3,2026-08-05T19:04:00+00:00,2026-08-10T19:10:00+00:00,5.004,27.37892,95.33589,27.37869,95.33251,0.335,0.067,265.56,W,LOW,STATIONARY,,stationary,INSUFFICIENT,0,False
254,2,1,2026-08-05T19:04:00+00:00,2026-08-05T19:49:00+00:00,0.031,27.378,95.08653,27.378,95.08653,0.0,0.0,0.0,INSUFFICIENT_DATA,INSUFFICIENT_DATA,INSUFFICIENT_DATA,,insufficient_evidence,INSUFFICIENT,0,False
255,1,1,2026-08-05T19:49:00+00:00,2026-08-05T19:49:00+00:00,0.0,27.31863,95.26627,27.31863,95.26627,0.0,0.0,0.0,INSUFFICIENT_DATA,INSUFFICIENT_DATA,INSUFFICIENT_DATA,,insufficient_evidence,INSUFFICIENT,0,False
256,5,4,2026-08-05T19:49:00+00:00,2026-08-12T20:14:00+00:00,7.017,27.46,95.47563,27.46193,95.47604,0.218,0.031,10.8,N,LOW,STATIONARY,,stationary,INSUFFICIENT,0,False
257,1,1,2026-08-05T19:55:00+00:00,2026-08-05T19:55:00+00:00,0.0,9.46924,78.57292,9.46924,78.57292,0.0,0.0,0.0,INSUFFICIENT_DATA,INSUFFICIENT_DATA,INSUFFICIENT_DATA,,insufficient_evidence,INSUFFICIENT,0,False
258,1,1,2026-08-05T19:55:00+00:00,2026-08-05T19:55:00+00:00,0.0,9.89176,78.10775,9.89176,78.10775,0.0,0.0,0.0,INSUFFICIENT_DATA,INSUFFICIENT_DATA,INSUFFICIENT_DATA,,insufficient_evidence,INSUFFICIENT,0,False
259,3,2,2026-08-05T20:44:00+00:00,2026-08-08T21:27:00+00:00,3.03,31.25503,76.92779,31.2613,76.92593,0.719,0.237,345.77,N,LOW,MOVING,N,directional,PRELIMINARY,33,True
260,1,1,2026-08-05T20:44:00+00:00,2026-08-05T20:44:00+00:00,0.0,31.32849,76.8965,31.32849,76.8965,0.0,0.0,0.0,INSUFFICIENT_DATA,INSUFFICIENT_DATA,INSUFFICIENT_DATA,,insufficient_evidence,INSUFFICIENT,0,False
261,1,1,2026-08-05T20:44:00+00:00,2026-08-05T20:44:00+00:00,0.0,31.41325,76.83527,31.41325,76.83527,0.0,0.0,0.0,INSUFFICIENT_DATA,INSUFFICIENT_DATA,INSUFFICIENT_DATA,,insufficient_evidence,INSUFFICIENT,0,False
262,1,1,2026-08-05T20:46:00+00:00,2026-08-05T20:46:00+00:00,0.0,24.93367,74.63535,24.93367,74.63535,0.0,0.0,0.0,INSUFFICIENT_DATA,INSUFFICIENT_DATA,INSUFFICIENT_DATA,,insufficient_evidence,INSUFFICIENT,0,False
263,1,1,2026-08-05T20:46:00+00:00,2026-08-05T20:46:00+00:00,0.0,25.78086,73.69974,25.78086,73.69974,0.0,0.0,0.0,INSUFFICIENT_DATA,INSUFFICIENT_DATA,INSUFFICIENT_DATA,,insufficient_evidence,INSUFFICIENT,0,False
264,27,10,2026-08-05T20:46:00+00:00,2026-08-15T21:44:00+00:00,10.04,25.94305,72.19135,25.94222,72.19117,0.093,0.009,190.94,S,LOW,STATIONARY,,stationary,INSUFFICIENT,0,False
265,4,2,2026-08-05T20:46:00+00:00,2026-08-06T21:12:00+00:00,1.018,26.25909,74.09696,26.25765,74.09554,0.213,0.209,221.29,SW,LOW,STATIONARY,,stationary,INSUFFICIENT,0,False
266,2,2,2026-08-05T20:46:00+00:00,2026-08-08T20:34:00+00:00,2.992,26.60505,73.68496,26.60358,73.68365,0.209,0.07,218.55,SW,LOW,STATIONARY,,stationary,INSUFFICIENT,0,False
267,1,1,2026-08-05T20:46:00+00:00,2026-08-05T20:46:00+00:00,0.0,26.87412,73.5176,26.87412,73.5176,0.0,0.0,0.0,INSUFFICIENT_DATA,INSUFFICIENT_DATA,INSUFFICIENT_DATA,,insufficient_evidence,INSUFFICIENT,0,False
268,1,1,2026-08-05T20:49:00+00:00,2026-08-05T20:49:00+00:00,0.0,15.07226,76.86432,15.07226,76.86432,0.0,0.0,0.0,INSUFFICIENT_DATA,INSUFFICIENT_DATA,INSUFFICIENT_DATA,,insufficient_evidence,INSUFFICIENT,0,False
269,1,1,2026-08-05T20:49:00+00:00,2026-08-05T20:49:00+00:00,0.0,15.2262,76.76402,15.2262,76.76402,0.0,0.0,0.0,INSUFFICIENT_DATA,INSUFFICIENT_DATA,INSUFFICIENT_DATA,,insufficient_evidence,INSUFFICIENT,0,False
270,1,1,2026-08-05T21:31:00+00:00,2026-08-05T21:31:00+00:00,0.0,24.94367,74.94578,24.94367,74.94578,0.0,0.0,0.0,INSUFFICIENT_DATA,INSUFFICIENT_DATA,INSUFFICIENT_DATA,,insufficient_evidence,INSUFFICIENT,0,False
271,3,1,2026-08-06T06:20:00+00:00,2026-08-06T07:03:00+00:00,0.03,27.69884,96.24162,27.69884,96.24162,0.0,0.0,0.0,INSUFFICIENT_DATA,INSUFFICIENT_DATA,INSUFFICIENT_DATA,,insufficient_evidence,INSUFFICIENT,0,False
272,2,2,2026-08-06T07:58:00+00:00,2026-08-09T20:19:00+00:00,3.515,19.96325,79.33332,19.96264,79.33604,0.292,0.083,103.42,E,LOW,STATIONARY,,stationary,INSUFFICIENT,0,False
273,3,2,2026-08-06T08:45:00+00:00,2026-08-09T21:12:00+00:00,3.519,23.30612,70.19766,23.31344,70.20078,0.873,0.248,21.36,N,LOW,MOVING,N,directional,PRELIMINARY,33,True
274,1,1,2026-08-06T08:45:00+00:00,2026-08-06T08:45:00+00:00,0.0,23.51308,69.2734,23.51308,69.2734,0.0,0.0,0.0,INSUFFICIENT_DATA,INSUFFICIENT_DATA,INSUFFICIENT_DATA,,insufficient_evidence,INSUFFICIENT,0,False
275,4,1,2026-08-06T18:45:00+00:00,2026-08-06T18:45:00+00:00,0.0,26.15882,92.94587,26.15882,92.94587,0.0,0.0,0.0,INSUFFICIENT_DATA,INSUFFICIENT_DATA,INSUFFICIENT_DATA,,insufficient_evidence,INSUFFICIENT,0,False
276,1,1,2026-08-06T19:30:00+00:00,2026-08-06T19:30:00+00:00,0.0,28.26501,95.6101,28.26501,95.6101,0.0,0.0,0.0,INSUFFICIENT_DATA,INSUFFICIENT_DATA,INSUFFICIENT_DATA,,insufficient_evidence,INSUFFICIENT,0,False
277,1,1,2026-08-06T19:32:00+00:00,2026-08-06T19:32:00+00:00,0.0,23.62121,86.89039,23.62121,86.89039,0.0,0.0,0.0,INSUFFICIENT_DATA,INSUFFICIENT_DATA,INSUFFICIENT_DATA,,insufficient_evidence,INSUFFICIENT,0,False
278,28,4,2026-08-06T19:32:00+00:00,2026-08-10T19:57:00+00:00,4.017,23.69314,87.10931,23.68918,87.1166,0.864,0.215,120.63,SE,LOW,MOVING,SE,directional,MODERATE,64,True
279,2,2,2026-08-06T19:32:00+00:00,2026-08-07T19:13:00+00:00,0.987,24.11815,86.35008,24.11616,86.34906,0.244,0.248,205.07,SW,LOW,STATIONARY,,stationary,INSUFFICIENT,0,False
280,4,2,2026-08-06T19:32:00+00:00,2026-08-07T20:08:00+00:00,1.025,25.43713,86.06888,25.43721,86.06732,0.157,0.154,273.24,W,LOW,STATIONARY,,stationary,INSUFFICIENT,0,False
281,5,3,2026-08-06T20:25:00+00:00,2026-08-09T20:17:00+00:00,2.994,23.56366,87.0838,23.56207,87.08356,0.178,0.06,187.72,S,LOW,STATIONARY,,stationary,INSUFFICIENT,0,False
282,2,2,2026-08-06T20:25:00+00:00,2026-08-09T19:30:00+00:00,2.962,23.61259,87.14576,23.61313,87.14422,0.168,0.057,290.94,W,LOW,STATIONARY,,stationary,INSUFFICIENT,0,False
283,67,13,2026-08-06T20:25:00+00:00,2026-08-23T07:39:00+00:00,16.468,23.70799,86.07117,23.67965,86.09396,3.913,0.238,143.63,SE,HIGH,MOVING,,erratic,PRELIMINARY,36,False
284,40,13,2026-08-06T20:25:00+00:00,2026-08-23T07:39:00+00:00,16.468,23.77287,86.19676,23.78134,86.21207,1.821,0.111,58.85,NE,HIGH,MOVING,NE,directional,MODERATE,51,True
285,12,7,2026-08-06T20:25:00+00:00,2026-08-15T20:04:00+00:00,8.985,23.79603,86.35184,23.79641,86.35195,0.044,0.005,14.83,N,LOW,STATIONARY,,stationary,INSUFFICIENT,0,False
286,5,4,2026-08-06T20:25:00+00:00,2026-08-11T19:38:00+00:00,4.967,25.03468,87.37018,25.0328,87.37155,0.251,0.051,146.63,SE,LOW,STATIONARY,,stationary,INSUFFICIENT,0,False
287,6,2,2026-08-06T20:27:00+00:00,2026-08-08T21:31:00+00:00,2.044,18.95626,73.94231,18.95722,73.94223,0.107,0.052,355.48,N,LOW,STATIONARY,,stationary,INSUFFICIENT,0,False
288,1,1,2026-08-06T20:27:00+00:00,2026-08-06T20:27:00+00:00,0.0,20.58127,74.5366,20.58127,74.5366,0.0,0.0,0.0,INSUFFICIENT_DATA,INSUFFICIENT_DATA,INSUFFICIENT_DATA,,insufficient_evidence,INSUFFICIENT,0,False
289,1,1,2026-08-06T21:12:00+00:00,2026-08-06T21:12:00+00:00,0.0,24.69057,73.00171,24.69057,73.00171,0.0,0.0,0.0,INSUFFICIENT_DATA,INSUFFICIENT_DATA,INSUFFICIENT_DATA,,insufficient_evidence,INSUFFICIENT,0,False
290,1,1,2026-08-06T21:14:00+00:00,2026-08-06T21:14:00+00:00,0.0,22.97807,72.56618,22.97807,72.56618,0.0,0.0,0.0,INSUFFICIENT_DATA,INSUFFICIENT_DATA,INSUFFICIENT_DATA,,insufficient_evidence,INSUFFICIENT,0,False
291,1,1,2026-08-06T21:14:00+00:00,2026-08-06T21:14:00+00:00,0.0,22.99959,72.34648,22.99959,72.34648,0.0,0.0,0.0,INSUFFICIENT_DATA,INSUFFICIENT_DATA,INSUFFICIENT_DATA,,insufficient_evidence,INSUFFICIENT,0,False
292,1,1,2026-08-07T06:46:00+00:00,2026-08-07T06:46:00+00:00,0.0,27.95391,95.5974,27.95391,95.5974,0.0,0.0,0.0,INSUFFICIENT_DATA,INSUFFICIENT_DATA,INSUFFICIENT_DATA,,insufficient_evidence,INSUFFICIENT,0,False
293,1,1,2026-08-07T07:35:00+00:00,2026-08-07T07:35:00+00:00,0.0,8.57914,77.95925,8.57914,77.95925,0.0,0.0,0.0,INSUFFICIENT_DATA,INSUFFICIENT_DATA,INSUFFICIENT_DATA,,insufficient_evidence,INSUFFICIENT,0,False
294,1,1,2026-08-07T07:35:00+00:00,2026-08-07T07:35:00+00:00,0.0,8.58266,77.97887,8.58266,77.97887,0.0,0.0,0.0,INSUFFICIENT_DATA,INSUFFICIENT_DATA,INSUFFICIENT_DATA,,insufficient_evidence,INSUFFICIENT,0,False
295,1,1,2026-08-07T07:35:00+00:00,2026-08-07T07:35:00+00:00,0.0,9.40517,77.77493,9.40517,77.77493,0.0,0.0,0.0,INSUFFICIENT_DATA,INSUFFICIENT_DATA,INSUFFICIENT_DATA,,insufficient_evidence,INSUFFICIENT,0,False
296,1,1,2026-08-07T07:37:00+00:00,2026-08-07T07:37:00+00:00,0.0,9.52495,78.04314,9.52495,78.04314,0.0,0.0,0.0,INSUFFICIENT_DATA,INSUFFICIENT_DATA,INSUFFICIENT_DATA,,insufficient_evidence,INSUFFICIENT,0,False
297,27,6,2026-08-07T07:39:00+00:00,2026-08-13T07:29:00+00:00,5.993,23.67854,86.39885,23.68019,86.3965,0.302,0.05,307.46,NW,LOW,STATIONARY,,stationary,INSUFFICIENT,0,False
298,22,6,2026-08-07T07:39:00+00:00,2026-08-16T19:45:00+00:00,9.504,23.71616,86.44544,23.71004,86.45012,0.831,0.087,145.07,SE,LOW,MOVING,,erratic,PRELIMINARY,49,False
299,1,1,2026-08-07T08:22:00+00:00,2026-08-07T08:22:00+00:00,0.0,8.57461,78.00533,8.57461,78.00533,0.0,0.0,0.0,INSUFFICIENT_DATA,INSUFFICIENT_DATA,INSUFFICIENT_DATA,,insufficient_evidence,INSUFFICIENT,0,False
300,3,1,2026-08-07T08:22:00+00:00,2026-08-07T08:22:00+00:00,0.0,8.75958,78.18235,8.75958,78.18235,0.0,0.0,0.0,INSUFFICIENT_DATA,INSUFFICIENT_DATA,INSUFFICIENT_DATA,,insufficient_evidence,INSUFFICIENT,0,False
301,1,1,2026-08-07T09:22:00+00:00,2026-08-07T09:22:00+00:00,0.0,23.64634,68.56316,23.64634,68.56316,0.0,0.0,0.0,INSUFFICIENT_DATA,INSUFFICIENT_DATA,INSUFFICIENT_DATA,,insufficient_evidence,INSUFFICIENT,0,False
302,1,1,2026-08-07T19:13:00+00:00,2026-08-07T19:13:00+00:00,0.0,22.78345,86.00488,22.78345,86.00488,0.0,0.0,0.0,INSUFFICIENT_DATA,INSUFFICIENT_DATA,INSUFFICIENT_DATA,,insufficient_evidence,INSUFFICIENT,0,False
303,6,3,2026-08-07T19:13:00+00:00,2026-08-09T19:30:00+00:00,2.012,23.70858,86.43064,23.71516,86.42413,0.987,0.491,317.82,NW,LOW,MOVING,NW,directional,MODERATE,46,True
304,106,12,2026-08-07T19:13:00+00:00,2026-08-23T20:55:00+00:00,16.071,23.76756,86.40216,23.75861,86.40425,1.018,0.063,167.93,S,HIGH,MOVING,,erratic,PRELIMINARY,33,False
305,9,4,2026-08-07T19:13:00+00:00,2026-08-11T19:38:00+00:00,4.017,23.77381,86.36354,23.77495,86.3648,0.18,0.045,45.33,NE,LOW,STATIONARY,,stationary,INSUFFICIENT,0,False
306,1,1,2026-08-07T19:13:00+00:00,2026-08-07T19:13:00+00:00,0.0,23.77419,85.99416,23.77419,85.99416,0.0,0.0,0.0,INSUFFICIENT_DATA,INSUFFICIENT_DATA,INSUFFICIENT_DATA,,insufficient_evidence,INSUFFICIENT,0,False
307,9,3,2026-08-07T19:13:00+00:00,2026-08-09T19:30:00+00:00,2.012,23.77856,86.38951,23.77827,86.38636,0.322,0.16,264.33,W,LOW,STATIONARY,,stationary,INSUFFICIENT,0,False
308,1,1,2026-08-07T19:13:00+00:00,2026-08-07T19:13:00+00:00,0.0,23.79666,86.63983,23.79666,86.63983,0.0,0.0,0.0,INSUFFICIENT_DATA,INSUFFICIENT_DATA,INSUFFICIENT_DATA,,insufficient_evidence,INSUFFICIENT,0,False
309,1,1,2026-08-07T19:13:00+00:00,2026-08-07T19:13:00+00:00,0.0,27.32373,95.27661,27.32373,95.27661,0.0,0.0,0.0,INSUFFICIENT_DATA,INSUFFICIENT_DATA,INSUFFICIENT_DATA,,insufficient_evidence,INSUFFICIENT,0,False
310,1,1,2026-08-07T19:13:00+00:00,2026-08-07T19:13:00+00:00,0.0,27.46889,95.42281,27.46889,95.42281,0.0,0.0,0.0,INSUFFICIENT_DATA,INSUFFICIENT_DATA,INSUFFICIENT_DATA,,insufficient_evidence,INSUFFICIENT,0,False
311,1,1,2026-08-07T20:08:00+00:00,2026-08-07T20:08:00+00:00,0.0,23.6651,84.99844,23.6651,84.99844,0.0,0.0,0.0,INSUFFICIENT_DATA,INSUFFICIENT_DATA,INSUFFICIENT_DATA,,insufficient_evidence,INSUFFICIENT,0,False
312,2,2,2026-08-07T20:08:00+00:00,2026-08-08T19:49:00+00:00,0.987,23.72148,85.009,23.72111,85.00737,0.171,0.173,256.08,W,LOW,STATIONARY,,stationary,INSUFFICIENT,0,False
313,1,1,2026-08-07T20:08:00+00:00,2026-08-07T20:08:00+00:00,0.0,23.73612,85.02348,23.73612,85.02348,0.0,0.0,0.0,INSUFFICIENT_DATA,INSUFFICIENT_DATA,INSUFFICIENT_DATA,,insufficient_evidence,INSUFFICIENT,0,False
314,3,2,2026-08-07T20:08:00+00:00,2026-08-09T20:17:00+00:00,2.006,23.79395,86.23575,23.79418,86.23288,0.293,0.146,274.9,W,LOW,STATIONARY,,stationary,INSUFFICIENT,0,False
315,4,4,2026-08-07T20:08:00+00:00,2026-08-15T20:04:00+00:00,7.997,24.14051,82.70663,24.13888,82.70657,0.181,0.023,181.92,S,LOW,STATIONARY,,stationary,INSUFFICIENT,0,False
316,1,1,2026-08-07T20:08:00+00:00,2026-08-07T20:08:00+00:00,0.0,24.14751,82.65939,24.14751,82.65939,0.0,0.0,0.0,INSUFFICIENT_DATA,INSUFFICIENT_DATA,INSUFFICIENT_DATA,,insufficient_evidence,INSUFFICIENT,0,False
317,5,3,2026-08-07T20:08:00+00:00,2026-08-11T20:32:00+00:00,4.017,25.03437,87.38967,25.03661,87.38752,0.33,0.082,319.05,NW,LOW,STATIONARY,,stationary,INSUFFICIENT,0,False
318,4,2,2026-08-07T20:08:00+00:00,2026-08-08T19:47:00+00:00,0.985,26.75962,83.20031,26.76064,83.19816,0.242,0.245,297.7,NW,LOW,STATIONARY,,stationary,INSUFFICIENT,0,False
319,11,6,2026-08-07T20:53:00+00:00,2026-08-12T20:59:00+00:00,5.004,26.6412,79.48167,26.64216,79.4784,0.341,0.068,288.12,W,LOW,STATIONARY,,stationary,INSUFFICIENT,0,False
320,3,2,2026-08-07T20:53:00+00:00,2026-08-10T20:49:00+00:00,2.997,29.45735,76.87064,29.45884,76.86648,0.435,0.145,292.39,W,LOW,STATIONARY,,stationary,INSUFFICIENT,0,False
321,5,3,2026-08-07T20:55:00+00:00,2026-08-10T19:57:00+00:00,2.96,18.68641,73.03136,18.68258,73.03286,0.454,0.153,159.64,S,LOW,STATIONARY,,stationary,INSUFFICIENT,0,False
322,1,1,2026-08-08T07:24:00+00:00,2026-08-08T07:24:00+00:00,0.0,29.06436,79.52175,29.06436,79.52175,0.0,0.0,0.0,INSUFFICIENT_DATA,INSUFFICIENT_DATA,INSUFFICIENT_DATA,,insufficient_evidence,INSUFFICIENT,0,False
323,1,1,2026-08-08T08:03:00+00:00,2026-08-08T08:03:00+00:00,0.0,9.35078,78.64883,9.35078,78.64883,0.0,0.0,0.0,INSUFFICIENT_DATA,INSUFFICIENT_DATA,INSUFFICIENT_DATA,,insufficient_evidence,INSUFFICIENT,0,False
324,1,1,2026-08-08T08:03:00+00:00,2026-08-08T08:03:00+00:00,0.0,9.46694,78.60876,9.46694,78.60876,0.0,0.0,0.0,INSUFFICIENT_DATA,INSUFFICIENT_DATA,INSUFFICIENT_DATA,,insufficient_evidence,INSUFFICIENT,0,False
325,1,1,2026-08-08T08:03:00+00:00,2026-08-08T08:03:00+00:00,0.0,9.72193,77.87727,9.72193,77.87727,0.0,0.0,0.0,INSUFFICIENT_DATA,INSUFFICIENT_DATA,INSUFFICIENT_DATA,,insufficient_evidence,INSUFFICIENT,0,False
326,1,1,2026-08-08T08:03:00+00:00,2026-08-08T08:03:00+00:00,0.0,12.18139,79.57864,12.18139,79.57864,0.0,0.0,0.0,INSUFFICIENT_DATA,INSUFFICIENT_DATA,INSUFFICIENT_DATA,,insufficient_evidence,INSUFFICIENT,0,False
327,1,1,2026-08-08T08:03:00+00:00,2026-08-08T08:03:00+00:00,0.0,13.77714,79.96498,13.77714,79.96498,0.0,0.0,0.0,INSUFFICIENT_DATA,INSUFFICIENT_DATA,INSUFFICIENT_DATA,,insufficient_evidence,INSUFFICIENT,0,False
328,1,1,2026-08-08T08:03:00+00:00,2026-08-08T08:03:00+00:00,0.0,14.14061,79.64134,14.14061,79.64134,0.0,0.0,0.0,INSUFFICIENT_DATA,INSUFFICIENT_DATA,INSUFFICIENT_DATA,,insufficient_evidence,INSUFFICIENT,0,False
329,1,1,2026-08-08T08:03:00+00:00,2026-08-08T08:03:00+00:00,0.0,14.66399,80.13791,14.66399,80.13791,0.0,0.0,0.0,INSUFFICIENT_DATA,INSUFFICIENT_DATA,INSUFFICIENT_DATA,,insufficient_evidence,INSUFFICIENT,0,False
330,1,1,2026-08-08T08:03:00+00:00,2026-08-08T08:03:00+00:00,0.0,14.73576,79.83199,14.73576,79.83199,0.0,0.0,0.0,INSUFFICIENT_DATA,INSUFFICIENT_DATA,INSUFFICIENT_DATA,,insufficient_evidence,INSUFFICIENT,0,False
331,8,5,2026-08-08T18:53:00+00:00,2026-08-14T20:21:00+00:00,6.061,22.35985,87.01696,22.36108,87.01765,0.154,0.025,27.42,NE,LOW,STATIONARY,,stationary,INSUFFICIENT,0,False
332,1,1,2026-08-08T18:56:00+00:00,2026-08-08T18:56:00+00:00,0.0,20.24184,86.60018,20.24184,86.60018,0.0,0.0,0.0,INSUFFICIENT_DATA,INSUFFICIENT_DATA,INSUFFICIENT_DATA,,insufficient_evidence,INSUFFICIENT,0,False
333,2,2,2026-08-08T19:47:00+00:00,2026-08-11T19:38:00+00:00,2.994,25.54309,91.2356,25.54083,91.23685,0.281,0.094,153.48,SE,LOW,STATIONARY,,stationary,INSUFFICIENT,0,False
334,2,1,2026-08-08T19:47:00+00:00,2026-08-08T20:34:00+00:00,0.033,28.85323,77.14468,28.85323,77.14468,0.0,0.0,0.0,INSUFFICIENT_DATA,INSUFFICIENT_DATA,INSUFFICIENT_DATA,,insufficient_evidence,INSUFFICIENT,0,False
335,2,1,2026-08-08T19:49:00+00:00,2026-08-08T19:49:00+00:00,0.0,20.76015,85.2945,20.76015,85.2945,0.0,0.0,0.0,INSUFFICIENT_DATA,INSUFFICIENT_DATA,INSUFFICIENT_DATA,,insufficient_evidence,INSUFFICIENT,0,False
336,9,1,2026-08-08T19:49:00+00:00,2026-08-08T19:49:00+00:00,0.0,20.79382,85.25961,20.79382,85.25961,0.0,0.0,0.0,INSUFFICIENT_DATA,INSUFFICIENT_DATA,INSUFFICIENT_DATA,,insufficient_evidence,INSUFFICIENT,0,False
337,6,2,2026-08-08T19:49:00+00:00,2026-08-10T07:29:00+00:00,1.486,20.86512,84.9912,20.865,84.98891,0.238,0.16,266.79,W,LOW,STATIONARY,,stationary,INSUFFICIENT,0,False
338,2,1,2026-08-08T19:49:00+00:00,2026-08-08T19:49:00+00:00,0.0,20.95257,86.04758,20.95257,86.04758,0.0,0.0,0.0,INSUFFICIENT_DATA,INSUFFICIENT_DATA,INSUFFICIENT_DATA,,insufficient_evidence,INSUFFICIENT,0,False
339,24,2,2026-08-08T19:49:00+00:00,2026-08-11T19:40:00+00:00,2.994,20.96685,85.17656,20.96522,85.17598,0.191,0.064,198.37,S,LOW,STATIONARY,,stationary,INSUFFICIENT,0,False
340,3,1,2026-08-08T19:49:00+00:00,2026-08-08T20:36:00+00:00,0.033,20.96939,86.00611,20.96939,86.00611,0.0,0.0,0.0,INSUFFICIENT_DATA,INSUFFICIENT_DATA,INSUFFICIENT_DATA,,insufficient_evidence,INSUFFICIENT,0,False
341,8,3,2026-08-08T19:49:00+00:00,2026-08-11T19:40:00+00:00,2.994,20.98294,85.13465,20.98533,85.13896,0.52,0.174,59.35,NE,LOW,MOVING,,erratic,PRELIMINARY,33,False
342,4,2,2026-08-08T19:49:00+00:00,2026-08-11T20:34:00+00:00,3.031,20.99944,86.02661,21.00171,86.02567,0.27,0.089,338.93,N,LOW,STATIONARY,,stationary,INSUFFICIENT,0,False
343,4,2,2026-08-08T19:49:00+00:00,2026-08-11T19:40:00+00:00,2.994,21.07686,85.04057,21.07778,85.04282,0.255,0.085,66.38,NE,LOW,STATIONARY,,stationary,INSUFFICIENT,0,False
344,3,2,2026-08-08T19:49:00+00:00,2026-08-11T19:38:00+00:00,2.992,21.92888,85.22194,21.92625,85.22292,0.309,0.103,160.99,S,LOW,STATIONARY,,stationary,INSUFFICIENT,0,False
345,16,4,2026-08-08T19:49:00+00:00,2026-08-13T20:42:00+00:00,5.037,22.05395,88.12382,22.06163,88.12352,0.855,0.17,357.97,N,LOW,MOVING,N,directional,HIGH,71,True
346,1,1,2026-08-08T19:49:00+00:00,2026-08-08T19:49:00+00:00,0.0,23.54922,86.54599,23.54922,86.54599,0.0,0.0,0.0,INSUFFICIENT_DATA,INSUFFICIENT_DATA,INSUFFICIENT_DATA,,insufficient_evidence,INSUFFICIENT,0,False
347,11,3,2026-08-08T19:49:00+00:00,2026-08-10T19:57:00+00:00,2.006,23.66318,87.155,23.66328,87.15555,0.057,0.028,79.24,E,LOW,STATIONARY,,stationary,INSUFFICIENT,0,False
348,1,1,2026-08-08T19:49:00+00:00,2026-08-08T19:49:00+00:00,0.0,23.73825,85.00724,23.73825,85.00724,0.0,0.0,0.0,INSUFFICIENT_DATA,INSUFFICIENT_DATA,INSUFFICIENT_DATA,,insufficient_evidence,INSUFFICIENT,0,False
349,2,1,2026-08-08T19:49:00+00:00,2026-08-08T19:49:00+00:00,0.0,23.75204,86.4175,23.75204,86.4175,0.0,0.0,0.0,INSUFFICIENT_DATA,INSUFFICIENT_DATA,INSUFFICIENT_DATA,,insufficient_evidence,INSUFFICIENT,0,False
350,5,3,2026-08-08T19:49:00+00:00,2026-08-10T20:51:00+00:00,2.043,23.78115,86.3476,23.78405,86.33894,0.938,0.459,290.1,W,LOW,MOVING,W,directional,MODERATE,62,True
351,38,13,2026-08-08T19:49:00+00:00,2026-08-24T19:49:00+00:00,16.0,23.80323,86.32977,23.80593,86.32925,0.305,0.019,350.01,N,LOW,STATIONARY,,stationary,INSUFFICIENT,0,False
352,4,1,2026-08-08T19:49:00+00:00,2026-08-08T20:34:00+00:00,0.031,24.11851,86.86219,24.11851,86.86219,0.0,0.0,0.0,INSUFFICIENT_DATA,INSUFFICIENT_DATA,INSUFFICIENT_DATA,,insufficient_evidence,INSUFFICIENT,0,False
353,8,4,2026-08-08T19:49:00+00:00,2026-08-12T20:14:00+00:00,4.017,24.16996,82.62179,24.16726,82.6263,0.547,0.136,123.23,SE,LOW,MOVING,,erratic,PRELIMINARY,32,False
354,9,4,2026-08-08T19:49:00+00:00,2026-08-15T20:04:00+00:00,7.01,24.1832,82.65526,24.18051,82.64401,1.18,0.168,255.32,W,HIGH,MOVING,W,directional,HIGH,71,True
355,15,3,2026-08-08T19:49:00+00:00,2026-08-12T20:14:00+00:00,4.017,24.20311,82.71241,24.20359,82.71051,0.2,0.05,285.58,W,LOW,STATIONARY,,stationary,INSUFFICIENT,0,False
356,1,1,2026-08-08T19:51:00+00:00,2026-08-08T19:51:00+00:00,0.0,11.03697,77.77518,11.03697,77.77518,0.0,0.0,0.0,INSUFFICIENT_DATA,INSUFFICIENT_DATA,INSUFFICIENT_DATA,,insufficient_evidence,INSUFFICIENT,0,False
357,5,3,2026-08-08T19:51:00+00:00,2026-08-11T20:36:00+00:00,3.031,15.02526,78.01561,15.024,78.01444,0.189,0.062,221.77,SW,LOW,STATIONARY,,stationary,INSUFFICIENT,0,False
358,10,5,2026-08-08T19:51:00+00:00,2026-08-16T20:42:00+00:00,8.035,15.17809,77.10169,15.17896,77.10384,0.25,0.031,67.33,NE,LOW,STATIONARY,,stationary,INSUFFICIENT,0,False
359,3,1,2026-08-08T19:53:00+00:00,2026-08-08T20:38:00+00:00,0.031,9.7606,77.62104,9.7606,77.62104,0.0,0.0,0.0,INSUFFICIENT_DATA,INSUFFICIENT_DATA,INSUFFICIENT_DATA,,insufficient_evidence,INSUFFICIENT,0,False
360,2,2,2026-08-08T20:34:00+00:00,2026-08-10T07:29:00+00:00,1.455,22.24258,87.38795,22.24657,87.38881,0.452,0.311,11.28,N,LOW,STATIONARY,,stationary,INSUFFICIENT,0,False
361,9,3,2026-08-08T20:34:00+00:00,2026-08-11T20:34:00+00:00,3.0,22.36584,87.29999,22.36784,87.29697,0.382,0.127,305.52,NW,LOW,STATIONARY,,stationary,INSUFFICIENT,0,False
362,8,4,2026-08-08T20:34:00+00:00,2026-08-11T19:38:00+00:00,2.961,22.81087,86.08997,22.79893,86.08892,1.332,0.45,184.63,S,HIGH,MOVING,,erratic,PRELIMINARY,45,False
363,7,3,2026-08-08T20:34:00+00:00,2026-08-10T19:57:00+00:00,1.974,23.55595,87.23958,23.5606,87.23688,0.586,0.297,331.98,NW,LOW,MOVING,NW,directional,MODERATE,65,True
364,2,1,2026-08-08T20:34:00+00:00,2026-08-08T20:34:00+00:00,0.0,23.66577,86.9212,23.66577,86.9212,0.0,0.0,0.0,INSUFFICIENT_DATA,INSUFFICIENT_DATA,INSUFFICIENT_DATA,,insufficient_evidence,INSUFFICIENT,0,False
365,2,2,2026-08-08T20:34:00+00:00,2026-08-09T19:30:00+00:00,0.956,23.66546,86.93528,23.66858,86.93404,0.369,0.386,340.0,N,LOW,STATIONARY,,stationary,INSUFFICIENT,0,False
366,1,1,2026-08-08T20:34:00+00:00,2026-08-08T20:34:00+00:00,0.0,27.07989,73.8157,27.07989,73.8157,0.0,0.0,0.0,INSUFFICIENT_DATA,INSUFFICIENT_DATA,INSUFFICIENT_DATA,,insufficient_evidence,INSUFFICIENT,0,False
367,1,1,2026-08-08T20:36:00+00:00,2026-08-08T20:36:00+00:00,0.0,18.42307,73.94807,18.42307,73.94807,0.0,0.0,0.0,INSUFFICIENT_DATA,INSUFFICIENT_DATA,INSUFFICIENT_DATA,,insufficient_evidence,INSUFFICIENT,0,False
368,1,1,2026-08-08T20:36:00+00:00,2026-08-08T20:36:00+00:00,0.0,19.93574,73.7124,19.93574,73.7124,0.0,0.0,0.0,INSUFFICIENT_DATA,INSUFFICIENT_DATA,INSUFFICIENT_DATA,,insufficient_evidence,INSUFFICIENT,0,False
369,2,1,2026-08-08T20:36:00+00:00,2026-08-08T20:36:00+00:00,0.0,20.88686,84.9833,20.88686,84.9833,0.0,0.0,0.0,INSUFFICIENT_DATA,INSUFFICIENT_DATA,INSUFFICIENT_DATA,,insufficient_evidence,INSUFFICIENT,0,False
370,5,2,2026-08-08T20:36:00+00:00,2026-08-09T21:12:00+00:00,1.025,22.93328,69.697,22.93349,69.69988,0.296,0.289,85.59,E,LOW,STATIONARY,,stationary,INSUFFICIENT,0,False
371,1,1,2026-08-08T20:36:00+00:00,2026-08-08T20:36:00+00:00,0.0,23.01004,70.10314,23.01004,70.10314,0.0,0.0,0.0,INSUFFICIENT_DATA,INSUFFICIENT_DATA,INSUFFICIENT_DATA,,insufficient_evidence,INSUFFICIENT,0,False
372,3,2,2026-08-08T20:38:00+00:00,2026-08-10T08:22:00+00:00,1.489,10.00389,78.03165,10.00777,78.03663,0.695,0.467,51.65,NE,LOW,MOVING,NE,directional,PRELIMINARY,33,True
373,2,1,2026-08-08T20:38:00+00:00,2026-08-08T20:38:00+00:00,0.0,12.54914,77.3302,12.54914,77.3302,0.0,0.0,0.0,INSUFFICIENT_DATA,INSUFFICIENT_DATA,INSUFFICIENT_DATA,,insufficient_evidence,INSUFFICIENT,0,False
374,1,1,2026-08-08T20:38:00+00:00,2026-08-08T20:38:00+00:00,0.0,12.98322,74.85109,12.98322,74.85109,0.0,0.0,0.0,INSUFFICIENT_DATA,INSUFFICIENT_DATA,INSUFFICIENT_DATA,,insufficient_evidence,INSUFFICIENT,0,False
375,2,2,2026-08-08T20:38:00+00:00,2026-08-09T20:17:00+00:00,0.985,15.17243,76.69172,15.17381,76.69177,0.154,0.156,2.0,N,LOW,STATIONARY,,stationary,INSUFFICIENT,0,False
376,1,1,2026-08-08T20:38:00+00:00,2026-08-08T20:38:00+00:00,0.0,16.6499,74.31506,16.6499,74.31506,0.0,0.0,0.0,INSUFFICIENT_DATA,INSUFFICIENT_DATA,INSUFFICIENT_DATA,,insufficient_evidence,INSUFFICIENT,0,False
377,3,2,2026-08-09T06:08:00+00:00,2026-08-11T06:25:00+00:00,2.012,28.06259,95.35578,28.06288,95.35718,0.141,0.07,76.52,E,LOW,STATIONARY,,stationary,INSUFFICIENT,0,False
378,2,2,2026-08-09T06:08:00+00:00,2026-08-11T06:25:00+00:00,2.012,28.0676,95.37768,28.06727,95.37943,0.176,0.087,102.06,E,LOW,STATIONARY,,stationary,INSUFFICIENT,0,False
379,6,3,2026-08-09T07:03:00+00:00,2026-08-11T07:12:00+00:00,2.006,27.77602,95.53701,27.77473,95.53733,0.147,0.073,167.62,S,LOW,STATIONARY,,stationary,INSUFFICIENT,0,False
380,2,1,2026-08-09T07:03:00+00:00,2026-08-09T07:03:00+00:00,0.0,27.96734,95.60775,27.96734,95.60775,0.0,0.0,0.0,INSUFFICIENT_DATA,INSUFFICIENT_DATA,INSUFFICIENT_DATA,,insufficient_evidence,INSUFFICIENT,0,False
381,1,1,2026-08-09T07:44:00+00:00,2026-08-09T07:44:00+00:00,0.0,8.84041,78.0078,8.84041,78.0078,0.0,0.0,0.0,INSUFFICIENT_DATA,INSUFFICIENT_DATA,INSUFFICIENT_DATA,,insufficient_evidence,INSUFFICIENT,0,False
382,1,1,2026-08-09T07:44:00+00:00,2026-08-09T07:44:00+00:00,0.0,8.84773,77.97353,8.84773,77.97353,0.0,0.0,0.0,INSUFFICIENT_DATA,INSUFFICIENT_DATA,INSUFFICIENT_DATA,,insufficient_evidence,INSUFFICIENT,0,False
383,2,1,2026-08-09T07:44:00+00:00,2026-08-09T07:44:00+00:00,0.0,8.89839,78.04115,8.89839,78.04115,0.0,0.0,0.0,INSUFFICIENT_DATA,INSUFFICIENT_DATA,INSUFFICIENT_DATA,,insufficient_evidence,INSUFFICIENT,0,False
384,1,1,2026-08-09T07:44:00+00:00,2026-08-09T07:44:00+00:00,0.0,8.90703,77.70632,8.90703,77.70632,0.0,0.0,0.0,INSUFFICIENT_DATA,INSUFFICIENT_DATA,INSUFFICIENT_DATA,,insufficient_evidence,INSUFFICIENT,0,False
385,1,1,2026-08-09T07:44:00+00:00,2026-08-09T07:44:00+00:00,0.0,9.01122,77.96381,9.01122,77.96381,0.0,0.0,0.0,INSUFFICIENT_DATA,INSUFFICIENT_DATA,INSUFFICIENT_DATA,,insufficient_evidence,INSUFFICIENT,0,False
386,2,1,2026-08-09T07:44:00+00:00,2026-08-09T07:44:00+00:00,0.0,9.23762,78.68775,9.23762,78.68775,0.0,0.0,0.0,INSUFFICIENT_DATA,INSUFFICIENT_DATA,INSUFFICIENT_DATA,,insufficient_evidence,INSUFFICIENT,0,False
387,1,1,2026-08-09T07:44:00+00:00,2026-08-09T07:44:00+00:00,0.0,9.46624,77.55146,9.46624,77.55146,0.0,0.0,0.0,INSUFFICIENT_DATA,INSUFFICIENT_DATA,INSUFFICIENT_DATA,,insufficient_evidence,INSUFFICIENT,0,False
388,1,1,2026-08-09T07:44:00+00:00,2026-08-09T07:44:00+00:00,0.0,9.57627,78.52619,9.57627,78.52619,0.0,0.0,0.0,INSUFFICIENT_DATA,INSUFFICIENT_DATA,INSUFFICIENT_DATA,,insufficient_evidence,INSUFFICIENT,0,False
389,1,1,2026-08-09T07:44:00+00:00,2026-08-09T07:44:00+00:00,0.0,9.61507,78.63419,9.61507,78.63419,0.0,0.0,0.0,INSUFFICIENT_DATA,INSUFFICIENT_DATA,INSUFFICIENT_DATA,,insufficient_evidence,INSUFFICIENT,0,False
390,1,1,2026-08-09T07:44:00+00:00,2026-08-09T07:44:00+00:00,0.0,9.63756,77.60527,9.63756,77.60527,0.0,0.0,0.0,INSUFFICIENT_DATA,INSUFFICIENT_DATA,INSUFFICIENT_DATA,,insufficient_evidence,INSUFFICIENT,0,False
391,1,1,2026-08-09T07:44:00+00:00,2026-08-09T07:44:00+00:00,0.0,9.64483,78.78864,9.64483,78.78864,0.0,0.0,0.0,INSUFFICIENT_DATA,INSUFFICIENT_DATA,INSUFFICIENT_DATA,,insufficient_evidence,INSUFFICIENT,0,False
392,1,1,2026-08-09T07:44:00+00:00,2026-08-09T07:44:00+00:00,0.0,9.66437,78.79135,9.66437,78.79135,0.0,0.0,0.0,INSUFFICIENT_DATA,INSUFFICIENT_DATA,INSUFFICIENT_DATA,,insufficient_evidence,INSUFFICIENT,0,False
393,3,1,2026-08-09T07:44:00+00:00,2026-08-09T07:44:00+00:00,0.0,9.71276,77.92736,9.71276,77.92736,0.0,0.0,0.0,INSUFFICIENT_DATA,INSUFFICIENT_DATA,INSUFFICIENT_DATA,,insufficient_evidence,INSUFFICIENT,0,False
394,1,1,2026-08-09T07:46:00+00:00,2026-08-09T07:46:00+00:00,0.0,10.96326,78.16092,10.96326,78.16092,0.0,0.0,0.0,INSUFFICIENT_DATA,INSUFFICIENT_DATA,INSUFFICIENT_DATA,,insufficient_evidence,INSUFFICIENT,0,False
395,1,1,2026-08-09T07:46:00+00:00,2026-08-09T07:46:00+00:00,0.0,11.65351,79.12866,11.65351,79.12866,0.0,0.0,0.0,INSUFFICIENT_DATA,INSUFFICIENT_DATA,INSUFFICIENT_DATA,,insufficient_evidence,INSUFFICIENT,0,False
396,1,1,2026-08-09T07:46:00+00:00,2026-08-09T07:46:00+00:00,0.0,11.66286,78.62783,11.66286,78.62783,0.0,0.0,0.0,INSUFFICIENT_DATA,INSUFFICIENT_DATA,INSUFFICIENT_DATA,,insufficient_evidence,INSUFFICIENT,0,False
397,1,1,2026-08-09T07:46:00+00:00,2026-08-09T07:46:00+00:00,0.0,12.46548,79.024,12.46548,79.024,0.0,0.0,0.0,INSUFFICIENT_DATA,INSUFFICIENT_DATA,INSUFFICIENT_DATA,,insufficient_evidence,INSUFFICIENT,0,False
398,18,3,2026-08-09T07:48:00+00:00,2026-08-11T19:38:00+00:00,2.493,22.79021,86.20371,22.79481,86.20427,0.515,0.207,6.4,N,LOW,MOVING,N,directional,MODERATE,45,True
399,3,1,2026-08-09T08:39:00+00:00,2026-08-09T08:39:00+00:00,0.0,9.33955,77.71564,9.33955,77.71564,0.0,0.0,0.0,INSUFFICIENT_DATA,INSUFFICIENT_DATA,INSUFFICIENT_DATA,,insufficient_evidence,INSUFFICIENT,0,False
400,1,1,2026-08-09T08:39:00+00:00,2026-08-09T08:39:00+00:00,0.0,9.55403,77.81441,9.55403,77.81441,0.0,0.0,0.0,INSUFFICIENT_DATA,INSUFFICIENT_DATA,INSUFFICIENT_DATA,,insufficient_evidence,INSUFFICIENT,0,False
401,2,1,2026-08-09T08:39:00+00:00,2026-08-09T08:39:00+00:00,0.0,11.07144,78.70366,11.07144,78.70366,0.0,0.0,0.0,INSUFFICIENT_DATA,INSUFFICIENT_DATA,INSUFFICIENT_DATA,,insufficient_evidence,INSUFFICIENT,0,False
402,1,1,2026-08-09T08:39:00+00:00,2026-08-09T08:39:00+00:00,0.0,11.19376,78.23439,11.19376,78.23439,0.0,0.0,0.0,INSUFFICIENT_DATA,INSUFFICIENT_DATA,INSUFFICIENT_DATA,,insufficient_evidence,INSUFFICIENT,0,False
403,1,1,2026-08-09T08:39:00+00:00,2026-08-09T08:39:00+00:00,0.0,12.53732,77.01344,12.53732,77.01344,0.0,0.0,0.0,INSUFFICIENT_DATA,INSUFFICIENT_DATA,INSUFFICIENT_DATA,,insufficient_evidence,INSUFFICIENT,0,False
404,1,1,2026-08-09T08:39:00+00:00,2026-08-09T08:39:00+00:00,0.0,13.35395,76.12534,13.35395,76.12534,0.0,0.0,0.0,INSUFFICIENT_DATA,INSUFFICIENT_DATA,INSUFFICIENT_DATA,,insufficient_evidence,INSUFFICIENT,0,False
405,1,1,2026-08-09T08:39:00+00:00,2026-08-09T08:39:00+00:00,0.0,13.43076,79.83887,13.43076,79.83887,0.0,0.0,0.0,INSUFFICIENT_DATA,INSUFFICIENT_DATA,INSUFFICIENT_DATA,,insufficient_evidence,INSUFFICIENT,0,False
406,1,1,2026-08-09T08:39:00+00:00,2026-08-09T08:39:00+00:00,0.0,13.68176,76.16438,13.68176,76.16438,0.0,0.0,0.0,INSUFFICIENT_DATA,INSUFFICIENT_DATA,INSUFFICIENT_DATA,,insufficient_evidence,INSUFFICIENT,0,False
407,1,1,2026-08-09T08:43:00+00:00,2026-08-09T08:43:00+00:00,0.0,26.06175,70.26306,26.06175,70.26306,0.0,0.0,0.0,INSUFFICIENT_DATA,INSUFFICIENT_DATA,INSUFFICIENT_DATA,,insufficient_evidence,INSUFFICIENT,0,False
408,1,1,2026-08-09T08:45:00+00:00,2026-08-09T08:45:00+00:00,0.0,28.61605,73.78303,28.61605,73.78303,0.0,0.0,0.0,INSUFFICIENT_DATA,INSUFFICIENT_DATA,INSUFFICIENT_DATA,,insufficient_evidence,INSUFFICIENT,0,False
409,1,1,2026-08-09T19:28:00+00:00,2026-08-09T19:28:00+00:00,0.0,27.40552,96.0146,27.40552,96.0146,0.0,0.0,0.0,INSUFFICIENT_DATA,INSUFFICIENT_DATA,INSUFFICIENT_DATA,,insufficient_evidence,INSUFFICIENT,0,False
410,2,2,2026-08-09T19:30:00+00:00,2026-08-11T19:38:00+00:00,2.006,22.87357,88.21239,22.8725,88.21297,0.133,0.066,153.46,SE,LOW,STATIONARY,,stationary,INSUFFICIENT,0,False
411,6,2,2026-08-09T19:30:00+00:00,2026-08-10T20:51:00+00:00,1.056,22.87357,86.06283,22.87424,86.06134,0.17,0.161,296.07,NW,LOW,STATIONARY,,stationary,INSUFFICIENT,0,False
412,5,3,2026-08-09T19:30:00+00:00,2026-08-14T19:38:00+00:00,5.006,23.48303,87.35995,23.48498,87.36285,0.367,0.073,53.75,NE,LOW,STATIONARY,,stationary,INSUFFICIENT,0,False
413,1,1,2026-08-09T19:30:00+00:00,2026-08-09T19:30:00+00:00,0.0,23.63527,86.83443,23.63527,86.83443,0.0,0.0,0.0,INSUFFICIENT_DATA,INSUFFICIENT_DATA,INSUFFICIENT_DATA,,insufficient_evidence,INSUFFICIENT,0,False
414,19,3,2026-08-09T19:30:00+00:00,2026-08-11T20:34:00+00:00,2.044,23.64798,85.4378,23.6489,85.43849,0.123,0.06,34.57,NE,LOW,STATIONARY,,stationary,INSUFFICIENT,0,False
415,1,1,2026-08-09T19:30:00+00:00,2026-08-09T19:30:00+00:00,0.0,23.69257,86.40362,23.69257,86.40362,0.0,0.0,0.0,INSUFFICIENT_DATA,INSUFFICIENT_DATA,INSUFFICIENT_DATA,,insufficient_evidence,INSUFFICIENT,0,False
416,5,2,2026-08-09T19:30:00+00:00,2026-08-10T20:51:00+00:00,1.056,23.73793,86.43215,23.73915,86.43234,0.137,0.129,8.06,N,LOW,STATIONARY,,stationary,INSUFFICIENT,0,False
417,12,3,2026-08-09T19:30:00+00:00,2026-08-11T19:38:00+00:00,2.006,23.75626,85.85221,23.75669,85.85356,0.145,0.072,70.62,E,LOW,STATIONARY,,stationary,INSUFFICIENT,0,False
418,2,2,2026-08-09T19:30:00+00:00,2026-08-12T19:17:00+00:00,2.991,27.31784,95.26588,27.31904,95.2666,0.151,0.051,28.06,NE,LOW,STATIONARY,,stationary,INSUFFICIENT,0,False
419,1,1,2026-08-09T19:32:00+00:00,2026-08-09T19:32:00+00:00,0.0,21.75876,84.02281,21.75876,84.02281,0.0,0.0,0.0,INSUFFICIENT_DATA,INSUFFICIENT_DATA,INSUFFICIENT_DATA,,insufficient_evidence,INSUFFICIENT,0,False
420,15,2,2026-08-09T19:32:00+00:00,2026-08-12T07:46:00+00:00,2.51,21.75466,83.84461,21.75255,83.8443,0.237,0.094,187.73,S,LOW,STATIONARY,,stationary,INSUFFICIENT,0,False
421,1,1,2026-08-09T19:32:00+00:00,2026-08-09T19:32:00+00:00,0.0,21.9717,83.19962,21.9717,83.19962,0.0,0.0,0.0,INSUFFICIENT_DATA,INSUFFICIENT_DATA,INSUFFICIENT_DATA,,insufficient_evidence,INSUFFICIENT,0,False
422,2,1,2026-08-09T19:32:00+00:00,2026-08-09T20:17:00+00:00,0.031,22.00478,82.67058,22.00478,82.67058,0.0,0.0,0.0,INSUFFICIENT_DATA,INSUFFICIENT_DATA,INSUFFICIENT_DATA,,insufficient_evidence,INSUFFICIENT,0,False
423,2,1,2026-08-09T19:32:00+00:00,2026-08-09T20:17:00+00:00,0.031,22.0654,83.70622,22.0654,83.70622,0.0,0.0,0.0,INSUFFICIENT_DATA,INSUFFICIENT_DATA,INSUFFICIENT_DATA,,insufficient_evidence,INSUFFICIENT,0,False
424,1,1,2026-08-09T19:32:00+00:00,2026-08-09T19:32:00+00:00,0.0,22.20396,84.59077,22.20396,84.59077,0.0,0.0,0.0,INSUFFICIENT_DATA,INSUFFICIENT_DATA,INSUFFICIENT_DATA,,insufficient_evidence,INSUFFICIENT,0,False
425,1,1,2026-08-09T20:14:00+00:00,2026-08-09T20:14:00+00:00,0.0,28.81726,76.83368,28.81726,76.83368,0.0,0.0,0.0,INSUFFICIENT_DATA,INSUFFICIENT_DATA,INSUFFICIENT_DATA,,insufficient_evidence,INSUFFICIENT,0,False
426,1,1,2026-08-09T20:17:00+00:00,2026-08-09T20:17:00+00:00,0.0,15.13577,76.71014,15.13577,76.71014,0.0,0.0,0.0,INSUFFICIENT_DATA,INSUFFICIENT_DATA,INSUFFICIENT_DATA,,insufficient_evidence,INSUFFICIENT,0,False
427,1,1,2026-08-09T20:17:00+00:00,2026-08-09T20:17:00+00:00,0.0,15.17094,76.71146,15.17094,76.71146,0.0,0.0,0.0,INSUFFICIENT_DATA,INSUFFICIENT_DATA,INSUFFICIENT_DATA,,insufficient_evidence,INSUFFICIENT,0,False
428,1,1,2026-08-09T20:17:00+00:00,2026-08-09T20:17:00+00:00,0.0,15.226,76.76334,15.226,76.76334,0.0,0.0,0.0,INSUFFICIENT_DATA,INSUFFICIENT_DATA,INSUFFICIENT_DATA,,insufficient_evidence,INSUFFICIENT,0,False
429,1,1,2026-08-09T20:17:00+00:00,2026-08-09T20:17:00+00:00,0.0,15.33245,76.24616,15.33245,76.24616,0.0,0.0,0.0,INSUFFICIENT_DATA,INSUFFICIENT_DATA,INSUFFICIENT_DATA,,insufficient_evidence,INSUFFICIENT,0,False
430,1,1,2026-08-09T20:17:00+00:00,2026-08-09T20:17:00+00:00,0.0,16.63623,74.33961,16.63623,74.33961,0.0,0.0,0.0,INSUFFICIENT_DATA,INSUFFICIENT_DATA,INSUFFICIENT_DATA,,insufficient_evidence,INSUFFICIENT,0,False
431,1,1,2026-08-09T20:17:00+00:00,2026-08-09T20:17:00+00:00,0.0,17.06163,76.97942,17.06163,76.97942,0.0,0.0,0.0,INSUFFICIENT_DATA,INSUFFICIENT_DATA,INSUFFICIENT_DATA,,insufficient_evidence,INSUFFICIENT,0,False
432,1,1,2026-08-09T20:17:00+00:00,2026-08-09T20:17:00+00:00,0.0,17.14086,77.18326,17.14086,77.18326,0.0,0.0,0.0,INSUFFICIENT_DATA,INSUFFICIENT_DATA,INSUFFICIENT_DATA,,insufficient_evidence,INSUFFICIENT,0,False
433,9,3,2026-08-09T20:17:00+00:00,2026-08-12T20:17:00+00:00,3.0,21.18316,81.38706,21.18685,81.38746,0.412,0.137,5.69,N,LOW,STATIONARY,,stationary,INSUFFICIENT,0,False
434,2,2,2026-08-09T20:17:00+00:00,2026-08-12T20:59:00+00:00,3.029,21.29962,81.60864,21.29765,81.6077,0.24,0.079,203.97,SW,LOW,STATIONARY,,stationary,INSUFFICIENT,0,False
435,3,2,2026-08-09T20:17:00+00:00,2026-08-12T20:59:00+00:00,3.029,21.30926,81.5912,21.3095,81.59112,0.028,0.009,342.75,N,LOW,STATIONARY,,stationary,INSUFFICIENT,0,False
436,1,1,2026-08-09T20:17:00+00:00,2026-08-09T20:17:00+00:00,0.0,21.31799,81.55822,21.31799,81.55822,0.0,0.0,0.0,INSUFFICIENT_DATA,INSUFFICIENT_DATA,INSUFFICIENT_DATA,,insufficient_evidence,INSUFFICIENT,0,False
437,2,2,2026-08-09T20:17:00+00:00,2026-08-11T19:40:00+00:00,1.974,21.34482,81.66636,21.35038,81.66521,0.63,0.319,349.1,N,LOW,MOVING,N,directional,PRELIMINARY,33,True
438,1,1,2026-08-09T20:17:00+00:00,2026-08-09T20:17:00+00:00,0.0,21.36383,81.65446,21.36383,81.65446,0.0,0.0,0.0,INSUFFICIENT_DATA,INSUFFICIENT_DATA,INSUFFICIENT_DATA,,insufficient_evidence,INSUFFICIENT,0,False
439,2,1,2026-08-09T20:17:00+00:00,2026-08-09T20:17:00+00:00,0.0,21.3745,81.68343,21.3745,81.68343,0.0,0.0,0.0,INSUFFICIENT_DATA,INSUFFICIENT_DATA,INSUFFICIENT_DATA,,insufficient_evidence,INSUFFICIENT,0,False
440,4,3,2026-08-09T20:17:00+00:00,2026-08-14T19:38:00+00:00,4.973,21.3762,81.64136,21.37745,81.64008,0.192,0.039,316.36,NW,LOW,STATIONARY,,stationary,INSUFFICIENT,0,False
441,1,1,2026-08-09T20:17:00+00:00,2026-08-09T20:17:00+00:00,0.0,21.57609,82.02261,21.57609,82.02261,0.0,0.0,0.0,INSUFFICIENT_DATA,INSUFFICIENT_DATA,INSUFFICIENT_DATA,,insufficient_evidence,INSUFFICIENT,0,False
442,4,2,2026-08-09T20:17:00+00:00,2026-08-12T07:46:00+00:00,2.478,21.67909,84.03938,21.67827,84.03967,0.096,0.039,161.54,S,LOW,STATIONARY,,stationary,INSUFFICIENT,0,False
443,1,1,2026-08-09T20:17:00+00:00,2026-08-09T20:17:00+00:00,0.0,21.72969,82.21273,21.72969,82.21273,0.0,0.0,0.0,INSUFFICIENT_DATA,INSUFFICIENT_DATA,INSUFFICIENT_DATA,,insufficient_evidence,INSUFFICIENT,0,False
444,1,1,2026-08-09T20:17:00+00:00,2026-08-09T20:17:00+00:00,0.0,21.7732,83.82612,21.7732,83.82612,0.0,0.0,0.0,INSUFFICIENT_DATA,INSUFFICIENT_DATA,INSUFFICIENT_DATA,,insufficient_evidence,INSUFFICIENT,0,False
445,5,2,2026-08-09T20:17:00+00:00,2026-08-12T20:17:00+00:00,3.0,21.92177,83.35161,21.92059,83.35173,0.132,0.044,174.62,S,LOW,STATIONARY,,stationary,INSUFFICIENT,0,False
446,2,2,2026-08-09T20:17:00+00:00,2026-08-11T20:34:00+00:00,2.012,21.96498,83.7717,21.96473,83.7708,0.097,0.048,253.33,W,LOW,STATIONARY,,stationary,INSUFFICIENT,0,False
447,1,1,2026-08-09T20:17:00+00:00,2026-08-09T20:17:00+00:00,0.0,22.01886,83.33949,22.01886,83.33949,0.0,0.0,0.0,INSUFFICIENT_DATA,INSUFFICIENT_DATA,INSUFFICIENT_DATA,,insufficient_evidence,INSUFFICIENT,0,False
448,1,1,2026-08-09T20:17:00+00:00,2026-08-09T20:17:00+00:00,0.0,22.0284,83.367,22.0284,83.367,0.0,0.0,0.0,INSUFFICIENT_DATA,INSUFFICIENT_DATA,INSUFFICIENT_DATA,,insufficient_evidence,INSUFFICIENT,0,False
449,5,2,2026-08-09T20:17:00+00:00,2026-08-12T20:17:00+00:00,3.0,22.0361,83.35354,22.03904,83.35101,0.419,0.14,321.43,NW,LOW,STATIONARY,,stationary,INSUFFICIENT,0,False
450,2,1,2026-08-09T20:17:00+00:00,2026-08-09T20:17:00+00:00,0.0,22.31323,82.53088,22.31323,82.53088,0.0,0.0,0.0,INSUFFICIENT_DATA,INSUFFICIENT_DATA,INSUFFICIENT_DATA,,insufficient_evidence,INSUFFICIENT,0,False
451,5,3,2026-08-09T20:17:00+00:00,2026-08-11T20:34:00+00:00,2.012,23.6972,85.28938,23.69675,85.28836,0.115,0.057,244.28,SW,LOW,STATIONARY,,stationary,INSUFFICIENT,0,False
452,6,3,2026-08-09T20:17:00+00:00,2026-08-11T20:34:00+00:00,2.012,23.78254,85.57036,23.78448,85.57327,0.366,0.182,54.04,NE,LOW,STATIONARY,,stationary,INSUFFICIENT,0,False
453,1,1,2026-08-09T20:17:00+00:00,2026-08-09T20:17:00+00:00,0.0,24.44991,83.03921,24.44991,83.03921,0.0,0.0,0.0,INSUFFICIENT_DATA,INSUFFICIENT_DATA,INSUFFICIENT_DATA,,insufficient_evidence,INSUFFICIENT,0,False
454,1,1,2026-08-09T20:19:00+00:00,2026-08-09T20:19:00+00:00,0.0,9.58805,77.92776,9.58805,77.92776,0.0,0.0,0.0,INSUFFICIENT_DATA,INSUFFICIENT_DATA,INSUFFICIENT_DATA,,insufficient_evidence,INSUFFICIENT,0,False
455,21,2,2026-08-09T20:19:00+00:00,2026-08-10T20:55:00+00:00,1.025,9.71725,77.60509,9.70999,77.59537,1.337,1.304,232.86,SW,MEDIUM,MOVING,SW,directional,PRELIMINARY,33,True
456,1,1,2026-08-09T20:19:00+00:00,2026-08-09T20:19:00+00:00,0.0,10.14223,78.34138,10.14223,78.34138,0.0,0.0,0.0,INSUFFICIENT_DATA,INSUFFICIENT_DATA,INSUFFICIENT_DATA,,insufficient_evidence,INSUFFICIENT,0,False
457,4,1,2026-08-09T20:19:00+00:00,2026-08-09T21:14:00+00:00,0.038,10.41414,77.10755,10.41414,77.10755,0.0,0.0,0.0,INSUFFICIENT_DATA,INSUFFICIENT_DATA,INSUFFICIENT_DATA,,insufficient_evidence,INSUFFICIENT,0,False
458,5,3,2026-08-09T20:19:00+00:00,2026-08-13T08:09:00+00:00,3.493,11.81265,77.92064,11.81037,77.923,0.361,0.103,134.62,SE,LOW,STATIONARY,,stationary,INSUFFICIENT,0,False
459,1,1,2026-08-09T20:19:00+00:00,2026-08-09T20:19:00+00:00,0.0,12.09458,79.06552,12.09458,79.06552,0.0,0.0,0.0,INSUFFICIENT_DATA,INSUFFICIENT_DATA,INSUFFICIENT_DATA,,insufficient_evidence,INSUFFICIENT,0,False
460,1,1,2026-08-09T20:19:00+00:00,2026-08-09T20:19:00+00:00,0.0,12.63012,76.94179,12.63012,76.94179,0.0,0.0,0.0,INSUFFICIENT_DATA,INSUFFICIENT_DATA,INSUFFICIENT_DATA,,insufficient_evidence,INSUFFICIENT,0,False
461,1,1,2026-08-09T20:19:00+00:00,2026-08-09T20:19:00+00:00,0.0,12.96904,77.32954,12.96904,77.32954,0.0,0.0,0.0,INSUFFICIENT_DATA,INSUFFICIENT_DATA,INSUFFICIENT_DATA,,insufficient_evidence,INSUFFICIENT,0,False
462,1,1,2026-08-09T20:19:00+00:00,2026-08-09T20:19:00+00:00,0.0,13.32148,78.35851,13.32148,78.35851,0.0,0.0,0.0,INSUFFICIENT_DATA,INSUFFICIENT_DATA,INSUFFICIENT_DATA,,insufficient_evidence,INSUFFICIENT,0,False
463,2,2,2026-08-09T20:19:00+00:00,2026-08-11T20:36:00+00:00,2.012,13.39307,80.1016,13.39343,80.10166,0.041,0.02,9.21,N,LOW,STATIONARY,,stationary,INSUFFICIENT,0,False
464,1,1,2026-08-09T20:19:00+00:00,2026-08-09T20:19:00+00:00,0.0,19.99649,79.17857,19.99649,79.17857,0.0,0.0,0.0,INSUFFICIENT_DATA,INSUFFICIENT_DATA,INSUFFICIENT_DATA,,insufficient_evidence,INSUFFICIENT,0,False
465,1,1,2026-08-09T21:08:00+00:00,2026-08-09T21:08:00+00:00,0.0,34.15832,77.61065,34.15832,77.61065,0.0,0.0,0.0,INSUFFICIENT_DATA,INSUFFICIENT_DATA,INSUFFICIENT_DATA,,insufficient_evidence,INSUFFICIENT,0,False
466,2,1,2026-08-09T21:10:00+00:00,2026-08-09T21:10:00+00:00,0.0,29.4754,76.85843,29.4754,76.85843,0.0,0.0,0.0,INSUFFICIENT_DATA,INSUFFICIENT_DATA,INSUFFICIENT_DATA,,insufficient_evidence,INSUFFICIENT,0,False
467,1,1,2026-08-09T21:12:00+00:00,2026-08-09T21:12:00+00:00,0.0,19.8015,78.86324,19.8015,78.86324,0.0,0.0,0.0,INSUFFICIENT_DATA,INSUFFICIENT_DATA,INSUFFICIENT_DATA,,insufficient_evidence,INSUFFICIENT,0,False
468,1,1,2026-08-09T21:12:00+00:00,2026-08-09T21:12:00+00:00,0.0,19.93199,79.12069,19.93199,79.12069,0.0,0.0,0.0,INSUFFICIENT_DATA,INSUFFICIENT_DATA,INSUFFICIENT_DATA,,insufficient_evidence,INSUFFICIENT,0,False
469,2,1,2026-08-09T21:12:00+00:00,2026-08-09T21:12:00+00:00,0.0,21.05462,72.85325,21.05462,72.85325,0.0,0.0,0.0,INSUFFICIENT_DATA,INSUFFICIENT_DATA,INSUFFICIENT_DATA,,insufficient_evidence,INSUFFICIENT,0,False
470,1,1,2026-08-09T21:12:00+00:00,2026-08-09T21:12:00+00:00,0.0,22.33785,69.86696,22.33785,69.86696,0.0,0.0,0.0,INSUFFICIENT_DATA,INSUFFICIENT_DATA,INSUFFICIENT_DATA,,insufficient_evidence,INSUFFICIENT,0,False
471,1,1,2026-08-09T21:12:00+00:00,2026-08-09T21:12:00+00:00,0.0,22.33982,69.85525,22.33982,69.85525,0.0,0.0,0.0,INSUFFICIENT_DATA,INSUFFICIENT_DATA,INSUFFICIENT_DATA,,insufficient_evidence,INSUFFICIENT,0,False
472,1,1,2026-08-09T21:12:00+00:00,2026-08-09T21:12:00+00:00,0.0,22.92689,69.82484,22.92689,69.82484,0.0,0.0,0.0,INSUFFICIENT_DATA,INSUFFICIENT_DATA,INSUFFICIENT_DATA,,insufficient_evidence,INSUFFICIENT,0,False
473,1,1,2026-08-09T21:12:00+00:00,2026-08-09T21:12:00+00:00,0.0,23.24687,69.86861,23.24687,69.86861,0.0,0.0,0.0,INSUFFICIENT_DATA,INSUFFICIENT_DATA,INSUFFICIENT_DATA,,insufficient_evidence,INSUFFICIENT,0,False
474,1,1,2026-08-09T21:12:00+00:00,2026-08-09T21:12:00+00:00,0.0,23.49984,68.57928,23.49984,68.57928,0.0,0.0,0.0,INSUFFICIENT_DATA,INSUFFICIENT_DATA,INSUFFICIENT_DATA,,insufficient_evidence,INSUFFICIENT,0,False
475,1,1,2026-08-09T21:14:00+00:00,2026-08-09T21:14:00+00:00,0.0,11.30191,77.87934,11.30191,77.87934,0.0,0.0,0.0,INSUFFICIENT_DATA,INSUFFICIENT_DATA,INSUFFICIENT_DATA,,insufficient_evidence,INSUFFICIENT,0,False
476,3,2,2026-08-09T21:14:00+00:00,2026-08-11T20:36:00+00:00,1.974,14.87466,78.05158,14.87312,78.05287,0.22,0.111,140.92,SE,LOW,STATIONARY,,stationary,INSUFFICIENT,0,False
477,1,1,2026-08-09T21:14:00+00:00,2026-08-09T21:14:00+00:00,0.0,15.07372,76.86428,15.07372,76.86428,0.0,0.0,0.0,INSUFFICIENT_DATA,INSUFFICIENT_DATA,INSUFFICIENT_DATA,,insufficient_evidence,INSUFFICIENT,0,False
478,1,1,2026-08-09T21:14:00+00:00,2026-08-09T21:14:00+00:00,0.0,17.14878,78.22474,17.14878,78.22474,0.0,0.0,0.0,INSUFFICIENT_DATA,INSUFFICIENT_DATA,INSUFFICIENT_DATA,,insufficient_evidence,INSUFFICIENT,0,False
479,10,2,2026-08-10T06:44:00+00:00,2026-08-11T20:34:00+00:00,1.576,22.3768,87.28025,22.37887,87.27912,0.257,0.163,333.19,NW,LOW,STATIONARY,,stationary,INSUFFICIENT,0,False
480,1,1,2026-08-10T07:26:00+00:00,2026-08-10T07:26:00+00:00,0.0,9.20456,78.36428,9.20456,78.36428,0.0,0.0,0.0,INSUFFICIENT_DATA,INSUFFICIENT_DATA,INSUFFICIENT_DATA,,insufficient_evidence,INSUFFICIENT,0,False
481,1,1,2026-08-10T07:26:00+00:00,2026-08-10T07:26:00+00:00,0.0,9.31451,78.04694,9.31451,78.04694,0.0,0.0,0.0,INSUFFICIENT_DATA,INSUFFICIENT_DATA,INSUFFICIENT_DATA,,insufficient_evidence,INSUFFICIENT,0,False
482,1,1,2026-08-10T07:26:00+00:00,2026-08-10T07:26:00+00:00,0.0,9.33854,78.72203,9.33854,78.72203,0.0,0.0,0.0,INSUFFICIENT_DATA,INSUFFICIENT_DATA,INSUFFICIENT_DATA,,insufficient_evidence,INSUFFICIENT,0,False
483,1,1,2026-08-10T07:26:00+00:00,2026-08-10T07:26:00+00:00,0.0,9.51796,78.82596,9.51796,78.82596,0.0,0.0,0.0,INSUFFICIENT_DATA,INSUFFICIENT_DATA,INSUFFICIENT_DATA,,insufficient_evidence,INSUFFICIENT,0,False
484,1,1,2026-08-10T07:26:00+00:00,2026-08-10T07:26:00+00:00,0.0,9.76248,78.33206,9.76248,78.33206,0.0,0.0,0.0,INSUFFICIENT_DATA,INSUFFICIENT_DATA,INSUFFICIENT_DATA,,insufficient_evidence,INSUFFICIENT,0,False
485,1,1,2026-08-10T07:26:00+00:00,2026-08-10T07:26:00+00:00,0.0,9.86161,77.38474,9.86161,77.38474,0.0,0.0,0.0,INSUFFICIENT_DATA,INSUFFICIENT_DATA,INSUFFICIENT_DATA,,insufficient_evidence,INSUFFICIENT,0,False
486,1,1,2026-08-10T07:26:00+00:00,2026-08-10T07:26:00+00:00,0.0,9.87769,77.43696,9.87769,77.43696,0.0,0.0,0.0,INSUFFICIENT_DATA,INSUFFICIENT_DATA,INSUFFICIENT_DATA,,insufficient_evidence,INSUFFICIENT,0,False
487,1,1,2026-08-10T07:26:00+00:00,2026-08-10T07:26:00+00:00,0.0,9.98394,79.04431,9.98394,79.04431,0.0,0.0,0.0,INSUFFICIENT_DATA,INSUFFICIENT_DATA,INSUFFICIENT_DATA,,insufficient_evidence,INSUFFICIENT,0,False
488,3,1,2026-08-10T07:26:00+00:00,2026-08-10T08:22:00+00:00,0.039,10.39904,79.41801,10.39904,79.41801,0.0,0.0,0.0,INSUFFICIENT_DATA,INSUFFICIENT_DATA,INSUFFICIENT_DATA,,insufficient_evidence,INSUFFICIENT,0,False
489,1,1,2026-08-10T07:26:00+00:00,2026-08-10T07:26:00+00:00,0.0,11.99036,78.95662,11.99036,78.95662,0.0,0.0,0.0,INSUFFICIENT_DATA,INSUFFICIENT_DATA,INSUFFICIENT_DATA,,insufficient_evidence,INSUFFICIENT,0,False
490,2,1,2026-08-10T07:26:00+00:00,2026-08-10T07:26:00+00:00,0.0,12.06228,79.03577,12.06228,79.03577,0.0,0.0,0.0,INSUFFICIENT_DATA,INSUFFICIENT_DATA,INSUFFICIENT_DATA,,insufficient_evidence,INSUFFICIENT,0,False
491,2,1,2026-08-10T07:26:00+00:00,2026-08-10T08:22:00+00:00,0.039,13.49916,79.59951,13.49916,79.59951,0.0,0.0,0.0,INSUFFICIENT_DATA,INSUFFICIENT_DATA,INSUFFICIENT_DATA,,insufficient_evidence,INSUFFICIENT,0,False
492,2,1,2026-08-10T07:29:00+00:00,2026-08-10T08:22:00+00:00,0.037,13.99053,79.82581,13.99053,79.82581,0.0,0.0,0.0,INSUFFICIENT_DATA,INSUFFICIENT_DATA,INSUFFICIENT_DATA,,insufficient_evidence,INSUFFICIENT,0,False
493,1,1,2026-08-10T07:29:00+00:00,2026-08-10T07:29:00+00:00,0.0,13.99597,79.86233,13.99597,79.86233,0.0,0.0,0.0,INSUFFICIENT_DATA,INSUFFICIENT_DATA,INSUFFICIENT_DATA,,insufficient_evidence,INSUFFICIENT,0,False
494,2,1,2026-08-10T07:29:00+00:00,2026-08-10T07:29:00+00:00,0.0,14.0451,79.23412,14.0451,79.23412,0.0,0.0,0.0,INSUFFICIENT_DATA,INSUFFICIENT_DATA,INSUFFICIENT_DATA,,insufficient_evidence,INSUFFICIENT,0,False
495,1,1,2026-08-10T07:29:00+00:00,2026-08-10T07:29:00+00:00,0.0,14.12223,79.97894,14.12223,79.97894,0.0,0.0,0.0,INSUFFICIENT_DATA,INSUFFICIENT_DATA,INSUFFICIENT_DATA,,insufficient_evidence,INSUFFICIENT,0,False
496,2,1,2026-08-10T07:29:00+00:00,2026-08-10T08:22:00+00:00,0.037,14.15456,79.64823,14.15456,79.64823,0.0,0.0,0.0,INSUFFICIENT_DATA,INSUFFICIENT_DATA,INSUFFICIENT_DATA,,insufficient_evidence,INSUFFICIENT,0,False
497,1,1,2026-08-10T07:29:00+00:00,2026-08-10T07:29:00+00:00,0.0,14.21367,79.15493,14.21367,79.15493,0.0,0.0,0.0,INSUFFICIENT_DATA,INSUFFICIENT_DATA,INSUFFICIENT_DATA,,insufficient_evidence,INSUFFICIENT,0,False
498,1,1,2026-08-10T07:29:00+00:00,2026-08-10T07:29:00+00:00,0.0,14.42585,77.91759,14.42585,77.91759,0.0,0.0,0.0,INSUFFICIENT_DATA,INSUFFICIENT_DATA,INSUFFICIENT_DATA,,insufficient_evidence,INSUFFICIENT,0,False
499,1,1,2026-08-10T07:29:00+00:00,2026-08-10T07:29:00+00:00,0.0,14.60677,79.58267,14.60677,79.58267,0.0,0.0,0.0,INSUFFICIENT_DATA,INSUFFICIENT_DATA,INSUFFICIENT_DATA,,insufficient_evidence,INSUFFICIENT,0,False
500,3,1,2026-08-10T07:29:00+00:00,2026-08-10T08:22:00+00:00,0.037,14.71126,79.8084,14.71126,79.8084,0.0,0.0,0.0,INSUFFICIENT_DATA,INSUFFICIENT_DATA,INSUFFICIENT_DATA,,insufficient_evidence,INSUFFICIENT,0,False
501,6,2,2026-08-10T07:29:00+00:00,2026-08-11T08:05:00+00:00,1.025,14.78831,79.71241,14.79434,79.71504,0.728,0.71,22.92,NE,LOW,MOVING,NE,directional,PRELIMINARY,33,True
502,1,1,2026-08-10T07:29:00+00:00,2026-08-10T07:29:00+00:00,0.0,14.91595,79.59067,14.91595,79.59067,0.0,0.0,0.0,INSUFFICIENT_DATA,INSUFFICIENT_DATA,INSUFFICIENT_DATA,,insufficient_evidence,INSUFFICIENT,0,False
503,1,1,2026-08-10T07:29:00+00:00,2026-08-10T07:29:00+00:00,0.0,15.10113,79.99052,15.10113,79.99052,0.0,0.0,0.0,INSUFFICIENT_DATA,INSUFFICIENT_DATA,INSUFFICIENT_DATA,,insufficient_evidence,INSUFFICIENT,0,False
504,1,1,2026-08-10T07:29:00+00:00,2026-08-10T07:29:00+00:00,0.0,15.24499,80.04926,15.24499,80.04926,0.0,0.0,0.0,INSUFFICIENT_DATA,INSUFFICIENT_DATA,INSUFFICIENT_DATA,,insufficient_evidence,INSUFFICIENT,0,False
505,1,1,2026-08-10T07:29:00+00:00,2026-08-10T07:29:00+00:00,0.0,15.29655,79.9203,15.29655,79.9203,0.0,0.0,0.0,INSUFFICIENT_DATA,INSUFFICIENT_DATA,INSUFFICIENT_DATA,,insufficient_evidence,INSUFFICIENT,0,False
506,3,1,2026-08-10T07:29:00+00:00,2026-08-10T08:22:00+00:00,0.037,15.31341,79.78579,15.31341,79.78579,0.0,0.0,0.0,INSUFFICIENT_DATA,INSUFFICIENT_DATA,INSUFFICIENT_DATA,,insufficient_evidence,INSUFFICIENT,0,False
507,2,1,2026-08-10T07:29:00+00:00,2026-08-10T08:22:00+00:00,0.037,15.41774,78.95826,15.41774,78.95826,0.0,0.0,0.0,INSUFFICIENT_DATA,INSUFFICIENT_DATA,INSUFFICIENT_DATA,,insufficient_evidence,INSUFFICIENT,0,False
508,1,1,2026-08-10T07:29:00+00:00,2026-08-10T07:29:00+00:00,0.0,15.52739,80.19402,15.52739,80.19402,0.0,0.0,0.0,INSUFFICIENT_DATA,INSUFFICIENT_DATA,INSUFFICIENT_DATA,,insufficient_evidence,INSUFFICIENT,0,False
509,1,1,2026-08-10T07:29:00+00:00,2026-08-10T07:29:00+00:00,0.0,15.65816,80.04972,15.65816,80.04972,0.0,0.0,0.0,INSUFFICIENT_DATA,INSUFFICIENT_DATA,INSUFFICIENT_DATA,,insufficient_evidence,INSUFFICIENT,0,False
510,4,1,2026-08-10T07:29:00+00:00,2026-08-10T08:22:00+00:00,0.037,15.75646,79.76798,15.75646,79.76798,0.0,0.0,0.0,INSUFFICIENT_DATA,INSUFFICIENT_DATA,INSUFFICIENT_DATA,,insufficient_evidence,INSUFFICIENT,0,False
511,1,1,2026-08-10T07:29:00+00:00,2026-08-10T07:29:00+00:00,0.0,15.78391,79.83963,15.78391,79.83963,0.0,0.0,0.0,INSUFFICIENT_DATA,INSUFFICIENT_DATA,INSUFFICIENT_DATA,,insufficient_evidence,INSUFFICIENT,0,False
512,2,1,2026-08-10T07:29:00+00:00,2026-08-10T08:22:00+00:00,0.037,15.86672,79.7755,15.86672,79.7755,0.0,0.0,0.0,INSUFFICIENT_DATA,INSUFFICIENT_DATA,INSUFFICIENT_DATA,,insufficient_evidence,INSUFFICIENT,0,False
513,2,1,2026-08-10T07:29:00+00:00,2026-08-10T07:29:00+00:00,0.0,15.99074,76.83892,15.99074,76.83892,0.0,0.0,0.0,INSUFFICIENT_DATA,INSUFFICIENT_DATA,INSUFFICIENT_DATA,,insufficient_evidence,INSUFFICIENT,0,False
514,2,1,2026-08-10T07:29:00+00:00,2026-08-10T08:22:00+00:00,0.037,16.62575,80.193,16.62575,80.193,0.0,0.0,0.0,INSUFFICIENT_DATA,INSUFFICIENT_DATA,INSUFFICIENT_DATA,,insufficient_evidence,INSUFFICIENT,0,False
515,1,1,2026-08-10T07:29:00+00:00,2026-08-10T07:29:00+00:00,0.0,17.73785,78.74373,17.73785,78.74373,0.0,0.0,0.0,INSUFFICIENT_DATA,INSUFFICIENT_DATA,INSUFFICIENT_DATA,,insufficient_evidence,INSUFFICIENT,0,False
516,1,1,2026-08-10T07:29:00+00:00,2026-08-10T07:29:00+00:00,0.0,26.15964,93.67596,26.15964,93.67596,0.0,0.0,0.0,INSUFFICIENT_DATA,INSUFFICIENT_DATA,INSUFFICIENT_DATA,,insufficient_evidence,INSUFFICIENT,0,False
517,3,2,2026-08-10T08:20:00+00:00,2026-08-13T08:09:00+00:00,2.992,8.66372,77.8716,8.66256,77.86464,0.777,0.26,260.4,W,LOW,MOVING,W,directional,PRELIMINARY,33,True
518,1,1,2026-08-10T08:20:00+00:00,2026-08-10T08:20:00+00:00,0.0,8.73037,77.89612,8.73037,77.89612,0.0,0.0,0.0,INSUFFICIENT_DATA,INSUFFICIENT_DATA,INSUFFICIENT_DATA,,insufficient_evidence,INSUFFICIENT,0,False
519,1,1,2026-08-10T08:20:00+00:00,2026-08-10T08:20:00+00:00,0.0,9.00506,77.7899,9.00506,77.7899,0.0,0.0,0.0,INSUFFICIENT_DATA,INSUFFICIENT_DATA,INSUFFICIENT_DATA,,insufficient_evidence,INSUFFICIENT,0,False
520,2,1,2026-08-10T08:20:00+00:00,2026-08-10T08:20:00+00:00,0.0,9.11414,77.54538,9.11414,77.54538,0.0,0.0,0.0,INSUFFICIENT_DATA,INSUFFICIENT_DATA,INSUFFICIENT_DATA,,insufficient_evidence,INSUFFICIENT,0,False
521,2,1,2026-08-10T08:20:00+00:00,2026-08-10T08:20:00+00:00,0.0,9.21514,78.68931,9.21514,78.68931,0.0,0.0,0.0,INSUFFICIENT_DATA,INSUFFICIENT_DATA,INSUFFICIENT_DATA,,insufficient_evidence,INSUFFICIENT,0,False
522,1,1,2026-08-10T08:20:00+00:00,2026-08-10T08:20:00+00:00,0.0,9.21721,77.95048,9.21721,77.95048,0.0,0.0,0.0,INSUFFICIENT_DATA,INSUFFICIENT_DATA,INSUFFICIENT_DATA,,insufficient_evidence,INSUFFICIENT,0,False
523,1,1,2026-08-10T08:20:00+00:00,2026-08-10T08:20:00+00:00,0.0,9.24181,77.61673,9.24181,77.61673,0.0,0.0,0.0,INSUFFICIENT_DATA,INSUFFICIENT_DATA,INSUFFICIENT_DATA,,insufficient_evidence,INSUFFICIENT,0,False
524,1,1,2026-08-10T08:20:00+00:00,2026-08-10T08:20:00+00:00,0.0,9.45328,77.62675,9.45328,77.62675,0.0,0.0,0.0,INSUFFICIENT_DATA,INSUFFICIENT_DATA,INSUFFICIENT_DATA,,insufficient_evidence,INSUFFICIENT,0,False
525,1,1,2026-08-10T08:20:00+00:00,2026-08-10T08:20:00+00:00,0.0,9.5336,78.52003,9.5336,78.52003,0.0,0.0,0.0,INSUFFICIENT_DATA,INSUFFICIENT_DATA,INSUFFICIENT_DATA,,insufficient_evidence,INSUFFICIENT,0,False
526,1,1,2026-08-10T08:20:00+00:00,2026-08-10T08:20:00+00:00,0.0,9.63104,77.74139,9.63104,77.74139,0.0,0.0,0.0,INSUFFICIENT_DATA,INSUFFICIENT_DATA,INSUFFICIENT_DATA,,insufficient_evidence,INSUFFICIENT,0,False
527,1,1,2026-08-10T08:20:00+00:00,2026-08-10T08:20:00+00:00,0.0,9.67609,77.4088,9.67609,77.4088,0.0,0.0,0.0,INSUFFICIENT_DATA,INSUFFICIENT_DATA,INSUFFICIENT_DATA,,insufficient_evidence,INSUFFICIENT,0,False
528,1,1,2026-08-10T08:20:00+00:00,2026-08-10T08:20:00+00:00,0.0,9.94512,78.71644,9.94512,78.71644,0.0,0.0,0.0,INSUFFICIENT_DATA,INSUFFICIENT_DATA,INSUFFICIENT_DATA,,insufficient_evidence,INSUFFICIENT,0,False
529,1,1,2026-08-10T08:22:00+00:00,2026-08-10T08:22:00+00:00,0.0,9.98345,77.63867,9.98345,77.63867,0.0,0.0,0.0,INSUFFICIENT_DATA,INSUFFICIENT_DATA,INSUFFICIENT_DATA,,insufficient_evidence,INSUFFICIENT,0,False
530,1,1,2026-08-10T08:22:00+00:00,2026-08-10T08:22:00+00:00,0.0,10.05825,77.90831,10.05825,77.90831,0.0,0.0,0.0,INSUFFICIENT_DATA,INSUFFICIENT_DATA,INSUFFICIENT_DATA,,insufficient_evidence,INSUFFICIENT,0,False
531,1,1,2026-08-10T08:22:00+00:00,2026-08-10T08:22:00+00:00,0.0,10.14497,78.85644,10.14497,78.85644,0.0,0.0,0.0,INSUFFICIENT_DATA,INSUFFICIENT_DATA,INSUFFICIENT_DATA,,insufficient_evidence,INSUFFICIENT,0,False
532,1,1,2026-08-10T08:22:00+00:00,2026-08-10T08:22:00+00:00,0.0,10.64331,79.07994,10.64331,79.07994,0.0,0.0,0.0,INSUFFICIENT_DATA,INSUFFICIENT_DATA,INSUFFICIENT_DATA,,insufficient_evidence,INSUFFICIENT,0,False
533,1,1,2026-08-10T08:22:00+00:00,2026-08-10T08:22:00+00:00,0.0,10.72432,78.83788,10.72432,78.83788,0.0,0.0,0.0,INSUFFICIENT_DATA,INSUFFICIENT_DATA,INSUFFICIENT_DATA,,insufficient_evidence,INSUFFICIENT,0,False
534,2,1,2026-08-10T08:22:00+00:00,2026-08-10T08:22:00+00:00,0.0,10.73886,78.72939,10.73886,78.72939,0.0,0.0,0.0,INSUFFICIENT_DATA,INSUFFICIENT_DATA,INSUFFICIENT_DATA,,insufficient_evidence,INSUFFICIENT,0,False
535,1,1,2026-08-10T08:22:00+00:00,2026-08-10T08:22:00+00:00,0.0,11.7135,77.73086,11.7135,77.73086,0.0,0.0,0.0,INSUFFICIENT_DATA,INSUFFICIENT_DATA,INSUFFICIENT_DATA,,insufficient_evidence,INSUFFICIENT,0,False
536,1,1,2026-08-10T08:22:00+00:00,2026-08-10T08:22:00+00:00,0.0,11.86015,77.02831,11.86015,77.02831,0.0,0.0,0.0,INSUFFICIENT_DATA,INSUFFICIENT_DATA,INSUFFICIENT_DATA,,insufficient_evidence,INSUFFICIENT,0,False
537,1,1,2026-08-10T08:22:00+00:00,2026-08-10T08:22:00+00:00,0.0,12.03508,77.07492,12.03508,77.07492,0.0,0.0,0.0,INSUFFICIENT_DATA,INSUFFICIENT_DATA,INSUFFICIENT_DATA,,insufficient_evidence,INSUFFICIENT,0,False
538,1,1,2026-08-10T08:22:00+00:00,2026-08-10T08:22:00+00:00,0.0,12.27599,76.51857,12.27599,76.51857,0.0,0.0,0.0,INSUFFICIENT_DATA,INSUFFICIENT_DATA,INSUFFICIENT_DATA,,insufficient_evidence,INSUFFICIENT,0,False
539,1,1,2026-08-10T08:22:00+00:00,2026-08-10T08:22:00+00:00,0.0,12.46242,78.27564,12.46242,78.27564,0.0,0.0,0.0,INSUFFICIENT_DATA,INSUFFICIENT_DATA,INSUFFICIENT_DATA,,insufficient_evidence,INSUFFICIENT,0,False
540,1,1,2026-08-10T08:22:00+00:00,2026-08-10T08:22:00+00:00,0.0,12.55401,76.62975,12.55401,76.62975,0.0,0.0,0.0,INSUFFICIENT_DATA,INSUFFICIENT_DATA,INSUFFICIENT_DATA,,insufficient_evidence,INSUFFICIENT,0,False
541,1,1,2026-08-10T08:22:00+00:00,2026-08-10T08:22:00+00:00,0.0,12.56628,76.95201,12.56628,76.95201,0.0,0.0,0.0,INSUFFICIENT_DATA,INSUFFICIENT_DATA,INSUFFICIENT_DATA,,insufficient_evidence,INSUFFICIENT,0,False
542,1,1,2026-08-10T08:22:00+00:00,2026-08-10T08:22:00+00:00,0.0,12.60272,76.67905,12.60272,76.67905,0.0,0.0,0.0,INSUFFICIENT_DATA,INSUFFICIENT_DATA,INSUFFICIENT_DATA,,insufficient_evidence,INSUFFICIENT,0,False
543,1,1,2026-08-10T08:22:00+00:00,2026-08-10T08:22:00+00:00,0.0,12.61552,77.65279,12.61552,77.65279,0.0,0.0,0.0,INSUFFICIENT_DATA,INSUFFICIENT_DATA,INSUFFICIENT_DATA,,insufficient_evidence,INSUFFICIENT,0,False
544,1,1,2026-08-10T08:22:00+00:00,2026-08-10T08:22:00+00:00,0.0,12.86452,78.37373,12.86452,78.37373,0.0,0.0,0.0,INSUFFICIENT_DATA,INSUFFICIENT_DATA,INSUFFICIENT_DATA,,insufficient_evidence,INSUFFICIENT,0,False
545,1,1,2026-08-10T08:22:00+00:00,2026-08-10T08:22:00+00:00,0.0,13.1379,79.62981,13.1379,79.62981,0.0,0.0,0.0,INSUFFICIENT_DATA,INSUFFICIENT_DATA,INSUFFICIENT_DATA,,insufficient_evidence,INSUFFICIENT,0,False
546,2,1,2026-08-10T08:22:00+00:00,2026-08-10T08:22:00+00:00,0.0,13.213,78.8249,13.213,78.8249,0.0,0.0,0.0,INSUFFICIENT_DATA,INSUFFICIENT_DATA,INSUFFICIENT_DATA,,insufficient_evidence,INSUFFICIENT,0,False
547,1,1,2026-08-10T08:22:00+00:00,2026-08-10T08:22:00+00:00,0.0,13.43354,78.25616,13.43354,78.25616,0.0,0.0,0.0,INSUFFICIENT_DATA,INSUFFICIENT_DATA,INSUFFICIENT_DATA,,insufficient_evidence,INSUFFICIENT,0,False
548,2,1,2026-08-10T08:22:00+00:00,2026-08-10T08:22:00+00:00,0.0,13.57539,77.34322,13.57539,77.34322,0.0,0.0,0.0,INSUFFICIENT_DATA,INSUFFICIENT_DATA,INSUFFICIENT_DATA,,insufficient_evidence,INSUFFICIENT,0,False
549,1,1,2026-08-10T08:22:00+00:00,2026-08-10T08:22:00+00:00,0.0,13.76895,78.33397,13.76895,78.33397,0.0,0.0,0.0,INSUFFICIENT_DATA,INSUFFICIENT_DATA,INSUFFICIENT_DATA,,insufficient_evidence,INSUFFICIENT,0,False
550,5,1,2026-08-10T08:22:00+00:00,2026-08-10T08:22:00+00:00,0.0,14.15071,77.23469,14.15071,77.23469,0.0,0.0,0.0,INSUFFICIENT_DATA,INSUFFICIENT_DATA,INSUFFICIENT_DATA,,insufficient_evidence,INSUFFICIENT,0,False
551,2,1,2026-08-10T08:22:00+00:00,2026-08-10T08:22:00+00:00,0.0,14.21691,78.06839,14.21691,78.06839,0.0,0.0,0.0,INSUFFICIENT_DATA,INSUFFICIENT_DATA,INSUFFICIENT_DATA,,insufficient_evidence,INSUFFICIENT,0,False
552,3,1,2026-08-10T08:22:00+00:00,2026-08-10T08:22:00+00:00,0.0,14.2507,77.4543,14.2507,77.4543,0.0,0.0,0.0,INSUFFICIENT_DATA,INSUFFICIENT_DATA,INSUFFICIENT_DATA,,insufficient_evidence,INSUFFICIENT,0,False
553,19,1,2026-08-10T08:22:00+00:00,2026-08-10T08:22:00+00:00,0.0,14.29636,77.43701,14.29636,77.43701,0.0,0.0,0.0,INSUFFICIENT_DATA,INSUFFICIENT_DATA,INSUFFICIENT_DATA,,insufficient_evidence,INSUFFICIENT,0,False
554,1,1,2026-08-10T08:22:00+00:00,2026-08-10T08:22:00+00:00,0.0,14.32301,77.42155,14.32301,77.42155,0.0,0.0,0.0,INSUFFICIENT_DATA,INSUFFICIENT_DATA,INSUFFICIENT_DATA,,insufficient_evidence,INSUFFICIENT,0,False
555,2,1,2026-08-10T08:22:00+00:00,2026-08-10T08:22:00+00:00,0.0,14.33154,77.40563,14.33154,77.40563,0.0,0.0,0.0,INSUFFICIENT_DATA,INSUFFICIENT_DATA,INSUFFICIENT_DATA,,insufficient_evidence,INSUFFICIENT,0,False
556,2,1,2026-08-10T08:22:00+00:00,2026-08-10T08:22:00+00:00,0.0,14.55706,77.3922,14.55706,77.3922,0.0,0.0,0.0,INSUFFICIENT_DATA,INSUFFICIENT_DATA,INSUFFICIENT_DATA,,insufficient_evidence,INSUFFICIENT,0,False
557,1,1,2026-08-10T08:22:00+00:00,2026-08-10T08:22:00+00:00,0.0,14.66078,77.3604,14.66078,77.3604,0.0,0.0,0.0,INSUFFICIENT_DATA,INSUFFICIENT_DATA,INSUFFICIENT_DATA,,insufficient_evidence,INSUFFICIENT,0,False
558,2,1,2026-08-10T08:22:00+00:00,2026-08-10T08:22:00+00:00,0.0,14.78346,77.37314,14.78346,77.37314,0.0,0.0,0.0,INSUFFICIENT_DATA,INSUFFICIENT_DATA,INSUFFICIENT_DATA,,insufficient_evidence,INSUFFICIENT,0,False
559,1,1,2026-08-10T08:22:00+00:00,2026-08-10T08:22:00+00:00,0.0,14.80234,79.93763,14.80234,79.93763,0.0,0.0,0.0,INSUFFICIENT_DATA,INSUFFICIENT_DATA,INSUFFICIENT_DATA,,insufficient_evidence,INSUFFICIENT,0,False
560,2,1,2026-08-10T08:22:00+00:00,2026-08-10T08:22:00+00:00,0.0,14.84874,77.79407,14.84874,77.79407,0.0,0.0,0.0,INSUFFICIENT_DATA,INSUFFICIENT_DATA,INSUFFICIENT_DATA,,insufficient_evidence,INSUFFICIENT,0,False
561,2,1,2026-08-10T08:22:00+00:00,2026-08-10T08:22:00+00:00,0.0,14.89092,78.10374,14.89092,78.10374,0.0,0.0,0.0,INSUFFICIENT_DATA,INSUFFICIENT_DATA,INSUFFICIENT_DATA,,insufficient_evidence,INSUFFICIENT,0,False
562,1,1,2026-08-10T08:22:00+00:00,2026-08-10T08:22:00+00:00,0.0,14.97224,80.03103,14.97224,80.03103,0.0,0.0,0.0,INSUFFICIENT_DATA,INSUFFICIENT_DATA,INSUFFICIENT_DATA,,insufficient_evidence,INSUFFICIENT,0,False
563,1,1,2026-08-10T08:22:00+00:00,2026-08-10T08:22:00+00:00,0.0,14.97743,79.43329,14.97743,79.43329,0.0,0.0,0.0,INSUFFICIENT_DATA,INSUFFICIENT_DATA,INSUFFICIENT_DATA,,insufficient_evidence,INSUFFICIENT,0,False
564,1,1,2026-08-10T08:22:00+00:00,2026-08-10T08:22:00+00:00,0.0,15.09287,79.96823,15.09287,79.96823,0.0,0.0,0.0,INSUFFICIENT_DATA,INSUFFICIENT_DATA,INSUFFICIENT_DATA,,insufficient_evidence,INSUFFICIENT,0,False
565,1,1,2026-08-10T08:22:00+00:00,2026-08-10T08:22:00+00:00,0.0,15.19627,76.08163,15.19627,76.08163,0.0,0.0,0.0,INSUFFICIENT_DATA,INSUFFICIENT_DATA,INSUFFICIENT_DATA,,insufficient_evidence,INSUFFICIENT,0,False
566,1,1,2026-08-10T08:22:00+00:00,2026-08-10T08:22:00+00:00,0.0,15.49235,79.8241,15.49235,79.8241,0.0,0.0,0.0,INSUFFICIENT_DATA,INSUFFICIENT_DATA,INSUFFICIENT_DATA,,insufficient_evidence,INSUFFICIENT,0,False
567,1,1,2026-08-10T08:22:00+00:00,2026-08-10T08:22:00+00:00,0.0,15.5248,79.9765,15.5248,79.9765,0.0,0.0,0.0,INSUFFICIENT_DATA,INSUFFICIENT_DATA,INSUFFICIENT_DATA,,insufficient_evidence,INSUFFICIENT,0,False
568,2,1,2026-08-10T08:22:00+00:00,2026-08-10T08:22:00+00:00,0.0,15.55307,76.48203,15.55307,76.48203,0.0,0.0,0.0,INSUFFICIENT_DATA,INSUFFICIENT_DATA,INSUFFICIENT_DATA,,insufficient_evidence,INSUFFICIENT,0,False
569,4,1,2026-08-10T08:22:00+00:00,2026-08-10T08:22:00+00:00,0.0,15.56348,76.0397,15.56348,76.0397,0.0,0.0,0.0,INSUFFICIENT_DATA,INSUFFICIENT_DATA,INSUFFICIENT_DATA,,insufficient_evidence,INSUFFICIENT,0,False
570,1,1,2026-08-10T08:22:00+00:00,2026-08-10T08:22:00+00:00,0.0,15.60812,79.18585,15.60812,79.18585,0.0,0.0,0.0,INSUFFICIENT_DATA,INSUFFICIENT_DATA,INSUFFICIENT_DATA,,insufficient_evidence,INSUFFICIENT,0,False
571,1,1,2026-08-10T08:22:00+00:00,2026-08-10T08:22:00+00:00,0.0,15.61103,79.78051,15.61103,79.78051,0.0,0.0,0.0,INSUFFICIENT_DATA,INSUFFICIENT_DATA,INSUFFICIENT_DATA,,insufficient_evidence,INSUFFICIENT,0,False
572,2,1,2026-08-10T08:22:00+00:00,2026-08-10T08:22:00+00:00,0.0,15.66879,80.24103,15.66879,80.24103,0.0,0.0,0.0,INSUFFICIENT_DATA,INSUFFICIENT_DATA,INSUFFICIENT_DATA,,insufficient_evidence,INSUFFICIENT,0,False
573,1,1,2026-08-10T08:22:00+00:00,2026-08-10T08:22:00+00:00,0.0,15.73907,76.86617,15.73907,76.86617,0.0,0.0,0.0,INSUFFICIENT_DATA,INSUFFICIENT_DATA,INSUFFICIENT_DATA,,insufficient_evidence,INSUFFICIENT,0,False
574,1,1,2026-08-10T08:22:00+00:00,2026-08-10T08:22:00+00:00,0.0,15.81728,79.80627,15.81728,79.80627,0.0,0.0,0.0,INSUFFICIENT_DATA,INSUFFICIENT_DATA,INSUFFICIENT_DATA,,insufficient_evidence,INSUFFICIENT,0,False
575,1,1,2026-08-10T08:22:00+00:00,2026-08-10T08:22:00+00:00,0.0,16.05512,78.06351,16.05512,78.06351,0.0,0.0,0.0,INSUFFICIENT_DATA,INSUFFICIENT_DATA,INSUFFICIENT_DATA,,insufficient_evidence,INSUFFICIENT,0,False
576,1,1,2026-08-10T08:22:00+00:00,2026-08-10T08:22:00+00:00,0.0,16.60608,75.57046,16.60608,75.57046,0.0,0.0,0.0,INSUFFICIENT_DATA,INSUFFICIENT_DATA,INSUFFICIENT_DATA,,insufficient_evidence,INSUFFICIENT,0,False
577,2,1,2026-08-10T19:10:00+00:00,2026-08-10T19:55:00+00:00,0.031,26.77254,94.50472,26.77254,94.50472,0.0,0.0,0.0,INSUFFICIENT_DATA,INSUFFICIENT_DATA,INSUFFICIENT_DATA,,insufficient_evidence,INSUFFICIENT,0,False
578,2,1,2026-08-10T19:10:00+00:00,2026-08-10T19:55:00+00:00,0.031,27.37848,95.08712,27.37848,95.08712,0.0,0.0,0.0,INSUFFICIENT_DATA,INSUFFICIENT_DATA,INSUFFICIENT_DATA,,insufficient_evidence,INSUFFICIENT,0,False
579,1,1,2026-08-10T19:10:00+00:00,2026-08-10T19:10:00+00:00,0.0,27.53482,95.39982,27.53482,95.39982,0.0,0.0,0.0,INSUFFICIENT_DATA,INSUFFICIENT_DATA,INSUFFICIENT_DATA,,insufficient_evidence,INSUFFICIENT,0,False
580,3,1,2026-08-10T19:13:00+00:00,2026-08-10T19:57:00+00:00,0.031,23.61449,86.78976,23.61449,86.78976,0.0,0.0,0.0,INSUFFICIENT_DATA,INSUFFICIENT_DATA,INSUFFICIENT_DATA,,insufficient_evidence,INSUFFICIENT,0,False
581,4,2,2026-08-10T19:57:00+00:00,2026-08-11T20:34:00+00:00,1.026,17.9557,80.79392,17.95777,80.79489,0.252,0.246,23.92,NE,LOW,STATIONARY,,stationary,INSUFFICIENT,0,False
582,2,1,2026-08-10T19:57:00+00:00,2026-08-10T19:57:00+00:00,0.0,22.2102,84.86304,22.2102,84.86304,0.0,0.0,0.0,INSUFFICIENT_DATA,INSUFFICIENT_DATA,INSUFFICIENT_DATA,,insufficient_evidence,INSUFFICIENT,0,False
583,1,1,2026-08-10T19:57:00+00:00,2026-08-10T19:57:00+00:00,0.0,22.21166,84.84229,22.21166,84.84229,0.0,0.0,0.0,INSUFFICIENT_DATA,INSUFFICIENT_DATA,INSUFFICIENT_DATA,,insufficient_evidence,INSUFFICIENT,0,False
584,1,1,2026-08-10T19:57:00+00:00,2026-08-10T19:57:00+00:00,0.0,23.60892,85.67542,23.60892,85.67542,0.0,0.0,0.0,INSUFFICIENT_DATA,INSUFFICIENT_DATA,INSUFFICIENT_DATA,,insufficient_evidence,INSUFFICIENT,0,False
585,1,1,2026-08-10T19:57:00+00:00,2026-08-10T19:57:00+00:00,0.0,23.61509,85.65737,23.61509,85.65737,0.0,0.0,0.0,INSUFFICIENT_DATA,INSUFFICIENT_DATA,INSUFFICIENT_DATA,,insufficient_evidence,INSUFFICIENT,0,False
586,1,1,2026-08-10T19:57:00+00:00,2026-08-10T19:57:00+00:00,0.0,23.65509,85.50732,23.65509,85.50732,0.0,0.0,0.0,INSUFFICIENT_DATA,INSUFFICIENT_DATA,INSUFFICIENT_DATA,,insufficient_evidence,INSUFFICIENT,0,False
587,1,1,2026-08-10T19:57:00+00:00,2026-08-10T19:57:00+00:00,0.0,23.67598,85.32647,23.67598,85.32647,0.0,0.0,0.0,INSUFFICIENT_DATA,INSUFFICIENT_DATA,INSUFFICIENT_DATA,,insufficient_evidence,INSUFFICIENT,0,False
588,1,1,2026-08-10T19:57:00+00:00,2026-08-10T19:57:00+00:00,0.0,23.68402,85.36255,23.68402,85.36255,0.0,0.0,0.0,INSUFFICIENT_DATA,INSUFFICIENT_DATA,INSUFFICIENT_DATA,,insufficient_evidence,INSUFFICIENT,0,False
589,5,2,2026-08-10T19:57:00+00:00,2026-08-11T20:34:00+00:00,1.026,23.69564,85.36998,23.69359,85.3704,0.232,0.227,169.46,S,LOW,STATIONARY,,stationary,INSUFFICIENT,0,False
590,1,1,2026-08-10T19:57:00+00:00,2026-08-10T19:57:00+00:00,0.0,23.74367,85.50733,23.74367,85.50733,0.0,0.0,0.0,INSUFFICIENT_DATA,INSUFFICIENT_DATA,INSUFFICIENT_DATA,,insufficient_evidence,INSUFFICIENT,0,False
591,4,2,2026-08-10T19:57:00+00:00,2026-08-11T20:34:00+00:00,1.026,23.78684,85.55295,23.78772,85.55355,0.116,0.113,31.81,NE,LOW,STATIONARY,,stationary,INSUFFICIENT,0,False
592,2,1,2026-08-10T19:57:00+00:00,2026-08-10T19:57:00+00:00,0.0,23.82382,85.49685,23.82382,85.49685,0.0,0.0,0.0,INSUFFICIENT_DATA,INSUFFICIENT_DATA,INSUFFICIENT_DATA,,insufficient_evidence,INSUFFICIENT,0,False
593,1,1,2026-08-10T19:57:00+00:00,2026-08-10T19:57:00+00:00,0.0,23.83799,85.47054,23.83799,85.47054,0.0,0.0,0.0,INSUFFICIENT_DATA,INSUFFICIENT_DATA,INSUFFICIENT_DATA,,insufficient_evidence,INSUFFICIENT,0,False
594,1,1,2026-08-10T20:00:00+00:00,2026-08-10T20:00:00+00:00,0.0,16.87159,80.02176,16.87159,80.02176,0.0,0.0,0.0,INSUFFICIENT_DATA,INSUFFICIENT_DATA,INSUFFICIENT_DATA,,insufficient_evidence,INSUFFICIENT,0,False
595,3,1,2026-08-10T20:02:00+00:00,2026-08-10T20:55:00+00:00,0.037,8.6166,77.95081,8.6166,77.95081,0.0,0.0,0.0,INSUFFICIENT_DATA,INSUFFICIENT_DATA,INSUFFICIENT_DATA,,insufficient_evidence,INSUFFICIENT,0,False
596,8,2,2026-08-10T20:02:00+00:00,2026-08-11T20:38:00+00:00,1.025,9.52848,77.44787,9.52256,77.449,0.67,0.654,169.39,S,LOW,MOVING,S,directional,PRELIMINARY,33,True
597,1,1,2026-08-10T20:02:00+00:00,2026-08-10T20:02:00+00:00,0.0,9.79602,77.71014,9.79602,77.71014,0.0,0.0,0.0,INSUFFICIENT_DATA,INSUFFICIENT_DATA,INSUFFICIENT_DATA,,insufficient_evidence,INSUFFICIENT,0,False
598,1,1,2026-08-10T20:02:00+00:00,2026-08-10T20:02:00+00:00,0.0,9.89888,77.68959,9.89888,77.68959,0.0,0.0,0.0,INSUFFICIENT_DATA,INSUFFICIENT_DATA,INSUFFICIENT_DATA,,insufficient_evidence,INSUFFICIENT,0,False
599,1,1,2026-08-10T20:02:00+00:00,2026-08-10T20:02:00+00:00,0.0,9.90871,77.29308,9.90871,77.29308,0.0,0.0,0.0,INSUFFICIENT_DATA,INSUFFICIENT_DATA,INSUFFICIENT_DATA,,insufficient_evidence,INSUFFICIENT,0,False
600,2,2,2026-08-10T20:51:00+00:00,2026-08-12T20:59:00+00:00,2.006,21.5029,81.81057,21.501,81.81009,0.217,0.108,193.23,S,LOW,STATIONARY,,stationary,INSUFFICIENT,0,False
601,1,1,2026-08-10T20:51:00+00:00,2026-08-10T20:51:00+00:00,0.0,24.76402,74.60906,24.76402,74.60906,0.0,0.0,0.0,INSUFFICIENT_DATA,INSUFFICIENT_DATA,INSUFFICIENT_DATA,,insufficient_evidence,INSUFFICIENT,0,False
602,3,2,2026-08-10T20:51:00+00:00,2026-08-13T21:36:00+00:00,3.031,26.25819,74.0951,26.25856,74.09584,0.084,0.028,61.19,NE,LOW,STATIONARY,,stationary,INSUFFICIENT,0,False
603,1,1,2026-08-10T20:55:00+00:00,2026-08-10T20:55:00+00:00,0.0,9.28053,77.3913,9.28053,77.3913,0.0,0.0,0.0,INSUFFICIENT_DATA,INSUFFICIENT_DATA,INSUFFICIENT_DATA,,insufficient_evidence,INSUFFICIENT,0,False
604,1,1,2026-08-10T20:55:00+00:00,2026-08-10T20:55:00+00:00,0.0,9.29199,77.49243,9.29199,77.49243,0.0,0.0,0.0,INSUFFICIENT_DATA,INSUFFICIENT_DATA,INSUFFICIENT_DATA,,insufficient_evidence,INSUFFICIENT,0,False
605,1,1,2026-08-10T20:55:00+00:00,2026-08-10T20:55:00+00:00,0.0,9.76019,77.70898,9.76019,77.70898,0.0,0.0,0.0,INSUFFICIENT_DATA,INSUFFICIENT_DATA,INSUFFICIENT_DATA,,insufficient_evidence,INSUFFICIENT,0,False
606,3,1,2026-08-11T06:25:00+00:00,2026-08-11T06:25:00+00:00,0.0,27.24104,88.30338,27.24104,88.30338,0.0,0.0,0.0,INSUFFICIENT_DATA,INSUFFICIENT_DATA,INSUFFICIENT_DATA,,insufficient_evidence,INSUFFICIENT,0,False
607,1,1,2026-08-11T06:25:00+00:00,2026-08-11T06:25:00+00:00,0.0,27.72578,95.4888,27.72578,95.4888,0.0,0.0,0.0,INSUFFICIENT_DATA,INSUFFICIENT_DATA,INSUFFICIENT_DATA,,insufficient_evidence,INSUFFICIENT,0,False
608,1,1,2026-08-11T06:25:00+00:00,2026-08-11T06:25:00+00:00,0.0,27.80815,95.56168,27.80815,95.56168,0.0,0.0,0.0,INSUFFICIENT_DATA,INSUFFICIENT_DATA,INSUFFICIENT_DATA,,insufficient_evidence,INSUFFICIENT,0,False
609,6,3,2026-08-11T06:25:00+00:00,2026-08-15T06:52:00+00:00,4.019,27.9552,95.60138,27.96747,95.60845,1.53,0.381,26.98,NE,MEDIUM,MOVING,NE,directional,MODERATE,67,True
610,2,1,2026-08-11T07:07:00+00:00,2026-08-11T08:05:00+00:00,0.04,13.3668,80.15293,13.3668,80.15293,0.0,0.0,0.0,INSUFFICIENT_DATA,INSUFFICIENT_DATA,INSUFFICIENT_DATA,,insufficient_evidence,INSUFFICIENT,0,False
611,1,1,2026-08-11T07:07:00+00:00,2026-08-11T07:07:00+00:00,0.0,15.07768,79.50777,15.07768,79.50777,0.0,0.0,0.0,INSUFFICIENT_DATA,INSUFFICIENT_DATA,INSUFFICIENT_DATA,,insufficient_evidence,INSUFFICIENT,0,False
612,1,1,2026-08-11T07:07:00+00:00,2026-08-11T07:07:00+00:00,0.0,15.69567,79.26577,15.69567,79.26577,0.0,0.0,0.0,INSUFFICIENT_DATA,INSUFFICIENT_DATA,INSUFFICIENT_DATA,,insufficient_evidence,INSUFFICIENT,0,False
613,3,1,2026-08-11T07:07:00+00:00,2026-08-11T07:07:00+00:00,0.0,16.5864,80.65664,16.5864,80.65664,0.0,0.0,0.0,INSUFFICIENT_DATA,INSUFFICIENT_DATA,INSUFFICIENT_DATA,,insufficient_evidence,INSUFFICIENT,0,False
614,2,1,2026-08-11T07:09:00+00:00,2026-08-11T08:05:00+00:00,0.039,17.12145,79.64741,17.12145,79.64741,0.0,0.0,0.0,INSUFFICIENT_DATA,INSUFFICIENT_DATA,INSUFFICIENT_DATA,,insufficient_evidence,INSUFFICIENT,0,False
615,11,2,2026-08-11T07:09:00+00:00,2026-08-12T20:14:00+00:00,1.545,23.82528,84.57221,23.82378,84.57398,0.246,0.159,132.75,SE,LOW,STATIONARY,,stationary,INSUFFICIENT,0,False
616,1,1,2026-08-11T07:09:00+00:00,2026-08-11T07:09:00+00:00,0.0,26.3854,93.8444,26.3854,93.8444,0.0,0.0,0.0,INSUFFICIENT_DATA,INSUFFICIENT_DATA,INSUFFICIENT_DATA,,insufficient_evidence,INSUFFICIENT,0,False
617,1,1,2026-08-11T07:12:00+00:00,2026-08-11T07:12:00+00:00,0.0,26.78612,90.26047,26.78612,90.26047,0.0,0.0,0.0,INSUFFICIENT_DATA,INSUFFICIENT_DATA,INSUFFICIENT_DATA,,insufficient_evidence,INSUFFICIENT,0,False
618,1,1,2026-08-11T07:12:00+00:00,2026-08-11T07:12:00+00:00,0.0,26.90926,93.12027,26.90926,93.12027,0.0,0.0,0.0,INSUFFICIENT_DATA,INSUFFICIENT_DATA,INSUFFICIENT_DATA,,insufficient_evidence,INSUFFICIENT,0,False
619,1,1,2026-08-11T07:12:00+00:00,2026-08-11T07:12:00+00:00,0.0,26.91881,82.54733,26.91881,82.54733,0.0,0.0,0.0,INSUFFICIENT_DATA,INSUFFICIENT_DATA,INSUFFICIENT_DATA,,insufficient_evidence,INSUFFICIENT,0,False
620,1,1,2026-08-11T07:12:00+00:00,2026-08-11T07:12:00+00:00,0.0,27.46919,95.4225,27.46919,95.4225,0.0,0.0,0.0,INSUFFICIENT_DATA,INSUFFICIENT_DATA,INSUFFICIENT_DATA,,insufficient_evidence,INSUFFICIENT,0,False
621,1,1,2026-08-11T08:03:00+00:00,2026-08-11T08:03:00+00:00,0.0,12.80698,79.95535,12.80698,79.95535,0.0,0.0,0.0,INSUFFICIENT_DATA,INSUFFICIENT_DATA,INSUFFICIENT_DATA,,insufficient_evidence,INSUFFICIENT,0,False
622,1,1,2026-08-11T08:05:00+00:00,2026-08-11T08:05:00+00:00,0.0,13.41835,80.20307,13.41835,80.20307,0.0,0.0,0.0,INSUFFICIENT_DATA,INSUFFICIENT_DATA,INSUFFICIENT_DATA,,insufficient_evidence,INSUFFICIENT,0,False
623,1,1,2026-08-11T08:05:00+00:00,2026-08-11T08:05:00+00:00,0.0,14.44843,77.61977,14.44843,77.61977,0.0,0.0,0.0,INSUFFICIENT_DATA,INSUFFICIENT_DATA,INSUFFICIENT_DATA,,insufficient_evidence,INSUFFICIENT,0,False
624,1,1,2026-08-11T08:05:00+00:00,2026-08-11T08:05:00+00:00,0.0,15.55267,80.06813,15.55267,80.06813,0.0,0.0,0.0,INSUFFICIENT_DATA,INSUFFICIENT_DATA,INSUFFICIENT_DATA,,insufficient_evidence,INSUFFICIENT,0,False
625,1,1,2026-08-11T08:05:00+00:00,2026-08-11T08:05:00+00:00,0.0,15.63307,79.89992,15.63307,79.89992,0.0,0.0,0.0,INSUFFICIENT_DATA,INSUFFICIENT_DATA,INSUFFICIENT_DATA,,insufficient_evidence,INSUFFICIENT,0,False
626,1,1,2026-08-11T08:05:00+00:00,2026-08-11T08:05:00+00:00,0.0,15.68148,79.9514,15.68148,79.9514,0.0,0.0,0.0,INSUFFICIENT_DATA,INSUFFICIENT_DATA,INSUFFICIENT_DATA,,insufficient_evidence,INSUFFICIENT,0,False
627,1,1,2026-08-11T08:05:00+00:00,2026-08-11T08:05:00+00:00,0.0,15.7331,79.90997,15.7331,79.90997,0.0,0.0,0.0,INSUFFICIENT_DATA,INSUFFICIENT_DATA,INSUFFICIENT_DATA,,insufficient_evidence,INSUFFICIENT,0,False
628,4,1,2026-08-11T08:05:00+00:00,2026-08-11T08:05:00+00:00,0.0,16.19062,79.21996,16.19062,79.21996,0.0,0.0,0.0,INSUFFICIENT_DATA,INSUFFICIENT_DATA,INSUFFICIENT_DATA,,insufficient_evidence,INSUFFICIENT,0,False
629,1,1,2026-08-11T08:05:00+00:00,2026-08-11T08:05:00+00:00,0.0,16.2183,79.40965,16.2183,79.40965,0.0,0.0,0.0,INSUFFICIENT_DATA,INSUFFICIENT_DATA,INSUFFICIENT_DATA,,insufficient_evidence,INSUFFICIENT,0,False
630,1,1,2026-08-11T08:05:00+00:00,2026-08-11T08:05:00+00:00,0.0,16.33412,80.46732,16.33412,80.46732,0.0,0.0,0.0,INSUFFICIENT_DATA,INSUFFICIENT_DATA,INSUFFICIENT_DATA,,insufficient_evidence,INSUFFICIENT,0,False
631,1,1,2026-08-11T08:05:00+00:00,2026-08-11T08:05:00+00:00,0.0,16.42483,80.22822,16.42483,80.22822,0.0,0.0,0.0,INSUFFICIENT_DATA,INSUFFICIENT_DATA,INSUFFICIENT_DATA,,insufficient_evidence,INSUFFICIENT,0,False
632,1,1,2026-08-11T08:05:00+00:00,2026-08-11T08:05:00+00:00,0.0,16.77258,80.1543,16.77258,80.1543,0.0,0.0,0.0,INSUFFICIENT_DATA,INSUFFICIENT_DATA,INSUFFICIENT_DATA,,insufficient_evidence,INSUFFICIENT,0,False
633,1,1,2026-08-11T08:05:00+00:00,2026-08-11T08:05:00+00:00,0.0,16.86279,78.9577,16.86279,78.9577,0.0,0.0,0.0,INSUFFICIENT_DATA,INSUFFICIENT_DATA,INSUFFICIENT_DATA,,insufficient_evidence,INSUFFICIENT,0,False
634,1,1,2026-08-11T08:05:00+00:00,2026-08-11T08:05:00+00:00,0.0,16.90999,78.88714,16.90999,78.88714,0.0,0.0,0.0,INSUFFICIENT_DATA,INSUFFICIENT_DATA,INSUFFICIENT_DATA,,insufficient_evidence,INSUFFICIENT,0,False
635,1,1,2026-08-11T08:05:00+00:00,2026-08-11T08:05:00+00:00,0.0,16.93329,80.66364,16.93329,80.66364,0.0,0.0,0.0,INSUFFICIENT_DATA,INSUFFICIENT_DATA,INSUFFICIENT_DATA,,insufficient_evidence,INSUFFICIENT,0,False
636,1,1,2026-08-11T08:05:00+00:00,2026-08-11T08:05:00+00:00,0.0,17.09067,81.20401,17.09067,81.20401,0.0,0.0,0.0,INSUFFICIENT_DATA,INSUFFICIENT_DATA,INSUFFICIENT_DATA,,insufficient_evidence,INSUFFICIENT,0,False
637,1,1,2026-08-11T08:05:00+00:00,2026-08-11T08:05:00+00:00,0.0,17.14918,80.78049,17.14918,80.78049,0.0,0.0,0.0,INSUFFICIENT_DATA,INSUFFICIENT_DATA,INSUFFICIENT_DATA,,insufficient_evidence,INSUFFICIENT,0,False
638,1,1,2026-08-11T08:05:00+00:00,2026-08-11T08:05:00+00:00,0.0,17.23456,81.26965,17.23456,81.26965,0.0,0.0,0.0,INSUFFICIENT_DATA,INSUFFICIENT_DATA,INSUFFICIENT_DATA,,insufficient_evidence,INSUFFICIENT,0,False
639,1,1,2026-08-11T08:05:00+00:00,2026-08-11T08:05:00+00:00,0.0,17.9502,79.46566,17.9502,79.46566,0.0,0.0,0.0,INSUFFICIENT_DATA,INSUFFICIENT_DATA,INSUFFICIENT_DATA,,insufficient_evidence,INSUFFICIENT,0,False
640,1,1,2026-08-11T08:05:00+00:00,2026-08-11T08:05:00+00:00,0.0,18.7149,79.54169,18.7149,79.54169,0.0,0.0,0.0,INSUFFICIENT_DATA,INSUFFICIENT_DATA,INSUFFICIENT_DATA,,insufficient_evidence,INSUFFICIENT,0,False
641,5,2,2026-08-11T08:07:00+00:00,2026-08-12T20:59:00+00:00,1.536,22.35736,82.30417,22.35754,82.30281,0.141,0.092,278.02,W,LOW,STATIONARY,,stationary,INSUFFICIENT,0,False
642,1,1,2026-08-11T08:48:00+00:00,2026-08-11T08:48:00+00:00,0.0,9.08864,77.73862,9.08864,77.73862,0.0,0.0,0.0,INSUFFICIENT_DATA,INSUFFICIENT_DATA,INSUFFICIENT_DATA,,insufficient_evidence,INSUFFICIENT,0,False
643,1,1,2026-08-11T08:48:00+00:00,2026-08-11T08:48:00+00:00,0.0,9.96719,78.07066,9.96719,78.07066,0.0,0.0,0.0,INSUFFICIENT_DATA,INSUFFICIENT_DATA,INSUFFICIENT_DATA,,insufficient_evidence,INSUFFICIENT,0,False
644,2,1,2026-08-11T08:48:00+00:00,2026-08-11T08:48:00+00:00,0.0,13.20058,78.67319,13.20058,78.67319,0.0,0.0,0.0,INSUFFICIENT_DATA,INSUFFICIENT_DATA,INSUFFICIENT_DATA,,insufficient_evidence,INSUFFICIENT,0,False
645,1,1,2026-08-11T08:48:00+00:00,2026-08-11T08:48:00+00:00,0.0,14.27528,77.99455,14.27528,77.99455,0.0,0.0,0.0,INSUFFICIENT_DATA,INSUFFICIENT_DATA,INSUFFICIENT_DATA,,insufficient_evidence,INSUFFICIENT,0,False
646,1,1,2026-08-11T08:48:00+00:00,2026-08-11T08:48:00+00:00,0.0,14.72327,79.55089,14.72327,79.55089,0.0,0.0,0.0,INSUFFICIENT_DATA,INSUFFICIENT_DATA,INSUFFICIENT_DATA,,insufficient_evidence,INSUFFICIENT,0,False
647,1,1,2026-08-11T08:50:00+00:00,2026-08-11T08:50:00+00:00,0.0,14.83705,77.94846,14.83705,77.94846,0.0,0.0,0.0,INSUFFICIENT_DATA,INSUFFICIENT_DATA,INSUFFICIENT_DATA,,insufficient_evidence,INSUFFICIENT,0,False
648,2,1,2026-08-11T08:50:00+00:00,2026-08-11T08:50:00+00:00,0.0,15.56217,79.95076,15.56217,79.95076,0.0,0.0,0.0,INSUFFICIENT_DATA,INSUFFICIENT_DATA,INSUFFICIENT_DATA,,insufficient_evidence,INSUFFICIENT,0,False
649,2,1,2026-08-11T18:51:00+00:00,2026-08-11T18:51:00+00:00,0.0,25.563,88.43736,25.563,88.43736,0.0,0.0,0.0,INSUFFICIENT_DATA,INSUFFICIENT_DATA,INSUFFICIENT_DATA,,insufficient_evidence,INSUFFICIENT,0,False
650,1,1,2026-08-11T19:38:00+00:00,2026-08-11T19:38:00+00:00,0.0,22.57257,85.89838,22.57257,85.89838,0.0,0.0,0.0,INSUFFICIENT_DATA,INSUFFICIENT_DATA,INSUFFICIENT_DATA,,insufficient_evidence,INSUFFICIENT,0,False
651,1,1,2026-08-11T19:38:00+00:00,2026-08-11T19:38:00+00:00,0.0,26.52052,90.53381,26.52052,90.53381,0.0,0.0,0.0,INSUFFICIENT_DATA,INSUFFICIENT_DATA,INSUFFICIENT_DATA,,insufficient_evidence,INSUFFICIENT,0,False
652,3,1,2026-08-11T19:40:00+00:00,2026-08-11T19:40:00+00:00,0.0,15.82483,79.87877,15.82483,79.87877,0.0,0.0,0.0,INSUFFICIENT_DATA,INSUFFICIENT_DATA,INSUFFICIENT_DATA,,insufficient_evidence,INSUFFICIENT,0,False
653,2,1,2026-08-11T19:40:00+00:00,2026-08-11T20:34:00+00:00,0.037,19.10211,82.16841,19.10211,82.16841,0.0,0.0,0.0,INSUFFICIENT_DATA,INSUFFICIENT_DATA,INSUFFICIENT_DATA,,insufficient_evidence,INSUFFICIENT,0,False
654,1,1,2026-08-11T19:40:00+00:00,2026-08-11T19:40:00+00:00,0.0,21.36385,81.67879,21.36385,81.67879,0.0,0.0,0.0,INSUFFICIENT_DATA,INSUFFICIENT_DATA,INSUFFICIENT_DATA,,insufficient_evidence,INSUFFICIENT,0,False
655,2,1,2026-08-11T19:42:00+00:00,2026-08-11T20:38:00+00:00,0.039,9.5398,77.45337,9.5398,77.45337,0.0,0.0,0.0,INSUFFICIENT_DATA,INSUFFICIENT_DATA,INSUFFICIENT_DATA,,insufficient_evidence,INSUFFICIENT,0,False
656,1,1,2026-08-11T19:42:00+00:00,2026-08-11T19:42:00+00:00,0.0,12.74603,77.61998,12.74603,77.61998,0.0,0.0,0.0,INSUFFICIENT_DATA,INSUFFICIENT_DATA,INSUFFICIENT_DATA,,insufficient_evidence,INSUFFICIENT,0,False
657,1,1,2026-08-11T20:32:00+00:00,2026-08-11T20:32:00+00:00,0.0,28.2789,77.27592,28.2789,77.27592,0.0,0.0,0.0,INSUFFICIENT_DATA,INSUFFICIENT_DATA,INSUFFICIENT_DATA,,insufficient_evidence,INSUFFICIENT,0,False
658,3,1,2026-08-11T20:32:00+00:00,2026-08-11T21:18:00+00:00,0.032,28.34823,77.25839,28.34823,77.25839,0.0,0.0,0.0,INSUFFICIENT_DATA,INSUFFICIENT_DATA,INSUFFICIENT_DATA,,insufficient_evidence,INSUFFICIENT,0,False
659,2,2,2026-08-11T20:32:00+00:00,2026-08-12T20:57:00+00:00,1.017,28.37074,77.26344,28.37061,77.26281,0.063,0.062,256.8,W,LOW,STATIONARY,,stationary,INSUFFICIENT,0,False
660,2,2,2026-08-11T20:32:00+00:00,2026-08-13T20:40:00+00:00,2.006,28.66428,77.57787,28.66194,77.57907,0.285,0.142,155.77,SE,LOW,STATIONARY,,stationary,INSUFFICIENT,0,False
661,1,1,2026-08-11T20:34:00+00:00,2026-08-11T20:34:00+00:00,0.0,21.23481,79.62927,21.23481,79.62927,0.0,0.0,0.0,INSUFFICIENT_DATA,INSUFFICIENT_DATA,INSUFFICIENT_DATA,,insufficient_evidence,INSUFFICIENT,0,False
662,1,1,2026-08-11T20:36:00+00:00,2026-08-11T20:36:00+00:00,0.0,13.15991,80.28368,13.15991,80.28368,0.0,0.0,0.0,INSUFFICIENT_DATA,INSUFFICIENT_DATA,INSUFFICIENT_DATA,,insufficient_evidence,INSUFFICIENT,0,False
663,1,1,2026-08-11T20:36:00+00:00,2026-08-11T20:36:00+00:00,0.0,13.89893,76.56593,13.89893,76.56593,0.0,0.0,0.0,INSUFFICIENT_DATA,INSUFFICIENT_DATA,INSUFFICIENT_DATA,,insufficient_evidence,INSUFFICIENT,0,False
664,1,1,2026-08-11T20:36:00+00:00,2026-08-11T20:36:00+00:00,0.0,14.93165,78.33964,14.93165,78.33964,0.0,0.0,0.0,INSUFFICIENT_DATA,INSUFFICIENT_DATA,INSUFFICIENT_DATA,,insufficient_evidence,INSUFFICIENT,0,False
665,1,1,2026-08-11T20:36:00+00:00,2026-08-11T20:36:00+00:00,0.0,17.02847,81.78075,17.02847,81.78075,0.0,0.0,0.0,INSUFFICIENT_DATA,INSUFFICIENT_DATA,INSUFFICIENT_DATA,,insufficient_evidence,INSUFFICIENT,0,False
666,1,1,2026-08-11T20:36:00+00:00,2026-08-11T20:36:00+00:00,0.0,17.03654,81.80577,17.03654,81.80577,0.0,0.0,0.0,INSUFFICIENT_DATA,INSUFFICIENT_DATA,INSUFFICIENT_DATA,,insufficient_evidence,INSUFFICIENT,0,False
667,1,1,2026-08-11T20:38:00+00:00,2026-08-11T20:38:00+00:00,0.0,9.48627,77.62683,9.48627,77.62683,0.0,0.0,0.0,INSUFFICIENT_DATA,INSUFFICIENT_DATA,INSUFFICIENT_DATA,,insufficient_evidence,INSUFFICIENT,0,False
668,1,1,2026-08-12T07:44:00+00:00,2026-08-12T07:44:00+00:00,0.0,9.20449,77.60951,9.20449,77.60951,0.0,0.0,0.0,INSUFFICIENT_DATA,INSUFFICIENT_DATA,INSUFFICIENT_DATA,,insufficient_evidence,INSUFFICIENT,0,False
669,1,1,2026-08-12T07:44:00+00:00,2026-08-12T07:44:00+00:00,0.0,9.20908,77.63577,9.20908,77.63577,0.0,0.0,0.0,INSUFFICIENT_DATA,INSUFFICIENT_DATA,INSUFFICIENT_DATA,,insufficient_evidence,INSUFFICIENT,0,False
670,1,1,2026-08-12T07:44:00+00:00,2026-08-12T07:44:00+00:00,0.0,9.6383,78.88969,9.6383,78.88969,0.0,0.0,0.0,INSUFFICIENT_DATA,INSUFFICIENT_DATA,INSUFFICIENT_DATA,,insufficient_evidence,INSUFFICIENT,0,False
671,1,1,2026-08-12T07:44:00+00:00,2026-08-12T07:44:00+00:00,0.0,9.91037,77.56055,9.91037,77.56055,0.0,0.0,0.0,INSUFFICIENT_DATA,INSUFFICIENT_DATA,INSUFFICIENT_DATA,,insufficient_evidence,INSUFFICIENT,0,False
672,2,2,2026-08-12T07:44:00+00:00,2026-08-13T08:09:00+00:00,1.017,9.97957,79.08302,9.97572,79.07961,0.568,0.559,221.1,SW,LOW,MOVING,SW,directional,PRELIMINARY,33,True
673,1,1,2026-08-12T07:44:00+00:00,2026-08-12T07:44:00+00:00,0.0,10.04167,78.29845,10.04167,78.29845,0.0,0.0,0.0,INSUFFICIENT_DATA,INSUFFICIENT_DATA,INSUFFICIENT_DATA,,insufficient_evidence,INSUFFICIENT,0,False
674,1,1,2026-08-12T07:44:00+00:00,2026-08-12T07:44:00+00:00,0.0,10.39741,79.03778,10.39741,79.03778,0.0,0.0,0.0,INSUFFICIENT_DATA,INSUFFICIENT_DATA,INSUFFICIENT_DATA,,insufficient_evidence,INSUFFICIENT,0,False
675,3,2,2026-08-12T07:44:00+00:00,2026-08-13T08:09:00+00:00,1.017,10.77542,79.65804,10.77482,79.65644,0.187,0.184,249.33,W,LOW,STATIONARY,,stationary,INSUFFICIENT,0,False
676,1,1,2026-08-12T07:44:00+00:00,2026-08-12T07:44:00+00:00,0.0,10.83158,79.46785,10.83158,79.46785,0.0,0.0,0.0,INSUFFICIENT_DATA,INSUFFICIENT_DATA,INSUFFICIENT_DATA,,insufficient_evidence,INSUFFICIENT,0,False
677,1,1,2026-08-12T07:44:00+00:00,2026-08-12T07:44:00+00:00,0.0,10.85851,78.56897,10.85851,78.56897,0.0,0.0,0.0,INSUFFICIENT_DATA,INSUFFICIENT_DATA,INSUFFICIENT_DATA,,insufficient_evidence,INSUFFICIENT,0,False
678,2,1,2026-08-12T07:44:00+00:00,2026-08-12T08:28:00+00:00,0.031,10.87238,78.57534,10.87238,78.57534,0.0,0.0,0.0,INSUFFICIENT_DATA,INSUFFICIENT_DATA,INSUFFICIENT_DATA,,insufficient_evidence,INSUFFICIENT,0,False
679,1,1,2026-08-12T07:44:00+00:00,2026-08-12T07:44:00+00:00,0.0,10.9262,78.90511,10.9262,78.90511,0.0,0.0,0.0,INSUFFICIENT_DATA,INSUFFICIENT_DATA,INSUFFICIENT_DATA,,insufficient_evidence,INSUFFICIENT,0,False
680,1,1,2026-08-12T07:44:00+00:00,2026-08-12T07:44:00+00:00,0.0,11.11998,79.63828,11.11998,79.63828,0.0,0.0,0.0,INSUFFICIENT_DATA,INSUFFICIENT_DATA,INSUFFICIENT_DATA,,insufficient_evidence,INSUFFICIENT,0,False
681,2,1,2026-08-12T07:46:00+00:00,2026-08-12T07:46:00+00:00,0.0,18.08624,81.24098,18.08624,81.24098,0.0,0.0,0.0,INSUFFICIENT_DATA,INSUFFICIENT_DATA,INSUFFICIENT_DATA,,insufficient_evidence,INSUFFICIENT,0,False
682,1,1,2026-08-12T07:48:00+00:00,2026-08-12T07:48:00+00:00,0.0,25.33686,83.10394,25.33686,83.10394,0.0,0.0,0.0,INSUFFICIENT_DATA,INSUFFICIENT_DATA,INSUFFICIENT_DATA,,insufficient_evidence,INSUFFICIENT,0,False
683,3,1,2026-08-12T07:48:00+00:00,2026-08-12T07:48:00+00:00,0.0,25.46093,83.1405,25.46093,83.1405,0.0,0.0,0.0,INSUFFICIENT_DATA,INSUFFICIENT_DATA,INSUFFICIENT_DATA,,insufficient_evidence,INSUFFICIENT,0,False
684,1,1,2026-08-12T07:48:00+00:00,2026-08-12T07:48:00+00:00,0.0,29.32052,74.35227,29.32052,74.35227,0.0,0.0,0.0,INSUFFICIENT_DATA,INSUFFICIENT_DATA,INSUFFICIENT_DATA,,insufficient_evidence,INSUFFICIENT,0,False
685,1,1,2026-08-12T07:48:00+00:00,2026-08-12T07:48:00+00:00,0.0,29.73349,78.01696,29.73349,78.01696,0.0,0.0,0.0,INSUFFICIENT_DATA,INSUFFICIENT_DATA,INSUFFICIENT_DATA,,insufficient_evidence,INSUFFICIENT,0,False
686,1,1,2026-08-12T07:50:00+00:00,2026-08-12T07:50:00+00:00,0.0,31.49857,75.84365,31.49857,75.84365,0.0,0.0,0.0,INSUFFICIENT_DATA,INSUFFICIENT_DATA,INSUFFICIENT_DATA,,insufficient_evidence,INSUFFICIENT,0,False
687,1,1,2026-08-12T08:28:00+00:00,2026-08-12T08:28:00+00:00,0.0,8.58918,77.91875,8.58918,77.91875,0.0,0.0,0.0,INSUFFICIENT_DATA,INSUFFICIENT_DATA,INSUFFICIENT_DATA,,insufficient_evidence,INSUFFICIENT,0,False
688,2,1,2026-08-12T08:28:00+00:00,2026-08-12T08:28:00+00:00,0.0,8.90688,77.78044,8.90688,77.78044,0.0,0.0,0.0,INSUFFICIENT_DATA,INSUFFICIENT_DATA,INSUFFICIENT_DATA,,insufficient_evidence,INSUFFICIENT,0,False
689,1,1,2026-08-12T08:28:00+00:00,2026-08-12T08:28:00+00:00,0.0,8.98739,77.78809,8.98739,77.78809,0.0,0.0,0.0,INSUFFICIENT_DATA,INSUFFICIENT_DATA,INSUFFICIENT_DATA,,insufficient_evidence,INSUFFICIENT,0,False
690,1,1,2026-08-12T08:28:00+00:00,2026-08-12T08:28:00+00:00,0.0,9.38032,77.60553,9.38032,77.60553,0.0,0.0,0.0,INSUFFICIENT_DATA,INSUFFICIENT_DATA,INSUFFICIENT_DATA,,insufficient_evidence,INSUFFICIENT,0,False
691,1,1,2026-08-12T08:28:00+00:00,2026-08-12T08:28:00+00:00,0.0,9.42879,78.78382,9.42879,78.78382,0.0,0.0,0.0,INSUFFICIENT_DATA,INSUFFICIENT_DATA,INSUFFICIENT_DATA,,insufficient_evidence,INSUFFICIENT,0,False
692,1,1,2026-08-12T08:28:00+00:00,2026-08-12T08:28:00+00:00,0.0,9.46649,77.59328,9.46649,77.59328,0.0,0.0,0.0,INSUFFICIENT_DATA,INSUFFICIENT_DATA,INSUFFICIENT_DATA,,insufficient_evidence,INSUFFICIENT,0,False
693,2,1,2026-08-12T08:28:00+00:00,2026-08-12T08:28:00+00:00,0.0,9.49965,77.57387,9.49965,77.57387,0.0,0.0,0.0,INSUFFICIENT_DATA,INSUFFICIENT_DATA,INSUFFICIENT_DATA,,insufficient_evidence,INSUFFICIENT,0,False
694,1,1,2026-08-12T08:28:00+00:00,2026-08-12T08:28:00+00:00,0.0,9.64663,77.65572,9.64663,77.65572,0.0,0.0,0.0,INSUFFICIENT_DATA,INSUFFICIENT_DATA,INSUFFICIENT_DATA,,insufficient_evidence,INSUFFICIENT,0,False
695,1,1,2026-08-12T08:28:00+00:00,2026-08-12T08:28:00+00:00,0.0,10.54428,79.22142,10.54428,79.22142,0.0,0.0,0.0,INSUFFICIENT_DATA,INSUFFICIENT_DATA,INSUFFICIENT_DATA,,insufficient_evidence,INSUFFICIENT,0,False
696,1,1,2026-08-12T08:28:00+00:00,2026-08-12T08:28:00+00:00,0.0,10.68781,79.70799,10.68781,79.70799,0.0,0.0,0.0,INSUFFICIENT_DATA,INSUFFICIENT_DATA,INSUFFICIENT_DATA,,insufficient_evidence,INSUFFICIENT,0,False
697,1,1,2026-08-12T08:28:00+00:00,2026-08-12T08:28:00+00:00,0.0,10.75858,78.97378,10.75858,78.97378,0.0,0.0,0.0,INSUFFICIENT_DATA,INSUFFICIENT_DATA,INSUFFICIENT_DATA,,insufficient_evidence,INSUFFICIENT,0,False
698,1,1,2026-08-12T08:28:00+00:00,2026-08-12T08:28:00+00:00,0.0,10.81688,78.60809,10.81688,78.60809,0.0,0.0,0.0,INSUFFICIENT_DATA,INSUFFICIENT_DATA,INSUFFICIENT_DATA,,insufficient_evidence,INSUFFICIENT,0,False
699,1,1,2026-08-12T08:28:00+00:00,2026-08-12T08:28:00+00:00,0.0,10.88172,79.22351,10.88172,79.22351,0.0,0.0,0.0,INSUFFICIENT_DATA,INSUFFICIENT_DATA,INSUFFICIENT_DATA,,insufficient_evidence,INSUFFICIENT,0,False
700,1,1,2026-08-12T08:30:00+00:00,2026-08-12T08:30:00+00:00,0.0,11.65928,77.2301,11.65928,77.2301,0.0,0.0,0.0,INSUFFICIENT_DATA,INSUFFICIENT_DATA,INSUFFICIENT_DATA,,insufficient_evidence,INSUFFICIENT,0,False
701,1,1,2026-08-12T08:30:00+00:00,2026-08-12T08:30:00+00:00,0.0,12.08301,77.04526,12.08301,77.04526,0.0,0.0,0.0,INSUFFICIENT_DATA,INSUFFICIENT_DATA,INSUFFICIENT_DATA,,insufficient_evidence,INSUFFICIENT,0,False
702,1,1,2026-08-12T08:30:00+00:00,2026-08-12T08:30:00+00:00,0.0,14.21533,79.22138,14.21533,79.22138,0.0,0.0,0.0,INSUFFICIENT_DATA,INSUFFICIENT_DATA,INSUFFICIENT_DATA,,insufficient_evidence,INSUFFICIENT,0,False
703,1,1,2026-08-12T08:30:00+00:00,2026-08-12T08:30:00+00:00,0.0,14.31858,76.57759,14.31858,76.57759,0.0,0.0,0.0,INSUFFICIENT_DATA,INSUFFICIENT_DATA,INSUFFICIENT_DATA,,insufficient_evidence,INSUFFICIENT,0,False
704,2,1,2026-08-12T08:35:00+00:00,2026-08-12T08:35:00+00:00,0.0,27.37766,70.97839,27.37766,70.97839,0.0,0.0,0.0,INSUFFICIENT_DATA,INSUFFICIENT_DATA,INSUFFICIENT_DATA,,insufficient_evidence,INSUFFICIENT,0,False
705,1,1,2026-08-12T19:17:00+00:00,2026-08-12T19:17:00+00:00,0.0,26.08573,93.95238,26.08573,93.95238,0.0,0.0,0.0,INSUFFICIENT_DATA,INSUFFICIENT_DATA,INSUFFICIENT_DATA,,insufficient_evidence,INSUFFICIENT,0,False
706,1,1,2026-08-12T19:19:00+00:00,2026-08-12T19:19:00+00:00,0.0,21.80354,82.03912,21.80354,82.03912,0.0,0.0,0.0,INSUFFICIENT_DATA,INSUFFICIENT_DATA,INSUFFICIENT_DATA,,insufficient_evidence,INSUFFICIENT,0,False
707,1,1,2026-08-12T20:14:00+00:00,2026-08-12T20:14:00+00:00,0.0,24.16228,82.60419,24.16228,82.60419,0.0,0.0,0.0,INSUFFICIENT_DATA,INSUFFICIENT_DATA,INSUFFICIENT_DATA,,insufficient_evidence,INSUFFICIENT,0,False
708,2,2,2026-08-12T20:14:00+00:00,2026-08-13T20:40:00+00:00,1.018,28.65299,77.58749,28.64995,77.58897,0.368,0.361,156.87,SE,LOW,STATIONARY,,stationary,INSUFFICIENT,0,False
709,1,1,2026-08-12T20:17:00+00:00,2026-08-12T20:17:00+00:00,0.0,10.6178,77.42089,10.6178,77.42089,0.0,0.0,0.0,INSUFFICIENT_DATA,INSUFFICIENT_DATA,INSUFFICIENT_DATA,,insufficient_evidence,INSUFFICIENT,0,False
710,2,1,2026-08-12T20:17:00+00:00,2026-08-12T20:17:00+00:00,0.0,10.92238,78.51364,10.92238,78.51364,0.0,0.0,0.0,INSUFFICIENT_DATA,INSUFFICIENT_DATA,INSUFFICIENT_DATA,,insufficient_evidence,INSUFFICIENT,0,False
711,1,1,2026-08-12T20:17:00+00:00,2026-08-12T20:17:00+00:00,0.0,10.92998,77.0639,10.92998,77.0639,0.0,0.0,0.0,INSUFFICIENT_DATA,INSUFFICIENT_DATA,INSUFFICIENT_DATA,,insufficient_evidence,INSUFFICIENT,0,False
712,1,1,2026-08-12T20:17:00+00:00,2026-08-12T20:17:00+00:00,0.0,11.15497,77.94162,11.15497,77.94162,0.0,0.0,0.0,INSUFFICIENT_DATA,INSUFFICIENT_DATA,INSUFFICIENT_DATA,,insufficient_evidence,INSUFFICIENT,0,False
713,1,1,2026-08-12T20:17:00+00:00,2026-08-12T20:17:00+00:00,0.0,11.76602,77.00774,11.76602,77.00774,0.0,0.0,0.0,INSUFFICIENT_DATA,INSUFFICIENT_DATA,INSUFFICIENT_DATA,,insufficient_evidence,INSUFFICIENT,0,False
714,1,1,2026-08-12T20:17:00+00:00,2026-08-12T20:17:00+00:00,0.0,21.21967,81.39117,21.21967,81.39117,0.0,0.0,0.0,INSUFFICIENT_DATA,INSUFFICIENT_DATA,INSUFFICIENT_DATA,,insufficient_evidence,INSUFFICIENT,0,False
715,1,1,2026-08-12T20:17:00+00:00,2026-08-12T20:17:00+00:00,0.0,21.24339,79.22346,21.24339,79.22346,0.0,0.0,0.0,INSUFFICIENT_DATA,INSUFFICIENT_DATA,INSUFFICIENT_DATA,,insufficient_evidence,INSUFFICIENT,0,False
716,1,1,2026-08-12T20:17:00+00:00,2026-08-12T20:17:00+00:00,0.0,21.2455,81.77003,21.2455,81.77003,0.0,0.0,0.0,INSUFFICIENT_DATA,INSUFFICIENT_DATA,INSUFFICIENT_DATA,,insufficient_evidence,INSUFFICIENT,0,False
717,4,1,2026-08-12T20:17:00+00:00,2026-08-12T20:59:00+00:00,0.029,21.24798,79.20758,21.24798,79.20758,0.0,0.0,0.0,INSUFFICIENT_DATA,INSUFFICIENT_DATA,INSUFFICIENT_DATA,,insufficient_evidence,INSUFFICIENT,0,False
718,1,1,2026-08-12T20:17:00+00:00,2026-08-12T20:17:00+00:00,0.0,21.29379,81.59311,21.29379,81.59311,0.0,0.0,0.0,INSUFFICIENT_DATA,INSUFFICIENT_DATA,INSUFFICIENT_DATA,,insufficient_evidence,INSUFFICIENT,0,False
719,1,1,2026-08-12T20:17:00+00:00,2026-08-12T20:17:00+00:00,0.0,21.33706,78.96845,21.33706,78.96845,0.0,0.0,0.0,INSUFFICIENT_DATA,INSUFFICIENT_DATA,INSUFFICIENT_DATA,,insufficient_evidence,INSUFFICIENT,0,False
720,1,1,2026-08-12T20:17:00+00:00,2026-08-12T20:17:00+00:00,0.0,21.92591,83.34019,21.92591,83.34019,0.0,0.0,0.0,INSUFFICIENT_DATA,INSUFFICIENT_DATA,INSUFFICIENT_DATA,,insufficient_evidence,INSUFFICIENT,0,False
721,1,1,2026-08-12T20:17:00+00:00,2026-08-12T20:17:00+00:00,0.0,21.98617,82.01643,21.98617,82.01643,0.0,0.0,0.0,INSUFFICIENT_DATA,INSUFFICIENT_DATA,INSUFFICIENT_DATA,,insufficient_evidence,INSUFFICIENT,0,False
722,1,1,2026-08-12T20:17:00+00:00,2026-08-12T20:17:00+00:00,0.0,22.08837,83.11952,22.08837,83.11952,0.0,0.0,0.0,INSUFFICIENT_DATA,INSUFFICIENT_DATA,INSUFFICIENT_DATA,,insufficient_evidence,INSUFFICIENT,0,False
723,1,1,2026-08-12T20:19:00+00:00,2026-08-12T20:19:00+00:00,0.0,8.67153,77.9933,8.67153,77.9933,0.0,0.0,0.0,INSUFFICIENT_DATA,INSUFFICIENT_DATA,INSUFFICIENT_DATA,,insufficient_evidence,INSUFFICIENT,0,False
724,3,1,2026-08-12T20:19:00+00:00,2026-08-12T21:04:00+00:00,0.031,12.85252,79.90343,12.85252,79.90343,0.0,0.0,0.0,INSUFFICIENT_DATA,INSUFFICIENT_DATA,INSUFFICIENT_DATA,,insufficient_evidence,INSUFFICIENT,0,False
725,1,1,2026-08-12T20:19:00+00:00,2026-08-12T20:19:00+00:00,0.0,14.1833,79.55907,14.1833,79.55907,0.0,0.0,0.0,INSUFFICIENT_DATA,INSUFFICIENT_DATA,INSUFFICIENT_DATA,,insufficient_evidence,INSUFFICIENT,0,False
726,1,1,2026-08-12T20:57:00+00:00,2026-08-12T20:57:00+00:00,0.0,28.19945,76.90763,28.19945,76.90763,0.0,0.0,0.0,INSUFFICIENT_DATA,INSUFFICIENT_DATA,INSUFFICIENT_DATA,,insufficient_evidence,INSUFFICIENT,0,False
727,4,3,2026-08-12T20:57:00+00:00,2026-08-16T21:25:00+00:00,4.019,31.25444,76.92693,31.25765,76.92495,0.404,0.1,332.2,NW,LOW,STATIONARY,,stationary,INSUFFICIENT,0,False
728,2,1,2026-08-12T20:59:00+00:00,2026-08-12T20:59:00+00:00,0.0,23.16571,82.33874,23.16571,82.33874,0.0,0.0,0.0,INSUFFICIENT_DATA,INSUFFICIENT_DATA,INSUFFICIENT_DATA,,insufficient_evidence,INSUFFICIENT,0,False
729,1,1,2026-08-12T21:01:00+00:00,2026-08-12T21:01:00+00:00,0.0,16.42131,79.32549,16.42131,79.32549,0.0,0.0,0.0,INSUFFICIENT_DATA,INSUFFICIENT_DATA,INSUFFICIENT_DATA,,insufficient_evidence,INSUFFICIENT,0,False
730,1,1,2026-08-13T06:33:00+00:00,2026-08-13T06:33:00+00:00,0.0,26.88691,93.05493,26.88691,93.05493,0.0,0.0,0.0,INSUFFICIENT_DATA,INSUFFICIENT_DATA,INSUFFICIENT_DATA,,insufficient_evidence,INSUFFICIENT,0,False
731,1,1,2026-08-13T07:24:00+00:00,2026-08-13T07:24:00+00:00,0.0,9.61558,78.6358,9.61558,78.6358,0.0,0.0,0.0,INSUFFICIENT_DATA,INSUFFICIENT_DATA,INSUFFICIENT_DATA,,insufficient_evidence,INSUFFICIENT,0,False
732,1,1,2026-08-13T07:24:00+00:00,2026-08-13T07:24:00+00:00,0.0,9.88432,78.81351,9.88432,78.81351,0.0,0.0,0.0,INSUFFICIENT_DATA,INSUFFICIENT_DATA,INSUFFICIENT_DATA,,insufficient_evidence,INSUFFICIENT,0,False
733,4,2,2026-08-13T07:29:00+00:00,2026-08-15T20:04:00+00:00,2.524,23.77858,86.38999,23.77728,86.38851,0.208,0.083,226.28,SW,LOW,STATIONARY,,stationary,INSUFFICIENT,0,False
734,1,1,2026-08-13T07:29:00+00:00,2026-08-13T07:29:00+00:00,0.0,25.2817,87.65293,25.2817,87.65293,0.0,0.0,0.0,INSUFFICIENT_DATA,INSUFFICIENT_DATA,INSUFFICIENT_DATA,,insufficient_evidence,INSUFFICIENT,0,False
735,1,1,2026-08-13T07:29:00+00:00,2026-08-13T07:29:00+00:00,0.0,26.89398,93.03973,26.89398,93.03973,0.0,0.0,0.0,INSUFFICIENT_DATA,INSUFFICIENT_DATA,INSUFFICIENT_DATA,,insufficient_evidence,INSUFFICIENT,0,False
736,1,1,2026-08-13T07:29:00+00:00,2026-08-13T07:29:00+00:00,0.0,26.93147,92.41478,26.93147,92.41478,0.0,0.0,0.0,INSUFFICIENT_DATA,INSUFFICIENT_DATA,INSUFFICIENT_DATA,,insufficient_evidence,INSUFFICIENT,0,False
737,1,1,2026-08-13T07:31:00+00:00,2026-08-13T07:31:00+00:00,0.0,29.06069,79.5211,29.06069,79.5211,0.0,0.0,0.0,INSUFFICIENT_DATA,INSUFFICIENT_DATA,INSUFFICIENT_DATA,,insufficient_evidence,INSUFFICIENT,0,False
738,1,1,2026-08-13T08:09:00+00:00,2026-08-13T08:09:00+00:00,0.0,8.53019,78.08766,8.53019,78.08766,0.0,0.0,0.0,INSUFFICIENT_DATA,INSUFFICIENT_DATA,INSUFFICIENT_DATA,,insufficient_evidence,INSUFFICIENT,0,False
739,1,1,2026-08-13T08:09:00+00:00,2026-08-13T08:09:00+00:00,0.0,9.14321,78.50316,9.14321,78.50316,0.0,0.0,0.0,INSUFFICIENT_DATA,INSUFFICIENT_DATA,INSUFFICIENT_DATA,,insufficient_evidence,INSUFFICIENT,0,False
740,1,1,2026-08-13T08:09:00+00:00,2026-08-13T08:09:00+00:00,0.0,9.82755,78.48745,9.82755,78.48745,0.0,0.0,0.0,INSUFFICIENT_DATA,INSUFFICIENT_DATA,INSUFFICIENT_DATA,,insufficient_evidence,INSUFFICIENT,0,False
741,1,1,2026-08-13T08:09:00+00:00,2026-08-13T08:09:00+00:00,0.0,9.86046,78.54808,9.86046,78.54808,0.0,0.0,0.0,INSUFFICIENT_DATA,INSUFFICIENT_DATA,INSUFFICIENT_DATA,,insufficient_evidence,INSUFFICIENT,0,False
742,1,1,2026-08-13T08:09:00+00:00,2026-08-13T08:09:00+00:00,0.0,10.04801,78.53002,10.04801,78.53002,0.0,0.0,0.0,INSUFFICIENT_DATA,INSUFFICIENT_DATA,INSUFFICIENT_DATA,,insufficient_evidence,INSUFFICIENT,0,False
743,1,1,2026-08-13T08:09:00+00:00,2026-08-13T08:09:00+00:00,0.0,10.77733,78.9091,10.77733,78.9091,0.0,0.0,0.0,INSUFFICIENT_DATA,INSUFFICIENT_DATA,INSUFFICIENT_DATA,,insufficient_evidence,INSUFFICIENT,0,False
744,1,1,2026-08-13T08:09:00+00:00,2026-08-13T08:09:00+00:00,0.0,11.01841,78.15247,11.01841,78.15247,0.0,0.0,0.0,INSUFFICIENT_DATA,INSUFFICIENT_DATA,INSUFFICIENT_DATA,,insufficient_evidence,INSUFFICIENT,0,False
745,1,1,2026-08-13T08:09:00+00:00,2026-08-13T08:09:00+00:00,0.0,11.05683,78.87433,11.05683,78.87433,0.0,0.0,0.0,INSUFFICIENT_DATA,INSUFFICIENT_DATA,INSUFFICIENT_DATA,,insufficient_evidence,INSUFFICIENT,0,False
746,1,1,2026-08-13T08:16:00+00:00,2026-08-13T08:16:00+00:00,0.0,30.59028,74.81104,30.59028,74.81104,0.0,0.0,0.0,INSUFFICIENT_DATA,INSUFFICIENT_DATA,INSUFFICIENT_DATA,,insufficient_evidence,INSUFFICIENT,0,False
747,1,1,2026-08-13T08:16:00+00:00,2026-08-13T08:16:00+00:00,0.0,30.8752,76.01562,30.8752,76.01562,0.0,0.0,0.0,INSUFFICIENT_DATA,INSUFFICIENT_DATA,INSUFFICIENT_DATA,,insufficient_evidence,INSUFFICIENT,0,False
748,3,2,2026-08-13T08:16:00+00:00,2026-08-16T08:13:00+00:00,2.998,31.15114,74.8723,31.14835,74.87786,0.613,0.204,120.41,SE,LOW,MOVING,SE,directional,PRELIMINARY,33,True
749,1,1,2026-08-13T19:55:00+00:00,2026-08-13T19:55:00+00:00,0.0,23.75229,86.4147,23.75229,86.4147,0.0,0.0,0.0,INSUFFICIENT_DATA,INSUFFICIENT_DATA,INSUFFICIENT_DATA,,insufficient_evidence,INSUFFICIENT,0,False
750,1,1,2026-08-13T19:57:00+00:00,2026-08-13T19:57:00+00:00,0.0,17.06605,76.97811,17.06605,76.97811,0.0,0.0,0.0,INSUFFICIENT_DATA,INSUFFICIENT_DATA,INSUFFICIENT_DATA,,insufficient_evidence,INSUFFICIENT,0,False
751,2,1,2026-08-13T20:00:00+00:00,2026-08-13T20:46:00+00:00,0.032,9.30722,77.43031,9.30722,77.43031,0.0,0.0,0.0,INSUFFICIENT_DATA,INSUFFICIENT_DATA,INSUFFICIENT_DATA,,insufficient_evidence,INSUFFICIENT,0,False
752,1,1,2026-08-13T20:00:00+00:00,2026-08-13T20:00:00+00:00,0.0,9.93408,78.31805,9.93408,78.31805,0.0,0.0,0.0,INSUFFICIENT_DATA,INSUFFICIENT_DATA,INSUFFICIENT_DATA,,insufficient_evidence,INSUFFICIENT,0,False
753,1,1,2026-08-13T20:00:00+00:00,2026-08-13T20:00:00+00:00,0.0,10.44673,77.30595,10.44673,77.30595,0.0,0.0,0.0,INSUFFICIENT_DATA,INSUFFICIENT_DATA,INSUFFICIENT_DATA,,insufficient_evidence,INSUFFICIENT,0,False
754,1,1,2026-08-13T20:40:00+00:00,2026-08-13T20:40:00+00:00,0.0,26.30337,72.90213,26.30337,72.90213,0.0,0.0,0.0,INSUFFICIENT_DATA,INSUFFICIENT_DATA,INSUFFICIENT_DATA,,insufficient_evidence,INSUFFICIENT,0,False
755,1,1,2026-08-13T20:40:00+00:00,2026-08-13T20:40:00+00:00,0.0,28.13188,76.89797,28.13188,76.89797,0.0,0.0,0.0,INSUFFICIENT_DATA,INSUFFICIENT_DATA,INSUFFICIENT_DATA,,insufficient_evidence,INSUFFICIENT,0,False
756,2,2,2026-08-13T20:40:00+00:00,2026-08-14T20:21:00+00:00,0.987,29.1239,75.77663,29.12209,75.77994,0.379,0.384,122.04,SE,LOW,STATIONARY,,stationary,INSUFFICIENT,0,False
757,1,1,2026-08-13T20:40:00+00:00,2026-08-13T20:40:00+00:00,0.0,31.32669,76.89336,31.32669,76.89336,0.0,0.0,0.0,INSUFFICIENT_DATA,INSUFFICIENT_DATA,INSUFFICIENT_DATA,,insufficient_evidence,INSUFFICIENT,0,False
758,1,1,2026-08-13T20:42:00+00:00,2026-08-13T20:42:00+00:00,0.0,22.05045,88.1057,22.05045,88.1057,0.0,0.0,0.0,INSUFFICIENT_DATA,INSUFFICIENT_DATA,INSUFFICIENT_DATA,,insufficient_evidence,INSUFFICIENT,0,False
759,1,1,2026-08-13T20:42:00+00:00,2026-08-13T20:42:00+00:00,0.0,23.31552,70.48516,23.31552,70.48516,0.0,0.0,0.0,INSUFFICIENT_DATA,INSUFFICIENT_DATA,INSUFFICIENT_DATA,,insufficient_evidence,INSUFFICIENT,0,False
760,3,2,2026-08-13T20:44:00+00:00,2026-08-16T21:27:00+00:00,3.03,15.65776,73.99023,15.6591,73.99036,0.15,0.05,5.52,N,LOW,STATIONARY,,stationary,INSUFFICIENT,0,False
761,1,1,2026-08-13T20:44:00+00:00,2026-08-13T20:44:00+00:00,0.0,18.43314,74.12675,18.43314,74.12675,0.0,0.0,0.0,INSUFFICIENT_DATA,INSUFFICIENT_DATA,INSUFFICIENT_DATA,,insufficient_evidence,INSUFFICIENT,0,False
762,2,1,2026-08-14T06:14:00+00:00,2026-08-14T06:14:00+00:00,0.0,25.06506,93.99896,25.06506,93.99896,0.0,0.0,0.0,INSUFFICIENT_DATA,INSUFFICIENT_DATA,INSUFFICIENT_DATA,,insufficient_evidence,INSUFFICIENT,0,False
763,1,1,2026-08-14T06:16:00+00:00,2026-08-14T06:16:00+00:00,0.0,28.51908,95.82986,28.51908,95.82986,0.0,0.0,0.0,INSUFFICIENT_DATA,INSUFFICIENT_DATA,INSUFFICIENT_DATA,,insufficient_evidence,INSUFFICIENT,0,False
764,1,1,2026-08-14T07:09:00+00:00,2026-08-14T07:09:00+00:00,0.0,25.78723,93.29169,25.78723,93.29169,0.0,0.0,0.0,INSUFFICIENT_DATA,INSUFFICIENT_DATA,INSUFFICIENT_DATA,,insufficient_evidence,INSUFFICIENT,0,False
765,1,1,2026-08-14T07:09:00+00:00,2026-08-14T07:09:00+00:00,0.0,25.80267,93.35385,25.80267,93.35385,0.0,0.0,0.0,INSUFFICIENT_DATA,INSUFFICIENT_DATA,INSUFFICIENT_DATA,,insufficient_evidence,INSUFFICIENT,0,False
766,1,1,2026-08-14T07:09:00+00:00,2026-08-14T07:09:00+00:00,0.0,25.99782,93.54985,25.99782,93.54985,0.0,0.0,0.0,INSUFFICIENT_DATA,INSUFFICIENT_DATA,INSUFFICIENT_DATA,,insufficient_evidence,INSUFFICIENT,0,False
767,1,1,2026-08-14T07:50:00+00:00,2026-08-14T07:50:00+00:00,0.0,8.72674,77.83636,8.72674,77.83636,0.0,0.0,0.0,INSUFFICIENT_DATA,INSUFFICIENT_DATA,INSUFFICIENT_DATA,,insufficient_evidence,INSUFFICIENT,0,False
768,1,1,2026-08-14T07:50:00+00:00,2026-08-14T07:50:00+00:00,0.0,8.90293,77.7048,8.90293,77.7048,0.0,0.0,0.0,INSUFFICIENT_DATA,INSUFFICIENT_DATA,INSUFFICIENT_DATA,,insufficient_evidence,INSUFFICIENT,0,False
769,1,1,2026-08-14T07:50:00+00:00,2026-08-14T07:50:00+00:00,0.0,9.12011,77.84572,9.12011,77.84572,0.0,0.0,0.0,INSUFFICIENT_DATA,INSUFFICIENT_DATA,INSUFFICIENT_DATA,,insufficient_evidence,INSUFFICIENT,0,False
770,1,1,2026-08-14T07:50:00+00:00,2026-08-14T07:50:00+00:00,0.0,9.19533,78.4641,9.19533,78.4641,0.0,0.0,0.0,INSUFFICIENT_DATA,INSUFFICIENT_DATA,INSUFFICIENT_DATA,,insufficient_evidence,INSUFFICIENT,0,False
771,1,1,2026-08-14T07:50:00+00:00,2026-08-14T07:50:00+00:00,0.0,9.36281,78.79712,9.36281,78.79712,0.0,0.0,0.0,INSUFFICIENT_DATA,INSUFFICIENT_DATA,INSUFFICIENT_DATA,,insufficient_evidence,INSUFFICIENT,0,False
772,1,1,2026-08-14T07:50:00+00:00,2026-08-14T07:50:00+00:00,0.0,9.43115,78.27111,9.43115,78.27111,0.0,0.0,0.0,INSUFFICIENT_DATA,INSUFFICIENT_DATA,INSUFFICIENT_DATA,,insufficient_evidence,INSUFFICIENT,0,False
773,1,1,2026-08-14T07:50:00+00:00,2026-08-14T07:50:00+00:00,0.0,9.49129,78.61803,9.49129,78.61803,0.0,0.0,0.0,INSUFFICIENT_DATA,INSUFFICIENT_DATA,INSUFFICIENT_DATA,,insufficient_evidence,INSUFFICIENT,0,False
774,1,1,2026-08-14T07:50:00+00:00,2026-08-14T07:50:00+00:00,0.0,9.50622,78.77958,9.50622,78.77958,0.0,0.0,0.0,INSUFFICIENT_DATA,INSUFFICIENT_DATA,INSUFFICIENT_DATA,,insufficient_evidence,INSUFFICIENT,0,False
775,1,1,2026-08-14T07:52:00+00:00,2026-08-14T07:52:00+00:00,0.0,9.82805,78.29053,9.82805,78.29053,0.0,0.0,0.0,INSUFFICIENT_DATA,INSUFFICIENT_DATA,INSUFFICIENT_DATA,,insufficient_evidence,INSUFFICIENT,0,False
776,1,1,2026-08-14T07:52:00+00:00,2026-08-14T07:52:00+00:00,0.0,10.22275,78.3579,10.22275,78.3579,0.0,0.0,0.0,INSUFFICIENT_DATA,INSUFFICIENT_DATA,INSUFFICIENT_DATA,,insufficient_evidence,INSUFFICIENT,0,False
777,1,1,2026-08-14T07:52:00+00:00,2026-08-14T07:52:00+00:00,0.0,10.32337,79.36299,10.32337,79.36299,0.0,0.0,0.0,INSUFFICIENT_DATA,INSUFFICIENT_DATA,INSUFFICIENT_DATA,,insufficient_evidence,INSUFFICIENT,0,False
778,1,1,2026-08-14T07:52:00+00:00,2026-08-14T07:52:00+00:00,0.0,15.99327,76.8434,15.99327,76.8434,0.0,0.0,0.0,INSUFFICIENT_DATA,INSUFFICIENT_DATA,INSUFFICIENT_DATA,,insufficient_evidence,INSUFFICIENT,0,False
779,1,1,2026-08-14T07:52:00+00:00,2026-08-14T07:52:00+00:00,0.0,16.98302,81.56271,16.98302,81.56271,0.0,0.0,0.0,INSUFFICIENT_DATA,INSUFFICIENT_DATA,INSUFFICIENT_DATA,,insufficient_evidence,INSUFFICIENT,0,False
780,1,1,2026-08-14T08:45:00+00:00,2026-08-14T08:45:00+00:00,0.0,8.89687,77.86032,8.89687,77.86032,0.0,0.0,0.0,INSUFFICIENT_DATA,INSUFFICIENT_DATA,INSUFFICIENT_DATA,,insufficient_evidence,INSUFFICIENT,0,False
781,1,1,2026-08-14T08:45:00+00:00,2026-08-14T08:45:00+00:00,0.0,9.41618,77.8159,9.41618,77.8159,0.0,0.0,0.0,INSUFFICIENT_DATA,INSUFFICIENT_DATA,INSUFFICIENT_DATA,,insufficient_evidence,INSUFFICIENT,0,False
782,1,1,2026-08-14T08:45:00+00:00,2026-08-14T08:45:00+00:00,0.0,9.48519,78.8107,9.48519,78.8107,0.0,0.0,0.0,INSUFFICIENT_DATA,INSUFFICIENT_DATA,INSUFFICIENT_DATA,,insufficient_evidence,INSUFFICIENT,0,False
783,1,1,2026-08-14T08:45:00+00:00,2026-08-14T08:45:00+00:00,0.0,9.61044,77.69771,9.61044,77.69771,0.0,0.0,0.0,INSUFFICIENT_DATA,INSUFFICIENT_DATA,INSUFFICIENT_DATA,,insufficient_evidence,INSUFFICIENT,0,False
784,1,1,2026-08-14T08:45:00+00:00,2026-08-14T08:45:00+00:00,0.0,9.67238,77.66545,9.67238,77.66545,0.0,0.0,0.0,INSUFFICIENT_DATA,INSUFFICIENT_DATA,INSUFFICIENT_DATA,,insufficient_evidence,INSUFFICIENT,0,False
785,2,1,2026-08-14T08:45:00+00:00,2026-08-14T08:45:00+00:00,0.0,9.84588,77.9223,9.84588,77.9223,0.0,0.0,0.0,INSUFFICIENT_DATA,INSUFFICIENT_DATA,INSUFFICIENT_DATA,,insufficient_evidence,INSUFFICIENT,0,False
786,1,1,2026-08-14T08:45:00+00:00,2026-08-14T08:45:00+00:00,0.0,9.89835,77.83366,9.89835,77.83366,0.0,0.0,0.0,INSUFFICIENT_DATA,INSUFFICIENT_DATA,INSUFFICIENT_DATA,,insufficient_evidence,INSUFFICIENT,0,False
787,2,1,2026-08-14T08:48:00+00:00,2026-08-14T08:48:00+00:00,0.0,14.38109,78.25864,14.38109,78.25864,0.0,0.0,0.0,INSUFFICIENT_DATA,INSUFFICIENT_DATA,INSUFFICIENT_DATA,,insufficient_evidence,INSUFFICIENT,0,False
788,1,1,2026-08-14T18:41:00+00:00,2026-08-14T18:41:00+00:00,0.0,27.00496,94.63396,27.00496,94.63396,0.0,0.0,0.0,INSUFFICIENT_DATA,INSUFFICIENT_DATA,INSUFFICIENT_DATA,,insufficient_evidence,INSUFFICIENT,0,False
789,1,1,2026-08-14T18:41:00+00:00,2026-08-14T18:41:00+00:00,0.0,27.26173,95.1496,27.26173,95.1496,0.0,0.0,0.0,INSUFFICIENT_DATA,INSUFFICIENT_DATA,INSUFFICIENT_DATA,,insufficient_evidence,INSUFFICIENT,0,False
790,1,1,2026-08-14T19:36:00+00:00,2026-08-14T19:36:00+00:00,0.0,26.76095,83.19885,26.76095,83.19885,0.0,0.0,0.0,INSUFFICIENT_DATA,INSUFFICIENT_DATA,INSUFFICIENT_DATA,,insufficient_evidence,INSUFFICIENT,0,False
791,3,2,2026-08-14T19:38:00+00:00,2026-08-15T20:04:00+00:00,1.018,23.56334,87.08531,23.56055,87.08248,0.424,0.416,222.97,SW,LOW,STATIONARY,,stationary,INSUFFICIENT,0,False
792,1,1,2026-08-14T20:21:00+00:00,2026-08-14T20:21:00+00:00,0.0,21.7299,82.21591,21.7299,82.21591,0.0,0.0,0.0,INSUFFICIENT_DATA,INSUFFICIENT_DATA,INSUFFICIENT_DATA,,insufficient_evidence,INSUFFICIENT,0,False
793,1,1,2026-08-14T20:21:00+00:00,2026-08-14T20:21:00+00:00,0.0,23.3117,70.19884,23.3117,70.19884,0.0,0.0,0.0,INSUFFICIENT_DATA,INSUFFICIENT_DATA,INSUFFICIENT_DATA,,insufficient_evidence,INSUFFICIENT,0,False
794,2,1,2026-08-14T20:21:00+00:00,2026-08-14T20:21:00+00:00,0.0,28.77644,76.94853,28.77644,76.94853,0.0,0.0,0.0,INSUFFICIENT_DATA,INSUFFICIENT_DATA,INSUFFICIENT_DATA,,insufficient_evidence,INSUFFICIENT,0,False
795,1,1,2026-08-14T20:23:00+00:00,2026-08-14T20:23:00+00:00,0.0,15.91339,77.36324,15.91339,77.36324,0.0,0.0,0.0,INSUFFICIENT_DATA,INSUFFICIENT_DATA,INSUFFICIENT_DATA,,insufficient_evidence,INSUFFICIENT,0,False
796,2,2,2026-08-14T20:23:00+00:00,2026-08-16T20:42:00+00:00,2.013,17.36994,77.44634,17.37053,77.44719,0.112,0.055,53.97,NE,LOW,STATIONARY,,stationary,INSUFFICIENT,0,False
797,1,1,2026-08-14T20:23:00+00:00,2026-08-14T20:23:00+00:00,0.0,22.33806,69.85318,22.33806,69.85318,0.0,0.0,0.0,INSUFFICIENT_DATA,INSUFFICIENT_DATA,INSUFFICIENT_DATA,,insufficient_evidence,INSUFFICIENT,0,False
798,1,1,2026-08-14T20:25:00+00:00,2026-08-14T20:25:00+00:00,0.0,12.96664,77.33076,12.96664,77.33076,0.0,0.0,0.0,INSUFFICIENT_DATA,INSUFFICIENT_DATA,INSUFFICIENT_DATA,,insufficient_evidence,INSUFFICIENT,0,False
799,1,1,2026-08-14T20:25:00+00:00,2026-08-14T20:25:00+00:00,0.0,15.07114,76.86419,15.07114,76.86419,0.0,0.0,0.0,INSUFFICIENT_DATA,INSUFFICIENT_DATA,INSUFFICIENT_DATA,,insufficient_evidence,INSUFFICIENT,0,False
800,1,1,2026-08-14T20:25:00+00:00,2026-08-14T20:25:00+00:00,0.0,15.16943,76.71198,15.16943,76.71198,0.0,0.0,0.0,INSUFFICIENT_DATA,INSUFFICIENT_DATA,INSUFFICIENT_DATA,,insufficient_evidence,INSUFFICIENT,0,False
801,5,3,2026-08-14T20:25:00+00:00,2026-08-17T20:23:00+00:00,2.999,15.17308,76.69544,15.17424,76.69157,0.435,0.145,287.24,W,LOW,STATIONARY,,stationary,INSUFFICIENT,0,False
802,1,1,2026-08-14T20:25:00+00:00,2026-08-14T20:25:00+00:00,0.0,15.33766,76.24979,15.33766,76.24979,0.0,0.0,0.0,INSUFFICIENT_DATA,INSUFFICIENT_DATA,INSUFFICIENT_DATA,,insufficient_evidence,INSUFFICIENT,0,False
803,2,2,2026-08-14T21:18:00+00:00,2026-08-15T21:44:00+00:00,1.018,22.93377,69.69614,22.93069,69.69711,0.357,0.35,163.83,S,LOW,STATIONARY,,stationary,INSUFFICIENT,0,False
804,1,1,2026-08-15T06:52:00+00:00,2026-08-15T06:52:00+00:00,0.0,28.01448,95.62774,28.01448,95.62774,0.0,0.0,0.0,INSUFFICIENT_DATA,INSUFFICIENT_DATA,INSUFFICIENT_DATA,,insufficient_evidence,INSUFFICIENT,0,False
805,2,1,2026-08-15T06:52:00+00:00,2026-08-15T07:35:00+00:00,0.03,28.15848,95.59578,28.15848,95.59578,0.0,0.0,0.0,INSUFFICIENT_DATA,INSUFFICIENT_DATA,INSUFFICIENT_DATA,,insufficient_evidence,INSUFFICIENT,0,False
806,1,1,2026-08-15T07:31:00+00:00,2026-08-15T07:31:00+00:00,0.0,12.12039,78.81626,12.12039,78.81626,0.0,0.0,0.0,INSUFFICIENT_DATA,INSUFFICIENT_DATA,INSUFFICIENT_DATA,,insufficient_evidence,INSUFFICIENT,0,False
807,1,1,2026-08-15T07:33:00+00:00,2026-08-15T07:33:00+00:00,0.0,14.42142,79.66338,14.42142,79.66338,0.0,0.0,0.0,INSUFFICIENT_DATA,INSUFFICIENT_DATA,INSUFFICIENT_DATA,,insufficient_evidence,INSUFFICIENT,0,False
808,2,1,2026-08-15T07:33:00+00:00,2026-08-15T07:33:00+00:00,0.0,17.46606,79.21175,17.46606,79.21175,0.0,0.0,0.0,INSUFFICIENT_DATA,INSUFFICIENT_DATA,INSUFFICIENT_DATA,,insufficient_evidence,INSUFFICIENT,0,False
809,1,1,2026-08-15T07:35:00+00:00,2026-08-15T07:35:00+00:00,0.0,27.26608,88.32048,27.26608,88.32048,0.0,0.0,0.0,INSUFFICIENT_DATA,INSUFFICIENT_DATA,INSUFFICIENT_DATA,,insufficient_evidence,INSUFFICIENT,0,False
810,2,1,2026-08-15T07:37:00+00:00,2026-08-15T08:33:00+00:00,0.039,27.3948,70.48836,27.3948,70.48836,0.0,0.0,0.0,INSUFFICIENT_DATA,INSUFFICIENT_DATA,INSUFFICIENT_DATA,,insufficient_evidence,INSUFFICIENT,0,False
811,1,1,2026-08-15T08:28:00+00:00,2026-08-15T08:28:00+00:00,0.0,8.71118,78.09945,8.71118,78.09945,0.0,0.0,0.0,INSUFFICIENT_DATA,INSUFFICIENT_DATA,INSUFFICIENT_DATA,,insufficient_evidence,INSUFFICIENT,0,False
812,2,1,2026-08-15T08:28:00+00:00,2026-08-15T08:28:00+00:00,0.0,8.72437,77.74775,8.72437,77.74775,0.0,0.0,0.0,INSUFFICIENT_DATA,INSUFFICIENT_DATA,INSUFFICIENT_DATA,,insufficient_evidence,INSUFFICIENT,0,False
813,2,1,2026-08-15T08:28:00+00:00,2026-08-15T08:28:00+00:00,0.0,8.86,77.84958,8.86,77.84958,0.0,0.0,0.0,INSUFFICIENT_DATA,INSUFFICIENT_DATA,INSUFFICIENT_DATA,,insufficient_evidence,INSUFFICIENT,0,False
814,1,1,2026-08-15T08:28:00+00:00,2026-08-15T08:28:00+00:00,0.0,8.91909,77.88136,8.91909,77.88136,0.0,0.0,0.0,INSUFFICIENT_DATA,INSUFFICIENT_DATA,INSUFFICIENT_DATA,,insufficient_evidence,INSUFFICIENT,0,False
815,1,1,2026-08-15T08:28:00+00:00,2026-08-15T08:28:00+00:00,0.0,8.98031,77.76226,8.98031,77.76226,0.0,0.0,0.0,INSUFFICIENT_DATA,INSUFFICIENT_DATA,INSUFFICIENT_DATA,,insufficient_evidence,INSUFFICIENT,0,False
816,1,1,2026-08-15T08:28:00+00:00,2026-08-15T08:28:00+00:00,0.0,9.18277,78.05066,9.18277,78.05066,0.0,0.0,0.0,INSUFFICIENT_DATA,INSUFFICIENT_DATA,INSUFFICIENT_DATA,,insufficient_evidence,INSUFFICIENT,0,False
817,1,1,2026-08-15T08:28:00+00:00,2026-08-15T08:28:00+00:00,0.0,9.26736,77.4988,9.26736,77.4988,0.0,0.0,0.0,INSUFFICIENT_DATA,INSUFFICIENT_DATA,INSUFFICIENT_DATA,,insufficient_evidence,INSUFFICIENT,0,False
818,1,1,2026-08-15T08:28:00+00:00,2026-08-15T08:28:00+00:00,0.0,11.74272,79.05394,11.74272,79.05394,0.0,0.0,0.0,INSUFFICIENT_DATA,INSUFFICIENT_DATA,INSUFFICIENT_DATA,,insufficient_evidence,INSUFFICIENT,0,False
819,2,1,2026-08-15T08:28:00+00:00,2026-08-15T08:28:00+00:00,0.0,11.91146,78.9178,11.91146,78.9178,0.0,0.0,0.0,INSUFFICIENT_DATA,INSUFFICIENT_DATA,INSUFFICIENT_DATA,,insufficient_evidence,INSUFFICIENT,0,False
820,2,1,2026-08-15T08:28:00+00:00,2026-08-15T08:28:00+00:00,0.0,11.94216,76.73323,11.94216,76.73323,0.0,0.0,0.0,INSUFFICIENT_DATA,INSUFFICIENT_DATA,INSUFFICIENT_DATA,,insufficient_evidence,INSUFFICIENT,0,False
821,1,1,2026-08-15T08:28:00+00:00,2026-08-15T08:28:00+00:00,0.0,12.45337,78.93562,12.45337,78.93562,0.0,0.0,0.0,INSUFFICIENT_DATA,INSUFFICIENT_DATA,INSUFFICIENT_DATA,,insufficient_evidence,INSUFFICIENT,0,False
822,1,1,2026-08-15T08:28:00+00:00,2026-08-15T08:28:00+00:00,0.0,12.45564,77.96281,12.45564,77.96281,0.0,0.0,0.0,INSUFFICIENT_DATA,INSUFFICIENT_DATA,INSUFFICIENT_DATA,,insufficient_evidence,INSUFFICIENT,0,False
823,1,1,2026-08-15T08:28:00+00:00,2026-08-15T08:28:00+00:00,0.0,14.04676,79.78108,14.04676,79.78108,0.0,0.0,0.0,INSUFFICIENT_DATA,INSUFFICIENT_DATA,INSUFFICIENT_DATA,,insufficient_evidence,INSUFFICIENT,0,False
824,2,1,2026-08-15T08:28:00+00:00,2026-08-15T08:28:00+00:00,0.0,14.66244,79.82536,14.66244,79.82536,0.0,0.0,0.0,INSUFFICIENT_DATA,INSUFFICIENT_DATA,INSUFFICIENT_DATA,,insufficient_evidence,INSUFFICIENT,0,False
825,1,1,2026-08-15T08:28:00+00:00,2026-08-15T08:28:00+00:00,0.0,15.11341,79.33398,15.11341,79.33398,0.0,0.0,0.0,INSUFFICIENT_DATA,INSUFFICIENT_DATA,INSUFFICIENT_DATA,,insufficient_evidence,INSUFFICIENT,0,False
826,1,1,2026-08-15T08:28:00+00:00,2026-08-15T08:28:00+00:00,0.0,15.36085,78.26549,15.36085,78.26549,0.0,0.0,0.0,INSUFFICIENT_DATA,INSUFFICIENT_DATA,INSUFFICIENT_DATA,,insufficient_evidence,INSUFFICIENT,0,False
827,1,1,2026-08-15T08:30:00+00:00,2026-08-15T08:30:00+00:00,0.0,17.76806,79.02612,17.76806,79.02612,0.0,0.0,0.0,INSUFFICIENT_DATA,INSUFFICIENT_DATA,INSUFFICIENT_DATA,,insufficient_evidence,INSUFFICIENT,0,False
828,1,1,2026-08-15T08:33:00+00:00,2026-08-15T08:33:00+00:00,0.0,23.00243,72.25909,23.00243,72.25909,0.0,0.0,0.0,INSUFFICIENT_DATA,INSUFFICIENT_DATA,INSUFFICIENT_DATA,,insufficient_evidence,INSUFFICIENT,0,False
829,1,1,2026-08-15T08:33:00+00:00,2026-08-15T08:33:00+00:00,0.0,26.34472,70.91782,26.34472,70.91782,0.0,0.0,0.0,INSUFFICIENT_DATA,INSUFFICIENT_DATA,INSUFFICIENT_DATA,,insufficient_evidence,INSUFFICIENT,0,False
830,1,1,2026-08-15T19:17:00+00:00,2026-08-15T19:17:00+00:00,0.0,22.3657,87.30025,22.3657,87.30025,0.0,0.0,0.0,INSUFFICIENT_DATA,INSUFFICIENT_DATA,INSUFFICIENT_DATA,,insufficient_evidence,INSUFFICIENT,0,False
831,28,6,2026-08-15T19:17:00+00:00,2026-08-25T19:32:00+00:00,10.01,22.78642,86.1983,22.7893,86.20161,0.466,0.047,46.66,NE,LOW,STATIONARY,,stationary,INSUFFICIENT,0,False
832,5,2,2026-08-15T19:17:00+00:00,2026-08-16T19:45:00+00:00,1.019,23.55923,87.23984,23.55663,87.24285,0.421,0.413,133.29,SE,LOW,STATIONARY,,stationary,INSUFFICIENT,0,False
833,6,2,2026-08-15T19:17:00+00:00,2026-08-16T19:45:00+00:00,1.019,23.64849,85.43846,23.64777,85.43825,0.083,0.082,195.12,S,LOW,STATIONARY,,stationary,INSUFFICIENT,0,False
834,3,1,2026-08-15T19:17:00+00:00,2026-08-15T20:04:00+00:00,0.033,23.66442,87.15563,23.66442,87.15563,0.0,0.0,0.0,INSUFFICIENT_DATA,INSUFFICIENT_DATA,INSUFFICIENT_DATA,,insufficient_evidence,INSUFFICIENT,0,False
835,11,1,2026-08-15T19:17:00+00:00,2026-08-15T20:04:00+00:00,0.033,23.6922,87.11226,23.6922,87.11226,0.0,0.0,0.0,INSUFFICIENT_DATA,INSUFFICIENT_DATA,INSUFFICIENT_DATA,,insufficient_evidence,INSUFFICIENT,0,False
836,1,1,2026-08-15T20:04:00+00:00,2026-08-15T20:04:00+00:00,0.0,22.5921,85.90424,22.5921,85.90424,0.0,0.0,0.0,INSUFFICIENT_DATA,INSUFFICIENT_DATA,INSUFFICIENT_DATA,,insufficient_evidence,INSUFFICIENT,0,False
837,1,1,2026-08-15T20:04:00+00:00,2026-08-15T20:04:00+00:00,0.0,22.60765,85.91538,22.60765,85.91538,0.0,0.0,0.0,INSUFFICIENT_DATA,INSUFFICIENT_DATA,INSUFFICIENT_DATA,,insufficient_evidence,INSUFFICIENT,0,False
838,1,1,2026-08-15T20:04:00+00:00,2026-08-15T20:04:00+00:00,0.0,22.7903,86.21149,22.7903,86.21149,0.0,0.0,0.0,INSUFFICIENT_DATA,INSUFFICIENT_DATA,INSUFFICIENT_DATA,,insufficient_evidence,INSUFFICIENT,0,False
839,2,2,2026-08-15T20:04:00+00:00,2026-08-16T20:40:00+00:00,1.025,22.80027,86.09014,22.799,86.09106,0.17,0.166,146.26,SE,LOW,STATIONARY,,stationary,INSUFFICIENT,0,False
840,2,1,2026-08-15T20:04:00+00:00,2026-08-15T20:04:00+00:00,0.0,23.6752,86.10625,23.6752,86.10625,0.0,0.0,0.0,INSUFFICIENT_DATA,INSUFFICIENT_DATA,INSUFFICIENT_DATA,,insufficient_evidence,INSUFFICIENT,0,False
841,1,1,2026-08-15T20:04:00+00:00,2026-08-15T20:04:00+00:00,0.0,23.7725,86.36485,23.7725,86.36485,0.0,0.0,0.0,INSUFFICIENT_DATA,INSUFFICIENT_DATA,INSUFFICIENT_DATA,,insufficient_evidence,INSUFFICIENT,0,False
842,2,2,2026-08-15T20:04:00+00:00,2026-08-16T19:45:00+00:00,0.987,23.77284,86.19653,23.77124,86.19823,0.248,0.251,135.8,SE,LOW,STATIONARY,,stationary,INSUFFICIENT,0,False
843,1,1,2026-08-15T20:04:00+00:00,2026-08-15T20:04:00+00:00,0.0,23.78329,86.34228,23.78329,86.34228,0.0,0.0,0.0,INSUFFICIENT_DATA,INSUFFICIENT_DATA,INSUFFICIENT_DATA,,insufficient_evidence,INSUFFICIENT,0,False
844,1,1,2026-08-15T20:06:00+00:00,2026-08-15T20:06:00+00:00,0.0,12.28897,78.93392,12.28897,78.93392,0.0,0.0,0.0,INSUFFICIENT_DATA,INSUFFICIENT_DATA,INSUFFICIENT_DATA,,insufficient_evidence,INSUFFICIENT,0,False
845,1,1,2026-08-15T20:06:00+00:00,2026-08-15T20:06:00+00:00,0.0,12.8923,79.8503,12.8923,79.8503,0.0,0.0,0.0,INSUFFICIENT_DATA,INSUFFICIENT_DATA,INSUFFICIENT_DATA,,insufficient_evidence,INSUFFICIENT,0,False
846,1,1,2026-08-15T20:06:00+00:00,2026-08-15T20:06:00+00:00,0.0,13.60485,76.79096,13.60485,76.79096,0.0,0.0,0.0,INSUFFICIENT_DATA,INSUFFICIENT_DATA,INSUFFICIENT_DATA,,insufficient_evidence,INSUFFICIENT,0,False
847,2,2,2026-08-15T20:06:00+00:00,2026-08-17T20:23:00+00:00,2.012,15.02366,78.01456,15.024,78.01602,0.161,0.08,76.44,E,LOW,STATIONARY,,stationary,INSUFFICIENT,0,False
848,2,1,2026-08-15T20:06:00+00:00,2026-08-15T20:06:00+00:00,0.0,18.68279,73.03055,18.68279,73.03055,0.0,0.0,0.0,INSUFFICIENT_DATA,INSUFFICIENT_DATA,INSUFFICIENT_DATA,,insufficient_evidence,INSUFFICIENT,0,False
849,2,1,2026-08-15T20:06:00+00:00,2026-08-15T20:59:00+00:00,0.037,18.68498,73.04137,18.68498,73.04137,0.0,0.0,0.0,INSUFFICIENT_DATA,INSUFFICIENT_DATA,INSUFFICIENT_DATA,,insufficient_evidence,INSUFFICIENT,0,False
850,1,1,2026-08-15T20:08:00+00:00,2026-08-15T20:08:00+00:00,0.0,8.84948,78.13552,8.84948,78.13552,0.0,0.0,0.0,INSUFFICIENT_DATA,INSUFFICIENT_DATA,INSUFFICIENT_DATA,,insufficient_evidence,INSUFFICIENT,0,False
851,1,1,2026-08-15T20:08:00+00:00,2026-08-15T20:08:00+00:00,0.0,9.33689,78.60879,9.33689,78.60879,0.0,0.0,0.0,INSUFFICIENT_DATA,INSUFFICIENT_DATA,INSUFFICIENT_DATA,,insufficient_evidence,INSUFFICIENT,0,False
852,2,1,2026-08-15T20:08:00+00:00,2026-08-15T21:01:00+00:00,0.037,9.99287,77.40042,9.99287,77.40042,0.0,0.0,0.0,INSUFFICIENT_DATA,INSUFFICIENT_DATA,INSUFFICIENT_DATA,,insufficient_evidence,INSUFFICIENT,0,False
853,1,1,2026-08-15T20:08:00+00:00,2026-08-15T20:08:00+00:00,0.0,10.62463,79.11826,10.62463,79.11826,0.0,0.0,0.0,INSUFFICIENT_DATA,INSUFFICIENT_DATA,INSUFFICIENT_DATA,,insufficient_evidence,INSUFFICIENT,0,False
854,1,1,2026-08-15T20:08:00+00:00,2026-08-15T20:08:00+00:00,0.0,11.85533,79.07175,11.85533,79.07175,0.0,0.0,0.0,INSUFFICIENT_DATA,INSUFFICIENT_DATA,INSUFFICIENT_DATA,,insufficient_evidence,INSUFFICIENT,0,False
855,2,2,2026-08-15T20:57:00+00:00,2026-08-16T20:40:00+00:00,0.988,26.60431,73.68452,26.60652,73.68246,0.32,0.324,320.19,NW,LOW,STATIONARY,,stationary,INSUFFICIENT,0,False
856,11,9,2026-08-15T20:57:00+00:00,2026-08-29T20:40:00+00:00,13.988,26.87656,73.51586,26.87638,73.51472,0.114,0.008,259.92,W,LOW,STATIONARY,,stationary,INSUFFICIENT,0,False
857,8,6,2026-08-15T20:57:00+00:00,2026-08-26T20:51:00+00:00,10.996,29.4775,76.85964,29.47616,76.85736,0.266,0.024,235.98,SW,LOW,STATIONARY,,stationary,INSUFFICIENT,0,False
858,95,15,2026-08-15T20:59:00+00:00,2026-08-30T08:50:00+00:00,14.494,21.10713,72.64651,21.10346,72.64022,0.77,0.053,238.02,SW,LOW,MOVING,,erratic,PRELIMINARY,14,False
859,1,1,2026-08-15T20:59:00+00:00,2026-08-15T20:59:00+00:00,0.0,23.69072,68.83242,23.69072,68.83242,0.0,0.0,0.0,INSUFFICIENT_DATA,INSUFFICIENT_DATA,INSUFFICIENT_DATA,,insufficient_evidence,INSUFFICIENT,0,False
860,1,1,2026-08-15T21:01:00+00:00,2026-08-15T21:01:00+00:00,0.0,11.21631,77.89581,11.21631,77.89581,0.0,0.0,0.0,INSUFFICIENT_DATA,INSUFFICIENT_DATA,INSUFFICIENT_DATA,,insufficient_evidence,INSUFFICIENT,0,False
861,2,1,2026-08-15T21:01:00+00:00,2026-08-15T21:01:00+00:00,0.0,11.83708,78.92853,11.83708,78.92853,0.0,0.0,0.0,INSUFFICIENT_DATA,INSUFFICIENT_DATA,INSUFFICIENT_DATA,,insufficient_evidence,INSUFFICIENT,0,False
862,2,2,2026-08-15T21:01:00+00:00,2026-08-17T19:28:00+00:00,1.935,13.16184,80.28695,13.16142,80.28265,0.468,0.242,264.27,W,LOW,STATIONARY,,stationary,INSUFFICIENT,0,False
863,2,1,2026-08-15T21:01:00+00:00,2026-08-15T21:01:00+00:00,0.0,14.72891,79.64713,14.72891,79.64713,0.0,0.0,0.0,INSUFFICIENT_DATA,INSUFFICIENT_DATA,INSUFFICIENT_DATA,,insufficient_evidence,INSUFFICIENT,0,False
864,2,1,2026-08-16T07:14:00+00:00,2026-08-16T08:09:00+00:00,0.038,12.04052,79.50128,12.04052,79.50128,0.0,0.0,0.0,INSUFFICIENT_DATA,INSUFFICIENT_DATA,INSUFFICIENT_DATA,,insufficient_evidence,INSUFFICIENT,0,False
865,1,1,2026-08-16T07:14:00+00:00,2026-08-16T07:14:00+00:00,0.0,12.54379,79.81878,12.54379,79.81878,0.0,0.0,0.0,INSUFFICIENT_DATA,INSUFFICIENT_DATA,INSUFFICIENT_DATA,,insufficient_evidence,INSUFFICIENT,0,False
866,2,1,2026-08-16T07:20:00+00:00,2026-08-16T08:13:00+00:00,0.037,30.65514,74.16034,30.65514,74.16034,0.0,0.0,0.0,INSUFFICIENT_DATA,INSUFFICIENT_DATA,INSUFFICIENT_DATA,,insufficient_evidence,INSUFFICIENT,0,False
867,1,1,2026-08-16T08:07:00+00:00,2026-08-16T08:07:00+00:00,0.0,9.08676,77.46812,9.08676,77.46812,0.0,0.0,0.0,INSUFFICIENT_DATA,INSUFFICIENT_DATA,INSUFFICIENT_DATA,,insufficient_evidence,INSUFFICIENT,0,False
868,1,1,2026-08-16T08:07:00+00:00,2026-08-16T08:07:00+00:00,0.0,9.76485,77.82865,9.76485,77.82865,0.0,0.0,0.0,INSUFFICIENT_DATA,INSUFFICIENT_DATA,INSUFFICIENT_DATA,,insufficient_evidence,INSUFFICIENT,0,False
869,1,1,2026-08-16T08:07:00+00:00,2026-08-16T08:07:00+00:00,0.0,10.41348,78.82151,10.41348,78.82151,0.0,0.0,0.0,INSUFFICIENT_DATA,INSUFFICIENT_DATA,INSUFFICIENT_DATA,,insufficient_evidence,INSUFFICIENT,0,False
870,1,1,2026-08-16T08:07:00+00:00,2026-08-16T08:07:00+00:00,0.0,10.4347,77.16103,10.4347,77.16103,0.0,0.0,0.0,INSUFFICIENT_DATA,INSUFFICIENT_DATA,INSUFFICIENT_DATA,,insufficient_evidence,INSUFFICIENT,0,False
871,2,1,2026-08-16T08:07:00+00:00,2026-08-16T08:07:00+00:00,0.0,10.50296,79.36794,10.50296,79.36794,0.0,0.0,0.0,INSUFFICIENT_DATA,INSUFFICIENT_DATA,INSUFFICIENT_DATA,,insufficient_evidence,INSUFFICIENT,0,False
872,1,1,2026-08-16T08:07:00+00:00,2026-08-16T08:07:00+00:00,0.0,10.57658,79.36148,10.57658,79.36148,0.0,0.0,0.0,INSUFFICIENT_DATA,INSUFFICIENT_DATA,INSUFFICIENT_DATA,,insufficient_evidence,INSUFFICIENT,0,False
873,1,1,2026-08-16T08:07:00+00:00,2026-08-16T08:07:00+00:00,0.0,10.74422,79.59622,10.74422,79.59622,0.0,0.0,0.0,INSUFFICIENT_DATA,INSUFFICIENT_DATA,INSUFFICIENT_DATA,,insufficient_evidence,INSUFFICIENT,0,False
874,1,1,2026-08-16T08:07:00+00:00,2026-08-16T08:07:00+00:00,0.0,10.95592,78.34754,10.95592,78.34754,0.0,0.0,0.0,INSUFFICIENT_DATA,INSUFFICIENT_DATA,INSUFFICIENT_DATA,,insufficient_evidence,INSUFFICIENT,0,False
875,1,1,2026-08-16T08:07:00+00:00,2026-08-16T08:07:00+00:00,0.0,11.03142,76.76571,11.03142,76.76571,0.0,0.0,0.0,INSUFFICIENT_DATA,INSUFFICIENT_DATA,INSUFFICIENT_DATA,,insufficient_evidence,INSUFFICIENT,0,False
876,1,1,2026-08-16T08:07:00+00:00,2026-08-16T08:07:00+00:00,0.0,11.1945,79.81895,11.1945,79.81895,0.0,0.0,0.0,INSUFFICIENT_DATA,INSUFFICIENT_DATA,INSUFFICIENT_DATA,,insufficient_evidence,INSUFFICIENT,0,False
877,1,1,2026-08-16T08:07:00+00:00,2026-08-16T08:07:00+00:00,0.0,11.24804,78.79435,11.24804,78.79435,0.0,0.0,0.0,INSUFFICIENT_DATA,INSUFFICIENT_DATA,INSUFFICIENT_DATA,,insufficient_evidence,INSUFFICIENT,0,False
878,1,1,2026-08-16T08:07:00+00:00,2026-08-16T08:07:00+00:00,0.0,11.40161,79.70566,11.40161,79.70566,0.0,0.0,0.0,INSUFFICIENT_DATA,INSUFFICIENT_DATA,INSUFFICIENT_DATA,,insufficient_evidence,INSUFFICIENT,0,False
879,1,1,2026-08-16T08:07:00+00:00,2026-08-16T08:07:00+00:00,0.0,11.45258,79.22929,11.45258,79.22929,0.0,0.0,0.0,INSUFFICIENT_DATA,INSUFFICIENT_DATA,INSUFFICIENT_DATA,,insufficient_evidence,INSUFFICIENT,0,False
880,1,1,2026-08-16T08:07:00+00:00,2026-08-16T08:07:00+00:00,0.0,11.46894,79.36105,11.46894,79.36105,0.0,0.0,0.0,INSUFFICIENT_DATA,INSUFFICIENT_DATA,INSUFFICIENT_DATA,,insufficient_evidence,INSUFFICIENT,0,False
881,1,1,2026-08-16T08:09:00+00:00,2026-08-16T08:09:00+00:00,0.0,11.74016,79.31474,11.74016,79.31474,0.0,0.0,0.0,INSUFFICIENT_DATA,INSUFFICIENT_DATA,INSUFFICIENT_DATA,,insufficient_evidence,INSUFFICIENT,0,False
882,1,1,2026-08-16T08:09:00+00:00,2026-08-16T08:09:00+00:00,0.0,11.76464,79.29637,11.76464,79.29637,0.0,0.0,0.0,INSUFFICIENT_DATA,INSUFFICIENT_DATA,INSUFFICIENT_DATA,,insufficient_evidence,INSUFFICIENT,0,False
883,1,1,2026-08-16T08:09:00+00:00,2026-08-16T08:09:00+00:00,0.0,11.94815,79.04884,11.94815,79.04884,0.0,0.0,0.0,INSUFFICIENT_DATA,INSUFFICIENT_DATA,INSUFFICIENT_DATA,,insufficient_evidence,INSUFFICIENT,0,False
884,1,1,2026-08-16T08:09:00+00:00,2026-08-16T08:09:00+00:00,0.0,12.06248,79.60943,12.06248,79.60943,0.0,0.0,0.0,INSUFFICIENT_DATA,INSUFFICIENT_DATA,INSUFFICIENT_DATA,,insufficient_evidence,INSUFFICIENT,0,False
885,2,1,2026-08-16T08:09:00+00:00,2026-08-16T08:09:00+00:00,0.0,12.21729,79.85247,12.21729,79.85247,0.0,0.0,0.0,INSUFFICIENT_DATA,INSUFFICIENT_DATA,INSUFFICIENT_DATA,,insufficient_evidence,INSUFFICIENT,0,False
886,1,1,2026-08-16T08:09:00+00:00,2026-08-16T08:09:00+00:00,0.0,12.23862,79.08592,12.23862,79.08592,0.0,0.0,0.0,INSUFFICIENT_DATA,INSUFFICIENT_DATA,INSUFFICIENT_DATA,,insufficient_evidence,INSUFFICIENT,0,False
887,1,1,2026-08-16T08:09:00+00:00,2026-08-16T08:09:00+00:00,0.0,12.39126,80.05555,12.39126,80.05555,0.0,0.0,0.0,INSUFFICIENT_DATA,INSUFFICIENT_DATA,INSUFFICIENT_DATA,,insufficient_evidence,INSUFFICIENT,0,False
888,1,1,2026-08-16T08:09:00+00:00,2026-08-16T08:09:00+00:00,0.0,12.55336,80.08884,12.55336,80.08884,0.0,0.0,0.0,INSUFFICIENT_DATA,INSUFFICIENT_DATA,INSUFFICIENT_DATA,,insufficient_evidence,INSUFFICIENT,0,False
889,1,1,2026-08-16T08:09:00+00:00,2026-08-16T08:09:00+00:00,0.0,12.61728,80.07069,12.61728,80.07069,0.0,0.0,0.0,INSUFFICIENT_DATA,INSUFFICIENT_DATA,INSUFFICIENT_DATA,,insufficient_evidence,INSUFFICIENT,0,False
890,1,1,2026-08-16T08:09:00+00:00,2026-08-16T08:09:00+00:00,0.0,13.70646,78.71186,13.70646,78.71186,0.0,0.0,0.0,INSUFFICIENT_DATA,INSUFFICIENT_DATA,INSUFFICIENT_DATA,,insufficient_evidence,INSUFFICIENT,0,False
891,1,1,2026-08-16T08:09:00+00:00,2026-08-16T08:09:00+00:00,0.0,14.64559,79.26608,14.64559,79.26608,0.0,0.0,0.0,INSUFFICIENT_DATA,INSUFFICIENT_DATA,INSUFFICIENT_DATA,,insufficient_evidence,INSUFFICIENT,0,False
892,1,1,2026-08-16T08:09:00+00:00,2026-08-16T08:09:00+00:00,0.0,14.66595,79.14565,14.66595,79.14565,0.0,0.0,0.0,INSUFFICIENT_DATA,INSUFFICIENT_DATA,INSUFFICIENT_DATA,,insufficient_evidence,INSUFFICIENT,0,False
893,1,1,2026-08-16T08:09:00+00:00,2026-08-16T08:09:00+00:00,0.0,14.94035,79.35041,14.94035,79.35041,0.0,0.0,0.0,INSUFFICIENT_DATA,INSUFFICIENT_DATA,INSUFFICIENT_DATA,,insufficient_evidence,INSUFFICIENT,0,False
894,1,1,2026-08-16T08:09:00+00:00,2026-08-16T08:09:00+00:00,0.0,15.07026,79.59407,15.07026,79.59407,0.0,0.0,0.0,INSUFFICIENT_DATA,INSUFFICIENT_DATA,INSUFFICIENT_DATA,,insufficient_evidence,INSUFFICIENT,0,False
895,1,1,2026-08-16T08:09:00+00:00,2026-08-16T08:09:00+00:00,0.0,17.15829,78.70078,17.15829,78.70078,0.0,0.0,0.0,INSUFFICIENT_DATA,INSUFFICIENT_DATA,INSUFFICIENT_DATA,,insufficient_evidence,INSUFFICIENT,0,False
896,39,12,2026-08-16T08:11:00+00:00,2026-08-29T19:55:00+00:00,13.489,22.37585,87.28014,22.37691,87.27876,0.184,0.014,309.72,NW,LOW,STATIONARY,,stationary,INSUFFICIENT,0,False
897,1,1,2026-08-16T08:13:00+00:00,2026-08-16T08:13:00+00:00,0.0,30.80121,75.47137,30.80121,75.47137,0.0,0.0,0.0,INSUFFICIENT_DATA,INSUFFICIENT_DATA,INSUFFICIENT_DATA,,insufficient_evidence,INSUFFICIENT,0,False
898,2,1,2026-08-16T08:13:00+00:00,2026-08-16T08:13:00+00:00,0.0,31.13638,74.91396,31.13638,74.91396,0.0,0.0,0.0,INSUFFICIENT_DATA,INSUFFICIENT_DATA,INSUFFICIENT_DATA,,insufficient_evidence,INSUFFICIENT,0,False
899,1,1,2026-08-16T08:13:00+00:00,2026-08-16T08:13:00+00:00,0.0,31.14149,74.88973,31.14149,74.88973,0.0,0.0,0.0,INSUFFICIENT_DATA,INSUFFICIENT_DATA,INSUFFICIENT_DATA,,insufficient_evidence,INSUFFICIENT,0,False
900,1,1,2026-08-16T08:13:00+00:00,2026-08-16T08:13:00+00:00,0.0,31.68795,75.85299,31.68795,75.85299,0.0,0.0,0.0,INSUFFICIENT_DATA,INSUFFICIENT_DATA,INSUFFICIENT_DATA,,insufficient_evidence,INSUFFICIENT,0,False
901,1,1,2026-08-16T08:54:00+00:00,2026-08-16T08:54:00+00:00,0.0,9.8602,78.09454,9.8602,78.09454,0.0,0.0,0.0,INSUFFICIENT_DATA,INSUFFICIENT_DATA,INSUFFICIENT_DATA,,insufficient_evidence,INSUFFICIENT,0,False
902,4,2,2026-08-16T08:54:00+00:00,2026-08-18T08:16:00+00:00,1.974,10.7811,78.65489,10.77677,78.64726,0.962,0.487,240.0,SW,LOW,MOVING,SW,directional,PRELIMINARY,33,True
903,1,1,2026-08-16T08:54:00+00:00,2026-08-16T08:54:00+00:00,0.0,10.98471,77.71185,10.98471,77.71185,0.0,0.0,0.0,INSUFFICIENT_DATA,INSUFFICIENT_DATA,INSUFFICIENT_DATA,,insufficient_evidence,INSUFFICIENT,0,False
904,3,1,2026-08-16T08:54:00+00:00,2026-08-16T08:54:00+00:00,0.0,11.81796,78.73866,11.81796,78.73866,0.0,0.0,0.0,INSUFFICIENT_DATA,INSUFFICIENT_DATA,INSUFFICIENT_DATA,,insufficient_evidence,INSUFFICIENT,0,False
905,1,1,2026-08-16T08:56:00+00:00,2026-08-16T08:56:00+00:00,0.0,15.34949,76.66209,15.34949,76.66209,0.0,0.0,0.0,INSUFFICIENT_DATA,INSUFFICIENT_DATA,INSUFFICIENT_DATA,,insufficient_evidence,INSUFFICIENT,0,False
906,1,1,2026-08-16T08:58:00+00:00,2026-08-16T08:58:00+00:00,0.0,26.66642,72.53803,26.66642,72.53803,0.0,0.0,0.0,INSUFFICIENT_DATA,INSUFFICIENT_DATA,INSUFFICIENT_DATA,,insufficient_evidence,INSUFFICIENT,0,False
907,1,1,2026-08-16T08:58:00+00:00,2026-08-16T08:58:00+00:00,0.0,27.32211,71.15809,27.32211,71.15809,0.0,0.0,0.0,INSUFFICIENT_DATA,INSUFFICIENT_DATA,INSUFFICIENT_DATA,,insufficient_evidence,INSUFFICIENT,0,False
908,1,1,2026-08-16T18:58:00+00:00,2026-08-16T18:58:00+00:00,0.0,27.37898,95.33293,27.37898,95.33293,0.0,0.0,0.0,INSUFFICIENT_DATA,INSUFFICIENT_DATA,INSUFFICIENT_DATA,,insufficient_evidence,INSUFFICIENT,0,False
909,4,2,2026-08-16T18:58:00+00:00,2026-08-18T20:00:00+00:00,2.043,27.6074,95.40094,27.60486,95.40223,0.309,0.151,155.64,SE,LOW,STATIONARY,,stationary,INSUFFICIENT,0,False
910,2,2,2026-08-16T19:45:00+00:00,2026-08-19T20:27:00+00:00,3.029,22.943,85.96716,22.94316,85.96852,0.14,0.046,82.72,E,LOW,STATIONARY,,stationary,INSUFFICIENT,0,False
911,4,3,2026-08-16T19:45:00+00:00,2026-08-22T19:32:00+00:00,5.991,23.61046,85.67487,23.60728,85.67543,0.358,0.06,170.83,S,LOW,STATIONARY,,stationary,INSUFFICIENT,0,False
912,1,1,2026-08-16T19:45:00+00:00,2026-08-16T19:45:00+00:00,0.0,23.63182,86.29402,23.63182,86.29402,0.0,0.0,0.0,INSUFFICIENT_DATA,INSUFFICIENT_DATA,INSUFFICIENT_DATA,,insufficient_evidence,INSUFFICIENT,0,False
913,1,1,2026-08-16T19:45:00+00:00,2026-08-16T19:45:00+00:00,0.0,23.69549,85.36719,23.69549,85.36719,0.0,0.0,0.0,INSUFFICIENT_DATA,INSUFFICIENT_DATA,INSUFFICIENT_DATA,,insufficient_evidence,INSUFFICIENT,0,False
914,1,1,2026-08-16T19:45:00+00:00,2026-08-16T19:45:00+00:00,0.0,23.71972,85.00926,23.71972,85.00926,0.0,0.0,0.0,INSUFFICIENT_DATA,INSUFFICIENT_DATA,INSUFFICIENT_DATA,,insufficient_evidence,INSUFFICIENT,0,False
915,1,1,2026-08-16T19:45:00+00:00,2026-08-16T19:45:00+00:00,0.0,23.74472,85.50453,23.74472,85.50453,0.0,0.0,0.0,INSUFFICIENT_DATA,INSUFFICIENT_DATA,INSUFFICIENT_DATA,,insufficient_evidence,INSUFFICIENT,0,False
916,3,1,2026-08-16T19:45:00+00:00,2026-08-16T20:40:00+00:00,0.038,23.75551,85.85402,23.75551,85.85402,0.0,0.0,0.0,INSUFFICIENT_DATA,INSUFFICIENT_DATA,INSUFFICIENT_DATA,,insufficient_evidence,INSUFFICIENT,0,False
917,1,1,2026-08-16T19:45:00+00:00,2026-08-16T19:45:00+00:00,0.0,23.77694,85.99603,23.77694,85.99603,0.0,0.0,0.0,INSUFFICIENT_DATA,INSUFFICIENT_DATA,INSUFFICIENT_DATA,,insufficient_evidence,INSUFFICIENT,0,False
918,4,3,2026-08-16T19:45:00+00:00,2026-08-20T20:10:00+00:00,4.017,23.7803,85.5705,23.77931,85.57391,0.364,0.091,107.68,E,LOW,STATIONARY,,stationary,INSUFFICIENT,0,False
919,1,1,2026-08-16T19:45:00+00:00,2026-08-16T19:45:00+00:00,0.0,23.78436,87.08208,23.78436,87.08208,0.0,0.0,0.0,INSUFFICIENT_DATA,INSUFFICIENT_DATA,INSUFFICIENT_DATA,,insufficient_evidence,INSUFFICIENT,0,False
920,2,1,2026-08-16T19:45:00+00:00,2026-08-16T20:40:00+00:00,0.038,23.78671,85.55169,23.78671,85.55169,0.0,0.0,0.0,INSUFFICIENT_DATA,INSUFFICIENT_DATA,INSUFFICIENT_DATA,,insufficient_evidence,INSUFFICIENT,0,False
921,12,4,2026-08-16T19:45:00+00:00,2026-08-22T19:32:00+00:00,5.991,23.82362,84.5741,23.82208,84.5723,0.251,0.042,226.82,SW,LOW,STATIONARY,,stationary,INSUFFICIENT,0,False
922,1,1,2026-08-16T19:45:00+00:00,2026-08-16T19:45:00+00:00,0.0,25.03663,87.39027,25.03663,87.39027,0.0,0.0,0.0,INSUFFICIENT_DATA,INSUFFICIENT_DATA,INSUFFICIENT_DATA,,insufficient_evidence,INSUFFICIENT,0,False
923,2,1,2026-08-16T19:47:00+00:00,2026-08-16T19:47:00+00:00,0.0,17.60724,83.20348,17.60724,83.20348,0.0,0.0,0.0,INSUFFICIENT_DATA,INSUFFICIENT_DATA,INSUFFICIENT_DATA,,insufficient_evidence,INSUFFICIENT,0,False
924,2,1,2026-08-16T19:49:00+00:00,2026-08-16T19:49:00+00:00,0.0,9.11272,78.39228,9.11272,78.39228,0.0,0.0,0.0,INSUFFICIENT_DATA,INSUFFICIENT_DATA,INSUFFICIENT_DATA,,insufficient_evidence,INSUFFICIENT,0,False
925,1,1,2026-08-16T20:38:00+00:00,2026-08-16T20:38:00+00:00,0.0,28.74395,76.92806,28.74395,76.92806,0.0,0.0,0.0,INSUFFICIENT_DATA,INSUFFICIENT_DATA,INSUFFICIENT_DATA,,insufficient_evidence,INSUFFICIENT,0,False
926,1,1,2026-08-16T20:38:00+00:00,2026-08-16T20:38:00+00:00,0.0,29.97257,77.51968,29.97257,77.51968,0.0,0.0,0.0,INSUFFICIENT_DATA,INSUFFICIENT_DATA,INSUFFICIENT_DATA,,insufficient_evidence,INSUFFICIENT,0,False
927,2,1,2026-08-16T20:38:00+00:00,2026-08-16T21:25:00+00:00,0.033,30.31688,74.10923,30.31688,74.10923,0.0,0.0,0.0,INSUFFICIENT_DATA,INSUFFICIENT_DATA,INSUFFICIENT_DATA,,insufficient_evidence,INSUFFICIENT,0,False
928,1,1,2026-08-16T20:40:00+00:00,2026-08-16T20:40:00+00:00,0.0,27.02486,77.7508,27.02486,77.7508,0.0,0.0,0.0,INSUFFICIENT_DATA,INSUFFICIENT_DATA,INSUFFICIENT_DATA,,insufficient_evidence,INSUFFICIENT,0,False
929,3,3,2026-08-16T20:40:00+00:00,2026-08-21T20:46:00+00:00,5.004,27.79236,75.33102,27.79147,75.33251,0.177,0.035,124.03,SE,LOW,STATIONARY,,stationary,INSUFFICIENT,0,False
930,6,4,2026-08-16T20:42:00+00:00,2026-08-21T19:53:00+00:00,4.966,15.17104,76.3823,15.168,76.37878,0.507,0.102,228.18,SW,LOW,MOVING,SW,directional,MODERATE,69,True
931,1,1,2026-08-16T20:42:00+00:00,2026-08-16T20:42:00+00:00,0.0,15.22637,76.76265,15.22637,76.76265,0.0,0.0,0.0,INSUFFICIENT_DATA,INSUFFICIENT_DATA,INSUFFICIENT_DATA,,insufficient_evidence,INSUFFICIENT,0,False
932,1,1,2026-08-16T20:42:00+00:00,2026-08-16T20:42:00+00:00,0.0,16.14073,78.94716,16.14073,78.94716,0.0,0.0,0.0,INSUFFICIENT_DATA,INSUFFICIENT_DATA,INSUFFICIENT_DATA,,insufficient_evidence,INSUFFICIENT,0,False
933,1,1,2026-08-16T20:42:00+00:00,2026-08-16T20:42:00+00:00,0.0,16.6478,74.31516,16.6478,74.31516,0.0,0.0,0.0,INSUFFICIENT_DATA,INSUFFICIENT_DATA,INSUFFICIENT_DATA,,insufficient_evidence,INSUFFICIENT,0,False
934,1,1,2026-08-16T20:44:00+00:00,2026-08-16T20:44:00+00:00,0.0,10.92371,77.04568,10.92371,77.04568,0.0,0.0,0.0,INSUFFICIENT_DATA,INSUFFICIENT_DATA,INSUFFICIENT_DATA,,insufficient_evidence,INSUFFICIENT,0,False
935,1,1,2026-08-16T20:44:00+00:00,2026-08-16T20:44:00+00:00,0.0,11.10944,77.769,11.10944,77.769,0.0,0.0,0.0,INSUFFICIENT_DATA,INSUFFICIENT_DATA,INSUFFICIENT_DATA,,insufficient_evidence,INSUFFICIENT,0,False
936,1,1,2026-08-16T20:44:00+00:00,2026-08-16T20:44:00+00:00,0.0,12.14472,77.20074,12.14472,77.20074,0.0,0.0,0.0,INSUFFICIENT_DATA,INSUFFICIENT_DATA,INSUFFICIENT_DATA,,insufficient_evidence,INSUFFICIENT,0,False
937,1,1,2026-08-16T21:23:00+00:00,2026-08-16T21:23:00+00:00,0.0,27.08006,73.81753,27.08006,73.81753,0.0,0.0,0.0,INSUFFICIENT_DATA,INSUFFICIENT_DATA,INSUFFICIENT_DATA,,insufficient_evidence,INSUFFICIENT,0,False
938,1,1,2026-08-17T07:50:00+00:00,2026-08-17T07:50:00+00:00,0.0,8.77448,77.48844,8.77448,77.48844,0.0,0.0,0.0,INSUFFICIENT_DATA,INSUFFICIENT_DATA,INSUFFICIENT_DATA,,insufficient_evidence,INSUFFICIENT,0,False
939,1,1,2026-08-17T07:50:00+00:00,2026-08-17T07:50:00+00:00,0.0,9.28788,78.06084,9.28788,78.06084,0.0,0.0,0.0,INSUFFICIENT_DATA,INSUFFICIENT_DATA,INSUFFICIENT_DATA,,insufficient_evidence,INSUFFICIENT,0,False
940,1,1,2026-08-17T07:50:00+00:00,2026-08-17T07:50:00+00:00,0.0,9.4059,78.81127,9.4059,78.81127,0.0,0.0,0.0,INSUFFICIENT_DATA,INSUFFICIENT_DATA,INSUFFICIENT_DATA,,insufficient_evidence,INSUFFICIENT,0,False
941,1,1,2026-08-17T07:50:00+00:00,2026-08-17T07:50:00+00:00,0.0,9.42815,77.81285,9.42815,77.81285,0.0,0.0,0.0,INSUFFICIENT_DATA,INSUFFICIENT_DATA,INSUFFICIENT_DATA,,insufficient_evidence,INSUFFICIENT,0,False
942,1,1,2026-08-17T07:50:00+00:00,2026-08-17T07:50:00+00:00,0.0,9.48396,78.08734,9.48396,78.08734,0.0,0.0,0.0,INSUFFICIENT_DATA,INSUFFICIENT_DATA,INSUFFICIENT_DATA,,insufficient_evidence,INSUFFICIENT,0,False
943,1,1,2026-08-17T07:50:00+00:00,2026-08-17T07:50:00+00:00,0.0,9.49715,77.61008,9.49715,77.61008,0.0,0.0,0.0,INSUFFICIENT_DATA,INSUFFICIENT_DATA,INSUFFICIENT_DATA,,insufficient_evidence,INSUFFICIENT,0,False
944,1,1,2026-08-17T07:50:00+00:00,2026-08-17T07:50:00+00:00,0.0,9.7597,78.59876,9.7597,78.59876,0.0,0.0,0.0,INSUFFICIENT_DATA,INSUFFICIENT_DATA,INSUFFICIENT_DATA,,insufficient_evidence,INSUFFICIENT,0,False
945,1,1,2026-08-17T07:50:00+00:00,2026-08-17T07:50:00+00:00,0.0,9.88949,77.86798,9.88949,77.86798,0.0,0.0,0.0,INSUFFICIENT_DATA,INSUFFICIENT_DATA,INSUFFICIENT_DATA,,insufficient_evidence,INSUFFICIENT,0,False
946,1,1,2026-08-17T07:50:00+00:00,2026-08-17T07:50:00+00:00,0.0,10.08603,77.82216,10.08603,77.82216,0.0,0.0,0.0,INSUFFICIENT_DATA,INSUFFICIENT_DATA,INSUFFICIENT_DATA,,insufficient_evidence,INSUFFICIENT,0,False
947,1,1,2026-08-17T07:50:00+00:00,2026-08-17T07:50:00+00:00,0.0,10.77951,79.40924,10.77951,79.40924,0.0,0.0,0.0,INSUFFICIENT_DATA,INSUFFICIENT_DATA,INSUFFICIENT_DATA,,insufficient_evidence,INSUFFICIENT,0,False
948,1,1,2026-08-17T07:52:00+00:00,2026-08-17T07:52:00+00:00,0.0,15.5401,76.73624,15.5401,76.73624,0.0,0.0,0.0,INSUFFICIENT_DATA,INSUFFICIENT_DATA,INSUFFICIENT_DATA,,insufficient_evidence,INSUFFICIENT,0,False
949,1,1,2026-08-17T08:35:00+00:00,2026-08-17T08:35:00+00:00,0.0,9.24176,77.44679,9.24176,77.44679,0.0,0.0,0.0,INSUFFICIENT_DATA,INSUFFICIENT_DATA,INSUFFICIENT_DATA,,insufficient_evidence,INSUFFICIENT,0,False
950,1,1,2026-08-17T08:35:00+00:00,2026-08-17T08:35:00+00:00,0.0,10.03546,78.13702,10.03546,78.13702,0.0,0.0,0.0,INSUFFICIENT_DATA,INSUFFICIENT_DATA,INSUFFICIENT_DATA,,insufficient_evidence,INSUFFICIENT,0,False
951,3,2,2026-08-17T08:35:00+00:00,2026-08-18T08:18:00+00:00,0.988,13.80051,76.19548,13.80109,76.19495,0.087,0.088,318.15,NW,LOW,STATIONARY,,stationary,INSUFFICIENT,0,False
952,1,1,2026-08-17T08:35:00+00:00,2026-08-17T08:35:00+00:00,0.0,13.83939,79.28998,13.83939,79.28998,0.0,0.0,0.0,INSUFFICIENT_DATA,INSUFFICIENT_DATA,INSUFFICIENT_DATA,,insufficient_evidence,INSUFFICIENT,0,False
953,1,1,2026-08-17T08:37:00+00:00,2026-08-17T08:37:00+00:00,0.0,22.92817,70.10563,22.92817,70.10563,0.0,0.0,0.0,INSUFFICIENT_DATA,INSUFFICIENT_DATA,INSUFFICIENT_DATA,,insufficient_evidence,INSUFFICIENT,0,False
954,1,1,2026-08-17T19:23:00+00:00,2026-08-17T19:23:00+00:00,0.0,27.031,94.89075,27.031,94.89075,0.0,0.0,0.0,INSUFFICIENT_DATA,INSUFFICIENT_DATA,INSUFFICIENT_DATA,,insufficient_evidence,INSUFFICIENT,0,False
955,4,1,2026-08-17T19:30:00+00:00,2026-08-17T20:25:00+00:00,0.038,10.36002,77.14763,10.36002,77.14763,0.0,0.0,0.0,INSUFFICIENT_DATA,INSUFFICIENT_DATA,INSUFFICIENT_DATA,,insufficient_evidence,INSUFFICIENT,0,False
956,1,1,2026-08-17T20:21:00+00:00,2026-08-17T20:21:00+00:00,0.0,19.92939,79.12095,19.92939,79.12095,0.0,0.0,0.0,INSUFFICIENT_DATA,INSUFFICIENT_DATA,INSUFFICIENT_DATA,,insufficient_evidence,INSUFFICIENT,0,False
957,1,1,2026-08-17T20:23:00+00:00,2026-08-17T20:23:00+00:00,0.0,10.65612,78.70348,10.65612,78.70348,0.0,0.0,0.0,INSUFFICIENT_DATA,INSUFFICIENT_DATA,INSUFFICIENT_DATA,,insufficient_evidence,INSUFFICIENT,0,False
958,1,1,2026-08-17T20:23:00+00:00,2026-08-17T20:23:00+00:00,0.0,10.91836,78.14628,10.91836,78.14628,0.0,0.0,0.0,INSUFFICIENT_DATA,INSUFFICIENT_DATA,INSUFFICIENT_DATA,,insufficient_evidence,INSUFFICIENT,0,False
959,1,1,2026-08-17T20:23:00+00:00,2026-08-17T20:23:00+00:00,0.0,10.92198,77.06261,10.92198,77.06261,0.0,0.0,0.0,INSUFFICIENT_DATA,INSUFFICIENT_DATA,INSUFFICIENT_DATA,,insufficient_evidence,INSUFFICIENT,0,False
960,1,1,2026-08-17T20:23:00+00:00,2026-08-17T20:23:00+00:00,0.0,10.93194,77.06419,10.93194,77.06419,0.0,0.0,0.0,INSUFFICIENT_DATA,INSUFFICIENT_DATA,INSUFFICIENT_DATA,,insufficient_evidence,INSUFFICIENT,0,False
961,1,1,2026-08-17T20:23:00+00:00,2026-08-17T20:23:00+00:00,0.0,11.12606,79.288,11.12606,79.288,0.0,0.0,0.0,INSUFFICIENT_DATA,INSUFFICIENT_DATA,INSUFFICIENT_DATA,,insufficient_evidence,INSUFFICIENT,0,False
962,1,1,2026-08-17T20:23:00+00:00,2026-08-17T20:23:00+00:00,0.0,11.46036,79.0536,11.46036,79.0536,0.0,0.0,0.0,INSUFFICIENT_DATA,INSUFFICIENT_DATA,INSUFFICIENT_DATA,,insufficient_evidence,INSUFFICIENT,0,False
963,11,4,2026-08-17T20:23:00+00:00,2026-08-22T20:32:00+00:00,5.006,11.81431,77.91978,11.81322,77.9205,0.144,0.029,146.96,SE,LOW,STATIONARY,,stationary,INSUFFICIENT,0,False
964,2,2,2026-08-17T20:23:00+00:00,2026-08-20T20:14:00+00:00,2.994,12.74496,77.61843,12.74548,77.62041,0.222,0.074,74.93,E,LOW,STATIONARY,,stationary,INSUFFICIENT,0,False
965,1,1,2026-08-17T20:23:00+00:00,2026-08-17T20:23:00+00:00,0.0,13.22706,80.0965,13.22706,80.0965,0.0,0.0,0.0,INSUFFICIENT_DATA,INSUFFICIENT_DATA,INSUFFICIENT_DATA,,insufficient_evidence,INSUFFICIENT,0,False
966,2,2,2026-08-17T20:23:00+00:00,2026-08-20T20:12:00+00:00,2.992,13.39219,80.10155,13.39201,80.10139,0.026,0.009,220.85,SW,LOW,STATIONARY,,stationary,INSUFFICIENT,0,False
967,1,1,2026-08-17T20:23:00+00:00,2026-08-17T20:23:00+00:00,0.0,17.06293,76.98039,17.06293,76.98039,0.0,0.0,0.0,INSUFFICIENT_DATA,INSUFFICIENT_DATA,INSUFFICIENT_DATA,,insufficient_evidence,INSUFFICIENT,0,False
968,2,2,2026-08-17T20:25:00+00:00,2026-08-18T20:51:00+00:00,1.018,8.67144,77.99295,8.66845,77.99213,0.344,0.338,195.17,S,LOW,STATIONARY,,stationary,INSUFFICIENT,0,False
969,1,1,2026-08-17T20:25:00+00:00,2026-08-17T20:25:00+00:00,0.0,9.20862,77.45641,9.20862,77.45641,0.0,0.0,0.0,INSUFFICIENT_DATA,INSUFFICIENT_DATA,INSUFFICIENT_DATA,,insufficient_evidence,INSUFFICIENT,0,False
970,1,1,2026-08-17T21:06:00+00:00,2026-08-17T21:06:00+00:00,0.0,24.65676,73.87511,24.65676,73.87511,0.0,0.0,0.0,INSUFFICIENT_DATA,INSUFFICIENT_DATA,INSUFFICIENT_DATA,,insufficient_evidence,INSUFFICIENT,0,False
971,1,1,2026-08-17T21:06:00+00:00,2026-08-17T21:06:00+00:00,0.0,24.69074,73.00394,24.69074,73.00394,0.0,0.0,0.0,INSUFFICIENT_DATA,INSUFFICIENT_DATA,INSUFFICIENT_DATA,,insufficient_evidence,INSUFFICIENT,0,False
972,1,1,2026-08-17T21:08:00+00:00,2026-08-17T21:08:00+00:00,0.0,18.80348,74.25902,18.80348,74.25902,0.0,0.0,0.0,INSUFFICIENT_DATA,INSUFFICIENT_DATA,INSUFFICIENT_DATA,,insufficient_evidence,INSUFFICIENT,0,False
973,1,1,2026-08-17T21:08:00+00:00,2026-08-17T21:08:00+00:00,0.0,18.95518,73.94185,18.95518,73.94185,0.0,0.0,0.0,INSUFFICIENT_DATA,INSUFFICIENT_DATA,INSUFFICIENT_DATA,,insufficient_evidence,INSUFFICIENT,0,False
974,2,1,2026-08-18T07:29:00+00:00,2026-08-18T07:29:00+00:00,0.0,8.64324,77.83506,8.64324,77.83506,0.0,0.0,0.0,INSUFFICIENT_DATA,INSUFFICIENT_DATA,INSUFFICIENT_DATA,,insufficient_evidence,INSUFFICIENT,0,False
975,1,1,2026-08-18T07:29:00+00:00,2026-08-18T07:29:00+00:00,0.0,8.87058,77.64359,8.87058,77.64359,0.0,0.0,0.0,INSUFFICIENT_DATA,INSUFFICIENT_DATA,INSUFFICIENT_DATA,,insufficient_evidence,INSUFFICIENT,0,False
976,2,1,2026-08-18T07:29:00+00:00,2026-08-18T08:16:00+00:00,0.033,8.88069,77.792,8.88069,77.792,0.0,0.0,0.0,INSUFFICIENT_DATA,INSUFFICIENT_DATA,INSUFFICIENT_DATA,,insufficient_evidence,INSUFFICIENT,0,False
977,2,1,2026-08-18T07:29:00+00:00,2026-08-18T07:29:00+00:00,0.0,8.92597,77.53669,8.92597,77.53669,0.0,0.0,0.0,INSUFFICIENT_DATA,INSUFFICIENT_DATA,INSUFFICIENT_DATA,,insufficient_evidence,INSUFFICIENT,0,False
978,1,1,2026-08-18T07:29:00+00:00,2026-08-18T07:29:00+00:00,0.0,9.27297,77.61015,9.27297,77.61015,0.0,0.0,0.0,INSUFFICIENT_DATA,INSUFFICIENT_DATA,INSUFFICIENT_DATA,,insufficient_evidence,INSUFFICIENT,0,False
979,1,1,2026-08-18T07:29:00+00:00,2026-08-18T07:29:00+00:00,0.0,9.34194,78.71105,9.34194,78.71105,0.0,0.0,0.0,INSUFFICIENT_DATA,INSUFFICIENT_DATA,INSUFFICIENT_DATA,,insufficient_evidence,INSUFFICIENT,0,False
980,1,1,2026-08-18T07:29:00+00:00,2026-08-18T07:29:00+00:00,0.0,9.35471,78.81271,9.35471,78.81271,0.0,0.0,0.0,INSUFFICIENT_DATA,INSUFFICIENT_DATA,INSUFFICIENT_DATA,,insufficient_evidence,INSUFFICIENT,0,False
981,3,1,2026-08-18T07:31:00+00:00,2026-08-18T08:16:00+00:00,0.031,9.31323,77.47728,9.31323,77.47728,0.0,0.0,0.0,INSUFFICIENT_DATA,INSUFFICIENT_DATA,INSUFFICIENT_DATA,,insufficient_evidence,INSUFFICIENT,0,False
982,2,1,2026-08-18T07:31:00+00:00,2026-08-18T08:16:00+00:00,0.031,9.38637,77.39041,9.38637,77.39041,0.0,0.0,0.0,INSUFFICIENT_DATA,INSUFFICIENT_DATA,INSUFFICIENT_DATA,,insufficient_evidence,INSUFFICIENT,0,False
983,1,1,2026-08-18T07:31:00+00:00,2026-08-18T07:31:00+00:00,0.0,9.41546,77.51305,9.41546,77.51305,0.0,0.0,0.0,INSUFFICIENT_DATA,INSUFFICIENT_DATA,INSUFFICIENT_DATA,,insufficient_evidence,INSUFFICIENT,0,False
984,1,1,2026-08-18T07:31:00+00:00,2026-08-18T07:31:00+00:00,0.0,9.48994,78.58805,9.48994,78.58805,0.0,0.0,0.0,INSUFFICIENT_DATA,INSUFFICIENT_DATA,INSUFFICIENT_DATA,,insufficient_evidence,INSUFFICIENT,0,False
985,2,1,2026-08-18T07:31:00+00:00,2026-08-18T07:31:00+00:00,0.0,9.74083,78.34863,9.74083,78.34863,0.0,0.0,0.0,INSUFFICIENT_DATA,INSUFFICIENT_DATA,INSUFFICIENT_DATA,,insufficient_evidence,INSUFFICIENT,0,False
986,1,1,2026-08-18T07:31:00+00:00,2026-08-18T07:31:00+00:00,0.0,10.12096,77.56938,10.12096,77.56938,0.0,0.0,0.0,INSUFFICIENT_DATA,INSUFFICIENT_DATA,INSUFFICIENT_DATA,,insufficient_evidence,INSUFFICIENT,0,False
987,1,1,2026-08-18T07:31:00+00:00,2026-08-18T07:31:00+00:00,0.0,10.14966,79.14445,10.14966,79.14445,0.0,0.0,0.0,INSUFFICIENT_DATA,INSUFFICIENT_DATA,INSUFFICIENT_DATA,,insufficient_evidence,INSUFFICIENT,0,False
988,1,1,2026-08-18T07:31:00+00:00,2026-08-18T07:31:00+00:00,0.0,10.27211,78.84418,10.27211,78.84418,0.0,0.0,0.0,INSUFFICIENT_DATA,INSUFFICIENT_DATA,INSUFFICIENT_DATA,,insufficient_evidence,INSUFFICIENT,0,False
989,3,1,2026-08-18T07:31:00+00:00,2026-08-18T08:16:00+00:00,0.031,10.47286,78.95903,10.47286,78.95903,0.0,0.0,0.0,INSUFFICIENT_DATA,INSUFFICIENT_DATA,INSUFFICIENT_DATA,,insufficient_evidence,INSUFFICIENT,0,False
990,2,1,2026-08-18T07:31:00+00:00,2026-08-18T07:31:00+00:00,0.0,10.53863,79.22987,10.53863,79.22987,0.0,0.0,0.0,INSUFFICIENT_DATA,INSUFFICIENT_DATA,INSUFFICIENT_DATA,,insufficient_evidence,INSUFFICIENT,0,False
991,3,1,2026-08-18T07:31:00+00:00,2026-08-18T08:16:00+00:00,0.031,10.56289,79.45121,10.56289,79.45121,0.0,0.0,0.0,INSUFFICIENT_DATA,INSUFFICIENT_DATA,INSUFFICIENT_DATA,,insufficient_evidence,INSUFFICIENT,0,False
992,1,1,2026-08-18T07:31:00+00:00,2026-08-18T07:31:00+00:00,0.0,10.57066,77.79511,10.57066,77.79511,0.0,0.0,0.0,INSUFFICIENT_DATA,INSUFFICIENT_DATA,INSUFFICIENT_DATA,,insufficient_evidence,INSUFFICIENT,0,False
993,3,1,2026-08-18T07:31:00+00:00,2026-08-18T08:16:00+00:00,0.031,10.6011,79.33196,10.6011,79.33196,0.0,0.0,0.0,INSUFFICIENT_DATA,INSUFFICIENT_DATA,INSUFFICIENT_DATA,,insufficient_evidence,INSUFFICIENT,0,False
994,2,1,2026-08-18T07:31:00+00:00,2026-08-18T08:16:00+00:00,0.031,10.87636,77.78483,10.87636,77.78483,0.0,0.0,0.0,INSUFFICIENT_DATA,INSUFFICIENT_DATA,INSUFFICIENT_DATA,,insufficient_evidence,INSUFFICIENT,0,False
995,2,1,2026-08-18T07:31:00+00:00,2026-08-18T08:16:00+00:00,0.031,10.98445,78.24604,10.98445,78.24604,0.0,0.0,0.0,INSUFFICIENT_DATA,INSUFFICIENT_DATA,INSUFFICIENT_DATA,,insufficient_evidence,INSUFFICIENT,0,False
996,1,1,2026-08-18T07:31:00+00:00,2026-08-18T07:31:00+00:00,0.0,10.98911,79.11748,10.98911,79.11748,0.0,0.0,0.0,INSUFFICIENT_DATA,INSUFFICIENT_DATA,INSUFFICIENT_DATA,,insufficient_evidence,INSUFFICIENT,0,False
997,2,1,2026-08-18T07:31:00+00:00,2026-08-18T08:16:00+00:00,0.031,11.14432,78.58127,11.14432,78.58127,0.0,0.0,0.0,INSUFFICIENT_DATA,INSUFFICIENT_DATA,INSUFFICIENT_DATA,,insufficient_evidence,INSUFFICIENT,0,False
998,1,1,2026-08-18T07:31:00+00:00,2026-08-18T07:31:00+00:00,0.0,11.70979,78.74386,11.70979,78.74386,0.0,0.0,0.0,INSUFFICIENT_DATA,INSUFFICIENT_DATA,INSUFFICIENT_DATA,,insufficient_evidence,INSUFFICIENT,0,False
999,1,1,2026-08-18T07:31:00+00:00,2026-08-18T07:31:00+00:00,0.0,11.7348,78.6478,11.7348,78.6478,0.0,0.0,0.0,INSUFFICIENT_DATA,INSUFFICIENT_DATA,INSUFFICIENT_DATA,,insufficient_evidence,INSUFFICIENT,0,False
1000,1,1,2026-08-18T07:31:00+00:00,2026-08-18T07:31:00+00:00,0.0,12.14322,77.04446,12.14322,77.04446,0.0,0.0,0.0,INSUFFICIENT_DATA,INSUFFICIENT_DATA,INSUFFICIENT_DATA,,insufficient_evidence,INSUFFICIENT,0,False
1001,4,1,2026-08-18T07:31:00+00:00,2026-08-18T08:16:00+00:00,0.031,12.51602,80.06337,12.51602,80.06337,0.0,0.0,0.0,INSUFFICIENT_DATA,INSUFFICIENT_DATA,INSUFFICIENT_DATA,,insufficient_evidence,INSUFFICIENT,0,False
1002,1,1,2026-08-18T07:31:00+00:00,2026-08-18T07:31:00+00:00,0.0,12.9239,78.28851,12.9239,78.28851,0.0,0.0,0.0,INSUFFICIENT_DATA,INSUFFICIENT_DATA,INSUFFICIENT_DATA,,insufficient_evidence,INSUFFICIENT,0,False
1003,2,1,2026-08-18T07:31:00+00:00,2026-08-18T08:16:00+00:00,0.031,13.17614,78.80406,13.17614,78.80406,0.0,0.0,0.0,INSUFFICIENT_DATA,INSUFFICIENT_DATA,INSUFFICIENT_DATA,,insufficient_evidence,INSUFFICIENT,0,False
1004,2,1,2026-08-18T07:31:00+00:00,2026-08-18T08:16:00+00:00,0.031,13.37176,78.61549,13.37176,78.61549,0.0,0.0,0.0,INSUFFICIENT_DATA,INSUFFICIENT_DATA,INSUFFICIENT_DATA,,insufficient_evidence,INSUFFICIENT,0,False
1005,3,1,2026-08-18T07:31:00+00:00,2026-08-18T08:18:00+00:00,0.033,13.82609,79.28215,13.82609,79.28215,0.0,0.0,0.0,INSUFFICIENT_DATA,INSUFFICIENT_DATA,INSUFFICIENT_DATA,,insufficient_evidence,INSUFFICIENT,0,False
1006,1,1,2026-08-18T07:31:00+00:00,2026-08-18T07:31:00+00:00,0.0,13.98261,77.39257,13.98261,77.39257,0.0,0.0,0.0,INSUFFICIENT_DATA,INSUFFICIENT_DATA,INSUFFICIENT_DATA,,insufficient_evidence,INSUFFICIENT,0,False
1007,2,1,2026-08-18T07:31:00+00:00,2026-08-18T07:31:00+00:00,0.0,14.02784,79.9472,14.02784,79.9472,0.0,0.0,0.0,INSUFFICIENT_DATA,INSUFFICIENT_DATA,INSUFFICIENT_DATA,,insufficient_evidence,INSUFFICIENT,0,False
1008,2,1,2026-08-18T07:31:00+00:00,2026-08-18T08:18:00+00:00,0.033,14.41081,78.21011,14.41081,78.21011,0.0,0.0,0.0,INSUFFICIENT_DATA,INSUFFICIENT_DATA,INSUFFICIENT_DATA,,insufficient_evidence,INSUFFICIENT,0,False
1009,1,1,2026-08-18T08:16:00+00:00,2026-08-18T08:16:00+00:00,0.0,8.50197,77.86375,8.50197,77.86375,0.0,0.0,0.0,INSUFFICIENT_DATA,INSUFFICIENT_DATA,INSUFFICIENT_DATA,,insufficient_evidence,INSUFFICIENT,0,False
1010,1,1,2026-08-18T08:16:00+00:00,2026-08-18T08:16:00+00:00,0.0,8.62125,77.95941,8.62125,77.95941,0.0,0.0,0.0,INSUFFICIENT_DATA,INSUFFICIENT_DATA,INSUFFICIENT_DATA,,insufficient_evidence,INSUFFICIENT,0,False
1011,1,1,2026-08-18T08:16:00+00:00,2026-08-18T08:16:00+00:00,0.0,8.74016,78.05225,8.74016,78.05225,0.0,0.0,0.0,INSUFFICIENT_DATA,INSUFFICIENT_DATA,INSUFFICIENT_DATA,,insufficient_evidence,INSUFFICIENT,0,False
1012,1,1,2026-08-18T08:16:00+00:00,2026-08-18T08:16:00+00:00,0.0,8.75613,77.47073,8.75613,77.47073,0.0,0.0,0.0,INSUFFICIENT_DATA,INSUFFICIENT_DATA,INSUFFICIENT_DATA,,insufficient_evidence,INSUFFICIENT,0,False
1013,1,1,2026-08-18T08:16:00+00:00,2026-08-18T08:16:00+00:00,0.0,8.79578,77.95259,8.79578,77.95259,0.0,0.0,0.0,INSUFFICIENT_DATA,INSUFFICIENT_DATA,INSUFFICIENT_DATA,,insufficient_evidence,INSUFFICIENT,0,False
1014,1,1,2026-08-18T08:16:00+00:00,2026-08-18T08:16:00+00:00,0.0,8.82405,77.53445,8.82405,77.53445,0.0,0.0,0.0,INSUFFICIENT_DATA,INSUFFICIENT_DATA,INSUFFICIENT_DATA,,insufficient_evidence,INSUFFICIENT,0,False
1015,1,1,2026-08-18T08:16:00+00:00,2026-08-18T08:16:00+00:00,0.0,8.86771,78.15748,8.86771,78.15748,0.0,0.0,0.0,INSUFFICIENT_DATA,INSUFFICIENT_DATA,INSUFFICIENT_DATA,,insufficient_evidence,INSUFFICIENT,0,False
1016,2,1,2026-08-18T08:16:00+00:00,2026-08-18T08:16:00+00:00,0.0,8.9475,77.65526,8.9475,77.65526,0.0,0.0,0.0,INSUFFICIENT_DATA,INSUFFICIENT_DATA,INSUFFICIENT_DATA,,insufficient_evidence,INSUFFICIENT,0,False
1017,1,1,2026-08-18T08:16:00+00:00,2026-08-18T08:16:00+00:00,0.0,9.00249,77.50302,9.00249,77.50302,0.0,0.0,0.0,INSUFFICIENT_DATA,INSUFFICIENT_DATA,INSUFFICIENT_DATA,,insufficient_evidence,INSUFFICIENT,0,False
1018,1,1,2026-08-18T08:16:00+00:00,2026-08-18T08:16:00+00:00,0.0,9.2184,78.6481,9.2184,78.6481,0.0,0.0,0.0,INSUFFICIENT_DATA,INSUFFICIENT_DATA,INSUFFICIENT_DATA,,insufficient_evidence,INSUFFICIENT,0,False
1019,1,1,2026-08-18T08:16:00+00:00,2026-08-18T08:16:00+00:00,0.0,9.27162,78.79281,9.27162,78.79281,0.0,0.0,0.0,INSUFFICIENT_DATA,INSUFFICIENT_DATA,INSUFFICIENT_DATA,,insufficient_evidence,INSUFFICIENT,0,False
1020,1,1,2026-08-18T08:16:00+00:00,2026-08-18T08:16:00+00:00,0.0,9.27322,77.54752,9.27322,77.54752,0.0,0.0,0.0,INSUFFICIENT_DATA,INSUFFICIENT_DATA,INSUFFICIENT_DATA,,insufficient_evidence,INSUFFICIENT,0,False
1021,1,1,2026-08-18T08:16:00+00:00,2026-08-18T08:16:00+00:00,0.0,9.33808,78.25658,9.33808,78.25658,0.0,0.0,0.0,INSUFFICIENT_DATA,INSUFFICIENT_DATA,INSUFFICIENT_DATA,,insufficient_evidence,INSUFFICIENT,0,False
1022,1,1,2026-08-18T08:16:00+00:00,2026-08-18T08:16:00+00:00,0.0,9.44497,77.50709,9.44497,77.50709,0.0,0.0,0.0,INSUFFICIENT_DATA,INSUFFICIENT_DATA,INSUFFICIENT_DATA,,insufficient_evidence,INSUFFICIENT,0,False
1023,9,1,2026-08-18T08:16:00+00:00,2026-08-18T08:16:00+00:00,0.0,9.52187,78.22665,9.52187,78.22665,0.0,0.0,0.0,INSUFFICIENT_DATA,INSUFFICIENT_DATA,INSUFFICIENT_DATA,,insufficient_evidence,INSUFFICIENT,0,False
1024,8,2,2026-08-18T08:16:00+00:00,2026-08-21T08:13:00+00:00,2.998,9.57631,78.31197,9.57612,78.31286,0.1,0.033,101.98,E,LOW,STATIONARY,,stationary,INSUFFICIENT,0,False
1025,1,1,2026-08-18T08:16:00+00:00,2026-08-18T08:16:00+00:00,0.0,9.83649,78.466,9.83649,78.466,0.0,0.0,0.0,INSUFFICIENT_DATA,INSUFFICIENT_DATA,INSUFFICIENT_DATA,,insufficient_evidence,INSUFFICIENT,0,False
1026,3,1,2026-08-18T08:16:00+00:00,2026-08-18T08:16:00+00:00,0.0,9.94578,78.71598,9.94578,78.71598,0.0,0.0,0.0,INSUFFICIENT_DATA,INSUFFICIENT_DATA,INSUFFICIENT_DATA,,insufficient_evidence,INSUFFICIENT,0,False
1027,1,1,2026-08-18T08:16:00+00:00,2026-08-18T08:16:00+00:00,0.0,9.96622,78.06999,9.96622,78.06999,0.0,0.0,0.0,INSUFFICIENT_DATA,INSUFFICIENT_DATA,INSUFFICIENT_DATA,,insufficient_evidence,INSUFFICIENT,0,False
1028,1,1,2026-08-18T08:16:00+00:00,2026-08-18T08:16:00+00:00,0.0,9.97945,79.0864,9.97945,79.0864,0.0,0.0,0.0,INSUFFICIENT_DATA,INSUFFICIENT_DATA,INSUFFICIENT_DATA,,insufficient_evidence,INSUFFICIENT,0,False
1029,1,1,2026-08-18T08:16:00+00:00,2026-08-18T08:16:00+00:00,0.0,9.99415,78.07372,9.99415,78.07372,0.0,0.0,0.0,INSUFFICIENT_DATA,INSUFFICIENT_DATA,INSUFFICIENT_DATA,,insufficient_evidence,INSUFFICIENT,0,False
1030,1,1,2026-08-18T08:16:00+00:00,2026-08-18T08:16:00+00:00,0.0,10.08933,79.01897,10.08933,79.01897,0.0,0.0,0.0,INSUFFICIENT_DATA,INSUFFICIENT_DATA,INSUFFICIENT_DATA,,insufficient_evidence,INSUFFICIENT,0,False
1031,1,1,2026-08-18T08:16:00+00:00,2026-08-18T08:16:00+00:00,0.0,10.10463,77.69885,10.10463,77.69885,0.0,0.0,0.0,INSUFFICIENT_DATA,INSUFFICIENT_DATA,INSUFFICIENT_DATA,,insufficient_evidence,INSUFFICIENT,0,False
1032,1,1,2026-08-18T08:16:00+00:00,2026-08-18T08:16:00+00:00,0.0,10.10702,78.53771,10.10702,78.53771,0.0,0.0,0.0,INSUFFICIENT_DATA,INSUFFICIENT_DATA,INSUFFICIENT_DATA,,insufficient_evidence,INSUFFICIENT,0,False
1033,1,1,2026-08-18T08:16:00+00:00,2026-08-18T08:16:00+00:00,0.0,10.12364,77.9013,10.12364,77.9013,0.0,0.0,0.0,INSUFFICIENT_DATA,INSUFFICIENT_DATA,INSUFFICIENT_DATA,,insufficient_evidence,INSUFFICIENT,0,False
1034,1,1,2026-08-18T08:16:00+00:00,2026-08-18T08:16:00+00:00,0.0,10.20446,78.83449,10.20446,78.83449,0.0,0.0,0.0,INSUFFICIENT_DATA,INSUFFICIENT_DATA,INSUFFICIENT_DATA,,insufficient_evidence,INSUFFICIENT,0,False
1035,1,1,2026-08-18T08:16:00+00:00,2026-08-18T08:16:00+00:00,0.0,10.50352,79.42883,10.50352,79.42883,0.0,0.0,0.0,INSUFFICIENT_DATA,INSUFFICIENT_DATA,INSUFFICIENT_DATA,,insufficient_evidence,INSUFFICIENT,0,False
1036,1,1,2026-08-18T08:16:00+00:00,2026-08-18T08:16:00+00:00,0.0,10.51628,77.66093,10.51628,77.66093,0.0,0.0,0.0,INSUFFICIENT_DATA,INSUFFICIENT_DATA,INSUFFICIENT_DATA,,insufficient_evidence,INSUFFICIENT,0,False
1037,1,1,2026-08-18T08:16:00+00:00,2026-08-18T08:16:00+00:00,0.0,10.55074,79.59185,10.55074,79.59185,0.0,0.0,0.0,INSUFFICIENT_DATA,INSUFFICIENT_DATA,INSUFFICIENT_DATA,,insufficient_evidence,INSUFFICIENT,0,False
1038,1,1,2026-08-18T08:16:00+00:00,2026-08-18T08:16:00+00:00,0.0,10.72695,78.74613,10.72695,78.74613,0.0,0.0,0.0,INSUFFICIENT_DATA,INSUFFICIENT_DATA,INSUFFICIENT_DATA,,insufficient_evidence,INSUFFICIENT,0,False
1039,1,1,2026-08-18T08:16:00+00:00,2026-08-18T08:16:00+00:00,0.0,10.78029,79.6581,10.78029,79.6581,0.0,0.0,0.0,INSUFFICIENT_DATA,INSUFFICIENT_DATA,INSUFFICIENT_DATA,,insufficient_evidence,INSUFFICIENT,0,False
1040,1,1,2026-08-18T08:16:00+00:00,2026-08-18T08:16:00+00:00,0.0,10.79064,79.03044,10.79064,79.03044,0.0,0.0,0.0,INSUFFICIENT_DATA,INSUFFICIENT_DATA,INSUFFICIENT_DATA,,insufficient_evidence,INSUFFICIENT,0,False
1041,1,1,2026-08-18T08:16:00+00:00,2026-08-18T08:16:00+00:00,0.0,10.80497,79.66894,10.80497,79.66894,0.0,0.0,0.0,INSUFFICIENT_DATA,INSUFFICIENT_DATA,INSUFFICIENT_DATA,,insufficient_evidence,INSUFFICIENT,0,False
1042,1,1,2026-08-18T08:16:00+00:00,2026-08-18T08:16:00+00:00,0.0,10.90672,78.53823,10.90672,78.53823,0.0,0.0,0.0,INSUFFICIENT_DATA,INSUFFICIENT_DATA,INSUFFICIENT_DATA,,insufficient_evidence,INSUFFICIENT,0,False
1043,1,1,2026-08-18T08:16:00+00:00,2026-08-18T08:16:00+00:00,0.0,10.94335,78.44159,10.94335,78.44159,0.0,0.0,0.0,INSUFFICIENT_DATA,INSUFFICIENT_DATA,INSUFFICIENT_DATA,,insufficient_evidence,INSUFFICIENT,0,False
1044,2,1,2026-08-18T08:16:00+00:00,2026-08-18T08:16:00+00:00,0.0,11.00208,79.80649,11.00208,79.80649,0.0,0.0,0.0,INSUFFICIENT_DATA,INSUFFICIENT_DATA,INSUFFICIENT_DATA,,insufficient_evidence,INSUFFICIENT,0,False
1045,1,1,2026-08-18T08:16:00+00:00,2026-08-18T08:16:00+00:00,0.0,11.02236,78.84486,11.02236,78.84486,0.0,0.0,0.0,INSUFFICIENT_DATA,INSUFFICIENT_DATA,INSUFFICIENT_DATA,,insufficient_evidence,INSUFFICIENT,0,False
1046,2,2,2026-08-18T08:16:00+00:00,2026-08-21T08:16:00+00:00,3.0,11.04446,77.91675,11.04524,77.91196,0.53,0.177,279.42,W,LOW,MOVING,W,directional,PRELIMINARY,33,True
1047,2,2,2026-08-18T08:16:00+00:00,2026-08-21T08:16:00+00:00,3.0,11.12323,78.68747,11.1194,78.69011,0.514,0.171,145.93,SE,LOW,MOVING,SE,directional,PRELIMINARY,33,True
1048,1,1,2026-08-18T08:16:00+00:00,2026-08-18T08:16:00+00:00,0.0,11.1788,79.24069,11.1788,79.24069,0.0,0.0,0.0,INSUFFICIENT_DATA,INSUFFICIENT_DATA,INSUFFICIENT_DATA,,insufficient_evidence,INSUFFICIENT,0,False
1049,1,1,2026-08-18T08:16:00+00:00,2026-08-18T08:16:00+00:00,0.0,11.21398,78.13076,11.21398,78.13076,0.0,0.0,0.0,INSUFFICIENT_DATA,INSUFFICIENT_DATA,INSUFFICIENT_DATA,,insufficient_evidence,INSUFFICIENT,0,False
1050,1,1,2026-08-18T08:16:00+00:00,2026-08-18T08:16:00+00:00,0.0,11.35102,77.54483,11.35102,77.54483,0.0,0.0,0.0,INSUFFICIENT_DATA,INSUFFICIENT_DATA,INSUFFICIENT_DATA,,insufficient_evidence,INSUFFICIENT,0,False
1051,1,1,2026-08-18T08:16:00+00:00,2026-08-18T08:16:00+00:00,0.0,11.45509,79.44886,11.45509,79.44886,0.0,0.0,0.0,INSUFFICIENT_DATA,INSUFFICIENT_DATA,INSUFFICIENT_DATA,,insufficient_evidence,INSUFFICIENT,0,False
1052,1,1,2026-08-18T08:16:00+00:00,2026-08-18T08:16:00+00:00,0.0,11.47091,78.7398,11.47091,78.7398,0.0,0.0,0.0,INSUFFICIENT_DATA,INSUFFICIENT_DATA,INSUFFICIENT_DATA,,insufficient_evidence,INSUFFICIENT,0,False
1053,1,1,2026-08-18T08:16:00+00:00,2026-08-18T08:16:00+00:00,0.0,11.65042,78.09669,11.65042,78.09669,0.0,0.0,0.0,INSUFFICIENT_DATA,INSUFFICIENT_DATA,INSUFFICIENT_DATA,,insufficient_evidence,INSUFFICIENT,0,False
1054,2,1,2026-08-18T08:16:00+00:00,2026-08-18T08:16:00+00:00,0.0,11.69591,78.67966,11.69591,78.67966,0.0,0.0,0.0,INSUFFICIENT_DATA,INSUFFICIENT_DATA,INSUFFICIENT_DATA,,insufficient_evidence,INSUFFICIENT,0,False
1055,1,1,2026-08-18T08:16:00+00:00,2026-08-18T08:16:00+00:00,0.0,11.84067,79.0536,11.84067,79.0536,0.0,0.0,0.0,INSUFFICIENT_DATA,INSUFFICIENT_DATA,INSUFFICIENT_DATA,,insufficient_evidence,INSUFFICIENT,0,False
1056,1,1,2026-08-18T08:16:00+00:00,2026-08-18T08:16:00+00:00,0.0,11.85452,78.7256,11.85452,78.7256,0.0,0.0,0.0,INSUFFICIENT_DATA,INSUFFICIENT_DATA,INSUFFICIENT_DATA,,insufficient_evidence,INSUFFICIENT,0,False
1057,1,1,2026-08-18T08:16:00+00:00,2026-08-18T08:16:00+00:00,0.0,11.97706,78.90929,11.97706,78.90929,0.0,0.0,0.0,INSUFFICIENT_DATA,INSUFFICIENT_DATA,INSUFFICIENT_DATA,,insufficient_evidence,INSUFFICIENT,0,False
1058,1,1,2026-08-18T08:16:00+00:00,2026-08-18T08:16:00+00:00,0.0,12.21201,79.72424,12.21201,79.72424,0.0,0.0,0.0,INSUFFICIENT_DATA,INSUFFICIENT_DATA,INSUFFICIENT_DATA,,insufficient_evidence,INSUFFICIENT,0,False
1059,1,1,2026-08-18T08:16:00+00:00,2026-08-18T08:16:00+00:00,0.0,12.21527,76.73492,12.21527,76.73492,0.0,0.0,0.0,INSUFFICIENT_DATA,INSUFFICIENT_DATA,INSUFFICIENT_DATA,,insufficient_evidence,INSUFFICIENT,0,False
1060,1,1,2026-08-18T08:16:00+00:00,2026-08-18T08:16:00+00:00,0.0,12.3312,76.78513,12.3312,76.78513,0.0,0.0,0.0,INSUFFICIENT_DATA,INSUFFICIENT_DATA,INSUFFICIENT_DATA,,insufficient_evidence,INSUFFICIENT,0,False
1061,1,1,2026-08-18T08:16:00+00:00,2026-08-18T08:16:00+00:00,0.0,12.57514,76.66086,12.57514,76.66086,0.0,0.0,0.0,INSUFFICIENT_DATA,INSUFFICIENT_DATA,INSUFFICIENT_DATA,,insufficient_evidence,INSUFFICIENT,0,False
1062,1,1,2026-08-18T08:16:00+00:00,2026-08-18T08:16:00+00:00,0.0,12.78902,77.06596,12.78902,77.06596,0.0,0.0,0.0,INSUFFICIENT_DATA,INSUFFICIENT_DATA,INSUFFICIENT_DATA,,insufficient_evidence,INSUFFICIENT,0,False
1063,1,1,2026-08-18T08:16:00+00:00,2026-08-18T08:16:00+00:00,0.0,13.2674,78.15524,13.2674,78.15524,0.0,0.0,0.0,INSUFFICIENT_DATA,INSUFFICIENT_DATA,INSUFFICIENT_DATA,,insufficient_evidence,INSUFFICIENT,0,False
1064,1,1,2026-08-18T08:18:00+00:00,2026-08-18T08:18:00+00:00,0.0,13.18419,76.22767,13.18419,76.22767,0.0,0.0,0.0,INSUFFICIENT_DATA,INSUFFICIENT_DATA,INSUFFICIENT_DATA,,insufficient_evidence,INSUFFICIENT,0,False
1065,1,1,2026-08-18T08:18:00+00:00,2026-08-18T08:18:00+00:00,0.0,13.66248,76.38867,13.66248,76.38867,0.0,0.0,0.0,INSUFFICIENT_DATA,INSUFFICIENT_DATA,INSUFFICIENT_DATA,,insufficient_evidence,INSUFFICIENT,0,False
1066,1,1,2026-08-18T08:18:00+00:00,2026-08-18T08:18:00+00:00,0.0,13.90555,77.54816,13.90555,77.54816,0.0,0.0,0.0,INSUFFICIENT_DATA,INSUFFICIENT_DATA,INSUFFICIENT_DATA,,insufficient_evidence,INSUFFICIENT,0,False
1067,1,1,2026-08-18T08:18:00+00:00,2026-08-18T08:18:00+00:00,0.0,13.95422,78.15399,13.95422,78.15399,0.0,0.0,0.0,INSUFFICIENT_DATA,INSUFFICIENT_DATA,INSUFFICIENT_DATA,,insufficient_evidence,INSUFFICIENT,0,False
1068,6,1,2026-08-18T08:18:00+00:00,2026-08-18T08:18:00+00:00,0.0,14.15183,77.23636,14.15183,77.23636,0.0,0.0,0.0,INSUFFICIENT_DATA,INSUFFICIENT_DATA,INSUFFICIENT_DATA,,insufficient_evidence,INSUFFICIENT,0,False
1069,2,1,2026-08-18T08:18:00+00:00,2026-08-18T08:18:00+00:00,0.0,14.2475,79.02975,14.2475,79.02975,0.0,0.0,0.0,INSUFFICIENT_DATA,INSUFFICIENT_DATA,INSUFFICIENT_DATA,,insufficient_evidence,INSUFFICIENT,0,False
1070,2,1,2026-08-18T08:18:00+00:00,2026-08-18T08:18:00+00:00,0.0,14.28624,77.43638,14.28624,77.43638,0.0,0.0,0.0,INSUFFICIENT_DATA,INSUFFICIENT_DATA,INSUFFICIENT_DATA,,insufficient_evidence,INSUFFICIENT,0,False
1071,1,1,2026-08-18T08:18:00+00:00,2026-08-18T08:18:00+00:00,0.0,14.30259,77.43807,14.30259,77.43807,0.0,0.0,0.0,INSUFFICIENT_DATA,INSUFFICIENT_DATA,INSUFFICIENT_DATA,,insufficient_evidence,INSUFFICIENT,0,False
1072,1,1,2026-08-18T08:18:00+00:00,2026-08-18T08:18:00+00:00,0.0,14.86726,79.52043,14.86726,79.52043,0.0,0.0,0.0,INSUFFICIENT_DATA,INSUFFICIENT_DATA,INSUFFICIENT_DATA,,insufficient_evidence,INSUFFICIENT,0,False
1073,1,1,2026-08-18T08:18:00+00:00,2026-08-18T08:18:00+00:00,0.0,15.08577,76.082,15.08577,76.082,0.0,0.0,0.0,INSUFFICIENT_DATA,INSUFFICIENT_DATA,INSUFFICIENT_DATA,,insufficient_evidence,INSUFFICIENT,0,False
1074,1,1,2026-08-18T08:18:00+00:00,2026-08-18T08:18:00+00:00,0.0,18.46759,74.2318,18.46759,74.2318,0.0,0.0,0.0,INSUFFICIENT_DATA,INSUFFICIENT_DATA,INSUFFICIENT_DATA,,insufficient_evidence,INSUFFICIENT,0,False
1075,2,1,2026-08-18T09:13:00+00:00,2026-08-18T09:13:00+00:00,0.0,18.72116,74.42553,18.72116,74.42553,0.0,0.0,0.0,INSUFFICIENT_DATA,INSUFFICIENT_DATA,INSUFFICIENT_DATA,,insufficient_evidence,INSUFFICIENT,0,False
1076,6,5,2026-08-18T19:06:00+00:00,2026-08-23T20:08:00+00:00,5.043,27.32501,95.27716,27.32492,95.27525,0.189,0.037,266.96,W,LOW,STATIONARY,,stationary,INSUFFICIENT,0,False
1077,1,1,2026-08-18T19:06:00+00:00,2026-08-18T19:06:00+00:00,0.0,27.45964,95.47533,27.45964,95.47533,0.0,0.0,0.0,INSUFFICIENT_DATA,INSUFFICIENT_DATA,INSUFFICIENT_DATA,,insufficient_evidence,INSUFFICIENT,0,False
1078,1,1,2026-08-18T19:06:00+00:00,2026-08-18T19:06:00+00:00,0.0,27.46843,95.42434,27.46843,95.42434,0.0,0.0,0.0,INSUFFICIENT_DATA,INSUFFICIENT_DATA,INSUFFICIENT_DATA,,insufficient_evidence,INSUFFICIENT,0,False
1079,1,1,2026-08-18T20:00:00+00:00,2026-08-18T20:00:00+00:00,0.0,27.22125,95.34516,27.22125,95.34516,0.0,0.0,0.0,INSUFFICIENT_DATA,INSUFFICIENT_DATA,INSUFFICIENT_DATA,,insufficient_evidence,INSUFFICIENT,0,False
1080,4,4,2026-08-18T20:00:00+00:00,2026-08-23T20:08:00+00:00,5.006,27.31913,95.26543,27.31631,95.26515,0.315,0.063,185.04,S,LOW,STATIONARY,,stationary,INSUFFICIENT,0,False
1081,4,4,2026-08-18T20:00:00+00:00,2026-08-23T20:08:00+00:00,5.006,27.37818,95.08637,27.37927,95.08714,0.143,0.029,32.1,NE,LOW,STATIONARY,,stationary,INSUFFICIENT,0,False
1082,2,1,2026-08-18T20:02:00+00:00,2026-08-18T20:46:00+00:00,0.031,27.53007,77.66126,27.53007,77.66126,0.0,0.0,0.0,INSUFFICIENT_DATA,INSUFFICIENT_DATA,INSUFFICIENT_DATA,,insufficient_evidence,INSUFFICIENT,0,False
1083,2,1,2026-08-18T20:02:00+00:00,2026-08-18T20:46:00+00:00,0.031,28.3728,77.22568,28.3728,77.22568,0.0,0.0,0.0,INSUFFICIENT_DATA,INSUFFICIENT_DATA,INSUFFICIENT_DATA,,insufficient_evidence,INSUFFICIENT,0,False
1084,1,1,2026-08-18T20:02:00+00:00,2026-08-18T20:02:00+00:00,0.0,28.70777,76.8554,28.70777,76.8554,0.0,0.0,0.0,INSUFFICIENT_DATA,INSUFFICIENT_DATA,INSUFFICIENT_DATA,,insufficient_evidence,INSUFFICIENT,0,False
1085,1,1,2026-08-18T20:02:00+00:00,2026-08-18T20:02:00+00:00,0.0,28.85306,77.14323,28.85306,77.14323,0.0,0.0,0.0,INSUFFICIENT_DATA,INSUFFICIENT_DATA,INSUFFICIENT_DATA,,insufficient_evidence,INSUFFICIENT,0,False
1086,3,1,2026-08-18T20:06:00+00:00,2026-08-18T20:51:00+00:00,0.031,9.31451,77.44149,9.31451,77.44149,0.0,0.0,0.0,INSUFFICIENT_DATA,INSUFFICIENT_DATA,INSUFFICIENT_DATA,,insufficient_evidence,INSUFFICIENT,0,False
1087,2,1,2026-08-18T20:06:00+00:00,2026-08-18T20:06:00+00:00,0.0,10.4865,79.31976,10.4865,79.31976,0.0,0.0,0.0,INSUFFICIENT_DATA,INSUFFICIENT_DATA,INSUFFICIENT_DATA,,insufficient_evidence,INSUFFICIENT,0,False
1088,1,1,2026-08-18T20:06:00+00:00,2026-08-18T20:06:00+00:00,0.0,10.61726,77.42172,10.61726,77.42172,0.0,0.0,0.0,INSUFFICIENT_DATA,INSUFFICIENT_DATA,INSUFFICIENT_DATA,,insufficient_evidence,INSUFFICIENT,0,False
1089,2,1,2026-08-18T20:06:00+00:00,2026-08-18T20:51:00+00:00,0.031,11.02955,76.90628,11.02955,76.90628,0.0,0.0,0.0,INSUFFICIENT_DATA,INSUFFICIENT_DATA,INSUFFICIENT_DATA,,insufficient_evidence,INSUFFICIENT,0,False
1090,2,1,2026-08-18T20:06:00+00:00,2026-08-18T20:06:00+00:00,0.0,12.65908,78.78475,12.65908,78.78475,0.0,0.0,0.0,INSUFFICIENT_DATA,INSUFFICIENT_DATA,INSUFFICIENT_DATA,,insufficient_evidence,INSUFFICIENT,0,False
1091,3,3,2026-08-18T20:46:00+00:00,2026-08-23T20:55:00+00:00,5.006,27.28793,73.83944,27.28774,73.83964,0.029,0.006,136.91,SE,LOW,STATIONARY,,stationary,INSUFFICIENT,0,False
1092,1,1,2026-08-18T20:46:00+00:00,2026-08-18T20:46:00+00:00,0.0,27.66689,76.13504,27.66689,76.13504,0.0,0.0,0.0,INSUFFICIENT_DATA,INSUFFICIENT_DATA,INSUFFICIENT_DATA,,insufficient_evidence,INSUFFICIENT,0,False
1093,1,1,2026-08-18T20:46:00+00:00,2026-08-18T20:46:00+00:00,0.0,28.77098,77.56678,28.77098,77.56678,0.0,0.0,0.0,INSUFFICIENT_DATA,INSUFFICIENT_DATA,INSUFFICIENT_DATA,,insufficient_evidence,INSUFFICIENT,0,False
1094,9,6,2026-08-18T20:49:00+00:00,2026-08-24T21:29:00+00:00,6.028,26.25689,74.0946,26.2579,74.09426,0.117,0.019,342.97,N,LOW,STATIONARY,,stationary,INSUFFICIENT,0,False
1095,1,1,2026-08-19T06:22:00+00:00,2026-08-19T06:22:00+00:00,0.0,27.82257,95.50542,27.82257,95.50542,0.0,0.0,0.0,INSUFFICIENT_DATA,INSUFFICIENT_DATA,INSUFFICIENT_DATA,,insufficient_evidence,INSUFFICIENT,0,False
1096,10,2,2026-08-19T07:14:00+00:00,2026-08-20T07:41:00+00:00,1.019,20.79362,85.256,20.7975,85.25756,0.461,0.452,20.63,N,LOW,STATIONARY,,stationary,INSUFFICIENT,0,False
1097,34,8,2026-08-19T07:16:00+00:00,2026-08-29T19:55:00+00:00,10.527,22.36201,87.2967,22.36679,87.29976,0.618,0.059,30.62,NE,LOW,MOVING,,erratic,PRELIMINARY,20,False
1098,2,1,2026-08-19T07:58:00+00:00,2026-08-19T07:58:00+00:00,0.0,8.88592,78.1047,8.88592,78.1047,0.0,0.0,0.0,INSUFFICIENT_DATA,INSUFFICIENT_DATA,INSUFFICIENT_DATA,,insufficient_evidence,INSUFFICIENT,0,False
1099,3,2,2026-08-19T07:58:00+00:00,2026-08-21T08:13:00+00:00,2.01,9.36143,78.66453,9.36559,78.66269,0.505,0.251,336.42,NW,LOW,MOVING,NW,directional,PRELIMINARY,33,True
1100,1,1,2026-08-19T07:58:00+00:00,2026-08-19T07:58:00+00:00,0.0,9.38254,78.68787,9.38254,78.68787,0.0,0.0,0.0,INSUFFICIENT_DATA,INSUFFICIENT_DATA,INSUFFICIENT_DATA,,insufficient_evidence,INSUFFICIENT,0,False
1101,1,1,2026-08-19T07:58:00+00:00,2026-08-19T07:58:00+00:00,0.0,9.49461,78.04112,9.49461,78.04112,0.0,0.0,0.0,INSUFFICIENT_DATA,INSUFFICIENT_DATA,INSUFFICIENT_DATA,,insufficient_evidence,INSUFFICIENT,0,False
1102,2,1,2026-08-19T07:58:00+00:00,2026-08-19T07:58:00+00:00,0.0,10.95978,76.7805,10.95978,76.7805,0.0,0.0,0.0,INSUFFICIENT_DATA,INSUFFICIENT_DATA,INSUFFICIENT_DATA,,insufficient_evidence,INSUFFICIENT,0,False
1103,15,3,2026-08-19T08:01:00+00:00,2026-08-22T20:27:00+00:00,3.518,20.96676,86.00836,20.96982,86.00631,0.401,0.114,328.06,NW,LOW,STATIONARY,,stationary,INSUFFICIENT,0,False
1104,4,1,2026-08-19T08:52:00+00:00,2026-08-19T08:52:00+00:00,0.0,8.64153,77.9015,8.64153,77.9015,0.0,0.0,0.0,INSUFFICIENT_DATA,INSUFFICIENT_DATA,INSUFFICIENT_DATA,,insufficient_evidence,INSUFFICIENT,0,False
1105,21,5,2026-08-19T08:52:00+00:00,2026-08-23T08:22:00+00:00,3.979,8.7413,77.60096,8.73994,77.59967,0.207,0.052,223.32,SW,LOW,STATIONARY,,stationary,INSUFFICIENT,0,False
1106,1,1,2026-08-19T08:52:00+00:00,2026-08-19T08:52:00+00:00,0.0,9.52572,78.76215,9.52572,78.76215,0.0,0.0,0.0,INSUFFICIENT_DATA,INSUFFICIENT_DATA,INSUFFICIENT_DATA,,insufficient_evidence,INSUFFICIENT,0,False
1107,1,1,2026-08-19T08:52:00+00:00,2026-08-19T08:52:00+00:00,0.0,10.74717,78.63906,10.74717,78.63906,0.0,0.0,0.0,INSUFFICIENT_DATA,INSUFFICIENT_DATA,INSUFFICIENT_DATA,,insufficient_evidence,INSUFFICIENT,0,False
1108,1,1,2026-08-19T08:52:00+00:00,2026-08-19T08:52:00+00:00,0.0,10.93393,78.49468,10.93393,78.49468,0.0,0.0,0.0,INSUFFICIENT_DATA,INSUFFICIENT_DATA,INSUFFICIENT_DATA,,insufficient_evidence,INSUFFICIENT,0,False
1109,1,1,2026-08-19T08:52:00+00:00,2026-08-19T08:52:00+00:00,0.0,10.95563,78.40146,10.95563,78.40146,0.0,0.0,0.0,INSUFFICIENT_DATA,INSUFFICIENT_DATA,INSUFFICIENT_DATA,,insufficient_evidence,INSUFFICIENT,0,False
1110,1,1,2026-08-19T18:45:00+00:00,2026-08-19T18:45:00+00:00,0.0,26.77066,94.50631,26.77066,94.50631,0.0,0.0,0.0,INSUFFICIENT_DATA,INSUFFICIENT_DATA,INSUFFICIENT_DATA,,insufficient_evidence,INSUFFICIENT,0,False
1111,5,2,2026-08-19T19:45:00+00:00,2026-08-20T07:41:00+00:00,0.497,20.76092,85.29646,20.75885,85.29925,0.37,0.745,128.43,SE,LOW,STATIONARY,,stationary,INSUFFICIENT,0,False
1112,8,2,2026-08-19T19:45:00+00:00,2026-08-22T20:27:00+00:00,3.029,20.86455,84.99267,20.86391,84.98834,0.455,0.15,260.98,W,LOW,STATIONARY,,stationary,INSUFFICIENT,0,False
1113,7,1,2026-08-19T19:45:00+00:00,2026-08-19T20:29:00+00:00,0.031,20.8875,84.98204,20.8875,84.98204,0.0,0.0,0.0,INSUFFICIENT_DATA,INSUFFICIENT_DATA,INSUFFICIENT_DATA,,insufficient_evidence,INSUFFICIENT,0,False
1114,9,3,2026-08-19T19:45:00+00:00,2026-08-22T19:32:00+00:00,2.991,20.9509,86.04697,20.95187,86.04675,0.11,0.037,348.13,N,LOW,STATIONARY,,stationary,INSUFFICIENT,0,False
1115,28,2,2026-08-19T19:45:00+00:00,2026-08-20T07:41:00+00:00,0.497,20.96703,85.17479,20.9649,85.1677,0.773,1.556,252.16,W,LOW,MOVING,W,directional,PRELIMINARY,33,True
1116,1,1,2026-08-19T19:45:00+00:00,2026-08-19T19:45:00+00:00,0.0,20.96358,86.05087,20.96358,86.05087,0.0,0.0,0.0,INSUFFICIENT_DATA,INSUFFICIENT_DATA,INSUFFICIENT_DATA,,insufficient_evidence,INSUFFICIENT,0,False
1117,3,1,2026-08-19T19:45:00+00:00,2026-08-19T20:29:00+00:00,0.031,20.97857,85.13477,20.97857,85.13477,0.0,0.0,0.0,INSUFFICIENT_DATA,INSUFFICIENT_DATA,INSUFFICIENT_DATA,,insufficient_evidence,INSUFFICIENT,0,False
1118,1,1,2026-08-19T19:45:00+00:00,2026-08-19T19:45:00+00:00,0.0,20.98905,85.12326,20.98905,85.12326,0.0,0.0,0.0,INSUFFICIENT_DATA,INSUFFICIENT_DATA,INSUFFICIENT_DATA,,insufficient_evidence,INSUFFICIENT,0,False
1119,8,2,2026-08-19T19:45:00+00:00,2026-08-22T20:27:00+00:00,3.029,20.99918,86.0206,21.00268,86.02658,0.733,0.242,57.93,NE,LOW,MOVING,NE,directional,PRELIMINARY,33,True
1120,4,1,2026-08-19T19:45:00+00:00,2026-08-19T19:45:00+00:00,0.0,21.07812,85.04108,21.07812,85.04108,0.0,0.0,0.0,INSUFFICIENT_DATA,INSUFFICIENT_DATA,INSUFFICIENT_DATA,,insufficient_evidence,INSUFFICIENT,0,False
1121,7,3,2026-08-19T19:45:00+00:00,2026-08-23T20:08:00+00:00,4.016,22.0567,88.12393,22.05326,88.12505,0.399,0.099,163.22,S,LOW,STATIONARY,,stationary,INSUFFICIENT,0,False
1122,1,1,2026-08-19T19:45:00+00:00,2026-08-19T19:45:00+00:00,0.0,22.05502,85.46635,22.05502,85.46635,0.0,0.0,0.0,INSUFFICIENT_DATA,INSUFFICIENT_DATA,INSUFFICIENT_DATA,,insufficient_evidence,INSUFFICIENT,0,False
1123,2,2,2026-08-19T19:45:00+00:00,2026-08-22T20:27:00+00:00,3.029,22.13304,85.38209,22.13482,85.38378,0.264,0.087,41.33,NE,LOW,STATIONARY,,stationary,INSUFFICIENT,0,False
1124,13,4,2026-08-19T19:45:00+00:00,2026-08-24T20:34:00+00:00,5.034,22.3624,87.01755,22.36645,87.01778,0.451,0.09,3.04,N,LOW,STATIONARY,,stationary,INSUFFICIENT,0,False
1125,5,2,2026-08-19T19:45:00+00:00,2026-08-22T19:32:00+00:00,2.991,22.57449,85.89516,22.57158,85.89577,0.329,0.11,169.03,S,LOW,STATIONARY,,stationary,INSUFFICIENT,0,False
1126,1,1,2026-08-19T19:45:00+00:00,2026-08-19T19:45:00+00:00,0.0,22.61008,85.91367,22.61008,85.91367,0.0,0.0,0.0,INSUFFICIENT_DATA,INSUFFICIENT_DATA,INSUFFICIENT_DATA,,insufficient_evidence,INSUFFICIENT,0,False
1127,5,3,2026-08-19T19:45:00+00:00,2026-08-22T20:27:00+00:00,3.029,22.87508,86.06155,22.87486,86.06344,0.195,0.064,97.04,E,LOW,STATIONARY,,stationary,INSUFFICIENT,0,False
1128,13,6,2026-08-19T19:45:00+00:00,2026-08-25T19:32:00+00:00,5.991,23.66277,87.15364,23.66496,87.15575,0.325,0.054,41.49,NE,LOW,STATIONARY,,stationary,INSUFFICIENT,0,False
1129,45,5,2026-08-19T19:45:00+00:00,2026-08-23T20:55:00+00:00,4.049,23.68259,86.39745,23.67945,86.39684,0.354,0.087,190.05,S,LOW,STATIONARY,,stationary,INSUFFICIENT,0,False
1130,22,5,2026-08-19T19:45:00+00:00,2026-08-29T07:29:00+00:00,9.489,23.6888,87.12442,23.68707,87.12255,0.27,0.028,224.76,SW,LOW,STATIONARY,,stationary,INSUFFICIENT,0,False
1131,13,4,2026-08-19T19:45:00+00:00,2026-08-23T19:13:00+00:00,3.978,23.71062,86.43102,23.72011,86.42212,1.391,0.35,319.35,NW,HIGH,MOVING,NW,directional,HIGH,94,True
1132,39,5,2026-08-19T19:45:00+00:00,2026-08-23T20:08:00+00:00,4.016,23.73766,86.43288,23.72985,86.43707,0.967,0.241,153.78,SE,LOW,MOVING,,erratic,PRELIMINARY,30,False
1133,17,5,2026-08-19T19:45:00+00:00,2026-08-23T19:13:00+00:00,3.978,23.7802,86.3894,23.7795,86.39057,0.142,0.036,123.23,SE,LOW,STATIONARY,,stationary,INSUFFICIENT,0,False
1134,4,3,2026-08-19T19:45:00+00:00,2026-08-21T20:46:00+00:00,2.042,24.92421,84.15677,24.92892,84.14816,1.014,0.497,301.1,NW,MEDIUM,MOVING,NW,directional,MODERATE,63,True
1135,1,1,2026-08-19T19:47:00+00:00,2026-08-19T19:47:00+00:00,0.0,15.29888,80.01089,15.29888,80.01089,0.0,0.0,0.0,INSUFFICIENT_DATA,INSUFFICIENT_DATA,INSUFFICIENT_DATA,,insufficient_evidence,INSUFFICIENT,0,False
1136,1,1,2026-08-19T19:49:00+00:00,2026-08-19T19:49:00+00:00,0.0,9.76584,77.51328,9.76584,77.51328,0.0,0.0,0.0,INSUFFICIENT_DATA,INSUFFICIENT_DATA,INSUFFICIENT_DATA,,insufficient_evidence,INSUFFICIENT,0,False
1137,2,1,2026-08-19T19:49:00+00:00,2026-08-19T19:49:00+00:00,0.0,9.93435,78.31676,9.93435,78.31676,0.0,0.0,0.0,INSUFFICIENT_DATA,INSUFFICIENT_DATA,INSUFFICIENT_DATA,,insufficient_evidence,INSUFFICIENT,0,False
1138,1,1,2026-08-19T20:25:00+00:00,2026-08-19T20:25:00+00:00,0.0,31.24827,76.92823,31.24827,76.92823,0.0,0.0,0.0,INSUFFICIENT_DATA,INSUFFICIENT_DATA,INSUFFICIENT_DATA,,insufficient_evidence,INSUFFICIENT,0,False
1139,8,5,2026-08-19T20:27:00+00:00,2026-08-29T19:02:00+00:00,9.941,22.24626,87.38894,22.2442,87.38879,0.23,0.023,183.73,S,LOW,STATIONARY,,stationary,INSUFFICIENT,0,False
1140,1,1,2026-08-19T20:27:00+00:00,2026-08-19T20:27:00+00:00,0.0,23.51684,87.27125,23.51684,87.27125,0.0,0.0,0.0,INSUFFICIENT_DATA,INSUFFICIENT_DATA,INSUFFICIENT_DATA,,insufficient_evidence,INSUFFICIENT,0,False
1141,4,3,2026-08-19T20:27:00+00:00,2026-08-21T19:49:00+00:00,1.974,23.56305,87.08371,23.56226,87.08412,0.097,0.049,154.56,SE,LOW,STATIONARY,,stationary,INSUFFICIENT,0,False
1142,10,3,2026-08-19T20:27:00+00:00,2026-08-22T19:32:00+00:00,2.962,23.77258,86.36404,23.7748,86.3658,0.306,0.103,35.97,NE,LOW,STATIONARY,,stationary,INSUFFICIENT,0,False
1143,5,4,2026-08-19T20:27:00+00:00,2026-08-23T20:55:00+00:00,4.019,23.78142,86.34557,23.77993,86.34556,0.165,0.041,180.35,S,LOW,STATIONARY,,stationary,INSUFFICIENT,0,False
1144,9,5,2026-08-19T20:27:00+00:00,2026-08-23T20:55:00+00:00,4.019,23.79496,86.35222,23.7934,86.34972,0.308,0.077,235.57,SW,LOW,STATIONARY,,stationary,INSUFFICIENT,0,False
1145,8,2,2026-08-19T20:29:00+00:00,2026-08-20T20:12:00+00:00,0.988,17.95776,80.79111,17.95664,80.79382,0.313,0.316,113.51,SE,LOW,STATIONARY,,stationary,INSUFFICIENT,0,False
1146,2,2,2026-08-19T20:29:00+00:00,2026-08-20T20:12:00+00:00,0.988,17.96787,83.15147,17.96913,83.15405,0.307,0.31,62.82,NE,LOW,STATIONARY,,stationary,INSUFFICIENT,0,False
1147,1,1,2026-08-19T20:29:00+00:00,2026-08-19T20:29:00+00:00,0.0,17.98248,80.82807,17.98248,80.82807,0.0,0.0,0.0,INSUFFICIENT_DATA,INSUFFICIENT_DATA,INSUFFICIENT_DATA,,insufficient_evidence,INSUFFICIENT,0,False
1148,1,1,2026-08-19T20:29:00+00:00,2026-08-19T20:29:00+00:00,0.0,20.96873,85.1527,20.96873,85.1527,0.0,0.0,0.0,INSUFFICIENT_DATA,INSUFFICIENT_DATA,INSUFFICIENT_DATA,,insufficient_evidence,INSUFFICIENT,0,False
1149,1,1,2026-08-19T20:32:00+00:00,2026-08-19T20:32:00+00:00,0.0,11.42396,77.4256,11.42396,77.4256,0.0,0.0,0.0,INSUFFICIENT_DATA,INSUFFICIENT_DATA,INSUFFICIENT_DATA,,insufficient_evidence,INSUFFICIENT,0,False
1150,15,7,2026-08-19T21:25:00+00:00,2026-08-29T20:44:00+00:00,9.972,18.69369,73.04151,18.68026,73.03724,1.559,0.156,196.77,S,HIGH,MOVING,,erratic,PRELIMINARY,30,False
1151,1,1,2026-08-20T06:59:00+00:00,2026-08-20T06:59:00+00:00,0.0,26.26204,91.96658,26.26204,91.96658,0.0,0.0,0.0,INSUFFICIENT_DATA,INSUFFICIENT_DATA,INSUFFICIENT_DATA,,insufficient_evidence,INSUFFICIENT,0,False
1152,3,1,2026-08-20T07:37:00+00:00,2026-08-20T08:35:00+00:00,0.04,9.06667,77.75014,9.06667,77.75014,0.0,0.0,0.0,INSUFFICIENT_DATA,INSUFFICIENT_DATA,INSUFFICIENT_DATA,,insufficient_evidence,INSUFFICIENT,0,False
1153,2,1,2026-08-20T07:37:00+00:00,2026-08-20T07:37:00+00:00,0.0,9.14218,77.53362,9.14218,77.53362,0.0,0.0,0.0,INSUFFICIENT_DATA,INSUFFICIENT_DATA,INSUFFICIENT_DATA,,insufficient_evidence,INSUFFICIENT,0,False
1154,1,1,2026-08-20T07:39:00+00:00,2026-08-20T07:39:00+00:00,0.0,16.19041,78.37185,16.19041,78.37185,0.0,0.0,0.0,INSUFFICIENT_DATA,INSUFFICIENT_DATA,INSUFFICIENT_DATA,,insufficient_evidence,INSUFFICIENT,0,False
1155,1,1,2026-08-20T07:39:00+00:00,2026-08-20T07:39:00+00:00,0.0,16.97086,77.69366,16.97086,77.69366,0.0,0.0,0.0,INSUFFICIENT_DATA,INSUFFICIENT_DATA,INSUFFICIENT_DATA,,insufficient_evidence,INSUFFICIENT,0,False
1156,3,1,2026-08-20T07:39:00+00:00,2026-08-20T08:37:00+00:00,0.04,17.50902,82.95098,17.50902,82.95098,0.0,0.0,0.0,INSUFFICIENT_DATA,INSUFFICIENT_DATA,INSUFFICIENT_DATA,,insufficient_evidence,INSUFFICIENT,0,False
1157,1,1,2026-08-20T07:39:00+00:00,2026-08-20T07:39:00+00:00,0.0,17.53239,83.00151,17.53239,83.00151,0.0,0.0,0.0,INSUFFICIENT_DATA,INSUFFICIENT_DATA,INSUFFICIENT_DATA,,insufficient_evidence,INSUFFICIENT,0,False
1158,1,1,2026-08-20T07:39:00+00:00,2026-08-20T07:39:00+00:00,0.0,17.60865,83.20535,17.60865,83.20535,0.0,0.0,0.0,INSUFFICIENT_DATA,INSUFFICIENT_DATA,INSUFFICIENT_DATA,,insufficient_evidence,INSUFFICIENT,0,False
1159,1,1,2026-08-20T07:39:00+00:00,2026-08-20T07:39:00+00:00,0.0,18.64043,74.56492,18.64043,74.56492,0.0,0.0,0.0,INSUFFICIENT_DATA,INSUFFICIENT_DATA,INSUFFICIENT_DATA,,insufficient_evidence,INSUFFICIENT,0,False
1160,1,1,2026-08-20T07:44:00+00:00,2026-08-20T07:44:00+00:00,0.0,30.36296,74.2361,30.36296,74.2361,0.0,0.0,0.0,INSUFFICIENT_DATA,INSUFFICIENT_DATA,INSUFFICIENT_DATA,,insufficient_evidence,INSUFFICIENT,0,False
1161,1,1,2026-08-20T08:35:00+00:00,2026-08-20T08:35:00+00:00,0.0,8.73457,78.0784,8.73457,78.0784,0.0,0.0,0.0,INSUFFICIENT_DATA,INSUFFICIENT_DATA,INSUFFICIENT_DATA,,insufficient_evidence,INSUFFICIENT,0,False
1162,2,1,2026-08-20T08:35:00+00:00,2026-08-20T08:35:00+00:00,0.0,8.82614,77.81571,8.82614,77.81571,0.0,0.0,0.0,INSUFFICIENT_DATA,INSUFFICIENT_DATA,INSUFFICIENT_DATA,,insufficient_evidence,INSUFFICIENT,0,False
1163,1,1,2026-08-20T08:35:00+00:00,2026-08-20T08:35:00+00:00,0.0,9.01934,77.891,9.01934,77.891,0.0,0.0,0.0,INSUFFICIENT_DATA,INSUFFICIENT_DATA,INSUFFICIENT_DATA,,insufficient_evidence,INSUFFICIENT,0,False
1164,1,1,2026-08-20T08:35:00+00:00,2026-08-20T08:35:00+00:00,0.0,9.07037,77.43026,9.07037,77.43026,0.0,0.0,0.0,INSUFFICIENT_DATA,INSUFFICIENT_DATA,INSUFFICIENT_DATA,,insufficient_evidence,INSUFFICIENT,0,False
1165,1,1,2026-08-20T08:35:00+00:00,2026-08-20T08:35:00+00:00,0.0,10.13192,77.77665,10.13192,77.77665,0.0,0.0,0.0,INSUFFICIENT_DATA,INSUFFICIENT_DATA,INSUFFICIENT_DATA,,insufficient_evidence,INSUFFICIENT,0,False
1166,1,1,2026-08-20T08:35:00+00:00,2026-08-20T08:35:00+00:00,0.0,11.56117,79.1529,11.56117,79.1529,0.0,0.0,0.0,INSUFFICIENT_DATA,INSUFFICIENT_DATA,INSUFFICIENT_DATA,,insufficient_evidence,INSUFFICIENT,0,False
1167,1,1,2026-08-20T08:35:00+00:00,2026-08-20T08:35:00+00:00,0.0,11.65141,79.12849,11.65141,79.12849,0.0,0.0,0.0,INSUFFICIENT_DATA,INSUFFICIENT_DATA,INSUFFICIENT_DATA,,insufficient_evidence,INSUFFICIENT,0,False
1168,1,1,2026-08-20T08:35:00+00:00,2026-08-20T08:35:00+00:00,0.0,11.72925,78.97382,11.72925,78.97382,0.0,0.0,0.0,INSUFFICIENT_DATA,INSUFFICIENT_DATA,INSUFFICIENT_DATA,,insufficient_evidence,INSUFFICIENT,0,False
1169,1,1,2026-08-20T08:35:00+00:00,2026-08-20T08:35:00+00:00,0.0,13.27826,79.15017,13.27826,79.15017,0.0,0.0,0.0,INSUFFICIENT_DATA,INSUFFICIENT_DATA,INSUFFICIENT_DATA,,insufficient_evidence,INSUFFICIENT,0,False
1170,1,1,2026-08-20T08:35:00+00:00,2026-08-20T08:35:00+00:00,0.0,13.30639,76.27603,13.30639,76.27603,0.0,0.0,0.0,INSUFFICIENT_DATA,INSUFFICIENT_DATA,INSUFFICIENT_DATA,,insufficient_evidence,INSUFFICIENT,0,False
1171,1,1,2026-08-20T08:35:00+00:00,2026-08-20T08:35:00+00:00,0.0,14.16944,77.45648,14.16944,77.45648,0.0,0.0,0.0,INSUFFICIENT_DATA,INSUFFICIENT_DATA,INSUFFICIENT_DATA,,insufficient_evidence,INSUFFICIENT,0,False
1172,1,1,2026-08-20T08:35:00+00:00,2026-08-20T08:35:00+00:00,0.0,14.39635,78.58465,14.39635,78.58465,0.0,0.0,0.0,INSUFFICIENT_DATA,INSUFFICIENT_DATA,INSUFFICIENT_DATA,,insufficient_evidence,INSUFFICIENT,0,False
1173,1,1,2026-08-20T08:35:00+00:00,2026-08-20T08:35:00+00:00,0.0,17.56894,75.63644,17.56894,75.63644,0.0,0.0,0.0,INSUFFICIENT_DATA,INSUFFICIENT_DATA,INSUFFICIENT_DATA,,insufficient_evidence,INSUFFICIENT,0,False
1174,1,1,2026-08-20T08:37:00+00:00,2026-08-20T08:37:00+00:00,0.0,14.90438,77.5486,14.90438,77.5486,0.0,0.0,0.0,INSUFFICIENT_DATA,INSUFFICIENT_DATA,INSUFFICIENT_DATA,,insufficient_evidence,INSUFFICIENT,0,False
1175,1,1,2026-08-20T08:39:00+00:00,2026-08-20T08:39:00+00:00,0.0,29.39208,74.30708,29.39208,74.30708,0.0,0.0,0.0,INSUFFICIENT_DATA,INSUFFICIENT_DATA,INSUFFICIENT_DATA,,insufficient_evidence,INSUFFICIENT,0,False
1176,1,1,2026-08-20T19:23:00+00:00,2026-08-20T19:23:00+00:00,0.0,23.50349,87.32597,23.50349,87.32597,0.0,0.0,0.0,INSUFFICIENT_DATA,INSUFFICIENT_DATA,INSUFFICIENT_DATA,,insufficient_evidence,INSUFFICIENT,0,False
1177,18,6,2026-08-20T19:23:00+00:00,2026-08-30T07:09:00+00:00,9.49,23.55669,87.24102,23.55893,87.23925,0.308,0.032,324.05,NW,LOW,STATIONARY,,stationary,INSUFFICIENT,0,False
1178,11,3,2026-08-20T19:23:00+00:00,2026-08-22T20:27:00+00:00,2.044,23.64904,85.43728,23.64739,85.43885,0.243,0.119,139.16,SE,LOW,STATIONARY,,stationary,INSUFFICIENT,0,False
1179,6,4,2026-08-20T19:23:00+00:00,2026-08-24T19:49:00+00:00,4.018,23.65808,85.50532,23.65726,85.50792,0.281,0.07,108.97,E,LOW,STATIONARY,,stationary,INSUFFICIENT,0,False
1180,6,3,2026-08-20T19:23:00+00:00,2026-08-24T19:49:00+00:00,4.018,23.66723,84.9973,23.66972,84.99499,0.363,0.09,319.62,NW,LOW,STATIONARY,,stationary,INSUFFICIENT,0,False
1181,2,1,2026-08-20T19:23:00+00:00,2026-08-20T19:23:00+00:00,0.0,23.67912,86.07,23.67912,86.07,0.0,0.0,0.0,INSUFFICIENT_DATA,INSUFFICIENT_DATA,INSUFFICIENT_DATA,,insufficient_evidence,INSUFFICIENT,0,False
1182,3,2,2026-08-20T19:23:00+00:00,2026-08-22T20:27:00+00:00,2.044,23.69632,85.36782,23.6965,85.3699,0.213,0.104,84.45,E,LOW,STATIONARY,,stationary,INSUFFICIENT,0,False
1183,2,1,2026-08-20T19:23:00+00:00,2026-08-20T20:10:00+00:00,0.033,23.74442,85.50509,23.74442,85.50509,0.0,0.0,0.0,INSUFFICIENT_DATA,INSUFFICIENT_DATA,INSUFFICIENT_DATA,,insufficient_evidence,INSUFFICIENT,0,False
1184,3,2,2026-08-20T19:23:00+00:00,2026-08-22T19:32:00+00:00,2.006,23.77616,85.99555,23.77445,85.99725,0.257,0.128,137.7,SE,LOW,STATIONARY,,stationary,INSUFFICIENT,0,False
1185,7,3,2026-08-20T19:23:00+00:00,2026-08-23T20:08:00+00:00,3.031,24.11533,86.85748,24.11819,86.86296,0.64,0.211,60.24,NE,LOW,MOVING,NE,directional,MODERATE,65,True
1186,1,1,2026-08-20T19:23:00+00:00,2026-08-20T19:23:00+00:00,0.0,27.37922,95.33605,27.37922,95.33605,0.0,0.0,0.0,INSUFFICIENT_DATA,INSUFFICIENT_DATA,INSUFFICIENT_DATA,,insufficient_evidence,INSUFFICIENT,0,False
1187,2,1,2026-08-20T19:25:00+00:00,2026-08-20T19:25:00+00:00,0.0,21.75638,84.0226,21.75638,84.0226,0.0,0.0,0.0,INSUFFICIENT_DATA,INSUFFICIENT_DATA,INSUFFICIENT_DATA,,insufficient_evidence,INSUFFICIENT,0,False
1188,1,1,2026-08-20T19:25:00+00:00,2026-08-20T19:25:00+00:00,0.0,21.76537,85.57951,21.76537,85.57951,0.0,0.0,0.0,INSUFFICIENT_DATA,INSUFFICIENT_DATA,INSUFFICIENT_DATA,,insufficient_evidence,INSUFFICIENT,0,False
1189,1,1,2026-08-20T19:25:00+00:00,2026-08-20T19:25:00+00:00,0.0,21.9578,83.80929,21.9578,83.80929,0.0,0.0,0.0,INSUFFICIENT_DATA,INSUFFICIENT_DATA,INSUFFICIENT_DATA,,insufficient_evidence,INSUFFICIENT,0,False
1190,4,1,2026-08-20T19:28:00+00:00,2026-08-20T19:28:00+00:00,0.0,14.82862,79.30465,14.82862,79.30465,0.0,0.0,0.0,INSUFFICIENT_DATA,INSUFFICIENT_DATA,INSUFFICIENT_DATA,,insufficient_evidence,INSUFFICIENT,0,False
1191,1,1,2026-08-20T20:08:00+00:00,2026-08-20T20:08:00+00:00,0.0,26.75916,83.19909,26.75916,83.19909,0.0,0.0,0.0,INSUFFICIENT_DATA,INSUFFICIENT_DATA,INSUFFICIENT_DATA,,insufficient_evidence,INSUFFICIENT,0,False
1192,1,1,2026-08-20T20:08:00+00:00,2026-08-20T20:08:00+00:00,0.0,28.13022,76.89521,28.13022,76.89521,0.0,0.0,0.0,INSUFFICIENT_DATA,INSUFFICIENT_DATA,INSUFFICIENT_DATA,,insufficient_evidence,INSUFFICIENT,0,False
1193,2,1,2026-08-20T20:08:00+00:00,2026-08-20T20:08:00+00:00,0.0,28.71248,76.83342,28.71248,76.83342,0.0,0.0,0.0,INSUFFICIENT_DATA,INSUFFICIENT_DATA,INSUFFICIENT_DATA,,insufficient_evidence,INSUFFICIENT,0,False
1194,2,1,2026-08-20T20:08:00+00:00,2026-08-20T21:04:00+00:00,0.039,28.74401,76.9272,28.74401,76.9272,0.0,0.0,0.0,INSUFFICIENT_DATA,INSUFFICIENT_DATA,INSUFFICIENT_DATA,,insufficient_evidence,INSUFFICIENT,0,False
1195,23,3,2026-08-20T20:08:00+00:00,2026-08-23T20:53:00+00:00,3.031,29.45812,76.8644,29.4581,76.86561,0.118,0.039,90.73,E,LOW,STATIONARY,,stationary,INSUFFICIENT,0,False
1196,1,1,2026-08-20T20:08:00+00:00,2026-08-20T20:08:00+00:00,0.0,33.43012,78.19984,33.43012,78.19984,0.0,0.0,0.0,INSUFFICIENT_DATA,INSUFFICIENT_DATA,INSUFFICIENT_DATA,,insufficient_evidence,INSUFFICIENT,0,False
1197,1,1,2026-08-20T20:10:00+00:00,2026-08-20T20:10:00+00:00,0.0,19.92169,79.11499,19.92169,79.11499,0.0,0.0,0.0,INSUFFICIENT_DATA,INSUFFICIENT_DATA,INSUFFICIENT_DATA,,insufficient_evidence,INSUFFICIENT,0,False
1198,18,5,2026-08-20T20:10:00+00:00,2026-08-28T08:33:00+00:00,7.516,21.7467,83.84206,21.748,83.84404,0.25,0.033,54.67,NE,LOW,STATIONARY,,stationary,INSUFFICIENT,0,False
1199,2,1,2026-08-20T20:10:00+00:00,2026-08-20T20:10:00+00:00,0.0,21.76754,84.01966,21.76754,84.01966,0.0,0.0,0.0,INSUFFICIENT_DATA,INSUFFICIENT_DATA,INSUFFICIENT_DATA,,insufficient_evidence,INSUFFICIENT,0,False
1200,1,1,2026-08-20T20:10:00+00:00,2026-08-20T20:10:00+00:00,0.0,21.79336,83.9878,21.79336,83.9878,0.0,0.0,0.0,INSUFFICIENT_DATA,INSUFFICIENT_DATA,INSUFFICIENT_DATA,,insufficient_evidence,INSUFFICIENT,0,False
1201,2,1,2026-08-20T20:10:00+00:00,2026-08-20T20:10:00+00:00,0.0,21.80163,83.89196,21.80163,83.89196,0.0,0.0,0.0,INSUFFICIENT_DATA,INSUFFICIENT_DATA,INSUFFICIENT_DATA,,insufficient_evidence,INSUFFICIENT,0,False
1202,1,1,2026-08-20T20:10:00+00:00,2026-08-20T20:10:00+00:00,0.0,21.8591,83.96842,21.8591,83.96842,0.0,0.0,0.0,INSUFFICIENT_DATA,INSUFFICIENT_DATA,INSUFFICIENT_DATA,,insufficient_evidence,INSUFFICIENT,0,False
1203,1,1,2026-08-20T20:10:00+00:00,2026-08-20T20:10:00+00:00,0.0,21.96282,83.77252,21.96282,83.77252,0.0,0.0,0.0,INSUFFICIENT_DATA,INSUFFICIENT_DATA,INSUFFICIENT_DATA,,insufficient_evidence,INSUFFICIENT,0,False
1204,2,2,2026-08-20T20:10:00+00:00,2026-08-22T20:27:00+00:00,2.012,22.01404,83.75465,22.01529,83.75329,0.197,0.098,314.75,NW,LOW,STATIONARY,,stationary,INSUFFICIENT,0,False
1205,3,1,2026-08-20T20:10:00+00:00,2026-08-20T20:10:00+00:00,0.0,22.03959,83.73192,22.03959,83.73192,0.0,0.0,0.0,INSUFFICIENT_DATA,INSUFFICIENT_DATA,INSUFFICIENT_DATA,,insufficient_evidence,INSUFFICIENT,0,False
1206,1,1,2026-08-20T20:10:00+00:00,2026-08-20T20:10:00+00:00,0.0,22.06585,83.70532,22.06585,83.70532,0.0,0.0,0.0,INSUFFICIENT_DATA,INSUFFICIENT_DATA,INSUFFICIENT_DATA,,insufficient_evidence,INSUFFICIENT,0,False
1207,4,3,2026-08-20T20:10:00+00:00,2026-08-23T20:08:00+00:00,2.999,23.55139,86.54254,23.55169,86.54234,0.039,0.013,328.57,NW,LOW,STATIONARY,,stationary,INSUFFICIENT,0,False
1208,1,1,2026-08-20T20:10:00+00:00,2026-08-20T20:10:00+00:00,0.0,23.66319,85.5509,23.66319,85.5509,0.0,0.0,0.0,INSUFFICIENT_DATA,INSUFFICIENT_DATA,INSUFFICIENT_DATA,,insufficient_evidence,INSUFFICIENT,0,False
1209,1,1,2026-08-20T20:10:00+00:00,2026-08-20T20:10:00+00:00,0.0,23.66539,86.91727,23.66539,86.91727,0.0,0.0,0.0,INSUFFICIENT_DATA,INSUFFICIENT_DATA,INSUFFICIENT_DATA,,insufficient_evidence,INSUFFICIENT,0,False
1210,2,1,2026-08-20T20:10:00+00:00,2026-08-20T20:10:00+00:00,0.0,23.69584,85.29008,23.69584,85.29008,0.0,0.0,0.0,INSUFFICIENT_DATA,INSUFFICIENT_DATA,INSUFFICIENT_DATA,,insufficient_evidence,INSUFFICIENT,0,False
1211,2,2,2026-08-20T20:10:00+00:00,2026-08-22T20:27:00+00:00,2.012,23.72135,85.00805,23.72109,85.00806,0.029,0.014,177.98,S,LOW,STATIONARY,,stationary,INSUFFICIENT,0,False
1212,2,2,2026-08-20T20:10:00+00:00,2026-08-22T20:27:00+00:00,2.012,23.73912,85.00741,23.74177,85.00876,0.325,0.162,25.0,NE,LOW,STATIONARY,,stationary,INSUFFICIENT,0,False
1213,10,4,2026-08-20T20:10:00+00:00,2026-08-24T19:49:00+00:00,3.985,23.75732,85.85361,23.75861,85.85361,0.143,0.036,359.86,N,LOW,STATIONARY,,stationary,INSUFFICIENT,0,False
1214,3,3,2026-08-20T20:10:00+00:00,2026-08-22T20:27:00+00:00,2.012,23.78648,85.55334,23.78721,85.55401,0.106,0.053,40.02,NE,LOW,STATIONARY,,stationary,INSUFFICIENT,0,False
1215,1,1,2026-08-20T20:10:00+00:00,2026-08-20T20:10:00+00:00,0.0,23.80334,85.5392,23.80334,85.5392,0.0,0.0,0.0,INSUFFICIENT_DATA,INSUFFICIENT_DATA,INSUFFICIENT_DATA,,insufficient_evidence,INSUFFICIENT,0,False
1216,5,1,2026-08-20T20:10:00+00:00,2026-08-20T20:10:00+00:00,0.0,23.82414,85.49726,23.82414,85.49726,0.0,0.0,0.0,INSUFFICIENT_DATA,INSUFFICIENT_DATA,INSUFFICIENT_DATA,,insufficient_evidence,INSUFFICIENT,0,False
1217,4,3,2026-08-20T20:10:00+00:00,2026-08-22T20:27:00+00:00,2.012,24.7619,74.60608,24.76343,74.60846,0.294,0.146,54.7,NE,LOW,STATIONARY,,stationary,INSUFFICIENT,0,False
1218,6,2,2026-08-20T20:12:00+00:00,2026-08-21T20:51:00+00:00,1.027,15.17724,77.10256,15.17734,77.102,0.061,0.059,280.2,W,LOW,STATIONARY,,stationary,INSUFFICIENT,0,False
1219,9,2,2026-08-20T20:12:00+00:00,2026-08-21T20:51:00+00:00,1.027,15.33275,76.28537,15.3367,76.28051,0.681,0.663,310.14,NW,LOW,MOVING,NW,directional,PRELIMINARY,33,True
1220,1,1,2026-08-20T20:12:00+00:00,2026-08-20T20:12:00+00:00,0.0,16.35903,81.28316,16.35903,81.28316,0.0,0.0,0.0,INSUFFICIENT_DATA,INSUFFICIENT_DATA,INSUFFICIENT_DATA,,insufficient_evidence,INSUFFICIENT,0,False
1221,1,1,2026-08-20T20:14:00+00:00,2026-08-20T20:14:00+00:00,0.0,9.27709,78.06376,9.27709,78.06376,0.0,0.0,0.0,INSUFFICIENT_DATA,INSUFFICIENT_DATA,INSUFFICIENT_DATA,,insufficient_evidence,INSUFFICIENT,0,False
1222,1,1,2026-08-20T20:14:00+00:00,2026-08-20T20:14:00+00:00,0.0,12.03978,79.0528,12.03978,79.0528,0.0,0.0,0.0,INSUFFICIENT_DATA,INSUFFICIENT_DATA,INSUFFICIENT_DATA,,insufficient_evidence,INSUFFICIENT,0,False
1223,1,1,2026-08-20T20:14:00+00:00,2026-08-20T20:14:00+00:00,0.0,12.04919,79.05791,12.04919,79.05791,0.0,0.0,0.0,INSUFFICIENT_DATA,INSUFFICIENT_DATA,INSUFFICIENT_DATA,,insufficient_evidence,INSUFFICIENT,0,False
1224,1,1,2026-08-20T20:14:00+00:00,2026-08-20T20:14:00+00:00,0.0,12.68491,76.4514,12.68491,76.4514,0.0,0.0,0.0,INSUFFICIENT_DATA,INSUFFICIENT_DATA,INSUFFICIENT_DATA,,insufficient_evidence,INSUFFICIENT,0,False
1225,1,1,2026-08-20T20:14:00+00:00,2026-08-20T20:14:00+00:00,0.0,12.91629,77.42502,12.91629,77.42502,0.0,0.0,0.0,INSUFFICIENT_DATA,INSUFFICIENT_DATA,INSUFFICIENT_DATA,,insufficient_evidence,INSUFFICIENT,0,False
1226,13,7,2026-08-20T21:04:00+00:00,2026-08-29T21:36:00+00:00,9.022,25.94165,72.19371,25.94203,72.1932,0.066,0.007,309.64,NW,LOW,STATIONARY,,stationary,INSUFFICIENT,0,False
1227,1,1,2026-08-20T21:04:00+00:00,2026-08-20T21:04:00+00:00,0.0,26.92761,73.46851,26.92761,73.46851,0.0,0.0,0.0,INSUFFICIENT_DATA,INSUFFICIENT_DATA,INSUFFICIENT_DATA,,insufficient_evidence,INSUFFICIENT,0,False
1228,5,1,2026-08-20T21:04:00+00:00,2026-08-20T21:48:00+00:00,0.031,29.90999,74.95113,29.90999,74.95113,0.0,0.0,0.0,INSUFFICIENT_DATA,INSUFFICIENT_DATA,INSUFFICIENT_DATA,,insufficient_evidence,INSUFFICIENT,0,False
1229,1,1,2026-08-20T21:06:00+00:00,2026-08-20T21:06:00+00:00,0.0,19.07515,73.13273,19.07515,73.13273,0.0,0.0,0.0,INSUFFICIENT_DATA,INSUFFICIENT_DATA,INSUFFICIENT_DATA,,insufficient_evidence,INSUFFICIENT,0,False
1230,2,1,2026-08-20T21:06:00+00:00,2026-08-20T21:06:00+00:00,0.0,19.80346,78.8647,19.80346,78.8647,0.0,0.0,0.0,INSUFFICIENT_DATA,INSUFFICIENT_DATA,INSUFFICIENT_DATA,,insufficient_evidence,INSUFFICIENT,0,False
1231,1,1,2026-08-20T21:08:00+00:00,2026-08-20T21:08:00+00:00,0.0,11.60833,77.55147,11.60833,77.55147,0.0,0.0,0.0,INSUFFICIENT_DATA,INSUFFICIENT_DATA,INSUFFICIENT_DATA,,insufficient_evidence,INSUFFICIENT,0,False
1232,1,1,2026-08-20T21:08:00+00:00,2026-08-20T21:08:00+00:00,0.0,12.66981,76.85625,12.66981,76.85625,0.0,0.0,0.0,INSUFFICIENT_DATA,INSUFFICIENT_DATA,INSUFFICIENT_DATA,,insufficient_evidence,INSUFFICIENT,0,False
1233,2,1,2026-08-20T21:08:00+00:00,2026-08-20T21:08:00+00:00,0.0,12.86769,78.89711,12.86769,78.89711,0.0,0.0,0.0,INSUFFICIENT_DATA,INSUFFICIENT_DATA,INSUFFICIENT_DATA,,insufficient_evidence,INSUFFICIENT,0,False
1234,4,2,2026-08-20T21:08:00+00:00,2026-08-21T20:51:00+00:00,0.988,15.13797,76.71019,15.13628,76.70946,0.204,0.207,202.57,SW,LOW,STATIONARY,,stationary,INSUFFICIENT,0,False
1235,1,1,2026-08-20T21:08:00+00:00,2026-08-20T21:08:00+00:00,0.0,15.18593,76.31431,15.18593,76.31431,0.0,0.0,0.0,INSUFFICIENT_DATA,INSUFFICIENT_DATA,INSUFFICIENT_DATA,,insufficient_evidence,INSUFFICIENT,0,False
1236,4,1,2026-08-21T07:20:00+00:00,2026-08-21T08:13:00+00:00,0.037,9.46115,77.93758,9.46115,77.93758,0.0,0.0,0.0,INSUFFICIENT_DATA,INSUFFICIENT_DATA,INSUFFICIENT_DATA,,insufficient_evidence,INSUFFICIENT,0,False
1237,2,1,2026-08-21T07:20:00+00:00,2026-08-21T08:13:00+00:00,0.037,9.55564,78.2877,9.55564,78.2877,0.0,0.0,0.0,INSUFFICIENT_DATA,INSUFFICIENT_DATA,INSUFFICIENT_DATA,,insufficient_evidence,INSUFFICIENT,0,False
1238,2,1,2026-08-21T07:20:00+00:00,2026-08-21T08:16:00+00:00,0.039,9.91636,77.88071,9.91636,77.88071,0.0,0.0,0.0,INSUFFICIENT_DATA,INSUFFICIENT_DATA,INSUFFICIENT_DATA,,insufficient_evidence,INSUFFICIENT,0,False
1239,2,1,2026-08-21T07:20:00+00:00,2026-08-21T07:20:00+00:00,0.0,10.02123,77.58054,10.02123,77.58054,0.0,0.0,0.0,INSUFFICIENT_DATA,INSUFFICIENT_DATA,INSUFFICIENT_DATA,,insufficient_evidence,INSUFFICIENT,0,False
1240,6,1,2026-08-21T07:20:00+00:00,2026-08-21T20:51:00+00:00,0.563,10.04965,77.95272,10.04965,77.95272,0.0,0.0,0.0,INSUFFICIENT_DATA,INSUFFICIENT_DATA,INSUFFICIENT_DATA,,insufficient_evidence,INSUFFICIENT,0,False
1241,2,1,2026-08-21T07:20:00+00:00,2026-08-21T08:16:00+00:00,0.039,10.40752,77.98702,10.40752,77.98702,0.0,0.0,0.0,INSUFFICIENT_DATA,INSUFFICIENT_DATA,INSUFFICIENT_DATA,,insufficient_evidence,INSUFFICIENT,0,False
1242,3,1,2026-08-21T07:20:00+00:00,2026-08-21T08:16:00+00:00,0.039,11.71203,79.12705,11.71203,79.12705,0.0,0.0,0.0,INSUFFICIENT_DATA,INSUFFICIENT_DATA,INSUFFICIENT_DATA,,insufficient_evidence,INSUFFICIENT,0,False
1243,2,1,2026-08-21T07:20:00+00:00,2026-08-21T07:20:00+00:00,0.0,11.77646,78.67168,11.77646,78.67168,0.0,0.0,0.0,INSUFFICIENT_DATA,INSUFFICIENT_DATA,INSUFFICIENT_DATA,,insufficient_evidence,INSUFFICIENT,0,False
1244,1,1,2026-08-21T07:20:00+00:00,2026-08-21T07:20:00+00:00,0.0,12.3086,79.8354,12.3086,79.8354,0.0,0.0,0.0,INSUFFICIENT_DATA,INSUFFICIENT_DATA,INSUFFICIENT_DATA,,insufficient_evidence,INSUFFICIENT,0,False
1245,1,1,2026-08-21T07:20:00+00:00,2026-08-21T07:20:00+00:00,0.0,13.40486,80.21468,13.40486,80.21468,0.0,0.0,0.0,INSUFFICIENT_DATA,INSUFFICIENT_DATA,INSUFFICIENT_DATA,,insufficient_evidence,INSUFFICIENT,0,False
1246,2,1,2026-08-21T07:20:00+00:00,2026-08-21T08:16:00+00:00,0.039,14.60578,79.6603,14.60578,79.6603,0.0,0.0,0.0,INSUFFICIENT_DATA,INSUFFICIENT_DATA,INSUFFICIENT_DATA,,insufficient_evidence,INSUFFICIENT,0,False
1247,1,1,2026-08-21T07:20:00+00:00,2026-08-21T07:20:00+00:00,0.0,14.67207,79.82387,14.67207,79.82387,0.0,0.0,0.0,INSUFFICIENT_DATA,INSUFFICIENT_DATA,INSUFFICIENT_DATA,,insufficient_evidence,INSUFFICIENT,0,False
1248,3,1,2026-08-21T07:20:00+00:00,2026-08-21T08:16:00+00:00,0.039,14.68724,79.73738,14.68724,79.73738,0.0,0.0,0.0,INSUFFICIENT_DATA,INSUFFICIENT_DATA,INSUFFICIENT_DATA,,insufficient_evidence,INSUFFICIENT,0,False
1249,1,1,2026-08-21T07:20:00+00:00,2026-08-21T07:20:00+00:00,0.0,14.75264,79.70685,14.75264,79.70685,0.0,0.0,0.0,INSUFFICIENT_DATA,INSUFFICIENT_DATA,INSUFFICIENT_DATA,,insufficient_evidence,INSUFFICIENT,0,False
1250,1,1,2026-08-21T07:20:00+00:00,2026-08-21T07:20:00+00:00,0.0,14.78502,79.98163,14.78502,79.98163,0.0,0.0,0.0,INSUFFICIENT_DATA,INSUFFICIENT_DATA,INSUFFICIENT_DATA,,insufficient_evidence,INSUFFICIENT,0,False
1251,3,1,2026-08-21T07:22:00+00:00,2026-08-21T08:16:00+00:00,0.037,14.52541,77.43501,14.52541,77.43501,0.0,0.0,0.0,INSUFFICIENT_DATA,INSUFFICIENT_DATA,INSUFFICIENT_DATA,,insufficient_evidence,INSUFFICIENT,0,False
1252,2,1,2026-08-21T07:22:00+00:00,2026-08-21T08:16:00+00:00,0.037,15.10608,79.37631,15.10608,79.37631,0.0,0.0,0.0,INSUFFICIENT_DATA,INSUFFICIENT_DATA,INSUFFICIENT_DATA,,insufficient_evidence,INSUFFICIENT,0,False
1253,1,1,2026-08-21T07:22:00+00:00,2026-08-21T07:22:00+00:00,0.0,15.74401,79.29642,15.74401,79.29642,0.0,0.0,0.0,INSUFFICIENT_DATA,INSUFFICIENT_DATA,INSUFFICIENT_DATA,,insufficient_evidence,INSUFFICIENT,0,False
1254,1,1,2026-08-21T07:22:00+00:00,2026-08-21T07:22:00+00:00,0.0,15.81428,80.01816,15.81428,80.01816,0.0,0.0,0.0,INSUFFICIENT_DATA,INSUFFICIENT_DATA,INSUFFICIENT_DATA,,insufficient_evidence,INSUFFICIENT,0,False
1255,1,1,2026-08-21T07:22:00+00:00,2026-08-21T07:22:00+00:00,0.0,16.60639,79.74261,16.60639,79.74261,0.0,0.0,0.0,INSUFFICIENT_DATA,INSUFFICIENT_DATA,INSUFFICIENT_DATA,,insufficient_evidence,INSUFFICIENT,0,False
1256,1,1,2026-08-21T07:22:00+00:00,2026-08-21T07:22:00+00:00,0.0,17.23297,79.42318,17.23297,79.42318,0.0,0.0,0.0,INSUFFICIENT_DATA,INSUFFICIENT_DATA,INSUFFICIENT_DATA,,insufficient_evidence,INSUFFICIENT,0,False
1257,1,1,2026-08-21T07:22:00+00:00,2026-08-21T07:22:00+00:00,0.0,17.49645,82.98081,17.49645,82.98081,0.0,0.0,0.0,INSUFFICIENT_DATA,INSUFFICIENT_DATA,INSUFFICIENT_DATA,,insufficient_evidence,INSUFFICIENT,0,False
1258,1,1,2026-08-21T07:22:00+00:00,2026-08-21T07:22:00+00:00,0.0,23.48346,87.3627,23.48346,87.3627,0.0,0.0,0.0,INSUFFICIENT_DATA,INSUFFICIENT_DATA,INSUFFICIENT_DATA,,insufficient_evidence,INSUFFICIENT,0,False
1259,1,1,2026-08-21T07:24:00+00:00,2026-08-21T07:24:00+00:00,0.0,25.79926,94.77165,25.79926,94.77165,0.0,0.0,0.0,INSUFFICIENT_DATA,INSUFFICIENT_DATA,INSUFFICIENT_DATA,,insufficient_evidence,INSUFFICIENT,0,False
1260,1,1,2026-08-21T07:26:00+00:00,2026-08-21T07:26:00+00:00,0.0,27.68631,72.68755,27.68631,72.68755,0.0,0.0,0.0,INSUFFICIENT_DATA,INSUFFICIENT_DATA,INSUFFICIENT_DATA,,insufficient_evidence,INSUFFICIENT,0,False
1261,1,1,2026-08-21T07:26:00+00:00,2026-08-21T07:26:00+00:00,0.0,29.04118,75.70134,29.04118,75.70134,0.0,0.0,0.0,INSUFFICIENT_DATA,INSUFFICIENT_DATA,INSUFFICIENT_DATA,,insufficient_evidence,INSUFFICIENT,0,False
1262,1,1,2026-08-21T08:13:00+00:00,2026-08-21T08:13:00+00:00,0.0,8.6787,78.06282,8.6787,78.06282,0.0,0.0,0.0,INSUFFICIENT_DATA,INSUFFICIENT_DATA,INSUFFICIENT_DATA,,insufficient_evidence,INSUFFICIENT,0,False
1263,2,1,2026-08-21T08:13:00+00:00,2026-08-21T08:13:00+00:00,0.0,9.34278,78.81215,9.34278,78.81215,0.0,0.0,0.0,INSUFFICIENT_DATA,INSUFFICIENT_DATA,INSUFFICIENT_DATA,,insufficient_evidence,INSUFFICIENT,0,False
1264,1,1,2026-08-21T08:13:00+00:00,2026-08-21T08:13:00+00:00,0.0,9.39964,78.7998,9.39964,78.7998,0.0,0.0,0.0,INSUFFICIENT_DATA,INSUFFICIENT_DATA,INSUFFICIENT_DATA,,insufficient_evidence,INSUFFICIENT,0,False
1265,1,1,2026-08-21T08:13:00+00:00,2026-08-21T08:13:00+00:00,0.0,9.56629,78.77435,9.56629,78.77435,0.0,0.0,0.0,INSUFFICIENT_DATA,INSUFFICIENT_DATA,INSUFFICIENT_DATA,,insufficient_evidence,INSUFFICIENT,0,False
1266,1,1,2026-08-21T08:13:00+00:00,2026-08-21T08:13:00+00:00,0.0,9.63681,77.75274,9.63681,77.75274,0.0,0.0,0.0,INSUFFICIENT_DATA,INSUFFICIENT_DATA,INSUFFICIENT_DATA,,insufficient_evidence,INSUFFICIENT,0,False
1267,1,1,2026-08-21T08:13:00+00:00,2026-08-21T08:13:00+00:00,0.0,9.6873,78.11195,9.6873,78.11195,0.0,0.0,0.0,INSUFFICIENT_DATA,INSUFFICIENT_DATA,INSUFFICIENT_DATA,,insufficient_evidence,INSUFFICIENT,0,False
1268,1,1,2026-08-21T08:13:00+00:00,2026-08-21T08:13:00+00:00,0.0,9.83491,78.12406,9.83491,78.12406,0.0,0.0,0.0,INSUFFICIENT_DATA,INSUFFICIENT_DATA,INSUFFICIENT_DATA,,insufficient_evidence,INSUFFICIENT,0,False
1269,1,1,2026-08-21T08:13:00+00:00,2026-08-21T08:13:00+00:00,0.0,9.91944,78.34734,9.91944,78.34734,0.0,0.0,0.0,INSUFFICIENT_DATA,INSUFFICIENT_DATA,INSUFFICIENT_DATA,,insufficient_evidence,INSUFFICIENT,0,False
1270,1,1,2026-08-21T08:16:00+00:00,2026-08-21T08:16:00+00:00,0.0,9.91187,77.39479,9.91187,77.39479,0.0,0.0,0.0,INSUFFICIENT_DATA,INSUFFICIENT_DATA,INSUFFICIENT_DATA,,insufficient_evidence,INSUFFICIENT,0,False
1271,1,1,2026-08-21T08:16:00+00:00,2026-08-21T08:16:00+00:00,0.0,9.94108,77.94887,9.94108,77.94887,0.0,0.0,0.0,INSUFFICIENT_DATA,INSUFFICIENT_DATA,INSUFFICIENT_DATA,,insufficient_evidence,INSUFFICIENT,0,False
1272,1,1,2026-08-21T08:16:00+00:00,2026-08-21T08:16:00+00:00,0.0,10.00594,78.04284,10.00594,78.04284,0.0,0.0,0.0,INSUFFICIENT_DATA,INSUFFICIENT_DATA,INSUFFICIENT_DATA,,insufficient_evidence,INSUFFICIENT,0,False
1273,1,1,2026-08-21T08:16:00+00:00,2026-08-21T08:16:00+00:00,0.0,10.40083,77.59858,10.40083,77.59858,0.0,0.0,0.0,INSUFFICIENT_DATA,INSUFFICIENT_DATA,INSUFFICIENT_DATA,,insufficient_evidence,INSUFFICIENT,0,False
1274,1,1,2026-08-21T08:16:00+00:00,2026-08-21T08:16:00+00:00,0.0,10.42592,77.87876,10.42592,77.87876,0.0,0.0,0.0,INSUFFICIENT_DATA,INSUFFICIENT_DATA,INSUFFICIENT_DATA,,insufficient_evidence,INSUFFICIENT,0,False
1275,1,1,2026-08-21T08:16:00+00:00,2026-08-21T08:16:00+00:00,0.0,10.8054,77.76113,10.8054,77.76113,0.0,0.0,0.0,INSUFFICIENT_DATA,INSUFFICIENT_DATA,INSUFFICIENT_DATA,,insufficient_evidence,INSUFFICIENT,0,False
1276,1,1,2026-08-21T08:16:00+00:00,2026-08-21T08:16:00+00:00,0.0,10.82362,78.51756,10.82362,78.51756,0.0,0.0,0.0,INSUFFICIENT_DATA,INSUFFICIENT_DATA,INSUFFICIENT_DATA,,insufficient_evidence,INSUFFICIENT,0,False
1277,1,1,2026-08-21T08:16:00+00:00,2026-08-21T08:16:00+00:00,0.0,10.8357,78.05394,10.8357,78.05394,0.0,0.0,0.0,INSUFFICIENT_DATA,INSUFFICIENT_DATA,INSUFFICIENT_DATA,,insufficient_evidence,INSUFFICIENT,0,False
1278,1,1,2026-08-21T08:16:00+00:00,2026-08-21T08:16:00+00:00,0.0,10.84437,78.89214,10.84437,78.89214,0.0,0.0,0.0,INSUFFICIENT_DATA,INSUFFICIENT_DATA,INSUFFICIENT_DATA,,insufficient_evidence,INSUFFICIENT,0,False
1279,1,1,2026-08-21T08:16:00+00:00,2026-08-21T08:16:00+00:00,0.0,10.86226,78.60471,10.86226,78.60471,0.0,0.0,0.0,INSUFFICIENT_DATA,INSUFFICIENT_DATA,INSUFFICIENT_DATA,,insufficient_evidence,INSUFFICIENT,0,False
1280,1,1,2026-08-21T08:16:00+00:00,2026-08-21T08:16:00+00:00,0.0,10.8966,78.69748,10.8966,78.69748,0.0,0.0,0.0,INSUFFICIENT_DATA,INSUFFICIENT_DATA,INSUFFICIENT_DATA,,insufficient_evidence,INSUFFICIENT,0,False
1281,1,1,2026-08-21T08:16:00+00:00,2026-08-21T08:16:00+00:00,0.0,10.90676,78.79072,10.90676,78.79072,0.0,0.0,0.0,INSUFFICIENT_DATA,INSUFFICIENT_DATA,INSUFFICIENT_DATA,,insufficient_evidence,INSUFFICIENT,0,False
1282,3,1,2026-08-21T08:16:00+00:00,2026-08-21T08:16:00+00:00,0.0,11.10564,78.8842,11.10564,78.8842,0.0,0.0,0.0,INSUFFICIENT_DATA,INSUFFICIENT_DATA,INSUFFICIENT_DATA,,insufficient_evidence,INSUFFICIENT,0,False
1283,1,1,2026-08-21T08:16:00+00:00,2026-08-21T08:16:00+00:00,0.0,11.17897,76.86507,11.17897,76.86507,0.0,0.0,0.0,INSUFFICIENT_DATA,INSUFFICIENT_DATA,INSUFFICIENT_DATA,,insufficient_evidence,INSUFFICIENT,0,False
1284,1,1,2026-08-21T08:16:00+00:00,2026-08-21T08:16:00+00:00,0.0,11.21367,77.60988,11.21367,77.60988,0.0,0.0,0.0,INSUFFICIENT_DATA,INSUFFICIENT_DATA,INSUFFICIENT_DATA,,insufficient_evidence,INSUFFICIENT,0,False
1285,1,1,2026-08-21T08:16:00+00:00,2026-08-21T08:16:00+00:00,0.0,11.25254,77.55219,11.25254,77.55219,0.0,0.0,0.0,INSUFFICIENT_DATA,INSUFFICIENT_DATA,INSUFFICIENT_DATA,,insufficient_evidence,INSUFFICIENT,0,False
1286,1,1,2026-08-21T08:16:00+00:00,2026-08-21T08:16:00+00:00,0.0,11.34971,77.56582,11.34971,77.56582,0.0,0.0,0.0,INSUFFICIENT_DATA,INSUFFICIENT_DATA,INSUFFICIENT_DATA,,insufficient_evidence,INSUFFICIENT,0,False
1287,1,1,2026-08-21T08:16:00+00:00,2026-08-21T08:16:00+00:00,0.0,11.42352,77.76451,11.42352,77.76451,0.0,0.0,0.0,INSUFFICIENT_DATA,INSUFFICIENT_DATA,INSUFFICIENT_DATA,,insufficient_evidence,INSUFFICIENT,0,False
1288,1,1,2026-08-21T08:16:00+00:00,2026-08-21T08:16:00+00:00,0.0,11.42366,77.74271,11.42366,77.74271,0.0,0.0,0.0,INSUFFICIENT_DATA,INSUFFICIENT_DATA,INSUFFICIENT_DATA,,insufficient_evidence,INSUFFICIENT,0,False
1289,2,1,2026-08-21T08:16:00+00:00,2026-08-21T08:16:00+00:00,0.0,11.52472,77.67031,11.52472,77.67031,0.0,0.0,0.0,INSUFFICIENT_DATA,INSUFFICIENT_DATA,INSUFFICIENT_DATA,,insufficient_evidence,INSUFFICIENT,0,False
1290,1,1,2026-08-21T08:16:00+00:00,2026-08-21T08:16:00+00:00,0.0,12.05095,79.61237,12.05095,79.61237,0.0,0.0,0.0,INSUFFICIENT_DATA,INSUFFICIENT_DATA,INSUFFICIENT_DATA,,insufficient_evidence,INSUFFICIENT,0,False
1291,1,1,2026-08-21T08:16:00+00:00,2026-08-21T08:16:00+00:00,0.0,12.31031,78.07397,12.31031,78.07397,0.0,0.0,0.0,INSUFFICIENT_DATA,INSUFFICIENT_DATA,INSUFFICIENT_DATA,,insufficient_evidence,INSUFFICIENT,0,False
1292,1,1,2026-08-21T08:16:00+00:00,2026-08-21T08:16:00+00:00,0.0,12.72135,79.78169,12.72135,79.78169,0.0,0.0,0.0,INSUFFICIENT_DATA,INSUFFICIENT_DATA,INSUFFICIENT_DATA,,insufficient_evidence,INSUFFICIENT,0,False
1293,1,1,2026-08-21T08:16:00+00:00,2026-08-21T08:16:00+00:00,0.0,12.79142,79.90376,12.79142,79.90376,0.0,0.0,0.0,INSUFFICIENT_DATA,INSUFFICIENT_DATA,INSUFFICIENT_DATA,,insufficient_evidence,INSUFFICIENT,0,False
1294,2,1,2026-08-21T08:16:00+00:00,2026-08-21T08:16:00+00:00,0.0,12.85976,79.29711,12.85976,79.29711,0.0,0.0,0.0,INSUFFICIENT_DATA,INSUFFICIENT_DATA,INSUFFICIENT_DATA,,insufficient_evidence,INSUFFICIENT,0,False
1295,1,1,2026-08-21T08:16:00+00:00,2026-08-21T08:16:00+00:00,0.0,13.09303,77.44754,13.09303,77.44754,0.0,0.0,0.0,INSUFFICIENT_DATA,INSUFFICIENT_DATA,INSUFFICIENT_DATA,,insufficient_evidence,INSUFFICIENT,0,False
1296,1,1,2026-08-21T08:16:00+00:00,2026-08-21T08:16:00+00:00,0.0,13.26471,77.34718,13.26471,77.34718,0.0,0.0,0.0,INSUFFICIENT_DATA,INSUFFICIENT_DATA,INSUFFICIENT_DATA,,insufficient_evidence,INSUFFICIENT,0,False
1297,2,1,2026-08-21T08:16:00+00:00,2026-08-21T08:16:00+00:00,0.0,14.6831,79.69417,14.6831,79.69417,0.0,0.0,0.0,INSUFFICIENT_DATA,INSUFFICIENT_DATA,INSUFFICIENT_DATA,,insufficient_evidence,INSUFFICIENT,0,False
1298,1,1,2026-08-21T08:16:00+00:00,2026-08-21T08:16:00+00:00,0.0,14.72149,79.72996,14.72149,79.72996,0.0,0.0,0.0,INSUFFICIENT_DATA,INSUFFICIENT_DATA,INSUFFICIENT_DATA,,insufficient_evidence,INSUFFICIENT,0,False
1299,2,1,2026-08-21T08:16:00+00:00,2026-08-21T08:16:00+00:00,0.0,14.73117,79.92709,14.73117,79.92709,0.0,0.0,0.0,INSUFFICIENT_DATA,INSUFFICIENT_DATA,INSUFFICIENT_DATA,,insufficient_evidence,INSUFFICIENT,0,False
1300,2,1,2026-08-21T08:16:00+00:00,2026-08-21T08:16:00+00:00,0.0,15.41239,79.5994,15.41239,79.5994,0.0,0.0,0.0,INSUFFICIENT_DATA,INSUFFICIENT_DATA,INSUFFICIENT_DATA,,insufficient_evidence,INSUFFICIENT,0,False
1301,1,1,2026-08-21T08:16:00+00:00,2026-08-21T08:16:00+00:00,0.0,15.60369,77.62315,15.60369,77.62315,0.0,0.0,0.0,INSUFFICIENT_DATA,INSUFFICIENT_DATA,INSUFFICIENT_DATA,,insufficient_evidence,INSUFFICIENT,0,False
1302,1,1,2026-08-21T08:16:00+00:00,2026-08-21T08:16:00+00:00,0.0,15.69083,79.12525,15.69083,79.12525,0.0,0.0,0.0,INSUFFICIENT_DATA,INSUFFICIENT_DATA,INSUFFICIENT_DATA,,insufficient_evidence,INSUFFICIENT,0,False
1303,3,1,2026-08-21T08:16:00+00:00,2026-08-21T08:16:00+00:00,0.0,15.77032,73.70267,15.77032,73.70267,0.0,0.0,0.0,INSUFFICIENT_DATA,INSUFFICIENT_DATA,INSUFFICIENT_DATA,,insufficient_evidence,INSUFFICIENT,0,False
1304,1,1,2026-08-21T08:16:00+00:00,2026-08-21T08:16:00+00:00,0.0,15.80123,79.52772,15.80123,79.52772,0.0,0.0,0.0,INSUFFICIENT_DATA,INSUFFICIENT_DATA,INSUFFICIENT_DATA,,insufficient_evidence,INSUFFICIENT,0,False
1305,1,1,2026-08-21T08:16:00+00:00,2026-08-21T08:16:00+00:00,0.0,15.94305,78.95891,15.94305,78.95891,0.0,0.0,0.0,INSUFFICIENT_DATA,INSUFFICIENT_DATA,INSUFFICIENT_DATA,,insufficient_evidence,INSUFFICIENT,0,False
1306,1,1,2026-08-21T08:16:00+00:00,2026-08-21T08:16:00+00:00,0.0,16.01146,80.31809,16.01146,80.31809,0.0,0.0,0.0,INSUFFICIENT_DATA,INSUFFICIENT_DATA,INSUFFICIENT_DATA,,insufficient_evidence,INSUFFICIENT,0,False
1307,1,1,2026-08-21T08:16:00+00:00,2026-08-21T08:16:00+00:00,0.0,16.04546,79.40362,16.04546,79.40362,0.0,0.0,0.0,INSUFFICIENT_DATA,INSUFFICIENT_DATA,INSUFFICIENT_DATA,,insufficient_evidence,INSUFFICIENT,0,False
1308,1,1,2026-08-21T08:16:00+00:00,2026-08-21T08:16:00+00:00,0.0,16.30597,78.48191,16.30597,78.48191,0.0,0.0,0.0,INSUFFICIENT_DATA,INSUFFICIENT_DATA,INSUFFICIENT_DATA,,insufficient_evidence,INSUFFICIENT,0,False
1309,1,1,2026-08-21T08:16:00+00:00,2026-08-21T08:16:00+00:00,0.0,16.38151,78.17361,16.38151,78.17361,0.0,0.0,0.0,INSUFFICIENT_DATA,INSUFFICIENT_DATA,INSUFFICIENT_DATA,,insufficient_evidence,INSUFFICIENT,0,False
1310,1,1,2026-08-21T08:16:00+00:00,2026-08-21T08:16:00+00:00,0.0,16.39512,78.57832,16.39512,78.57832,0.0,0.0,0.0,INSUFFICIENT_DATA,INSUFFICIENT_DATA,INSUFFICIENT_DATA,,insufficient_evidence,INSUFFICIENT,0,False
1311,1,1,2026-08-21T08:16:00+00:00,2026-08-21T08:16:00+00:00,0.0,16.70696,78.27788,16.70696,78.27788,0.0,0.0,0.0,INSUFFICIENT_DATA,INSUFFICIENT_DATA,INSUFFICIENT_DATA,,insufficient_evidence,INSUFFICIENT,0,False
1312,1,1,2026-08-21T08:16:00+00:00,2026-08-21T08:16:00+00:00,0.0,17.34807,80.77615,17.34807,80.77615,0.0,0.0,0.0,INSUFFICIENT_DATA,INSUFFICIENT_DATA,INSUFFICIENT_DATA,,insufficient_evidence,INSUFFICIENT,0,False
1313,1,1,2026-08-21T08:16:00+00:00,2026-08-21T08:16:00+00:00,0.0,17.61271,78.17559,17.61271,78.17559,0.0,0.0,0.0,INSUFFICIENT_DATA,INSUFFICIENT_DATA,INSUFFICIENT_DATA,,insufficient_evidence,INSUFFICIENT,0,False
1314,1,1,2026-08-21T09:05:00+00:00,2026-08-21T09:05:00+00:00,0.0,26.37232,71.21835,26.37232,71.21835,0.0,0.0,0.0,INSUFFICIENT_DATA,INSUFFICIENT_DATA,INSUFFICIENT_DATA,,insufficient_evidence,INSUFFICIENT,0,False
1315,1,1,2026-08-21T09:07:00+00:00,2026-08-21T09:07:00+00:00,0.0,27.43703,70.86094,27.43703,70.86094,0.0,0.0,0.0,INSUFFICIENT_DATA,INSUFFICIENT_DATA,INSUFFICIENT_DATA,,insufficient_evidence,INSUFFICIENT,0,False
1316,3,2,2026-08-21T19:04:00+00:00,2026-08-22T19:32:00+00:00,1.019,25.54151,91.2364,25.54005,91.23735,0.188,0.184,149.71,SE,LOW,STATIONARY,,stationary,INSUFFICIENT,0,False
1317,2,2,2026-08-21T19:49:00+00:00,2026-08-22T19:32:00+00:00,0.988,23.6673,86.09382,23.66648,86.09274,0.143,0.145,230.34,SW,LOW,STATIONARY,,stationary,INSUFFICIENT,0,False
1318,1,1,2026-08-21T19:51:00+00:00,2026-08-21T19:51:00+00:00,0.0,18.57163,74.18153,18.57163,74.18153,0.0,0.0,0.0,INSUFFICIENT_DATA,INSUFFICIENT_DATA,INSUFFICIENT_DATA,,insufficient_evidence,INSUFFICIENT,0,False
1319,1,1,2026-08-21T19:51:00+00:00,2026-08-21T19:51:00+00:00,0.0,18.80127,74.25323,18.80127,74.25323,0.0,0.0,0.0,INSUFFICIENT_DATA,INSUFFICIENT_DATA,INSUFFICIENT_DATA,,insufficient_evidence,INSUFFICIENT,0,False
1320,3,2,2026-08-21T19:51:00+00:00,2026-08-22T20:27:00+00:00,1.025,22.00436,82.67083,22.00344,82.66933,0.185,0.181,236.28,SW,LOW,STATIONARY,,stationary,INSUFFICIENT,0,False
1321,1,1,2026-08-21T19:51:00+00:00,2026-08-21T19:51:00+00:00,0.0,22.35731,82.30456,22.35731,82.30456,0.0,0.0,0.0,INSUFFICIENT_DATA,INSUFFICIENT_DATA,INSUFFICIENT_DATA,,insufficient_evidence,INSUFFICIENT,0,False
1322,1,1,2026-08-21T19:53:00+00:00,2026-08-21T19:53:00+00:00,0.0,14.87368,78.0514,14.87368,78.0514,0.0,0.0,0.0,INSUFFICIENT_DATA,INSUFFICIENT_DATA,INSUFFICIENT_DATA,,insufficient_evidence,INSUFFICIENT,0,False
1323,3,1,2026-08-21T19:53:00+00:00,2026-08-21T20:51:00+00:00,0.04,15.02317,78.01525,15.02317,78.01525,0.0,0.0,0.0,INSUFFICIENT_DATA,INSUFFICIENT_DATA,INSUFFICIENT_DATA,,insufficient_evidence,INSUFFICIENT,0,False
1324,2,1,2026-08-21T19:53:00+00:00,2026-08-21T20:51:00+00:00,0.04,15.07088,76.8658,15.07088,76.8658,0.0,0.0,0.0,INSUFFICIENT_DATA,INSUFFICIENT_DATA,INSUFFICIENT_DATA,,insufficient_evidence,INSUFFICIENT,0,False
1325,8,2,2026-08-21T19:55:00+00:00,2026-08-22T19:36:00+00:00,0.987,10.09098,77.23623,10.07949,77.23817,1.295,1.312,170.57,S,MEDIUM,MOVING,S,directional,PRELIMINARY,33,True
1326,13,2,2026-08-21T19:55:00+00:00,2026-08-22T20:32:00+00:00,1.026,10.24711,77.21847,10.24029,77.21365,0.923,0.899,214.82,SW,LOW,MOVING,SW,directional,PRELIMINARY,33,True
1327,6,4,2026-08-21T20:46:00+00:00,2026-08-26T20:53:00+00:00,5.005,23.31548,70.4876,23.31566,70.48671,0.093,0.019,282.02,W,LOW,STATIONARY,,stationary,INSUFFICIENT,0,False
1328,4,3,2026-08-21T20:46:00+00:00,2026-08-23T20:55:00+00:00,2.006,24.93433,74.63345,24.93355,74.63254,0.126,0.063,226.61,SW,LOW,STATIONARY,,stationary,INSUFFICIENT,0,False
1329,1,1,2026-08-21T20:46:00+00:00,2026-08-21T20:46:00+00:00,0.0,26.60544,73.68332,26.60544,73.68332,0.0,0.0,0.0,INSUFFICIENT_DATA,INSUFFICIENT_DATA,INSUFFICIENT_DATA,,insufficient_evidence,INSUFFICIENT,0,False
1330,1,1,2026-08-21T20:49:00+00:00,2026-08-21T20:49:00+00:00,0.0,16.87272,80.02097,16.87272,80.02097,0.0,0.0,0.0,INSUFFICIENT_DATA,INSUFFICIENT_DATA,INSUFFICIENT_DATA,,insufficient_evidence,INSUFFICIENT,0,False
1331,1,1,2026-08-21T20:49:00+00:00,2026-08-21T20:49:00+00:00,0.0,17.29276,78.40978,17.29276,78.40978,0.0,0.0,0.0,INSUFFICIENT_DATA,INSUFFICIENT_DATA,INSUFFICIENT_DATA,,insufficient_evidence,INSUFFICIENT,0,False
1332,1,1,2026-08-21T20:49:00+00:00,2026-08-21T20:49:00+00:00,0.0,17.37239,77.44447,17.37239,77.44447,0.0,0.0,0.0,INSUFFICIENT_DATA,INSUFFICIENT_DATA,INSUFFICIENT_DATA,,insufficient_evidence,INSUFFICIENT,0,False
1333,2,1,2026-08-21T20:51:00+00:00,2026-08-21T20:51:00+00:00,0.0,9.24839,77.32436,9.24839,77.32436,0.0,0.0,0.0,INSUFFICIENT_DATA,INSUFFICIENT_DATA,INSUFFICIENT_DATA,,insufficient_evidence,INSUFFICIENT,0,False
1334,2,1,2026-08-21T20:51:00+00:00,2026-08-21T20:51:00+00:00,0.0,15.17173,76.68755,15.17173,76.68755,0.0,0.0,0.0,INSUFFICIENT_DATA,INSUFFICIENT_DATA,INSUFFICIENT_DATA,,insufficient_evidence,INSUFFICIENT,0,False
1335,1,1,2026-08-21T20:51:00+00:00,2026-08-21T20:51:00+00:00,0.0,15.18605,76.63982,15.18605,76.63982,0.0,0.0,0.0,INSUFFICIENT_DATA,INSUFFICIENT_DATA,INSUFFICIENT_DATA,,insufficient_evidence,INSUFFICIENT,0,False
1336,1,1,2026-08-21T20:51:00+00:00,2026-08-21T20:51:00+00:00,0.0,15.226,76.76328,15.226,76.76328,0.0,0.0,0.0,INSUFFICIENT_DATA,INSUFFICIENT_DATA,INSUFFICIENT_DATA,,insufficient_evidence,INSUFFICIENT,0,False
1337,1,1,2026-08-21T20:51:00+00:00,2026-08-21T20:51:00+00:00,0.0,15.65858,73.9884,15.65858,73.9884,0.0,0.0,0.0,INSUFFICIENT_DATA,INSUFFICIENT_DATA,INSUFFICIENT_DATA,,insufficient_evidence,INSUFFICIENT,0,False
1338,1,1,2026-08-21T21:29:00+00:00,2026-08-21T21:29:00+00:00,0.0,27.0781,73.81679,27.0781,73.81679,0.0,0.0,0.0,INSUFFICIENT_DATA,INSUFFICIENT_DATA,INSUFFICIENT_DATA,,insufficient_evidence,INSUFFICIENT,0,False
1339,4,3,2026-08-21T21:31:00+00:00,2026-08-24T21:29:00+00:00,2.999,24.82004,73.09278,24.82059,73.09273,0.061,0.02,355.28,N,LOW,STATIONARY,,stationary,INSUFFICIENT,0,False
1340,1,1,2026-08-22T07:05:00+00:00,2026-08-22T07:05:00+00:00,0.0,27.1462,88.45207,27.1462,88.45207,0.0,0.0,0.0,INSUFFICIENT_DATA,INSUFFICIENT_DATA,INSUFFICIENT_DATA,,insufficient_evidence,INSUFFICIENT,0,False
1341,1,1,2026-08-22T07:56:00+00:00,2026-08-22T07:56:00+00:00,0.0,9.20352,78.30371,9.20352,78.30371,0.0,0.0,0.0,INSUFFICIENT_DATA,INSUFFICIENT_DATA,INSUFFICIENT_DATA,,insufficient_evidence,INSUFFICIENT,0,False
1342,2,1,2026-08-22T07:56:00+00:00,2026-08-22T07:56:00+00:00,0.0,9.28485,77.33478,9.28485,77.33478,0.0,0.0,0.0,INSUFFICIENT_DATA,INSUFFICIENT_DATA,INSUFFICIENT_DATA,,insufficient_evidence,INSUFFICIENT,0,False
1343,1,1,2026-08-22T07:56:00+00:00,2026-08-22T07:56:00+00:00,0.0,9.29291,77.32247,9.29291,77.32247,0.0,0.0,0.0,INSUFFICIENT_DATA,INSUFFICIENT_DATA,INSUFFICIENT_DATA,,insufficient_evidence,INSUFFICIENT,0,False
1344,1,1,2026-08-22T07:56:00+00:00,2026-08-22T07:56:00+00:00,0.0,9.2991,77.3353,9.2991,77.3353,0.0,0.0,0.0,INSUFFICIENT_DATA,INSUFFICIENT_DATA,INSUFFICIENT_DATA,,insufficient_evidence,INSUFFICIENT,0,False
1345,1,1,2026-08-22T07:56:00+00:00,2026-08-22T07:56:00+00:00,0.0,10.95061,76.98169,10.95061,76.98169,0.0,0.0,0.0,INSUFFICIENT_DATA,INSUFFICIENT_DATA,INSUFFICIENT_DATA,,insufficient_evidence,INSUFFICIENT,0,False
1346,1,1,2026-08-22T07:56:00+00:00,2026-08-22T07:56:00+00:00,0.0,11.32219,78.36883,11.32219,78.36883,0.0,0.0,0.0,INSUFFICIENT_DATA,INSUFFICIENT_DATA,INSUFFICIENT_DATA,,insufficient_evidence,INSUFFICIENT,0,False
1347,1,1,2026-08-22T07:56:00+00:00,2026-08-22T07:56:00+00:00,0.0,11.72647,78.68995,11.72647,78.68995,0.0,0.0,0.0,INSUFFICIENT_DATA,INSUFFICIENT_DATA,INSUFFICIENT_DATA,,insufficient_evidence,INSUFFICIENT,0,False
1348,1,1,2026-08-22T07:56:00+00:00,2026-08-22T07:56:00+00:00,0.0,11.77874,79.49855,11.77874,79.49855,0.0,0.0,0.0,INSUFFICIENT_DATA,INSUFFICIENT_DATA,INSUFFICIENT_DATA,,insufficient_evidence,INSUFFICIENT,0,False
1349,1,1,2026-08-22T07:56:00+00:00,2026-08-22T07:56:00+00:00,0.0,12.45388,79.08898,12.45388,79.08898,0.0,0.0,0.0,INSUFFICIENT_DATA,INSUFFICIENT_DATA,INSUFFICIENT_DATA,,insufficient_evidence,INSUFFICIENT,0,False
1350,3,1,2026-08-22T07:58:00+00:00,2026-08-22T07:58:00+00:00,0.0,15.20479,77.16736,15.20479,77.16736,0.0,0.0,0.0,INSUFFICIENT_DATA,INSUFFICIENT_DATA,INSUFFICIENT_DATA,,insufficient_evidence,INSUFFICIENT,0,False
1351,1,1,2026-08-22T08:01:00+00:00,2026-08-22T08:01:00+00:00,0.0,27.42161,70.90594,27.42161,70.90594,0.0,0.0,0.0,INSUFFICIENT_DATA,INSUFFICIENT_DATA,INSUFFICIENT_DATA,,insufficient_evidence,INSUFFICIENT,0,False
1352,2,1,2026-08-22T08:01:00+00:00,2026-08-22T08:45:00+00:00,0.031,27.43472,70.79047,27.43472,70.79047,0.0,0.0,0.0,INSUFFICIENT_DATA,INSUFFICIENT_DATA,INSUFFICIENT_DATA,,insufficient_evidence,INSUFFICIENT,0,False
1353,1,1,2026-08-22T08:39:00+00:00,2026-08-22T08:39:00+00:00,0.0,9.18167,78.42713,9.18167,78.42713,0.0,0.0,0.0,INSUFFICIENT_DATA,INSUFFICIENT_DATA,INSUFFICIENT_DATA,,insufficient_evidence,INSUFFICIENT,0,False
1354,1,1,2026-08-22T08:41:00+00:00,2026-08-22T08:41:00+00:00,0.0,9.2724,77.87881,9.2724,77.87881,0.0,0.0,0.0,INSUFFICIENT_DATA,INSUFFICIENT_DATA,INSUFFICIENT_DATA,,insufficient_evidence,INSUFFICIENT,0,False
1355,1,1,2026-08-22T08:41:00+00:00,2026-08-22T08:41:00+00:00,0.0,9.42338,78.84542,9.42338,78.84542,0.0,0.0,0.0,INSUFFICIENT_DATA,INSUFFICIENT_DATA,INSUFFICIENT_DATA,,insufficient_evidence,INSUFFICIENT,0,False
1356,1,1,2026-08-22T08:41:00+00:00,2026-08-22T08:41:00+00:00,0.0,9.45034,78.84183,9.45034,78.84183,0.0,0.0,0.0,INSUFFICIENT_DATA,INSUFFICIENT_DATA,INSUFFICIENT_DATA,,insufficient_evidence,INSUFFICIENT,0,False
1357,1,1,2026-08-22T19:30:00+00:00,2026-08-22T19:30:00+00:00,0.0,27.46791,95.42184,27.46791,95.42184,0.0,0.0,0.0,INSUFFICIENT_DATA,INSUFFICIENT_DATA,INSUFFICIENT_DATA,,insufficient_evidence,INSUFFICIENT,0,False
1358,1,1,2026-08-22T19:30:00+00:00,2026-08-22T19:30:00+00:00,0.0,27.90663,95.66188,27.90663,95.66188,0.0,0.0,0.0,INSUFFICIENT_DATA,INSUFFICIENT_DATA,INSUFFICIENT_DATA,,insufficient_evidence,INSUFFICIENT,0,False
1359,1,1,2026-08-22T19:32:00+00:00,2026-08-22T19:32:00+00:00,0.0,22.58739,85.90622,22.58739,85.90622,0.0,0.0,0.0,INSUFFICIENT_DATA,INSUFFICIENT_DATA,INSUFFICIENT_DATA,,insufficient_evidence,INSUFFICIENT,0,False
1360,4,3,2026-08-22T19:32:00+00:00,2026-08-27T08:05:00+00:00,4.523,22.7992,86.09114,22.7993,86.09131,0.021,0.005,57.46,NE,LOW,STATIONARY,,stationary,INSUFFICIENT,0,False
1361,1,1,2026-08-22T19:32:00+00:00,2026-08-22T19:32:00+00:00,0.0,23.616,86.79124,23.616,86.79124,0.0,0.0,0.0,INSUFFICIENT_DATA,INSUFFICIENT_DATA,INSUFFICIENT_DATA,,insufficient_evidence,INSUFFICIENT,0,False
1362,1,1,2026-08-22T19:36:00+00:00,2026-08-22T19:36:00+00:00,0.0,10.59398,78.44864,10.59398,78.44864,0.0,0.0,0.0,INSUFFICIENT_DATA,INSUFFICIENT_DATA,INSUFFICIENT_DATA,,insufficient_evidence,INSUFFICIENT,0,False
1363,1,1,2026-08-22T20:25:00+00:00,2026-08-22T20:25:00+00:00,0.0,28.33879,77.21997,28.33879,77.21997,0.0,0.0,0.0,INSUFFICIENT_DATA,INSUFFICIENT_DATA,INSUFFICIENT_DATA,,insufficient_evidence,INSUFFICIENT,0,False
1364,1,1,2026-08-22T20:27:00+00:00,2026-08-22T20:27:00+00:00,0.0,21.92231,83.34942,21.92231,83.34942,0.0,0.0,0.0,INSUFFICIENT_DATA,INSUFFICIENT_DATA,INSUFFICIENT_DATA,,insufficient_evidence,INSUFFICIENT,0,False
1365,2,1,2026-08-22T20:27:00+00:00,2026-08-22T20:27:00+00:00,0.0,22.3204,82.56528,22.3204,82.56528,0.0,0.0,0.0,INSUFFICIENT_DATA,INSUFFICIENT_DATA,INSUFFICIENT_DATA,,insufficient_evidence,INSUFFICIENT,0,False
1366,1,1,2026-08-22T20:27:00+00:00,2026-08-22T20:27:00+00:00,0.0,23.79524,86.23467,23.79524,86.23467,0.0,0.0,0.0,INSUFFICIENT_DATA,INSUFFICIENT_DATA,INSUFFICIENT_DATA,,insufficient_evidence,INSUFFICIENT,0,False
1367,4,2,2026-08-22T20:27:00+00:00,2026-08-23T20:08:00+00:00,0.987,24.66142,74.63222,24.66088,74.63399,0.189,0.191,108.56,E,LOW,STATIONARY,,stationary,INSUFFICIENT,0,False
1368,1,1,2026-08-22T20:29:00+00:00,2026-08-22T20:29:00+00:00,0.0,16.07088,79.09984,16.07088,79.09984,0.0,0.0,0.0,INSUFFICIENT_DATA,INSUFFICIENT_DATA,INSUFFICIENT_DATA,,insufficient_evidence,INSUFFICIENT,0,False
1369,1,1,2026-08-22T20:32:00+00:00,2026-08-22T20:32:00+00:00,0.0,10.61762,77.42123,10.61762,77.42123,0.0,0.0,0.0,INSUFFICIENT_DATA,INSUFFICIENT_DATA,INSUFFICIENT_DATA,,insufficient_evidence,INSUFFICIENT,0,False
1370,1,1,2026-08-22T20:32:00+00:00,2026-08-22T20:32:00+00:00,0.0,10.68492,77.50858,10.68492,77.50858,0.0,0.0,0.0,INSUFFICIENT_DATA,INSUFFICIENT_DATA,INSUFFICIENT_DATA,,insufficient_evidence,INSUFFICIENT,0,False
1371,2,1,2026-08-22T20:32:00+00:00,2026-08-22T20:32:00+00:00,0.0,10.92674,77.06276,10.92674,77.06276,0.0,0.0,0.0,INSUFFICIENT_DATA,INSUFFICIENT_DATA,INSUFFICIENT_DATA,,insufficient_evidence,INSUFFICIENT,0,False
1372,1,1,2026-08-22T20:32:00+00:00,2026-08-22T20:32:00+00:00,0.0,11.18339,79.09859,11.18339,79.09859,0.0,0.0,0.0,INSUFFICIENT_DATA,INSUFFICIENT_DATA,INSUFFICIENT_DATA,,insufficient_evidence,INSUFFICIENT,0,False
1373,1,1,2026-08-22T20:32:00+00:00,2026-08-22T20:32:00+00:00,0.0,11.25874,77.70227,11.25874,77.70227,0.0,0.0,0.0,INSUFFICIENT_DATA,INSUFFICIENT_DATA,INSUFFICIENT_DATA,,insufficient_evidence,INSUFFICIENT,0,False
1374,2,2,2026-08-22T21:12:00+00:00,2026-08-23T20:53:00+00:00,0.987,24.6572,73.87634,24.65842,73.87619,0.137,0.138,353.62,N,LOW,STATIONARY,,stationary,INSUFFICIENT,0,False
1375,2,1,2026-08-22T21:14:00+00:00,2026-08-22T21:14:00+00:00,0.0,21.43244,72.97661,21.43244,72.97661,0.0,0.0,0.0,INSUFFICIENT_DATA,INSUFFICIENT_DATA,INSUFFICIENT_DATA,,insufficient_evidence,INSUFFICIENT,0,False
1376,1,1,2026-08-22T21:14:00+00:00,2026-08-22T21:14:00+00:00,0.0,23.40824,72.41575,23.40824,72.41575,0.0,0.0,0.0,INSUFFICIENT_DATA,INSUFFICIENT_DATA,INSUFFICIENT_DATA,,insufficient_evidence,INSUFFICIENT,0,False
1377,1,1,2026-08-22T21:16:00+00:00,2026-08-22T21:16:00+00:00,0.0,9.62576,77.42727,9.62576,77.42727,0.0,0.0,0.0,INSUFFICIENT_DATA,INSUFFICIENT_DATA,INSUFFICIENT_DATA,,insufficient_evidence,INSUFFICIENT,0,False
1378,1,1,2026-08-23T06:46:00+00:00,2026-08-23T06:46:00+00:00,0.0,27.96467,96.95645,27.96467,96.95645,0.0,0.0,0.0,INSUFFICIENT_DATA,INSUFFICIENT_DATA,INSUFFICIENT_DATA,,insufficient_evidence,INSUFFICIENT,0,False
1379,1,1,2026-08-23T06:46:00+00:00,2026-08-23T06:46:00+00:00,0.0,28.08151,95.72957,28.08151,95.72957,0.0,0.0,0.0,INSUFFICIENT_DATA,INSUFFICIENT_DATA,INSUFFICIENT_DATA,,insufficient_evidence,INSUFFICIENT,0,False
1380,2,1,2026-08-23T07:37:00+00:00,2026-08-23T08:22:00+00:00,0.031,8.44338,77.65347,8.44338,77.65347,0.0,0.0,0.0,INSUFFICIENT_DATA,INSUFFICIENT_DATA,INSUFFICIENT_DATA,,insufficient_evidence,INSUFFICIENT,0,False
1381,3,1,2026-08-23T07:37:00+00:00,2026-08-23T08:22:00+00:00,0.031,9.9134,78.20299,9.9134,78.20299,0.0,0.0,0.0,INSUFFICIENT_DATA,INSUFFICIENT_DATA,INSUFFICIENT_DATA,,insufficient_evidence,INSUFFICIENT,0,False
1382,3,1,2026-08-23T07:37:00+00:00,2026-08-23T07:37:00+00:00,0.0,10.90547,78.53581,10.90547,78.53581,0.0,0.0,0.0,INSUFFICIENT_DATA,INSUFFICIENT_DATA,INSUFFICIENT_DATA,,insufficient_evidence,INSUFFICIENT,0,False
1383,1,1,2026-08-23T07:37:00+00:00,2026-08-23T07:37:00+00:00,0.0,12.66366,79.68339,12.66366,79.68339,0.0,0.0,0.0,INSUFFICIENT_DATA,INSUFFICIENT_DATA,INSUFFICIENT_DATA,,insufficient_evidence,INSUFFICIENT,0,False
1384,2,2,2026-08-23T07:37:00+00:00,2026-08-26T08:22:00+00:00,3.031,12.83614,79.93994,12.83705,79.94056,0.121,0.04,33.6,NE,LOW,STATIONARY,,stationary,INSUFFICIENT,0,False
1385,1,1,2026-08-23T07:37:00+00:00,2026-08-23T07:37:00+00:00,0.0,15.13026,77.57384,15.13026,77.57384,0.0,0.0,0.0,INSUFFICIENT_DATA,INSUFFICIENT_DATA,INSUFFICIENT_DATA,,insufficient_evidence,INSUFFICIENT,0,False
1386,1,1,2026-08-23T07:37:00+00:00,2026-08-23T07:37:00+00:00,0.0,15.18056,77.62939,15.18056,77.62939,0.0,0.0,0.0,INSUFFICIENT_DATA,INSUFFICIENT_DATA,INSUFFICIENT_DATA,,insufficient_evidence,INSUFFICIENT,0,False
1387,1,1,2026-08-23T07:39:00+00:00,2026-08-23T07:39:00+00:00,0.0,18.70828,74.36279,18.70828,74.36279,0.0,0.0,0.0,INSUFFICIENT_DATA,INSUFFICIENT_DATA,INSUFFICIENT_DATA,,insufficient_evidence,INSUFFICIENT,0,False
1388,7,2,2026-08-23T07:39:00+00:00,2026-08-25T21:12:00+00:00,2.565,21.1777,81.38538,21.18633,81.38745,0.983,0.383,12.63,N,LOW,MOVING,N,directional,PRELIMINARY,33,True
1389,4,2,2026-08-23T07:39:00+00:00,2026-08-25T20:17:00+00:00,2.526,21.1971,81.41568,21.19614,81.41535,0.112,0.044,197.83,S,LOW,STATIONARY,,stationary,INSUFFICIENT,0,False
1390,1,1,2026-08-23T08:22:00+00:00,2026-08-23T08:22:00+00:00,0.0,8.42499,77.62149,8.42499,77.62149,0.0,0.0,0.0,INSUFFICIENT_DATA,INSUFFICIENT_DATA,INSUFFICIENT_DATA,,insufficient_evidence,INSUFFICIENT,0,False
1391,7,1,2026-08-23T08:22:00+00:00,2026-08-23T08:22:00+00:00,0.0,8.90167,77.86117,8.90167,77.86117,0.0,0.0,0.0,INSUFFICIENT_DATA,INSUFFICIENT_DATA,INSUFFICIENT_DATA,,insufficient_evidence,INSUFFICIENT,0,False
1392,1,1,2026-08-23T08:22:00+00:00,2026-08-23T08:22:00+00:00,0.0,8.9486,77.96073,8.9486,77.96073,0.0,0.0,0.0,INSUFFICIENT_DATA,INSUFFICIENT_DATA,INSUFFICIENT_DATA,,insufficient_evidence,INSUFFICIENT,0,False
1393,1,1,2026-08-23T08:22:00+00:00,2026-08-23T08:22:00+00:00,0.0,9.193,77.37519,9.193,77.37519,0.0,0.0,0.0,INSUFFICIENT_DATA,INSUFFICIENT_DATA,INSUFFICIENT_DATA,,insufficient_evidence,INSUFFICIENT,0,False
1394,1,1,2026-08-23T08:22:00+00:00,2026-08-23T08:22:00+00:00,0.0,9.2187,77.62897,9.2187,77.62897,0.0,0.0,0.0,INSUFFICIENT_DATA,INSUFFICIENT_DATA,INSUFFICIENT_DATA,,insufficient_evidence,INSUFFICIENT,0,False
1395,1,1,2026-08-23T08:22:00+00:00,2026-08-23T08:22:00+00:00,0.0,9.22068,77.46474,9.22068,77.46474,0.0,0.0,0.0,INSUFFICIENT_DATA,INSUFFICIENT_DATA,INSUFFICIENT_DATA,,insufficient_evidence,INSUFFICIENT,0,False
1396,1,1,2026-08-23T08:22:00+00:00,2026-08-23T08:22:00+00:00,0.0,9.2728,77.32723,9.2728,77.32723,0.0,0.0,0.0,INSUFFICIENT_DATA,INSUFFICIENT_DATA,INSUFFICIENT_DATA,,insufficient_evidence,INSUFFICIENT,0,False
1397,1,1,2026-08-23T08:22:00+00:00,2026-08-23T08:22:00+00:00,0.0,9.28461,77.43481,9.28461,77.43481,0.0,0.0,0.0,INSUFFICIENT_DATA,INSUFFICIENT_DATA,INSUFFICIENT_DATA,,insufficient_evidence,INSUFFICIENT,0,False
1398,1,1,2026-08-23T08:22:00+00:00,2026-08-23T08:22:00+00:00,0.0,9.44357,78.05501,9.44357,78.05501,0.0,0.0,0.0,INSUFFICIENT_DATA,INSUFFICIENT_DATA,INSUFFICIENT_DATA,,insufficient_evidence,INSUFFICIENT,0,False
1399,1,1,2026-08-23T08:22:00+00:00,2026-08-23T08:22:00+00:00,0.0,9.89958,77.78525,9.89958,77.78525,0.0,0.0,0.0,INSUFFICIENT_DATA,INSUFFICIENT_DATA,INSUFFICIENT_DATA,,insufficient_evidence,INSUFFICIENT,0,False
1400,1,1,2026-08-23T08:22:00+00:00,2026-08-23T08:22:00+00:00,0.0,10.10984,77.73901,10.10984,77.73901,0.0,0.0,0.0,INSUFFICIENT_DATA,INSUFFICIENT_DATA,INSUFFICIENT_DATA,,insufficient_evidence,INSUFFICIENT,0,False
1401,1,1,2026-08-23T08:22:00+00:00,2026-08-23T08:22:00+00:00,0.0,10.66683,78.1728,10.66683,78.1728,0.0,0.0,0.0,INSUFFICIENT_DATA,INSUFFICIENT_DATA,INSUFFICIENT_DATA,,insufficient_evidence,INSUFFICIENT,0,False
1402,1,1,2026-08-23T08:22:00+00:00,2026-08-23T08:22:00+00:00,0.0,11.0347,77.14651,11.0347,77.14651,0.0,0.0,0.0,INSUFFICIENT_DATA,INSUFFICIENT_DATA,INSUFFICIENT_DATA,,insufficient_evidence,INSUFFICIENT,0,False
1403,1,1,2026-08-23T08:24:00+00:00,2026-08-23T08:24:00+00:00,0.0,14.26653,79.79261,14.26653,79.79261,0.0,0.0,0.0,INSUFFICIENT_DATA,INSUFFICIENT_DATA,INSUFFICIENT_DATA,,insufficient_evidence,INSUFFICIENT,0,False
1404,1,1,2026-08-23T08:24:00+00:00,2026-08-23T08:24:00+00:00,0.0,15.36111,78.60121,15.36111,78.60121,0.0,0.0,0.0,INSUFFICIENT_DATA,INSUFFICIENT_DATA,INSUFFICIENT_DATA,,insufficient_evidence,INSUFFICIENT,0,False
1405,1,1,2026-08-23T08:24:00+00:00,2026-08-23T08:24:00+00:00,0.0,16.113,78.21188,16.113,78.21188,0.0,0.0,0.0,INSUFFICIENT_DATA,INSUFFICIENT_DATA,INSUFFICIENT_DATA,,insufficient_evidence,INSUFFICIENT,0,False
1406,6,6,2026-08-23T08:26:00+00:00,2026-08-28T08:33:00+00:00,5.005,22.92903,70.10583,22.92856,70.10652,0.088,0.018,126.49,SE,LOW,STATIONARY,,stationary,INSUFFICIENT,0,False
1407,3,2,2026-08-23T19:13:00+00:00,2026-08-25T19:32:00+00:00,2.013,23.61086,87.14675,23.61165,87.14617,0.106,0.053,326.07,NW,LOW,STATIONARY,,stationary,INSUFFICIENT,0,False
1408,1,1,2026-08-23T19:13:00+00:00,2026-08-23T19:13:00+00:00,0.0,23.76707,86.37955,23.76707,86.37955,0.0,0.0,0.0,INSUFFICIENT_DATA,INSUFFICIENT_DATA,INSUFFICIENT_DATA,,insufficient_evidence,INSUFFICIENT,0,False
1409,1,1,2026-08-23T19:13:00+00:00,2026-08-23T19:13:00+00:00,0.0,24.11958,86.35051,24.11958,86.35051,0.0,0.0,0.0,INSUFFICIENT_DATA,INSUFFICIENT_DATA,INSUFFICIENT_DATA,,insufficient_evidence,INSUFFICIENT,0,False
1410,1,1,2026-08-23T19:13:00+00:00,2026-08-23T19:13:00+00:00,0.0,27.53554,95.39848,27.53554,95.39848,0.0,0.0,0.0,INSUFFICIENT_DATA,INSUFFICIENT_DATA,INSUFFICIENT_DATA,,insufficient_evidence,INSUFFICIENT,0,False
1411,5,2,2026-08-23T20:06:00+00:00,2026-08-24T21:27:00+00:00,1.056,31.25558,76.92468,31.25412,76.92534,0.175,0.166,158.69,S,LOW,STATIONARY,,stationary,INSUFFICIENT,0,False
1412,1,1,2026-08-23T20:06:00+00:00,2026-08-23T20:06:00+00:00,0.0,33.29054,75.72936,33.29054,75.72936,0.0,0.0,0.0,INSUFFICIENT_DATA,INSUFFICIENT_DATA,INSUFFICIENT_DATA,,insufficient_evidence,INSUFFICIENT,0,False
1413,1,1,2026-08-23T20:08:00+00:00,2026-08-23T20:08:00+00:00,0.0,26.26939,74.18853,26.26939,74.18853,0.0,0.0,0.0,INSUFFICIENT_DATA,INSUFFICIENT_DATA,INSUFFICIENT_DATA,,insufficient_evidence,INSUFFICIENT,0,False
1414,2,1,2026-08-23T20:08:00+00:00,2026-08-23T20:08:00+00:00,0.0,28.35118,77.25685,28.35118,77.25685,0.0,0.0,0.0,INSUFFICIENT_DATA,INSUFFICIENT_DATA,INSUFFICIENT_DATA,,insufficient_evidence,INSUFFICIENT,0,False
1415,1,1,2026-08-23T20:08:00+00:00,2026-08-23T20:08:00+00:00,0.0,28.83727,77.13653,28.83727,77.13653,0.0,0.0,0.0,INSUFFICIENT_DATA,INSUFFICIENT_DATA,INSUFFICIENT_DATA,,insufficient_evidence,INSUFFICIENT,0,False
1416,3,2,2026-08-23T20:08:00+00:00,2026-08-25T07:05:00+00:00,1.456,29.45982,76.88994,29.45627,76.8924,0.462,0.317,148.93,SE,LOW,STATIONARY,,stationary,INSUFFICIENT,0,False
1417,6,1,2026-08-23T20:12:00+00:00,2026-08-23T20:57:00+00:00,0.031,10.07265,77.25534,10.07265,77.25534,0.0,0.0,0.0,INSUFFICIENT_DATA,INSUFFICIENT_DATA,INSUFFICIENT_DATA,,insufficient_evidence,INSUFFICIENT,0,False
1418,1,1,2026-08-23T20:12:00+00:00,2026-08-23T20:12:00+00:00,0.0,10.88856,78.48952,10.88856,78.48952,0.0,0.0,0.0,INSUFFICIENT_DATA,INSUFFICIENT_DATA,INSUFFICIENT_DATA,,insufficient_evidence,INSUFFICIENT,0,False
1419,1,1,2026-08-23T20:53:00+00:00,2026-08-23T20:53:00+00:00,0.0,22.57408,70.22664,22.57408,70.22664,0.0,0.0,0.0,INSUFFICIENT_DATA,INSUFFICIENT_DATA,INSUFFICIENT_DATA,,insufficient_evidence,INSUFFICIENT,0,False
1420,3,2,2026-08-23T20:53:00+00:00,2026-08-24T21:29:00+00:00,1.025,24.68964,73.00288,24.68919,73.00189,0.112,0.109,243.68,SW,LOW,STATIONARY,,stationary,INSUFFICIENT,0,False
1421,2,2,2026-08-23T20:53:00+00:00,2026-08-24T20:34:00+00:00,0.987,29.12311,75.77846,29.12299,75.77946,0.098,0.099,97.82,E,LOW,STATIONARY,,stationary,INSUFFICIENT,0,False
1422,1,1,2026-08-23T20:53:00+00:00,2026-08-23T20:53:00+00:00,0.0,29.35825,76.95921,29.35825,76.95921,0.0,0.0,0.0,INSUFFICIENT_DATA,INSUFFICIENT_DATA,INSUFFICIENT_DATA,,insufficient_evidence,INSUFFICIENT,0,False
1423,2,1,2026-08-23T20:55:00+00:00,2026-08-23T20:55:00+00:00,0.0,19.04876,73.11891,19.04876,73.11891,0.0,0.0,0.0,INSUFFICIENT_DATA,INSUFFICIENT_DATA,INSUFFICIENT_DATA,,insufficient_evidence,INSUFFICIENT,0,False
1424,2,2,2026-08-23T20:55:00+00:00,2026-08-24T20:36:00+00:00,0.987,19.93539,73.71249,19.93503,73.71155,0.106,0.107,247.83,W,LOW,STATIONARY,,stationary,INSUFFICIENT,0,False
1425,1,1,2026-08-23T20:57:00+00:00,2026-08-23T20:57:00+00:00,0.0,11.13734,77.35052,11.13734,77.35052,0.0,0.0,0.0,INSUFFICIENT_DATA,INSUFFICIENT_DATA,INSUFFICIENT_DATA,,insufficient_evidence,INSUFFICIENT,0,False
1426,2,1,2026-08-24T07:24:00+00:00,2026-08-24T08:09:00+00:00,0.031,32.00008,78.53585,32.00008,78.53585,0.0,0.0,0.0,INSUFFICIENT_DATA,INSUFFICIENT_DATA,INSUFFICIENT_DATA,,insufficient_evidence,INSUFFICIENT,0,False
1427,1,1,2026-08-24T08:03:00+00:00,2026-08-24T08:03:00+00:00,0.0,9.04358,78.21024,9.04358,78.21024,0.0,0.0,0.0,INSUFFICIENT_DATA,INSUFFICIENT_DATA,INSUFFICIENT_DATA,,insufficient_evidence,INSUFFICIENT,0,False
1428,1,1,2026-08-24T08:03:00+00:00,2026-08-24T08:03:00+00:00,0.0,9.13882,78.25266,9.13882,78.25266,0.0,0.0,0.0,INSUFFICIENT_DATA,INSUFFICIENT_DATA,INSUFFICIENT_DATA,,insufficient_evidence,INSUFFICIENT,0,False
1429,3,1,2026-08-24T08:03:00+00:00,2026-08-24T08:03:00+00:00,0.0,10.44457,79.62907,10.44457,79.62907,0.0,0.0,0.0,INSUFFICIENT_DATA,INSUFFICIENT_DATA,INSUFFICIENT_DATA,,insufficient_evidence,INSUFFICIENT,0,False
1430,1,1,2026-08-24T08:09:00+00:00,2026-08-24T08:09:00+00:00,0.0,31.30223,75.0976,31.30223,75.0976,0.0,0.0,0.0,INSUFFICIENT_DATA,INSUFFICIENT_DATA,INSUFFICIENT_DATA,,insufficient_evidence,INSUFFICIENT,0,False
1431,1,1,2026-08-24T19:49:00+00:00,2026-08-24T19:49:00+00:00,0.0,23.68914,87.10023,23.68914,87.10023,0.0,0.0,0.0,INSUFFICIENT_DATA,INSUFFICIENT_DATA,INSUFFICIENT_DATA,,insufficient_evidence,INSUFFICIENT,0,False
1432,4,3,2026-08-24T19:51:00+00:00,2026-08-26T07:29:00+00:00,1.485,17.60995,83.20184,17.60913,83.20387,0.234,0.157,112.97,SE,LOW,STATIONARY,,stationary,INSUFFICIENT,0,False
1433,2,1,2026-08-24T20:34:00+00:00,2026-08-24T20:34:00+00:00,0.0,23.69754,85.35696,23.69754,85.35696,0.0,0.0,0.0,INSUFFICIENT_DATA,INSUFFICIENT_DATA,INSUFFICIENT_DATA,,insufficient_evidence,INSUFFICIENT,0,False
1434,1,1,2026-08-24T20:34:00+00:00,2026-08-24T20:34:00+00:00,0.0,31.32664,76.89409,31.32664,76.89409,0.0,0.0,0.0,INSUFFICIENT_DATA,INSUFFICIENT_DATA,INSUFFICIENT_DATA,,insufficient_evidence,INSUFFICIENT,0,False
1435,4,3,2026-08-24T20:36:00+00:00,2026-08-26T20:53:00+00:00,2.012,20.91008,71.45858,20.91049,71.45941,0.098,0.048,62.13,NE,LOW,STATIONARY,,stationary,INSUFFICIENT,0,False
1436,9,2,2026-08-24T20:36:00+00:00,2026-08-25T21:12:00+00:00,1.025,22.34188,69.86707,22.34058,69.85508,1.241,1.211,263.33,W,MEDIUM,MOVING,W,directional,PRELIMINARY,33,True
1437,6,2,2026-08-24T20:36:00+00:00,2026-08-25T21:12:00+00:00,1.025,22.93339,69.69806,22.93312,69.69895,0.096,0.094,108.23,E,LOW,STATIONARY,,stationary,INSUFFICIENT,0,False
1438,1,1,2026-08-25T07:46:00+00:00,2026-08-25T07:46:00+00:00,0.0,15.14153,76.96049,15.14153,76.96049,0.0,0.0,0.0,INSUFFICIENT_DATA,INSUFFICIENT_DATA,INSUFFICIENT_DATA,,insufficient_evidence,INSUFFICIENT,0,False
1439,1,1,2026-08-25T08:41:00+00:00,2026-08-25T08:41:00+00:00,0.0,14.86755,79.73705,14.86755,79.73705,0.0,0.0,0.0,INSUFFICIENT_DATA,INSUFFICIENT_DATA,INSUFFICIENT_DATA,,insufficient_evidence,INSUFFICIENT,0,False
1440,1,1,2026-08-25T08:41:00+00:00,2026-08-25T08:41:00+00:00,0.0,15.38928,75.22285,15.38928,75.22285,0.0,0.0,0.0,INSUFFICIENT_DATA,INSUFFICIENT_DATA,INSUFFICIENT_DATA,,insufficient_evidence,INSUFFICIENT,0,False
1441,1,1,2026-08-25T08:41:00+00:00,2026-08-25T08:41:00+00:00,0.0,17.08532,79.68513,17.08532,79.68513,0.0,0.0,0.0,INSUFFICIENT_DATA,INSUFFICIENT_DATA,INSUFFICIENT_DATA,,insufficient_evidence,INSUFFICIENT,0,False
1442,1,1,2026-08-25T08:41:00+00:00,2026-08-25T08:41:00+00:00,0.0,18.70882,74.45466,18.70882,74.45466,0.0,0.0,0.0,INSUFFICIENT_DATA,INSUFFICIENT_DATA,INSUFFICIENT_DATA,,insufficient_evidence,INSUFFICIENT,0,False
1443,1,1,2026-08-25T08:43:00+00:00,2026-08-25T08:43:00+00:00,0.0,22.93576,69.1861,22.93576,69.1861,0.0,0.0,0.0,INSUFFICIENT_DATA,INSUFFICIENT_DATA,INSUFFICIENT_DATA,,insufficient_evidence,INSUFFICIENT,0,False
1444,3,2,2026-08-25T19:30:00+00:00,2026-08-26T20:51:00+00:00,1.056,26.75925,83.19972,26.76138,83.19917,0.243,0.23,347.13,N,LOW,STATIONARY,,stationary,INSUFFICIENT,0,False
1445,1,1,2026-08-25T19:32:00+00:00,2026-08-25T19:32:00+00:00,0.0,21.3352,78.96751,21.3352,78.96751,0.0,0.0,0.0,INSUFFICIENT_DATA,INSUFFICIENT_DATA,INSUFFICIENT_DATA,,insufficient_evidence,INSUFFICIENT,0,False
1446,4,1,2026-08-25T19:32:00+00:00,2026-08-25T20:17:00+00:00,0.031,21.37222,81.68021,21.37222,81.68021,0.0,0.0,0.0,INSUFFICIENT_DATA,INSUFFICIENT_DATA,INSUFFICIENT_DATA,,insufficient_evidence,INSUFFICIENT,0,False
1447,1,1,2026-08-25T19:32:00+00:00,2026-08-25T19:32:00+00:00,0.0,21.39248,81.64462,21.39248,81.64462,0.0,0.0,0.0,INSUFFICIENT_DATA,INSUFFICIENT_DATA,INSUFFICIENT_DATA,,insufficient_evidence,INSUFFICIENT,0,False
1448,1,1,2026-08-25T20:14:00+00:00,2026-08-25T20:14:00+00:00,0.0,28.70671,76.85614,28.70671,76.85614,0.0,0.0,0.0,INSUFFICIENT_DATA,INSUFFICIENT_DATA,INSUFFICIENT_DATA,,insufficient_evidence,INSUFFICIENT,0,False
1449,2,1,2026-08-25T20:17:00+00:00,2026-08-25T20:17:00+00:00,0.0,15.02146,78.01352,15.02146,78.01352,0.0,0.0,0.0,INSUFFICIENT_DATA,INSUFFICIENT_DATA,INSUFFICIENT_DATA,,insufficient_evidence,INSUFFICIENT,0,False
1450,5,4,2026-08-25T20:17:00+00:00,2026-08-28T20:19:00+00:00,3.001,15.1733,76.69198,15.1754,76.69256,0.242,0.081,14.77,N,LOW,STATIONARY,,stationary,INSUFFICIENT,0,False
1451,8,3,2026-08-25T20:17:00+00:00,2026-08-28T20:19:00+00:00,3.001,15.17616,77.10209,15.17735,77.10187,0.135,0.045,349.92,N,LOW,STATIONARY,,stationary,INSUFFICIENT,0,False
1452,1,1,2026-08-25T20:17:00+00:00,2026-08-25T20:17:00+00:00,0.0,15.22395,76.76291,15.22395,76.76291,0.0,0.0,0.0,INSUFFICIENT_DATA,INSUFFICIENT_DATA,INSUFFICIENT_DATA,,insufficient_evidence,INSUFFICIENT,0,False
1453,3,2,2026-08-25T20:17:00+00:00,2026-08-26T20:00:00+00:00,0.988,15.65657,73.98945,15.65711,73.98764,0.203,0.205,287.07,W,LOW,STATIONARY,,stationary,INSUFFICIENT,0,False
1454,1,1,2026-08-25T20:17:00+00:00,2026-08-25T20:17:00+00:00,0.0,15.68491,78.45717,15.68491,78.45717,0.0,0.0,0.0,INSUFFICIENT_DATA,INSUFFICIENT_DATA,INSUFFICIENT_DATA,,insufficient_evidence,INSUFFICIENT,0,False
1455,2,2,2026-08-25T20:17:00+00:00,2026-08-27T20:36:00+00:00,2.013,17.46485,80.65231,17.46451,80.65163,0.081,0.04,242.34,SW,LOW,STATIONARY,,stationary,INSUFFICIENT,0,False
1456,3,2,2026-08-25T20:17:00+00:00,2026-08-28T08:33:00+00:00,2.511,18.69222,73.04055,18.69099,73.04218,0.22,0.088,128.65,SE,LOW,STATIONARY,,stationary,INSUFFICIENT,0,False
1457,1,1,2026-08-25T20:17:00+00:00,2026-08-25T20:17:00+00:00,0.0,18.80414,74.25832,18.80414,74.25832,0.0,0.0,0.0,INSUFFICIENT_DATA,INSUFFICIENT_DATA,INSUFFICIENT_DATA,,insufficient_evidence,INSUFFICIENT,0,False
1458,1,1,2026-08-25T20:17:00+00:00,2026-08-25T20:17:00+00:00,0.0,21.19039,81.19882,21.19039,81.19882,0.0,0.0,0.0,INSUFFICIENT_DATA,INSUFFICIENT_DATA,INSUFFICIENT_DATA,,insufficient_evidence,INSUFFICIENT,0,False
1459,1,1,2026-08-25T20:17:00+00:00,2026-08-25T20:17:00+00:00,0.0,21.24484,81.76915,21.24484,81.76915,0.0,0.0,0.0,INSUFFICIENT_DATA,INSUFFICIENT_DATA,INSUFFICIENT_DATA,,insufficient_evidence,INSUFFICIENT,0,False
1460,1,1,2026-08-25T20:17:00+00:00,2026-08-25T20:17:00+00:00,0.0,21.31093,81.59187,21.31093,81.59187,0.0,0.0,0.0,INSUFFICIENT_DATA,INSUFFICIENT_DATA,INSUFFICIENT_DATA,,insufficient_evidence,INSUFFICIENT,0,False
1461,1,1,2026-08-25T20:17:00+00:00,2026-08-25T20:17:00+00:00,0.0,21.37453,81.64227,21.37453,81.64227,0.0,0.0,0.0,INSUFFICIENT_DATA,INSUFFICIENT_DATA,INSUFFICIENT_DATA,,insufficient_evidence,INSUFFICIENT,0,False
1462,1,1,2026-08-25T20:17:00+00:00,2026-08-25T20:17:00+00:00,0.0,21.73116,82.21548,21.73116,82.21548,0.0,0.0,0.0,INSUFFICIENT_DATA,INSUFFICIENT_DATA,INSUFFICIENT_DATA,,insufficient_evidence,INSUFFICIENT,0,False
1463,3,2,2026-08-25T20:17:00+00:00,2026-08-26T08:24:00+00:00,0.505,22.35787,82.30326,22.35758,82.30307,0.037,0.074,211.66,SW,LOW,STATIONARY,,stationary,INSUFFICIENT,0,False
1464,3,1,2026-08-25T20:17:00+00:00,2026-08-25T20:17:00+00:00,0.0,23.1645,82.33994,23.1645,82.33994,0.0,0.0,0.0,INSUFFICIENT_DATA,INSUFFICIENT_DATA,INSUFFICIENT_DATA,,insufficient_evidence,INSUFFICIENT,0,False
1465,1,1,2026-08-25T20:19:00+00:00,2026-08-25T20:19:00+00:00,0.0,10.77575,78.88298,10.77575,78.88298,0.0,0.0,0.0,INSUFFICIENT_DATA,INSUFFICIENT_DATA,INSUFFICIENT_DATA,,insufficient_evidence,INSUFFICIENT,0,False
1466,1,1,2026-08-25T20:19:00+00:00,2026-08-25T20:19:00+00:00,0.0,12.2171,79.00295,12.2171,79.00295,0.0,0.0,0.0,INSUFFICIENT_DATA,INSUFFICIENT_DATA,INSUFFICIENT_DATA,,insufficient_evidence,INSUFFICIENT,0,False
1467,1,1,2026-08-25T20:19:00+00:00,2026-08-25T20:19:00+00:00,0.0,12.91749,79.11784,12.91749,79.11784,0.0,0.0,0.0,INSUFFICIENT_DATA,INSUFFICIENT_DATA,INSUFFICIENT_DATA,,insufficient_evidence,INSUFFICIENT,0,False
1468,11,3,2026-08-25T20:19:00+00:00,2026-08-28T20:17:00+00:00,2.999,17.95805,80.79042,17.95718,80.7908,0.105,0.035,157.23,SE,LOW,STATIONARY,,stationary,INSUFFICIENT,0,False
1469,2,2,2026-08-25T20:19:00+00:00,2026-08-28T20:17:00+00:00,2.999,19.82038,79.23856,19.82014,79.23772,0.092,0.031,253.11,W,LOW,STATIONARY,,stationary,INSUFFICIENT,0,False
1470,4,1,2026-08-25T21:08:00+00:00,2026-08-25T21:08:00+00:00,0.0,34.47486,73.85938,34.47486,73.85938,0.0,0.0,0.0,INSUFFICIENT_DATA,INSUFFICIENT_DATA,INSUFFICIENT_DATA,,insufficient_evidence,INSUFFICIENT,0,False
1471,4,2,2026-08-25T21:12:00+00:00,2026-08-26T21:38:00+00:00,1.018,22.4188,69.03984,22.41532,69.03854,0.409,0.402,198.98,S,LOW,STATIONARY,,stationary,INSUFFICIENT,0,False
1472,1,1,2026-08-25T21:12:00+00:00,2026-08-25T21:12:00+00:00,0.0,22.92693,69.82433,22.92693,69.82433,0.0,0.0,0.0,INSUFFICIENT_DATA,INSUFFICIENT_DATA,INSUFFICIENT_DATA,,insufficient_evidence,INSUFFICIENT,0,False
1473,1,1,2026-08-25T21:12:00+00:00,2026-08-25T21:12:00+00:00,0.0,23.49973,68.57806,23.49973,68.57806,0.0,0.0,0.0,INSUFFICIENT_DATA,INSUFFICIENT_DATA,INSUFFICIENT_DATA,,insufficient_evidence,INSUFFICIENT,0,False
1474,3,2,2026-08-25T21:14:00+00:00,2026-08-28T20:19:00+00:00,2.962,15.1107,76.80533,15.11159,76.8063,0.143,0.048,46.62,NE,LOW,STATIONARY,,stationary,INSUFFICIENT,0,False
1475,7,4,2026-08-25T21:14:00+00:00,2026-08-28T20:19:00+00:00,2.962,15.3397,76.27866,15.33618,76.28429,0.72,0.243,122.96,SE,LOW,MOVING,,erratic,PRELIMINARY,39,False
1476,2,1,2026-08-26T07:26:00+00:00,2026-08-26T08:22:00+00:00,0.039,9.39019,78.88418,9.39019,78.88418,0.0,0.0,0.0,INSUFFICIENT_DATA,INSUFFICIENT_DATA,INSUFFICIENT_DATA,,insufficient_evidence,INSUFFICIENT,0,False
1477,1,1,2026-08-26T07:26:00+00:00,2026-08-26T07:26:00+00:00,0.0,10.38894,79.17622,10.38894,79.17622,0.0,0.0,0.0,INSUFFICIENT_DATA,INSUFFICIENT_DATA,INSUFFICIENT_DATA,,insufficient_evidence,INSUFFICIENT,0,False
1478,1,1,2026-08-26T07:26:00+00:00,2026-08-26T07:26:00+00:00,0.0,11.74077,78.97653,11.74077,78.97653,0.0,0.0,0.0,INSUFFICIENT_DATA,INSUFFICIENT_DATA,INSUFFICIENT_DATA,,insufficient_evidence,INSUFFICIENT,0,False
1479,1,1,2026-08-26T07:26:00+00:00,2026-08-26T07:26:00+00:00,0.0,11.7447,79.05466,11.7447,79.05466,0.0,0.0,0.0,INSUFFICIENT_DATA,INSUFFICIENT_DATA,INSUFFICIENT_DATA,,insufficient_evidence,INSUFFICIENT,0,False
1480,2,1,2026-08-26T07:29:00+00:00,2026-08-26T07:29:00+00:00,0.0,15.62445,79.18017,15.62445,79.18017,0.0,0.0,0.0,INSUFFICIENT_DATA,INSUFFICIENT_DATA,INSUFFICIENT_DATA,,insufficient_evidence,INSUFFICIENT,0,False
1481,1,1,2026-08-26T07:29:00+00:00,2026-08-26T07:29:00+00:00,0.0,16.40067,79.36681,16.40067,79.36681,0.0,0.0,0.0,INSUFFICIENT_DATA,INSUFFICIENT_DATA,INSUFFICIENT_DATA,,insufficient_evidence,INSUFFICIENT,0,False
1482,2,1,2026-08-26T07:29:00+00:00,2026-08-26T08:24:00+00:00,0.038,16.83602,79.16679,16.83602,79.16679,0.0,0.0,0.0,INSUFFICIENT_DATA,INSUFFICIENT_DATA,INSUFFICIENT_DATA,,insufficient_evidence,INSUFFICIENT,0,False
1483,2,1,2026-08-26T07:29:00+00:00,2026-08-26T07:29:00+00:00,0.0,21.67665,84.04028,21.67665,84.04028,0.0,0.0,0.0,INSUFFICIENT_DATA,INSUFFICIENT_DATA,INSUFFICIENT_DATA,,insufficient_evidence,INSUFFICIENT,0,False
1484,2,1,2026-08-26T07:29:00+00:00,2026-08-26T07:29:00+00:00,0.0,22.21246,84.86599,22.21246,84.86599,0.0,0.0,0.0,INSUFFICIENT_DATA,INSUFFICIENT_DATA,INSUFFICIENT_DATA,,insufficient_evidence,INSUFFICIENT,0,False
1485,2,1,2026-08-26T07:29:00+00:00,2026-08-26T07:29:00+00:00,0.0,22.21362,84.841,22.21362,84.841,0.0,0.0,0.0,INSUFFICIENT_DATA,INSUFFICIENT_DATA,INSUFFICIENT_DATA,,insufficient_evidence,INSUFFICIENT,0,False
1486,1,1,2026-08-26T07:31:00+00:00,2026-08-26T07:31:00+00:00,0.0,30.34867,74.23013,30.34867,74.23013,0.0,0.0,0.0,INSUFFICIENT_DATA,INSUFFICIENT_DATA,INSUFFICIENT_DATA,,insufficient_evidence,INSUFFICIENT,0,False
1487,2,1,2026-08-26T08:22:00+00:00,2026-08-26T08:22:00+00:00,0.0,9.21731,78.64877,9.21731,78.64877,0.0,0.0,0.0,INSUFFICIENT_DATA,INSUFFICIENT_DATA,INSUFFICIENT_DATA,,insufficient_evidence,INSUFFICIENT,0,False
1488,1,1,2026-08-26T08:22:00+00:00,2026-08-26T08:22:00+00:00,0.0,9.30177,77.47569,9.30177,77.47569,0.0,0.0,0.0,INSUFFICIENT_DATA,INSUFFICIENT_DATA,INSUFFICIENT_DATA,,insufficient_evidence,INSUFFICIENT,0,False
1489,1,1,2026-08-26T08:22:00+00:00,2026-08-26T08:22:00+00:00,0.0,9.8038,78.17648,9.8038,78.17648,0.0,0.0,0.0,INSUFFICIENT_DATA,INSUFFICIENT_DATA,INSUFFICIENT_DATA,,insufficient_evidence,INSUFFICIENT,0,False
1490,3,2,2026-08-26T08:22:00+00:00,2026-08-27T08:48:00+00:00,1.018,10.05202,77.95329,10.05289,77.95028,0.343,0.337,286.27,W,LOW,STATIONARY,,stationary,INSUFFICIENT,0,False
1491,1,1,2026-08-26T08:22:00+00:00,2026-08-26T08:22:00+00:00,0.0,10.93808,79.54315,10.93808,79.54315,0.0,0.0,0.0,INSUFFICIENT_DATA,INSUFFICIENT_DATA,INSUFFICIENT_DATA,,insufficient_evidence,INSUFFICIENT,0,False
1492,1,1,2026-08-26T08:22:00+00:00,2026-08-26T08:22:00+00:00,0.0,11.35922,77.2625,11.35922,77.2625,0.0,0.0,0.0,INSUFFICIENT_DATA,INSUFFICIENT_DATA,INSUFFICIENT_DATA,,insufficient_evidence,INSUFFICIENT,0,False
1493,1,1,2026-08-26T08:22:00+00:00,2026-08-26T08:22:00+00:00,0.0,11.42405,78.16054,11.42405,78.16054,0.0,0.0,0.0,INSUFFICIENT_DATA,INSUFFICIENT_DATA,INSUFFICIENT_DATA,,insufficient_evidence,INSUFFICIENT,0,False
1494,1,1,2026-08-26T08:22:00+00:00,2026-08-26T08:22:00+00:00,0.0,11.46199,77.46516,11.46199,77.46516,0.0,0.0,0.0,INSUFFICIENT_DATA,INSUFFICIENT_DATA,INSUFFICIENT_DATA,,insufficient_evidence,INSUFFICIENT,0,False
1495,1,1,2026-08-26T08:22:00+00:00,2026-08-26T08:22:00+00:00,0.0,11.53354,78.71278,11.53354,78.71278,0.0,0.0,0.0,INSUFFICIENT_DATA,INSUFFICIENT_DATA,INSUFFICIENT_DATA,,insufficient_evidence,INSUFFICIENT,0,False
1496,1,1,2026-08-26T08:22:00+00:00,2026-08-26T08:22:00+00:00,0.0,11.55913,79.62791,11.55913,79.62791,0.0,0.0,0.0,INSUFFICIENT_DATA,INSUFFICIENT_DATA,INSUFFICIENT_DATA,,insufficient_evidence,INSUFFICIENT,0,False
1497,1,1,2026-08-26T08:22:00+00:00,2026-08-26T08:22:00+00:00,0.0,11.67362,78.43934,11.67362,78.43934,0.0,0.0,0.0,INSUFFICIENT_DATA,INSUFFICIENT_DATA,INSUFFICIENT_DATA,,insufficient_evidence,INSUFFICIENT,0,False
1498,1,1,2026-08-26T08:22:00+00:00,2026-08-26T08:22:00+00:00,0.0,12.05793,76.91864,12.05793,76.91864,0.0,0.0,0.0,INSUFFICIENT_DATA,INSUFFICIENT_DATA,INSUFFICIENT_DATA,,insufficient_evidence,INSUFFICIENT,0,False
1499,1,1,2026-08-26T08:22:00+00:00,2026-08-26T08:22:00+00:00,0.0,12.13018,79.65379,12.13018,79.65379,0.0,0.0,0.0,INSUFFICIENT_DATA,INSUFFICIENT_DATA,INSUFFICIENT_DATA,,insufficient_evidence,INSUFFICIENT,0,False
1500,1,1,2026-08-26T08:22:00+00:00,2026-08-26T08:22:00+00:00,0.0,12.26599,77.0015,12.26599,77.0015,0.0,0.0,0.0,INSUFFICIENT_DATA,INSUFFICIENT_DATA,INSUFFICIENT_DATA,,insufficient_evidence,INSUFFICIENT,0,False
1501,1,1,2026-08-26T08:22:00+00:00,2026-08-26T08:22:00+00:00,0.0,12.30538,76.84256,12.30538,76.84256,0.0,0.0,0.0,INSUFFICIENT_DATA,INSUFFICIENT_DATA,INSUFFICIENT_DATA,,insufficient_evidence,INSUFFICIENT,0,False
1502,1,1,2026-08-26T08:22:00+00:00,2026-08-26T08:22:00+00:00,0.0,12.95476,79.27879,12.95476,79.27879,0.0,0.0,0.0,INSUFFICIENT_DATA,INSUFFICIENT_DATA,INSUFFICIENT_DATA,,insufficient_evidence,INSUFFICIENT,0,False
1503,1,1,2026-08-26T08:22:00+00:00,2026-08-26T08:22:00+00:00,0.0,13.09371,78.80157,13.09371,78.80157,0.0,0.0,0.0,INSUFFICIENT_DATA,INSUFFICIENT_DATA,INSUFFICIENT_DATA,,insufficient_evidence,INSUFFICIENT,0,False
1504,1,1,2026-08-26T08:22:00+00:00,2026-08-26T08:22:00+00:00,0.0,13.973,78.2289,13.973,78.2289,0.0,0.0,0.0,INSUFFICIENT_DATA,INSUFFICIENT_DATA,INSUFFICIENT_DATA,,insufficient_evidence,INSUFFICIENT,0,False
1505,1,1,2026-08-26T08:22:00+00:00,2026-08-26T08:22:00+00:00,0.0,14.15628,77.23994,14.15628,77.23994,0.0,0.0,0.0,INSUFFICIENT_DATA,INSUFFICIENT_DATA,INSUFFICIENT_DATA,,insufficient_evidence,INSUFFICIENT,0,False
1506,1,1,2026-08-26T08:22:00+00:00,2026-08-26T08:22:00+00:00,0.0,14.23911,79.66386,14.23911,79.66386,0.0,0.0,0.0,INSUFFICIENT_DATA,INSUFFICIENT_DATA,INSUFFICIENT_DATA,,insufficient_evidence,INSUFFICIENT,0,False
1507,1,1,2026-08-26T08:22:00+00:00,2026-08-26T08:22:00+00:00,0.0,15.00306,76.99864,15.00306,76.99864,0.0,0.0,0.0,INSUFFICIENT_DATA,INSUFFICIENT_DATA,INSUFFICIENT_DATA,,insufficient_evidence,INSUFFICIENT,0,False
1508,1,1,2026-08-26T08:22:00+00:00,2026-08-26T08:22:00+00:00,0.0,15.01841,79.74989,15.01841,79.74989,0.0,0.0,0.0,INSUFFICIENT_DATA,INSUFFICIENT_DATA,INSUFFICIENT_DATA,,insufficient_evidence,INSUFFICIENT,0,False
1509,3,2,2026-08-26T08:22:00+00:00,2026-08-28T20:19:00+00:00,2.498,15.18321,76.64212,15.1825,76.64178,0.087,0.035,205.12,SW,LOW,STATIONARY,,stationary,INSUFFICIENT,0,False
1510,1,1,2026-08-26T08:22:00+00:00,2026-08-26T08:22:00+00:00,0.0,15.44035,76.97665,15.44035,76.97665,0.0,0.0,0.0,INSUFFICIENT_DATA,INSUFFICIENT_DATA,INSUFFICIENT_DATA,,insufficient_evidence,INSUFFICIENT,0,False
1511,1,1,2026-08-26T08:22:00+00:00,2026-08-26T08:22:00+00:00,0.0,15.74739,77.78989,15.74739,77.78989,0.0,0.0,0.0,INSUFFICIENT_DATA,INSUFFICIENT_DATA,INSUFFICIENT_DATA,,insufficient_evidence,INSUFFICIENT,0,False
1512,1,1,2026-08-26T08:22:00+00:00,2026-08-26T08:22:00+00:00,0.0,15.97756,78.4123,15.97756,78.4123,0.0,0.0,0.0,INSUFFICIENT_DATA,INSUFFICIENT_DATA,INSUFFICIENT_DATA,,insufficient_evidence,INSUFFICIENT,0,False
1513,1,1,2026-08-26T08:22:00+00:00,2026-08-26T08:22:00+00:00,0.0,16.0065,77.04945,16.0065,77.04945,0.0,0.0,0.0,INSUFFICIENT_DATA,INSUFFICIENT_DATA,INSUFFICIENT_DATA,,insufficient_evidence,INSUFFICIENT,0,False
1514,1,1,2026-08-26T08:24:00+00:00,2026-08-26T08:24:00+00:00,0.0,19.99819,74.01125,19.99819,74.01125,0.0,0.0,0.0,INSUFFICIENT_DATA,INSUFFICIENT_DATA,INSUFFICIENT_DATA,,insufficient_evidence,INSUFFICIENT,0,False
1515,1,1,2026-08-26T08:24:00+00:00,2026-08-26T08:24:00+00:00,0.0,21.9208,83.35326,21.9208,83.35326,0.0,0.0,0.0,INSUFFICIENT_DATA,INSUFFICIENT_DATA,INSUFFICIENT_DATA,,insufficient_evidence,INSUFFICIENT,0,False
1516,12,2,2026-08-26T19:13:00+00:00,2026-08-27T08:07:00+00:00,0.537,20.79571,85.25672,20.79343,85.25395,0.383,0.714,228.59,SW,LOW,STATIONARY,,stationary,INSUFFICIENT,0,False
1517,4,2,2026-08-26T19:13:00+00:00,2026-08-27T07:09:00+00:00,0.497,20.96654,85.173,20.9653,85.17146,0.211,0.424,229.14,SW,LOW,STATIONARY,,stationary,INSUFFICIENT,0,False
1518,3,1,2026-08-26T19:15:00+00:00,2026-08-26T19:15:00+00:00,0.0,20.76299,85.29345,20.76299,85.29345,0.0,0.0,0.0,INSUFFICIENT_DATA,INSUFFICIENT_DATA,INSUFFICIENT_DATA,,insufficient_evidence,INSUFFICIENT,0,False
1519,5,1,2026-08-26T19:57:00+00:00,2026-08-26T19:57:00+00:00,0.0,20.86479,84.99002,20.86479,84.99002,0.0,0.0,0.0,INSUFFICIENT_DATA,INSUFFICIENT_DATA,INSUFFICIENT_DATA,,insufficient_evidence,INSUFFICIENT,0,False
1520,2,1,2026-08-26T19:57:00+00:00,2026-08-26T19:57:00+00:00,0.0,20.88806,84.98168,20.88806,84.98168,0.0,0.0,0.0,INSUFFICIENT_DATA,INSUFFICIENT_DATA,INSUFFICIENT_DATA,,insufficient_evidence,INSUFFICIENT,0,False
1521,1,1,2026-08-26T19:57:00+00:00,2026-08-26T19:57:00+00:00,0.0,20.98991,85.12567,20.98991,85.12567,0.0,0.0,0.0,INSUFFICIENT_DATA,INSUFFICIENT_DATA,INSUFFICIENT_DATA,,insufficient_evidence,INSUFFICIENT,0,False
1522,1,1,2026-08-26T19:57:00+00:00,2026-08-26T19:57:00+00:00,0.0,24.14523,86.33312,24.14523,86.33312,0.0,0.0,0.0,INSUFFICIENT_DATA,INSUFFICIENT_DATA,INSUFFICIENT_DATA,,insufficient_evidence,INSUFFICIENT,0,False
1523,9,3,2026-08-26T20:00:00+00:00,2026-08-28T20:17:00+00:00,2.012,11.81137,77.92058,11.81378,77.91888,0.326,0.162,325.51,NW,LOW,STATIONARY,,stationary,INSUFFICIENT,0,False
1524,2,2,2026-08-26T20:00:00+00:00,2026-08-28T20:19:00+00:00,2.013,14.60618,78.52363,14.60621,78.52273,0.097,0.048,271.97,W,LOW,STATIONARY,,stationary,INSUFFICIENT,0,False
1525,1,1,2026-08-26T20:00:00+00:00,2026-08-26T20:00:00+00:00,0.0,15.01244,79.80169,15.01244,79.80169,0.0,0.0,0.0,INSUFFICIENT_DATA,INSUFFICIENT_DATA,INSUFFICIENT_DATA,,insufficient_evidence,INSUFFICIENT,0,False
1526,1,1,2026-08-26T20:00:00+00:00,2026-08-26T20:00:00+00:00,0.0,15.84632,80.17049,15.84632,80.17049,0.0,0.0,0.0,INSUFFICIENT_DATA,INSUFFICIENT_DATA,INSUFFICIENT_DATA,,insufficient_evidence,INSUFFICIENT,0,False
1527,2,1,2026-08-26T20:00:00+00:00,2026-08-26T20:00:00+00:00,0.0,17.02615,81.12438,17.02615,81.12438,0.0,0.0,0.0,INSUFFICIENT_DATA,INSUFFICIENT_DATA,INSUFFICIENT_DATA,,insufficient_evidence,INSUFFICIENT,0,False
1528,1,1,2026-08-26T20:51:00+00:00,2026-08-26T20:51:00+00:00,0.0,23.61789,86.78893,23.61789,86.78893,0.0,0.0,0.0,INSUFFICIENT_DATA,INSUFFICIENT_DATA,INSUFFICIENT_DATA,,insufficient_evidence,INSUFFICIENT,0,False
1529,1,1,2026-08-26T20:51:00+00:00,2026-08-26T20:51:00+00:00,0.0,23.93222,72.36194,23.93222,72.36194,0.0,0.0,0.0,INSUFFICIENT_DATA,INSUFFICIENT_DATA,INSUFFICIENT_DATA,,insufficient_evidence,INSUFFICIENT,0,False
1530,1,1,2026-08-26T20:51:00+00:00,2026-08-26T20:51:00+00:00,0.0,26.92686,73.4677,26.92686,73.4677,0.0,0.0,0.0,INSUFFICIENT_DATA,INSUFFICIENT_DATA,INSUFFICIENT_DATA,,insufficient_evidence,INSUFFICIENT,0,False
1531,1,1,2026-08-26T20:53:00+00:00,2026-08-26T20:53:00+00:00,0.0,18.95677,73.94353,18.95677,73.94353,0.0,0.0,0.0,INSUFFICIENT_DATA,INSUFFICIENT_DATA,INSUFFICIENT_DATA,,insufficient_evidence,INSUFFICIENT,0,False
1532,2,1,2026-08-26T20:53:00+00:00,2026-08-26T20:53:00+00:00,0.0,22.32108,69.88206,22.32108,69.88206,0.0,0.0,0.0,INSUFFICIENT_DATA,INSUFFICIENT_DATA,INSUFFICIENT_DATA,,insufficient_evidence,INSUFFICIENT,0,False
1533,4,2,2026-08-26T20:55:00+00:00,2026-08-28T20:17:00+00:00,1.974,13.71388,79.62244,13.71327,79.62046,0.224,0.114,252.41,W,LOW,STATIONARY,,stationary,INSUFFICIENT,0,False
1534,2,1,2026-08-26T20:55:00+00:00,2026-08-26T20:55:00+00:00,0.0,13.84592,79.25314,13.84592,79.25314,0.0,0.0,0.0,INSUFFICIENT_DATA,INSUFFICIENT_DATA,INSUFFICIENT_DATA,,insufficient_evidence,INSUFFICIENT,0,False
1535,2,2,2026-08-26T20:55:00+00:00,2026-08-27T20:36:00+00:00,0.987,15.17025,76.38171,15.16878,76.38122,0.172,0.174,197.83,S,LOW,STATIONARY,,stationary,INSUFFICIENT,0,False
1536,1,1,2026-08-26T20:55:00+00:00,2026-08-26T20:55:00+00:00,0.0,15.30119,76.21846,15.30119,76.21846,0.0,0.0,0.0,INSUFFICIENT_DATA,INSUFFICIENT_DATA,INSUFFICIENT_DATA,,insufficient_evidence,INSUFFICIENT,0,False
1537,1,1,2026-08-26T20:55:00+00:00,2026-08-26T20:55:00+00:00,0.0,15.33309,76.24698,15.33309,76.24698,0.0,0.0,0.0,INSUFFICIENT_DATA,INSUFFICIENT_DATA,INSUFFICIENT_DATA,,insufficient_evidence,INSUFFICIENT,0,False
1538,1,1,2026-08-27T07:12:00+00:00,2026-08-27T07:12:00+00:00,0.0,27.50346,91.71323,27.50346,91.71323,0.0,0.0,0.0,INSUFFICIENT_DATA,INSUFFICIENT_DATA,INSUFFICIENT_DATA,,insufficient_evidence,INSUFFICIENT,0,False
1539,1,1,2026-08-27T07:14:00+00:00,2026-08-27T07:14:00+00:00,0.0,34.31184,76.76282,34.31184,76.76282,0.0,0.0,0.0,INSUFFICIENT_DATA,INSUFFICIENT_DATA,INSUFFICIENT_DATA,,insufficient_evidence,INSUFFICIENT,0,False
1540,1,1,2026-08-27T08:03:00+00:00,2026-08-27T08:03:00+00:00,0.0,8.95087,77.90591,8.95087,77.90591,0.0,0.0,0.0,INSUFFICIENT_DATA,INSUFFICIENT_DATA,INSUFFICIENT_DATA,,insufficient_evidence,INSUFFICIENT,0,False
1541,1,1,2026-08-27T08:03:00+00:00,2026-08-27T08:03:00+00:00,0.0,9.12931,77.84509,9.12931,77.84509,0.0,0.0,0.0,INSUFFICIENT_DATA,INSUFFICIENT_DATA,INSUFFICIENT_DATA,,insufficient_evidence,INSUFFICIENT,0,False
1542,1,1,2026-08-27T08:03:00+00:00,2026-08-27T08:03:00+00:00,0.0,9.23964,77.81049,9.23964,77.81049,0.0,0.0,0.0,INSUFFICIENT_DATA,INSUFFICIENT_DATA,INSUFFICIENT_DATA,,insufficient_evidence,INSUFFICIENT,0,False
1543,1,1,2026-08-27T08:03:00+00:00,2026-08-27T08:03:00+00:00,0.0,9.27336,77.94791,9.27336,77.94791,0.0,0.0,0.0,INSUFFICIENT_DATA,INSUFFICIENT_DATA,INSUFFICIENT_DATA,,insufficient_evidence,INSUFFICIENT,0,False
1544,1,1,2026-08-27T08:03:00+00:00,2026-08-27T08:03:00+00:00,0.0,9.82798,77.77052,9.82798,77.77052,0.0,0.0,0.0,INSUFFICIENT_DATA,INSUFFICIENT_DATA,INSUFFICIENT_DATA,,insufficient_evidence,INSUFFICIENT,0,False
1545,1,1,2026-08-27T08:03:00+00:00,2026-08-27T08:03:00+00:00,0.0,9.9415,78.59012,9.9415,78.59012,0.0,0.0,0.0,INSUFFICIENT_DATA,INSUFFICIENT_DATA,INSUFFICIENT_DATA,,insufficient_evidence,INSUFFICIENT,0,False
1546,2,1,2026-08-27T08:03:00+00:00,2026-08-27T08:03:00+00:00,0.0,11.033,77.5892,11.033,77.5892,0.0,0.0,0.0,INSUFFICIENT_DATA,INSUFFICIENT_DATA,INSUFFICIENT_DATA,,insufficient_evidence,INSUFFICIENT,0,False
1547,1,1,2026-08-27T08:05:00+00:00,2026-08-27T08:05:00+00:00,0.0,11.70355,78.596,11.70355,78.596,0.0,0.0,0.0,INSUFFICIENT_DATA,INSUFFICIENT_DATA,INSUFFICIENT_DATA,,insufficient_evidence,INSUFFICIENT,0,False
1548,1,1,2026-08-27T08:05:00+00:00,2026-08-27T08:05:00+00:00,0.0,12.05728,79.84831,12.05728,79.84831,0.0,0.0,0.0,INSUFFICIENT_DATA,INSUFFICIENT_DATA,INSUFFICIENT_DATA,,insufficient_evidence,INSUFFICIENT,0,False
1549,1,1,2026-08-27T08:05:00+00:00,2026-08-27T08:05:00+00:00,0.0,12.09427,77.76483,12.09427,77.76483,0.0,0.0,0.0,INSUFFICIENT_DATA,INSUFFICIENT_DATA,INSUFFICIENT_DATA,,insufficient_evidence,INSUFFICIENT,0,False
1550,1,1,2026-08-27T08:05:00+00:00,2026-08-27T08:05:00+00:00,0.0,12.1972,79.71706,12.1972,79.71706,0.0,0.0,0.0,INSUFFICIENT_DATA,INSUFFICIENT_DATA,INSUFFICIENT_DATA,,insufficient_evidence,INSUFFICIENT,0,False
1551,1,1,2026-08-27T08:05:00+00:00,2026-08-27T08:05:00+00:00,0.0,12.29649,78.82146,12.29649,78.82146,0.0,0.0,0.0,INSUFFICIENT_DATA,INSUFFICIENT_DATA,INSUFFICIENT_DATA,,insufficient_evidence,INSUFFICIENT,0,False
1552,1,1,2026-08-27T08:05:00+00:00,2026-08-27T08:05:00+00:00,0.0,15.81279,79.73833,15.81279,79.73833,0.0,0.0,0.0,INSUFFICIENT_DATA,INSUFFICIENT_DATA,INSUFFICIENT_DATA,,insufficient_evidence,INSUFFICIENT,0,False
1553,1,1,2026-08-27T08:05:00+00:00,2026-08-27T08:05:00+00:00,0.0,17.36462,75.19918,17.36462,75.19918,0.0,0.0,0.0,INSUFFICIENT_DATA,INSUFFICIENT_DATA,INSUFFICIENT_DATA,,insufficient_evidence,INSUFFICIENT,0,False
1554,2,1,2026-08-27T08:07:00+00:00,2026-08-27T08:07:00+00:00,0.0,20.96338,85.18772,20.96338,85.18772,0.0,0.0,0.0,INSUFFICIENT_DATA,INSUFFICIENT_DATA,INSUFFICIENT_DATA,,insufficient_evidence,INSUFFICIENT,0,False
1555,2,1,2026-08-27T08:07:00+00:00,2026-08-27T08:52:00+00:00,0.031,26.63316,70.3878,26.63316,70.3878,0.0,0.0,0.0,INSUFFICIENT_DATA,INSUFFICIENT_DATA,INSUFFICIENT_DATA,,insufficient_evidence,INSUFFICIENT,0,False
1556,1,1,2026-08-27T08:07:00+00:00,2026-08-27T08:07:00+00:00,0.0,31.58428,75.88541,31.58428,75.88541,0.0,0.0,0.0,INSUFFICIENT_DATA,INSUFFICIENT_DATA,INSUFFICIENT_DATA,,insufficient_evidence,INSUFFICIENT,0,False
1557,1,1,2026-08-27T08:48:00+00:00,2026-08-27T08:48:00+00:00,0.0,9.08281,77.96626,9.08281,77.96626,0.0,0.0,0.0,INSUFFICIENT_DATA,INSUFFICIENT_DATA,INSUFFICIENT_DATA,,insufficient_evidence,INSUFFICIENT,0,False
1558,2,1,2026-08-27T08:48:00+00:00,2026-08-27T08:48:00+00:00,0.0,9.18669,77.63902,9.18669,77.63902,0.0,0.0,0.0,INSUFFICIENT_DATA,INSUFFICIENT_DATA,INSUFFICIENT_DATA,,insufficient_evidence,INSUFFICIENT,0,False
1559,2,1,2026-08-27T08:48:00+00:00,2026-08-27T08:48:00+00:00,0.0,9.20528,77.94084,9.20528,77.94084,0.0,0.0,0.0,INSUFFICIENT_DATA,INSUFFICIENT_DATA,INSUFFICIENT_DATA,,insufficient_evidence,INSUFFICIENT,0,False
1560,1,1,2026-08-27T08:48:00+00:00,2026-08-27T08:48:00+00:00,0.0,9.38556,77.56399,9.38556,77.56399,0.0,0.0,0.0,INSUFFICIENT_DATA,INSUFFICIENT_DATA,INSUFFICIENT_DATA,,insufficient_evidence,INSUFFICIENT,0,False
1561,1,1,2026-08-27T08:48:00+00:00,2026-08-27T08:48:00+00:00,0.0,9.91148,78.28306,9.91148,78.28306,0.0,0.0,0.0,INSUFFICIENT_DATA,INSUFFICIENT_DATA,INSUFFICIENT_DATA,,insufficient_evidence,INSUFFICIENT,0,False
1562,1,1,2026-08-27T08:48:00+00:00,2026-08-27T08:48:00+00:00,0.0,10.87824,77.60252,10.87824,77.60252,0.0,0.0,0.0,INSUFFICIENT_DATA,INSUFFICIENT_DATA,INSUFFICIENT_DATA,,insufficient_evidence,INSUFFICIENT,0,False
1563,1,1,2026-08-27T08:48:00+00:00,2026-08-27T08:48:00+00:00,0.0,10.97389,77.72894,10.97389,77.72894,0.0,0.0,0.0,INSUFFICIENT_DATA,INSUFFICIENT_DATA,INSUFFICIENT_DATA,,insufficient_evidence,INSUFFICIENT,0,False
1564,2,1,2026-08-27T20:32:00+00:00,2026-08-27T21:18:00+00:00,0.032,29.45712,76.86843,29.45712,76.86843,0.0,0.0,0.0,INSUFFICIENT_DATA,INSUFFICIENT_DATA,INSUFFICIENT_DATA,,insufficient_evidence,INSUFFICIENT,0,False
1565,7,2,2026-08-27T20:32:00+00:00,2026-08-29T08:16:00+00:00,1.489,29.90958,74.94968,29.90875,74.95228,0.267,0.18,110.28,E,LOW,STATIONARY,,stationary,INSUFFICIENT,0,False
1566,1,1,2026-08-27T20:34:00+00:00,2026-08-27T20:34:00+00:00,0.0,23.11632,70.08329,23.11632,70.08329,0.0,0.0,0.0,INSUFFICIENT_DATA,INSUFFICIENT_DATA,INSUFFICIENT_DATA,,insufficient_evidence,INSUFFICIENT,0,False
1567,1,1,2026-08-27T20:34:00+00:00,2026-08-27T20:34:00+00:00,0.0,23.56168,87.08423,23.56168,87.08423,0.0,0.0,0.0,INSUFFICIENT_DATA,INSUFFICIENT_DATA,INSUFFICIENT_DATA,,insufficient_evidence,INSUFFICIENT,0,False
1568,2,1,2026-08-27T20:36:00+00:00,2026-08-27T20:36:00+00:00,0.0,13.3938,80.10112,13.3938,80.10112,0.0,0.0,0.0,INSUFFICIENT_DATA,INSUFFICIENT_DATA,INSUFFICIENT_DATA,,insufficient_evidence,INSUFFICIENT,0,False
1569,1,1,2026-08-27T20:36:00+00:00,2026-08-27T20:36:00+00:00,0.0,13.82722,79.25863,13.82722,79.25863,0.0,0.0,0.0,INSUFFICIENT_DATA,INSUFFICIENT_DATA,INSUFFICIENT_DATA,,insufficient_evidence,INSUFFICIENT,0,False
1570,2,1,2026-08-27T20:36:00+00:00,2026-08-27T20:36:00+00:00,0.0,15.84411,79.7736,15.84411,79.7736,0.0,0.0,0.0,INSUFFICIENT_DATA,INSUFFICIENT_DATA,INSUFFICIENT_DATA,,insufficient_evidence,INSUFFICIENT,0,False
1571,1,1,2026-08-27T20:36:00+00:00,2026-08-27T20:36:00+00:00,0.0,15.93414,78.26305,15.93414,78.26305,0.0,0.0,0.0,INSUFFICIENT_DATA,INSUFFICIENT_DATA,INSUFFICIENT_DATA,,insufficient_evidence,INSUFFICIENT,0,False
1572,2,2,2026-08-27T20:36:00+00:00,2026-08-28T07:46:00+00:00,0.465,15.99172,78.39793,15.99496,78.3997,0.407,0.875,27.71,NE,LOW,STATIONARY,,stationary,INSUFFICIENT,0,False
1573,1,1,2026-08-27T20:36:00+00:00,2026-08-27T20:36:00+00:00,0.0,16.65075,74.31296,16.65075,74.31296,0.0,0.0,0.0,INSUFFICIENT_DATA,INSUFFICIENT_DATA,INSUFFICIENT_DATA,,insufficient_evidence,INSUFFICIENT,0,False
1574,2,2,2026-08-27T20:36:00+00:00,2026-08-28T20:19:00+00:00,0.988,17.06305,76.97786,17.0624,76.98022,0.261,0.264,106.07,E,LOW,STATIONARY,,stationary,INSUFFICIENT,0,False
1575,4,2,2026-08-27T20:36:00+00:00,2026-08-28T20:19:00+00:00,0.988,17.14079,77.18047,17.14131,77.17936,0.132,0.134,296.23,NW,LOW,STATIONARY,,stationary,INSUFFICIENT,0,False
1576,1,1,2026-08-27T20:36:00+00:00,2026-08-27T20:36:00+00:00,0.0,17.37144,77.44598,17.37144,77.44598,0.0,0.0,0.0,INSUFFICIENT_DATA,INSUFFICIENT_DATA,INSUFFICIENT_DATA,,insufficient_evidence,INSUFFICIENT,0,False
1577,1,1,2026-08-27T20:38:00+00:00,2026-08-27T20:38:00+00:00,0.0,8.30496,77.64027,8.30496,77.64027,0.0,0.0,0.0,INSUFFICIENT_DATA,INSUFFICIENT_DATA,INSUFFICIENT_DATA,,insufficient_evidence,INSUFFICIENT,0,False
1578,1,1,2026-08-27T20:38:00+00:00,2026-08-27T20:38:00+00:00,0.0,9.49392,77.62406,9.49392,77.62406,0.0,0.0,0.0,INSUFFICIENT_DATA,INSUFFICIENT_DATA,INSUFFICIENT_DATA,,insufficient_evidence,INSUFFICIENT,0,False
1579,1,1,2026-08-27T20:38:00+00:00,2026-08-27T20:38:00+00:00,0.0,10.59377,77.43021,10.59377,77.43021,0.0,0.0,0.0,INSUFFICIENT_DATA,INSUFFICIENT_DATA,INSUFFICIENT_DATA,,insufficient_evidence,INSUFFICIENT,0,False
1580,3,3,2026-08-27T20:38:00+00:00,2026-08-29T20:00:00+00:00,1.974,10.61681,77.42193,10.61798,77.41872,0.374,0.19,290.35,W,LOW,STATIONARY,,stationary,INSUFFICIENT,0,False
1581,1,1,2026-08-27T20:38:00+00:00,2026-08-27T20:38:00+00:00,0.0,11.1106,77.76625,11.1106,77.76625,0.0,0.0,0.0,INSUFFICIENT_DATA,INSUFFICIENT_DATA,INSUFFICIENT_DATA,,insufficient_evidence,INSUFFICIENT,0,False
1582,2,2,2026-08-27T20:38:00+00:00,2026-08-28T20:17:00+00:00,0.985,11.1818,79.10095,11.18338,79.09915,0.263,0.267,311.82,NW,LOW,STATIONARY,,stationary,INSUFFICIENT,0,False
1583,1,1,2026-08-27T20:38:00+00:00,2026-08-27T20:38:00+00:00,0.0,12.24076,78.06161,12.24076,78.06161,0.0,0.0,0.0,INSUFFICIENT_DATA,INSUFFICIENT_DATA,INSUFFICIENT_DATA,,insufficient_evidence,INSUFFICIENT,0,False
1584,1,1,2026-08-27T20:38:00+00:00,2026-08-27T20:38:00+00:00,0.0,12.64644,77.78779,12.64644,77.78779,0.0,0.0,0.0,INSUFFICIENT_DATA,INSUFFICIENT_DATA,INSUFFICIENT_DATA,,insufficient_evidence,INSUFFICIENT,0,False
1585,1,1,2026-08-27T20:38:00+00:00,2026-08-27T20:38:00+00:00,0.0,12.91795,77.42487,12.91795,77.42487,0.0,0.0,0.0,INSUFFICIENT_DATA,INSUFFICIENT_DATA,INSUFFICIENT_DATA,,insufficient_evidence,INSUFFICIENT,0,False
1586,1,1,2026-08-27T21:21:00+00:00,2026-08-27T21:21:00+00:00,0.0,18.40169,74.43215,18.40169,74.43215,0.0,0.0,0.0,INSUFFICIENT_DATA,INSUFFICIENT_DATA,INSUFFICIENT_DATA,,insufficient_evidence,INSUFFICIENT,0,False
1587,1,1,2026-08-28T06:52:00+00:00,2026-08-28T06:52:00+00:00,0.0,28.11855,95.48516,28.11855,95.48516,0.0,0.0,0.0,INSUFFICIENT_DATA,INSUFFICIENT_DATA,INSUFFICIENT_DATA,,insufficient_evidence,INSUFFICIENT,0,False
1588,2,1,2026-08-28T07:44:00+00:00,2026-08-28T08:28:00+00:00,0.031,8.5664,78.08381,8.5664,78.08381,0.0,0.0,0.0,INSUFFICIENT_DATA,INSUFFICIENT_DATA,INSUFFICIENT_DATA,,insufficient_evidence,INSUFFICIENT,0,False
1589,4,1,2026-08-28T07:44:00+00:00,2026-08-28T08:28:00+00:00,0.031,8.71281,77.97434,8.71281,77.97434,0.0,0.0,0.0,INSUFFICIENT_DATA,INSUFFICIENT_DATA,INSUFFICIENT_DATA,,insufficient_evidence,INSUFFICIENT,0,False
1590,1,1,2026-08-28T07:44:00+00:00,2026-08-28T07:44:00+00:00,0.0,8.72984,78.1073,8.72984,78.1073,0.0,0.0,0.0,INSUFFICIENT_DATA,INSUFFICIENT_DATA,INSUFFICIENT_DATA,,insufficient_evidence,INSUFFICIENT,0,False
1591,1,1,2026-08-28T07:44:00+00:00,2026-08-28T07:44:00+00:00,0.0,8.78832,78.11234,8.78832,78.11234,0.0,0.0,0.0,INSUFFICIENT_DATA,INSUFFICIENT_DATA,INSUFFICIENT_DATA,,insufficient_evidence,INSUFFICIENT,0,False
1592,1,1,2026-08-28T07:44:00+00:00,2026-08-28T07:44:00+00:00,0.0,8.84528,78.0387,8.84528,78.0387,0.0,0.0,0.0,INSUFFICIENT_DATA,INSUFFICIENT_DATA,INSUFFICIENT_DATA,,insufficient_evidence,INSUFFICIENT,0,False
1593,2,1,2026-08-28T07:44:00+00:00,2026-08-28T07:44:00+00:00,0.0,8.98889,77.81988,8.98889,77.81988,0.0,0.0,0.0,INSUFFICIENT_DATA,INSUFFICIENT_DATA,INSUFFICIENT_DATA,,insufficient_evidence,INSUFFICIENT,0,False
1594,3,1,2026-08-28T07:44:00+00:00,2026-08-28T08:28:00+00:00,0.031,9.18581,77.788,9.18581,77.788,0.0,0.0,0.0,INSUFFICIENT_DATA,INSUFFICIENT_DATA,INSUFFICIENT_DATA,,insufficient_evidence,INSUFFICIENT,0,False
1595,6,1,2026-08-28T07:44:00+00:00,2026-08-28T08:28:00+00:00,0.031,9.28067,78.39621,9.28067,78.39621,0.0,0.0,0.0,INSUFFICIENT_DATA,INSUFFICIENT_DATA,INSUFFICIENT_DATA,,insufficient_evidence,INSUFFICIENT,0,False
1596,1,1,2026-08-28T07:44:00+00:00,2026-08-28T07:44:00+00:00,0.0,9.30402,78.39236,9.30402,78.39236,0.0,0.0,0.0,INSUFFICIENT_DATA,INSUFFICIENT_DATA,INSUFFICIENT_DATA,,insufficient_evidence,INSUFFICIENT,0,False
1597,2,1,2026-08-28T07:44:00+00:00,2026-08-28T08:28:00+00:00,0.031,9.37337,78.62339,9.37337,78.62339,0.0,0.0,0.0,INSUFFICIENT_DATA,INSUFFICIENT_DATA,INSUFFICIENT_DATA,,insufficient_evidence,INSUFFICIENT,0,False
1598,1,1,2026-08-28T07:44:00+00:00,2026-08-28T07:44:00+00:00,0.0,9.7363,78.57832,9.7363,78.57832,0.0,0.0,0.0,INSUFFICIENT_DATA,INSUFFICIENT_DATA,INSUFFICIENT_DATA,,insufficient_evidence,INSUFFICIENT,0,False
1599,2,1,2026-08-28T07:44:00+00:00,2026-08-28T07:44:00+00:00,0.0,9.73908,78.34832,9.73908,78.34832,0.0,0.0,0.0,INSUFFICIENT_DATA,INSUFFICIENT_DATA,INSUFFICIENT_DATA,,insufficient_evidence,INSUFFICIENT,0,False
1600,2,1,2026-08-28T07:44:00+00:00,2026-08-28T08:28:00+00:00,0.031,9.88016,78.47285,9.88016,78.47285,0.0,0.0,0.0,INSUFFICIENT_DATA,INSUFFICIENT_DATA,INSUFFICIENT_DATA,,insufficient_evidence,INSUFFICIENT,0,False
1601,1,1,2026-08-28T07:44:00+00:00,2026-08-28T07:44:00+00:00,0.0,9.93117,78.07159,9.93117,78.07159,0.0,0.0,0.0,INSUFFICIENT_DATA,INSUFFICIENT_DATA,INSUFFICIENT_DATA,,insufficient_evidence,INSUFFICIENT,0,False
1602,1,1,2026-08-28T07:44:00+00:00,2026-08-28T07:44:00+00:00,0.0,9.94673,78.18559,9.94673,78.18559,0.0,0.0,0.0,INSUFFICIENT_DATA,INSUFFICIENT_DATA,INSUFFICIENT_DATA,,insufficient_evidence,INSUFFICIENT,0,False
1603,2,1,2026-08-28T07:44:00+00:00,2026-08-28T07:44:00+00:00,0.0,9.96201,78.39544,9.96201,78.39544,0.0,0.0,0.0,INSUFFICIENT_DATA,INSUFFICIENT_DATA,INSUFFICIENT_DATA,,insufficient_evidence,INSUFFICIENT,0,False
1604,1,1,2026-08-28T07:44:00+00:00,2026-08-28T07:44:00+00:00,0.0,10.06681,78.36839,10.06681,78.36839,0.0,0.0,0.0,INSUFFICIENT_DATA,INSUFFICIENT_DATA,INSUFFICIENT_DATA,,insufficient_evidence,INSUFFICIENT,0,False
1605,1,1,2026-08-28T07:44:00+00:00,2026-08-28T07:44:00+00:00,0.0,10.59022,78.85231,10.59022,78.85231,0.0,0.0,0.0,INSUFFICIENT_DATA,INSUFFICIENT_DATA,INSUFFICIENT_DATA,,insufficient_evidence,INSUFFICIENT,0,False
1606,1,1,2026-08-28T07:44:00+00:00,2026-08-28T07:44:00+00:00,0.0,10.81325,78.80896,10.81325,78.80896,0.0,0.0,0.0,INSUFFICIENT_DATA,INSUFFICIENT_DATA,INSUFFICIENT_DATA,,insufficient_evidence,INSUFFICIENT,0,False
1607,2,1,2026-08-28T07:44:00+00:00,2026-08-28T07:44:00+00:00,0.0,11.24629,77.76933,11.24629,77.76933,0.0,0.0,0.0,INSUFFICIENT_DATA,INSUFFICIENT_DATA,INSUFFICIENT_DATA,,insufficient_evidence,INSUFFICIENT,0,False
1608,1,1,2026-08-28T07:44:00+00:00,2026-08-28T07:44:00+00:00,0.0,11.62135,79.67422,11.62135,79.67422,0.0,0.0,0.0,INSUFFICIENT_DATA,INSUFFICIENT_DATA,INSUFFICIENT_DATA,,insufficient_evidence,INSUFFICIENT,0,False
1609,2,1,2026-08-28T07:44:00+00:00,2026-08-28T07:44:00+00:00,0.0,11.97412,79.74443,11.97412,79.74443,0.0,0.0,0.0,INSUFFICIENT_DATA,INSUFFICIENT_DATA,INSUFFICIENT_DATA,,insufficient_evidence,INSUFFICIENT,0,False
1610,1,1,2026-08-28T07:44:00+00:00,2026-08-28T07:44:00+00:00,0.0,12.63144,79.54516,12.63144,79.54516,0.0,0.0,0.0,INSUFFICIENT_DATA,INSUFFICIENT_DATA,INSUFFICIENT_DATA,,insufficient_evidence,INSUFFICIENT,0,False
1611,1,1,2026-08-28T07:44:00+00:00,2026-08-28T07:44:00+00:00,0.0,14.49,79.71088,14.49,79.71088,0.0,0.0,0.0,INSUFFICIENT_DATA,INSUFFICIENT_DATA,INSUFFICIENT_DATA,,insufficient_evidence,INSUFFICIENT,0,False
1612,1,1,2026-08-28T07:46:00+00:00,2026-08-28T07:46:00+00:00,0.0,14.59493,77.66154,14.59493,77.66154,0.0,0.0,0.0,INSUFFICIENT_DATA,INSUFFICIENT_DATA,INSUFFICIENT_DATA,,insufficient_evidence,INSUFFICIENT,0,False
1613,5,1,2026-08-28T07:46:00+00:00,2026-08-28T08:30:00+00:00,0.031,14.6594,75.65441,14.6594,75.65441,0.0,0.0,0.0,INSUFFICIENT_DATA,INSUFFICIENT_DATA,INSUFFICIENT_DATA,,insufficient_evidence,INSUFFICIENT,0,False
1614,1,1,2026-08-28T07:46:00+00:00,2026-08-28T07:46:00+00:00,0.0,14.66463,79.55208,14.66463,79.55208,0.0,0.0,0.0,INSUFFICIENT_DATA,INSUFFICIENT_DATA,INSUFFICIENT_DATA,,insufficient_evidence,INSUFFICIENT,0,False
1615,4,1,2026-08-28T07:46:00+00:00,2026-08-28T08:30:00+00:00,0.031,15.08905,79.77582,15.08905,79.77582,0.0,0.0,0.0,INSUFFICIENT_DATA,INSUFFICIENT_DATA,INSUFFICIENT_DATA,,insufficient_evidence,INSUFFICIENT,0,False
1616,1,1,2026-08-28T07:46:00+00:00,2026-08-28T07:46:00+00:00,0.0,15.32899,78.96827,15.32899,78.96827,0.0,0.0,0.0,INSUFFICIENT_DATA,INSUFFICIENT_DATA,INSUFFICIENT_DATA,,insufficient_evidence,INSUFFICIENT,0,False
1617,1,1,2026-08-28T07:46:00+00:00,2026-08-28T07:46:00+00:00,0.0,15.63525,79.5853,15.63525,79.5853,0.0,0.0,0.0,INSUFFICIENT_DATA,INSUFFICIENT_DATA,INSUFFICIENT_DATA,,insufficient_evidence,INSUFFICIENT,0,False
1618,1,1,2026-08-28T07:46:00+00:00,2026-08-28T07:46:00+00:00,0.0,15.73366,79.84308,15.73366,79.84308,0.0,0.0,0.0,INSUFFICIENT_DATA,INSUFFICIENT_DATA,INSUFFICIENT_DATA,,insufficient_evidence,INSUFFICIENT,0,False
1619,2,1,2026-08-28T07:46:00+00:00,2026-08-28T07:46:00+00:00,0.0,16.13332,77.8274,16.13332,77.8274,0.0,0.0,0.0,INSUFFICIENT_DATA,INSUFFICIENT_DATA,INSUFFICIENT_DATA,,insufficient_evidence,INSUFFICIENT,0,False
1620,2,1,2026-08-28T07:46:00+00:00,2026-08-28T07:46:00+00:00,0.0,20.96722,86.01207,20.96722,86.01207,0.0,0.0,0.0,INSUFFICIENT_DATA,INSUFFICIENT_DATA,INSUFFICIENT_DATA,,insufficient_evidence,INSUFFICIENT,0,False
1621,2,2,2026-08-28T07:48:00+00:00,2026-08-30T07:09:00+00:00,1.973,23.80325,86.33153,23.80394,86.33237,0.115,0.058,48.08,NE,LOW,STATIONARY,,stationary,INSUFFICIENT,0,False
1622,3,2,2026-08-28T07:48:00+00:00,2026-08-29T07:29:00+00:00,0.987,25.03608,87.38718,25.03602,87.38899,0.182,0.185,92.09,E,LOW,STATIONARY,,stationary,INSUFFICIENT,0,False
1623,2,1,2026-08-28T07:50:00+00:00,2026-08-28T08:35:00+00:00,0.031,27.43603,70.85588,27.43603,70.85588,0.0,0.0,0.0,INSUFFICIENT_DATA,INSUFFICIENT_DATA,INSUFFICIENT_DATA,,insufficient_evidence,INSUFFICIENT,0,False
1624,1,1,2026-08-28T08:28:00+00:00,2026-08-28T08:28:00+00:00,0.0,8.60969,77.83566,8.60969,77.83566,0.0,0.0,0.0,INSUFFICIENT_DATA,INSUFFICIENT_DATA,INSUFFICIENT_DATA,,insufficient_evidence,INSUFFICIENT,0,False
1625,2,1,2026-08-28T08:28:00+00:00,2026-08-28T08:28:00+00:00,0.0,8.86114,77.99254,8.86114,77.99254,0.0,0.0,0.0,INSUFFICIENT_DATA,INSUFFICIENT_DATA,INSUFFICIENT_DATA,,insufficient_evidence,INSUFFICIENT,0,False
1626,1,1,2026-08-28T08:28:00+00:00,2026-08-28T08:28:00+00:00,0.0,8.99345,77.86612,8.99345,77.86612,0.0,0.0,0.0,INSUFFICIENT_DATA,INSUFFICIENT_DATA,INSUFFICIENT_DATA,,insufficient_evidence,INSUFFICIENT,0,False
1627,1,1,2026-08-28T08:28:00+00:00,2026-08-28T08:28:00+00:00,0.0,9.06493,77.68907,9.06493,77.68907,0.0,0.0,0.0,INSUFFICIENT_DATA,INSUFFICIENT_DATA,INSUFFICIENT_DATA,,insufficient_evidence,INSUFFICIENT,0,False
1628,2,1,2026-08-28T08:28:00+00:00,2026-08-28T08:28:00+00:00,0.0,9.077,77.5713,9.077,77.5713,0.0,0.0,0.0,INSUFFICIENT_DATA,INSUFFICIENT_DATA,INSUFFICIENT_DATA,,insufficient_evidence,INSUFFICIENT,0,False
1629,1,1,2026-08-28T08:28:00+00:00,2026-08-28T08:28:00+00:00,0.0,9.26581,77.91255,9.26581,77.91255,0.0,0.0,0.0,INSUFFICIENT_DATA,INSUFFICIENT_DATA,INSUFFICIENT_DATA,,insufficient_evidence,INSUFFICIENT,0,False
1630,1,1,2026-08-28T08:28:00+00:00,2026-08-28T08:28:00+00:00,0.0,9.33282,78.42058,9.33282,78.42058,0.0,0.0,0.0,INSUFFICIENT_DATA,INSUFFICIENT_DATA,INSUFFICIENT_DATA,,insufficient_evidence,INSUFFICIENT,0,False
1631,1,1,2026-08-28T08:28:00+00:00,2026-08-28T08:28:00+00:00,0.0,9.37102,77.52661,9.37102,77.52661,0.0,0.0,0.0,INSUFFICIENT_DATA,INSUFFICIENT_DATA,INSUFFICIENT_DATA,,insufficient_evidence,INSUFFICIENT,0,False
1632,2,1,2026-08-28T08:28:00+00:00,2026-08-28T08:28:00+00:00,0.0,9.40806,78.81158,9.40806,78.81158,0.0,0.0,0.0,INSUFFICIENT_DATA,INSUFFICIENT_DATA,INSUFFICIENT_DATA,,insufficient_evidence,INSUFFICIENT,0,False
1633,1,1,2026-08-28T08:28:00+00:00,2026-08-28T08:28:00+00:00,0.0,9.4172,77.50932,9.4172,77.50932,0.0,0.0,0.0,INSUFFICIENT_DATA,INSUFFICIENT_DATA,INSUFFICIENT_DATA,,insufficient_evidence,INSUFFICIENT,0,False
1634,2,1,2026-08-28T08:28:00+00:00,2026-08-28T08:28:00+00:00,0.0,9.53434,78.18629,9.53434,78.18629,0.0,0.0,0.0,INSUFFICIENT_DATA,INSUFFICIENT_DATA,INSUFFICIENT_DATA,,insufficient_evidence,INSUFFICIENT,0,False
1635,1,1,2026-08-28T08:28:00+00:00,2026-08-28T08:28:00+00:00,0.0,9.55345,78.51564,9.55345,78.51564,0.0,0.0,0.0,INSUFFICIENT_DATA,INSUFFICIENT_DATA,INSUFFICIENT_DATA,,insufficient_evidence,INSUFFICIENT,0,False
1636,1,1,2026-08-28T08:28:00+00:00,2026-08-28T08:28:00+00:00,0.0,9.68469,78.36857,9.68469,78.36857,0.0,0.0,0.0,INSUFFICIENT_DATA,INSUFFICIENT_DATA,INSUFFICIENT_DATA,,insufficient_evidence,INSUFFICIENT,0,False
1637,1,1,2026-08-28T08:28:00+00:00,2026-08-28T08:28:00+00:00,0.0,9.71987,77.97552,9.71987,77.97552,0.0,0.0,0.0,INSUFFICIENT_DATA,INSUFFICIENT_DATA,INSUFFICIENT_DATA,,insufficient_evidence,INSUFFICIENT,0,False
1638,1,1,2026-08-28T08:28:00+00:00,2026-08-28T08:28:00+00:00,0.0,9.8426,78.13952,9.8426,78.13952,0.0,0.0,0.0,INSUFFICIENT_DATA,INSUFFICIENT_DATA,INSUFFICIENT_DATA,,insufficient_evidence,INSUFFICIENT,0,False
1639,1,1,2026-08-28T08:28:00+00:00,2026-08-28T08:28:00+00:00,0.0,10.03975,77.97247,10.03975,77.97247,0.0,0.0,0.0,INSUFFICIENT_DATA,INSUFFICIENT_DATA,INSUFFICIENT_DATA,,insufficient_evidence,INSUFFICIENT,0,False
1640,1,1,2026-08-28T08:28:00+00:00,2026-08-28T08:28:00+00:00,0.0,10.44864,79.65552,10.44864,79.65552,0.0,0.0,0.0,INSUFFICIENT_DATA,INSUFFICIENT_DATA,INSUFFICIENT_DATA,,insufficient_evidence,INSUFFICIENT,0,False
1641,2,1,2026-08-28T08:28:00+00:00,2026-08-28T08:28:00+00:00,0.0,10.53183,78.34365,10.53183,78.34365,0.0,0.0,0.0,INSUFFICIENT_DATA,INSUFFICIENT_DATA,INSUFFICIENT_DATA,,insufficient_evidence,INSUFFICIENT,0,False
1642,1,1,2026-08-28T08:28:00+00:00,2026-08-28T08:28:00+00:00,0.0,11.16639,78.01994,11.16639,78.01994,0.0,0.0,0.0,INSUFFICIENT_DATA,INSUFFICIENT_DATA,INSUFFICIENT_DATA,,insufficient_evidence,INSUFFICIENT,0,False
1643,1,1,2026-08-28T08:28:00+00:00,2026-08-28T08:28:00+00:00,0.0,11.23093,78.85033,11.23093,78.85033,0.0,0.0,0.0,INSUFFICIENT_DATA,INSUFFICIENT_DATA,INSUFFICIENT_DATA,,insufficient_evidence,INSUFFICIENT,0,False
1644,1,1,2026-08-28T08:30:00+00:00,2026-08-28T08:30:00+00:00,0.0,11.09134,76.9546,11.09134,76.9546,0.0,0.0,0.0,INSUFFICIENT_DATA,INSUFFICIENT_DATA,INSUFFICIENT_DATA,,insufficient_evidence,INSUFFICIENT,0,False
1645,2,1,2026-08-28T08:30:00+00:00,2026-08-28T08:30:00+00:00,0.0,11.48383,79.03784,11.48383,79.03784,0.0,0.0,0.0,INSUFFICIENT_DATA,INSUFFICIENT_DATA,INSUFFICIENT_DATA,,insufficient_evidence,INSUFFICIENT,0,False
1646,1,1,2026-08-28T08:30:00+00:00,2026-08-28T08:30:00+00:00,0.0,12.41271,77.18036,12.41271,77.18036,0.0,0.0,0.0,INSUFFICIENT_DATA,INSUFFICIENT_DATA,INSUFFICIENT_DATA,,insufficient_evidence,INSUFFICIENT,0,False
1647,1,1,2026-08-28T08:30:00+00:00,2026-08-28T08:30:00+00:00,0.0,12.65077,79.52586,12.65077,79.52586,0.0,0.0,0.0,INSUFFICIENT_DATA,INSUFFICIENT_DATA,INSUFFICIENT_DATA,,insufficient_evidence,INSUFFICIENT,0,False
1648,1,1,2026-08-28T08:30:00+00:00,2026-08-28T08:30:00+00:00,0.0,13.32397,76.02139,13.32397,76.02139,0.0,0.0,0.0,INSUFFICIENT_DATA,INSUFFICIENT_DATA,INSUFFICIENT_DATA,,insufficient_evidence,INSUFFICIENT,0,False
1649,1,1,2026-08-28T08:30:00+00:00,2026-08-28T08:30:00+00:00,0.0,14.16654,79.82394,14.16654,79.82394,0.0,0.0,0.0,INSUFFICIENT_DATA,INSUFFICIENT_DATA,INSUFFICIENT_DATA,,insufficient_evidence,INSUFFICIENT,0,False
1650,1,1,2026-08-28T08:30:00+00:00,2026-08-28T08:30:00+00:00,0.0,14.35824,77.18724,14.35824,77.18724,0.0,0.0,0.0,INSUFFICIENT_DATA,INSUFFICIENT_DATA,INSUFFICIENT_DATA,,insufficient_evidence,INSUFFICIENT,0,False
1651,2,1,2026-08-28T08:30:00+00:00,2026-08-28T08:30:00+00:00,0.0,14.50905,76.59763,14.50905,76.59763,0.0,0.0,0.0,INSUFFICIENT_DATA,INSUFFICIENT_DATA,INSUFFICIENT_DATA,,insufficient_evidence,INSUFFICIENT,0,False
1652,1,1,2026-08-28T08:30:00+00:00,2026-08-28T08:30:00+00:00,0.0,14.80563,76.7702,14.80563,76.7702,0.0,0.0,0.0,INSUFFICIENT_DATA,INSUFFICIENT_DATA,INSUFFICIENT_DATA,,insufficient_evidence,INSUFFICIENT,0,False
1653,2,1,2026-08-28T08:30:00+00:00,2026-08-28T08:30:00+00:00,0.0,15.00746,79.72655,15.00746,79.72655,0.0,0.0,0.0,INSUFFICIENT_DATA,INSUFFICIENT_DATA,INSUFFICIENT_DATA,,insufficient_evidence,INSUFFICIENT,0,False
1654,1,1,2026-08-28T08:30:00+00:00,2026-08-28T08:30:00+00:00,0.0,15.23541,76.44022,15.23541,76.44022,0.0,0.0,0.0,INSUFFICIENT_DATA,INSUFFICIENT_DATA,INSUFFICIENT_DATA,,insufficient_evidence,INSUFFICIENT,0,False
1655,1,1,2026-08-28T08:30:00+00:00,2026-08-28T08:30:00+00:00,0.0,15.56243,79.89336,15.56243,79.89336,0.0,0.0,0.0,INSUFFICIENT_DATA,INSUFFICIENT_DATA,INSUFFICIENT_DATA,,insufficient_evidence,INSUFFICIENT,0,False
1656,1,1,2026-08-28T08:30:00+00:00,2026-08-28T08:30:00+00:00,0.0,15.84844,79.11243,15.84844,79.11243,0.0,0.0,0.0,INSUFFICIENT_DATA,INSUFFICIENT_DATA,INSUFFICIENT_DATA,,insufficient_evidence,INSUFFICIENT,0,False
1657,1,1,2026-08-28T08:30:00+00:00,2026-08-28T08:30:00+00:00,0.0,16.03076,79.71768,16.03076,79.71768,0.0,0.0,0.0,INSUFFICIENT_DATA,INSUFFICIENT_DATA,INSUFFICIENT_DATA,,insufficient_evidence,INSUFFICIENT,0,False
1658,1,1,2026-08-28T08:30:00+00:00,2026-08-28T08:30:00+00:00,0.0,16.99839,79.08223,16.99839,79.08223,0.0,0.0,0.0,INSUFFICIENT_DATA,INSUFFICIENT_DATA,INSUFFICIENT_DATA,,insufficient_evidence,INSUFFICIENT,0,False
1659,1,1,2026-08-28T08:33:00+00:00,2026-08-28T08:33:00+00:00,0.0,23.12482,70.94032,23.12482,70.94032,0.0,0.0,0.0,INSUFFICIENT_DATA,INSUFFICIENT_DATA,INSUFFICIENT_DATA,,insufficient_evidence,INSUFFICIENT,0,False
1660,3,2,2026-08-28T08:35:00+00:00,2026-08-29T08:16:00+00:00,0.987,31.53852,75.11644,31.53692,75.11433,0.267,0.271,228.27,SW,LOW,STATIONARY,,stationary,INSUFFICIENT,0,False
1661,2,1,2026-08-28T20:14:00+00:00,2026-08-28T20:14:00+00:00,0.0,26.26686,74.18766,26.26686,74.18766,0.0,0.0,0.0,INSUFFICIENT_DATA,INSUFFICIENT_DATA,INSUFFICIENT_DATA,,insufficient_evidence,INSUFFICIENT,0,False
1662,1,1,2026-08-28T20:14:00+00:00,2026-08-28T20:14:00+00:00,0.0,27.37636,95.08469,27.37636,95.08469,0.0,0.0,0.0,INSUFFICIENT_DATA,INSUFFICIENT_DATA,INSUFFICIENT_DATA,,insufficient_evidence,INSUFFICIENT,0,False
1663,1,1,2026-08-28T20:17:00+00:00,2026-08-28T20:17:00+00:00,0.0,11.04049,77.71588,11.04049,77.71588,0.0,0.0,0.0,INSUFFICIENT_DATA,INSUFFICIENT_DATA,INSUFFICIENT_DATA,,insufficient_evidence,INSUFFICIENT,0,False
1664,1,1,2026-08-28T20:17:00+00:00,2026-08-28T20:17:00+00:00,0.0,11.14093,77.35009,11.14093,77.35009,0.0,0.0,0.0,INSUFFICIENT_DATA,INSUFFICIENT_DATA,INSUFFICIENT_DATA,,insufficient_evidence,INSUFFICIENT,0,False
1665,1,1,2026-08-28T20:17:00+00:00,2026-08-28T20:17:00+00:00,0.0,11.53513,77.22146,11.53513,77.22146,0.0,0.0,0.0,INSUFFICIENT_DATA,INSUFFICIENT_DATA,INSUFFICIENT_DATA,,insufficient_evidence,INSUFFICIENT,0,False
1666,1,1,2026-08-28T20:17:00+00:00,2026-08-28T20:17:00+00:00,0.0,12.25146,79.63464,12.25146,79.63464,0.0,0.0,0.0,INSUFFICIENT_DATA,INSUFFICIENT_DATA,INSUFFICIENT_DATA,,insufficient_evidence,INSUFFICIENT,0,False
1667,1,1,2026-08-28T20:17:00+00:00,2026-08-28T20:17:00+00:00,0.0,13.89451,77.03326,13.89451,77.03326,0.0,0.0,0.0,INSUFFICIENT_DATA,INSUFFICIENT_DATA,INSUFFICIENT_DATA,,insufficient_evidence,INSUFFICIENT,0,False
1668,1,1,2026-08-28T20:17:00+00:00,2026-08-28T20:17:00+00:00,0.0,13.89907,76.56499,13.89907,76.56499,0.0,0.0,0.0,INSUFFICIENT_DATA,INSUFFICIENT_DATA,INSUFFICIENT_DATA,,insufficient_evidence,INSUFFICIENT,0,False
1669,1,1,2026-08-28T20:17:00+00:00,2026-08-28T20:17:00+00:00,0.0,19.93703,73.71011,19.93703,73.71011,0.0,0.0,0.0,INSUFFICIENT_DATA,INSUFFICIENT_DATA,INSUFFICIENT_DATA,,insufficient_evidence,INSUFFICIENT,0,False
1670,1,1,2026-08-28T20:17:00+00:00,2026-08-28T20:17:00+00:00,0.0,19.96314,79.33248,19.96314,79.33248,0.0,0.0,0.0,INSUFFICIENT_DATA,INSUFFICIENT_DATA,INSUFFICIENT_DATA,,insufficient_evidence,INSUFFICIENT,0,False
1671,1,1,2026-08-28T20:17:00+00:00,2026-08-28T20:17:00+00:00,0.0,22.26705,75.13366,22.26705,75.13366,0.0,0.0,0.0,INSUFFICIENT_DATA,INSUFFICIENT_DATA,INSUFFICIENT_DATA,,insufficient_evidence,INSUFFICIENT,0,False
1672,2,1,2026-08-28T20:19:00+00:00,2026-08-28T20:19:00+00:00,0.0,8.67013,77.99382,8.67013,77.99382,0.0,0.0,0.0,INSUFFICIENT_DATA,INSUFFICIENT_DATA,INSUFFICIENT_DATA,,insufficient_evidence,INSUFFICIENT,0,False
1673,1,1,2026-08-28T20:19:00+00:00,2026-08-28T20:19:00+00:00,0.0,8.85032,78.13471,8.85032,78.13471,0.0,0.0,0.0,INSUFFICIENT_DATA,INSUFFICIENT_DATA,INSUFFICIENT_DATA,,insufficient_evidence,INSUFFICIENT,0,False
1674,1,1,2026-08-28T20:19:00+00:00,2026-08-28T20:19:00+00:00,0.0,15.13364,79.95895,15.13364,79.95895,0.0,0.0,0.0,INSUFFICIENT_DATA,INSUFFICIENT_DATA,INSUFFICIENT_DATA,,insufficient_evidence,INSUFFICIENT,0,False
1675,1,1,2026-08-28T20:19:00+00:00,2026-08-28T20:19:00+00:00,0.0,15.17368,76.78575,15.17368,76.78575,0.0,0.0,0.0,INSUFFICIENT_DATA,INSUFFICIENT_DATA,INSUFFICIENT_DATA,,insufficient_evidence,INSUFFICIENT,0,False
1676,1,1,2026-08-28T20:19:00+00:00,2026-08-28T20:19:00+00:00,0.0,15.89742,79.43373,15.89742,79.43373,0.0,0.0,0.0,INSUFFICIENT_DATA,INSUFFICIENT_DATA,INSUFFICIENT_DATA,,insufficient_evidence,INSUFFICIENT,0,False
1677,1,1,2026-08-28T20:19:00+00:00,2026-08-28T20:19:00+00:00,0.0,15.98432,79.14418,15.98432,79.14418,0.0,0.0,0.0,INSUFFICIENT_DATA,INSUFFICIENT_DATA,INSUFFICIENT_DATA,,insufficient_evidence,INSUFFICIENT,0,False
1678,1,1,2026-08-28T20:19:00+00:00,2026-08-28T20:19:00+00:00,0.0,16.09608,79.16954,16.09608,79.16954,0.0,0.0,0.0,INSUFFICIENT_DATA,INSUFFICIENT_DATA,INSUFFICIENT_DATA,,insufficient_evidence,INSUFFICIENT,0,False
1679,1,1,2026-08-29T06:33:00+00:00,2026-08-29T06:33:00+00:00,0.0,26.90533,93.00866,26.90533,93.00866,0.0,0.0,0.0,INSUFFICIENT_DATA,INSUFFICIENT_DATA,INSUFFICIENT_DATA,,insufficient_evidence,INSUFFICIENT,0,False
1680,1,1,2026-08-29T07:24:00+00:00,2026-08-29T07:24:00+00:00,0.0,9.3622,78.73381,9.3622,78.73381,0.0,0.0,0.0,INSUFFICIENT_DATA,INSUFFICIENT_DATA,INSUFFICIENT_DATA,,insufficient_evidence,INSUFFICIENT,0,False
1681,2,1,2026-08-29T07:26:00+00:00,2026-08-29T08:09:00+00:00,0.03,10.40776,79.51576,10.40776,79.51576,0.0,0.0,0.0,INSUFFICIENT_DATA,INSUFFICIENT_DATA,INSUFFICIENT_DATA,,insufficient_evidence,INSUFFICIENT,0,False
1682,1,1,2026-08-29T07:26:00+00:00,2026-08-29T07:26:00+00:00,0.0,10.98918,78.7616,10.98918,78.7616,0.0,0.0,0.0,INSUFFICIENT_DATA,INSUFFICIENT_DATA,INSUFFICIENT_DATA,,insufficient_evidence,INSUFFICIENT,0,False
1683,1,1,2026-08-29T07:26:00+00:00,2026-08-29T07:26:00+00:00,0.0,12.20977,79.82823,12.20977,79.82823,0.0,0.0,0.0,INSUFFICIENT_DATA,INSUFFICIENT_DATA,INSUFFICIENT_DATA,,insufficient_evidence,INSUFFICIENT,0,False
1684,1,1,2026-08-29T07:26:00+00:00,2026-08-29T07:26:00+00:00,0.0,13.56609,79.58166,13.56609,79.58166,0.0,0.0,0.0,INSUFFICIENT_DATA,INSUFFICIENT_DATA,INSUFFICIENT_DATA,,insufficient_evidence,INSUFFICIENT,0,False
1685,2,1,2026-08-29T07:26:00+00:00,2026-08-29T07:26:00+00:00,0.0,14.54972,79.80934,14.54972,79.80934,0.0,0.0,0.0,INSUFFICIENT_DATA,INSUFFICIENT_DATA,INSUFFICIENT_DATA,,insufficient_evidence,INSUFFICIENT,0,False
1686,3,1,2026-08-29T07:26:00+00:00,2026-08-29T08:11:00+00:00,0.031,14.65181,77.66684,14.65181,77.66684,0.0,0.0,0.0,INSUFFICIENT_DATA,INSUFFICIENT_DATA,INSUFFICIENT_DATA,,insufficient_evidence,INSUFFICIENT,0,False
1687,1,1,2026-08-29T07:31:00+00:00,2026-08-29T07:31:00+00:00,0.0,28.26528,94.83472,28.26528,94.83472,0.0,0.0,0.0,INSUFFICIENT_DATA,INSUFFICIENT_DATA,INSUFFICIENT_DATA,,insufficient_evidence,INSUFFICIENT,0,False
1688,1,1,2026-08-29T07:31:00+00:00,2026-08-29T07:31:00+00:00,0.0,31.65889,78.40624,31.65889,78.40624,0.0,0.0,0.0,INSUFFICIENT_DATA,INSUFFICIENT_DATA,INSUFFICIENT_DATA,,insufficient_evidence,INSUFFICIENT,0,False
1689,1,1,2026-08-29T08:09:00+00:00,2026-08-29T08:09:00+00:00,0.0,8.60741,77.97129,8.60741,77.97129,0.0,0.0,0.0,INSUFFICIENT_DATA,INSUFFICIENT_DATA,INSUFFICIENT_DATA,,insufficient_evidence,INSUFFICIENT,0,False
1690,2,1,2026-08-29T08:09:00+00:00,2026-08-29T09:05:00+00:00,0.039,8.64863,77.84073,8.64863,77.84073,0.0,0.0,0.0,INSUFFICIENT_DATA,INSUFFICIENT_DATA,INSUFFICIENT_DATA,,insufficient_evidence,INSUFFICIENT,0,False
1691,1,1,2026-08-29T08:09:00+00:00,2026-08-29T08:09:00+00:00,0.0,8.75016,78.08366,8.75016,78.08366,0.0,0.0,0.0,INSUFFICIENT_DATA,INSUFFICIENT_DATA,INSUFFICIENT_DATA,,insufficient_evidence,INSUFFICIENT,0,False
1692,1,1,2026-08-29T08:09:00+00:00,2026-08-29T08:09:00+00:00,0.0,8.75985,77.6738,8.75985,77.6738,0.0,0.0,0.0,INSUFFICIENT_DATA,INSUFFICIENT_DATA,INSUFFICIENT_DATA,,insufficient_evidence,INSUFFICIENT,0,False
1693,1,1,2026-08-29T08:09:00+00:00,2026-08-29T08:09:00+00:00,0.0,8.8745,77.98587,8.8745,77.98587,0.0,0.0,0.0,INSUFFICIENT_DATA,INSUFFICIENT_DATA,INSUFFICIENT_DATA,,insufficient_evidence,INSUFFICIENT,0,False
1694,1,1,2026-08-29T08:09:00+00:00,2026-08-29T08:09:00+00:00,0.0,8.96052,77.90134,8.96052,77.90134,0.0,0.0,0.0,INSUFFICIENT_DATA,INSUFFICIENT_DATA,INSUFFICIENT_DATA,,insufficient_evidence,INSUFFICIENT,0,False
1695,1,1,2026-08-29T08:09:00+00:00,2026-08-29T08:09:00+00:00,0.0,9.42272,78.75917,9.42272,78.75917,0.0,0.0,0.0,INSUFFICIENT_DATA,INSUFFICIENT_DATA,INSUFFICIENT_DATA,,insufficient_evidence,INSUFFICIENT,0,False
1696,1,1,2026-08-29T08:09:00+00:00,2026-08-29T08:09:00+00:00,0.0,9.49544,78.76971,9.49544,78.76971,0.0,0.0,0.0,INSUFFICIENT_DATA,INSUFFICIENT_DATA,INSUFFICIENT_DATA,,insufficient_evidence,INSUFFICIENT,0,False
1697,2,1,2026-08-29T08:09:00+00:00,2026-08-29T08:09:00+00:00,0.0,9.63027,78.56924,9.63027,78.56924,0.0,0.0,0.0,INSUFFICIENT_DATA,INSUFFICIENT_DATA,INSUFFICIENT_DATA,,insufficient_evidence,INSUFFICIENT,0,False
1698,1,1,2026-08-29T08:09:00+00:00,2026-08-29T08:09:00+00:00,0.0,9.69329,77.82059,9.69329,77.82059,0.0,0.0,0.0,INSUFFICIENT_DATA,INSUFFICIENT_DATA,INSUFFICIENT_DATA,,insufficient_evidence,INSUFFICIENT,0,False
1699,1,1,2026-08-29T08:09:00+00:00,2026-08-29T08:09:00+00:00,0.0,9.8565,78.18187,9.8565,78.18187,0.0,0.0,0.0,INSUFFICIENT_DATA,INSUFFICIENT_DATA,INSUFFICIENT_DATA,,insufficient_evidence,INSUFFICIENT,0,False
1700,1,1,2026-08-29T08:09:00+00:00,2026-08-29T08:09:00+00:00,0.0,9.96644,78.03188,9.96644,78.03188,0.0,0.0,0.0,INSUFFICIENT_DATA,INSUFFICIENT_DATA,INSUFFICIENT_DATA,,insufficient_evidence,INSUFFICIENT,0,False
1701,1,1,2026-08-29T08:09:00+00:00,2026-08-29T08:09:00+00:00,0.0,9.98556,78.31762,9.98556,78.31762,0.0,0.0,0.0,INSUFFICIENT_DATA,INSUFFICIENT_DATA,INSUFFICIENT_DATA,,insufficient_evidence,INSUFFICIENT,0,False
1702,1,1,2026-08-29T08:09:00+00:00,2026-08-29T08:09:00+00:00,0.0,10.40263,79.35952,10.40263,79.35952,0.0,0.0,0.0,INSUFFICIENT_DATA,INSUFFICIENT_DATA,INSUFFICIENT_DATA,,insufficient_evidence,INSUFFICIENT,0,False
1703,1,1,2026-08-29T08:09:00+00:00,2026-08-29T08:09:00+00:00,0.0,10.51079,79.66752,10.51079,79.66752,0.0,0.0,0.0,INSUFFICIENT_DATA,INSUFFICIENT_DATA,INSUFFICIENT_DATA,,insufficient_evidence,INSUFFICIENT,0,False
1704,1,1,2026-08-29T08:09:00+00:00,2026-08-29T08:09:00+00:00,0.0,10.52717,79.34861,10.52717,79.34861,0.0,0.0,0.0,INSUFFICIENT_DATA,INSUFFICIENT_DATA,INSUFFICIENT_DATA,,insufficient_evidence,INSUFFICIENT,0,False
1705,1,1,2026-08-29T08:09:00+00:00,2026-08-29T08:09:00+00:00,0.0,10.85161,78.75615,10.85161,78.75615,0.0,0.0,0.0,INSUFFICIENT_DATA,INSUFFICIENT_DATA,INSUFFICIENT_DATA,,insufficient_evidence,INSUFFICIENT,0,False
1706,6,1,2026-08-29T08:09:00+00:00,2026-08-29T20:44:00+00:00,0.524,10.93963,78.46836,10.93963,78.46836,0.0,0.0,0.0,INSUFFICIENT_DATA,INSUFFICIENT_DATA,INSUFFICIENT_DATA,,insufficient_evidence,INSUFFICIENT,0,False
1707,1,1,2026-08-29T08:09:00+00:00,2026-08-29T08:09:00+00:00,0.0,10.93779,78.20586,10.93779,78.20586,0.0,0.0,0.0,INSUFFICIENT_DATA,INSUFFICIENT_DATA,INSUFFICIENT_DATA,,insufficient_evidence,INSUFFICIENT,0,False
1708,1,1,2026-08-29T08:09:00+00:00,2026-08-29T08:09:00+00:00,0.0,10.95573,78.87653,10.95573,78.87653,0.0,0.0,0.0,INSUFFICIENT_DATA,INSUFFICIENT_DATA,INSUFFICIENT_DATA,,insufficient_evidence,INSUFFICIENT,0,False
1709,1,1,2026-08-29T08:09:00+00:00,2026-08-29T08:09:00+00:00,0.0,10.98005,79.4278,10.98005,79.4278,0.0,0.0,0.0,INSUFFICIENT_DATA,INSUFFICIENT_DATA,INSUFFICIENT_DATA,,insufficient_evidence,INSUFFICIENT,0,False
1710,1,1,2026-08-29T08:09:00+00:00,2026-08-29T08:09:00+00:00,0.0,11.12129,78.68881,11.12129,78.68881,0.0,0.0,0.0,INSUFFICIENT_DATA,INSUFFICIENT_DATA,INSUFFICIENT_DATA,,insufficient_evidence,INSUFFICIENT,0,False
1711,1,1,2026-08-29T08:09:00+00:00,2026-08-29T08:09:00+00:00,0.0,11.38602,78.86941,11.38602,78.86941,0.0,0.0,0.0,INSUFFICIENT_DATA,INSUFFICIENT_DATA,INSUFFICIENT_DATA,,insufficient_evidence,INSUFFICIENT,0,False
1712,1,1,2026-08-29T08:09:00+00:00,2026-08-29T08:09:00+00:00,0.0,11.45934,79.18013,11.45934,79.18013,0.0,0.0,0.0,INSUFFICIENT_DATA,INSUFFICIENT_DATA,INSUFFICIENT_DATA,,insufficient_evidence,INSUFFICIENT,0,False
1713,1,1,2026-08-29T08:09:00+00:00,2026-08-29T08:09:00+00:00,0.0,11.63834,77.61632,11.63834,77.61632,0.0,0.0,0.0,INSUFFICIENT_DATA,INSUFFICIENT_DATA,INSUFFICIENT_DATA,,insufficient_evidence,INSUFFICIENT,0,False
1714,2,1,2026-08-29T08:09:00+00:00,2026-08-29T08:09:00+00:00,0.0,12.03393,79.08201,12.03393,79.08201,0.0,0.0,0.0,INSUFFICIENT_DATA,INSUFFICIENT_DATA,INSUFFICIENT_DATA,,insufficient_evidence,INSUFFICIENT,0,False
1715,1,1,2026-08-29T08:09:00+00:00,2026-08-29T08:09:00+00:00,0.0,12.15724,79.71613,12.15724,79.71613,0.0,0.0,0.0,INSUFFICIENT_DATA,INSUFFICIENT_DATA,INSUFFICIENT_DATA,,insufficient_evidence,INSUFFICIENT,0,False
1716,2,1,2026-08-29T08:09:00+00:00,2026-08-29T08:09:00+00:00,0.0,12.17844,79.73841,12.17844,79.73841,0.0,0.0,0.0,INSUFFICIENT_DATA,INSUFFICIENT_DATA,INSUFFICIENT_DATA,,insufficient_evidence,INSUFFICIENT,0,False
1717,1,1,2026-08-29T08:09:00+00:00,2026-08-29T08:09:00+00:00,0.0,12.46093,79.10439,12.46093,79.10439,0.0,0.0,0.0,INSUFFICIENT_DATA,INSUFFICIENT_DATA,INSUFFICIENT_DATA,,insufficient_evidence,INSUFFICIENT,0,False
1718,1,1,2026-08-29T08:09:00+00:00,2026-08-29T08:09:00+00:00,0.0,12.62554,77.69179,12.62554,77.69179,0.0,0.0,0.0,INSUFFICIENT_DATA,INSUFFICIENT_DATA,INSUFFICIENT_DATA,,insufficient_evidence,INSUFFICIENT,0,False
1719,1,1,2026-08-29T08:09:00+00:00,2026-08-29T08:09:00+00:00,0.0,12.78404,79.31249,12.78404,79.31249,0.0,0.0,0.0,INSUFFICIENT_DATA,INSUFFICIENT_DATA,INSUFFICIENT_DATA,,insufficient_evidence,INSUFFICIENT,0,False
1720,1,1,2026-08-29T08:09:00+00:00,2026-08-29T08:09:00+00:00,0.0,12.81844,79.32784,12.81844,79.32784,0.0,0.0,0.0,INSUFFICIENT_DATA,INSUFFICIENT_DATA,INSUFFICIENT_DATA,,insufficient_evidence,INSUFFICIENT,0,False
1721,1,1,2026-08-29T08:09:00+00:00,2026-08-29T08:09:00+00:00,0.0,12.8281,79.57608,12.8281,79.57608,0.0,0.0,0.0,INSUFFICIENT_DATA,INSUFFICIENT_DATA,INSUFFICIENT_DATA,,insufficient_evidence,INSUFFICIENT,0,False
1722,1,1,2026-08-29T08:09:00+00:00,2026-08-29T08:09:00+00:00,0.0,13.38702,78.08879,13.38702,78.08879,0.0,0.0,0.0,INSUFFICIENT_DATA,INSUFFICIENT_DATA,INSUFFICIENT_DATA,,insufficient_evidence,INSUFFICIENT,0,False
1723,2,1,2026-08-29T08:09:00+00:00,2026-08-29T08:09:00+00:00,0.0,13.58897,76.33046,13.58897,76.33046,0.0,0.0,0.0,INSUFFICIENT_DATA,INSUFFICIENT_DATA,INSUFFICIENT_DATA,,insufficient_evidence,INSUFFICIENT,0,False
1724,1,1,2026-08-29T08:09:00+00:00,2026-08-29T08:09:00+00:00,0.0,13.73211,78.2689,13.73211,78.2689,0.0,0.0,0.0,INSUFFICIENT_DATA,INSUFFICIENT_DATA,INSUFFICIENT_DATA,,insufficient_evidence,INSUFFICIENT,0,False
1725,1,1,2026-08-29T08:11:00+00:00,2026-08-29T08:11:00+00:00,0.0,14.79919,79.08913,14.79919,79.08913,0.0,0.0,0.0,INSUFFICIENT_DATA,INSUFFICIENT_DATA,INSUFFICIENT_DATA,,insufficient_evidence,INSUFFICIENT,0,False
1726,1,1,2026-08-29T08:11:00+00:00,2026-08-29T08:11:00+00:00,0.0,14.8166,78.35658,14.8166,78.35658,0.0,0.0,0.0,INSUFFICIENT_DATA,INSUFFICIENT_DATA,INSUFFICIENT_DATA,,insufficient_evidence,INSUFFICIENT,0,False
1727,1,1,2026-08-29T08:11:00+00:00,2026-08-29T08:11:00+00:00,0.0,14.91997,79.67854,14.91997,79.67854,0.0,0.0,0.0,INSUFFICIENT_DATA,INSUFFICIENT_DATA,INSUFFICIENT_DATA,,insufficient_evidence,INSUFFICIENT,0,False
1728,1,1,2026-08-29T08:11:00+00:00,2026-08-29T08:11:00+00:00,0.0,14.98676,76.88111,14.98676,76.88111,0.0,0.0,0.0,INSUFFICIENT_DATA,INSUFFICIENT_DATA,INSUFFICIENT_DATA,,insufficient_evidence,INSUFFICIENT,0,False
1729,1,1,2026-08-29T08:11:00+00:00,2026-08-29T08:11:00+00:00,0.0,15.06239,79.87417,15.06239,79.87417,0.0,0.0,0.0,INSUFFICIENT_DATA,INSUFFICIENT_DATA,INSUFFICIENT_DATA,,insufficient_evidence,INSUFFICIENT,0,False
1730,1,1,2026-08-29T08:11:00+00:00,2026-08-29T08:11:00+00:00,0.0,15.08718,79.47825,15.08718,79.47825,0.0,0.0,0.0,INSUFFICIENT_DATA,INSUFFICIENT_DATA,INSUFFICIENT_DATA,,insufficient_evidence,INSUFFICIENT,0,False
1731,1,1,2026-08-29T08:11:00+00:00,2026-08-29T08:11:00+00:00,0.0,15.65413,80.13641,15.65413,80.13641,0.0,0.0,0.0,INSUFFICIENT_DATA,INSUFFICIENT_DATA,INSUFFICIENT_DATA,,insufficient_evidence,INSUFFICIENT,0,False
1732,1,1,2026-08-29T08:11:00+00:00,2026-08-29T08:11:00+00:00,0.0,16.03253,78.70424,16.03253,78.70424,0.0,0.0,0.0,INSUFFICIENT_DATA,INSUFFICIENT_DATA,INSUFFICIENT_DATA,,insufficient_evidence,INSUFFICIENT,0,False
1733,1,1,2026-08-29T08:11:00+00:00,2026-08-29T08:11:00+00:00,0.0,16.40797,79.41428,16.40797,79.41428,0.0,0.0,0.0,INSUFFICIENT_DATA,INSUFFICIENT_DATA,INSUFFICIENT_DATA,,insufficient_evidence,INSUFFICIENT,0,False
1734,1,1,2026-08-29T08:11:00+00:00,2026-08-29T08:11:00+00:00,0.0,16.70544,78.78356,16.70544,78.78356,0.0,0.0,0.0,INSUFFICIENT_DATA,INSUFFICIENT_DATA,INSUFFICIENT_DATA,,insufficient_evidence,INSUFFICIENT,0,False
1735,1,1,2026-08-29T08:11:00+00:00,2026-08-29T08:11:00+00:00,0.0,16.7619,79.13581,16.7619,79.13581,0.0,0.0,0.0,INSUFFICIENT_DATA,INSUFFICIENT_DATA,INSUFFICIENT_DATA,,insufficient_evidence,INSUFFICIENT,0,False
1736,1,1,2026-08-29T08:11:00+00:00,2026-08-29T08:11:00+00:00,0.0,18.12482,75.44324,18.12482,75.44324,0.0,0.0,0.0,INSUFFICIENT_DATA,INSUFFICIENT_DATA,INSUFFICIENT_DATA,,insufficient_evidence,INSUFFICIENT,0,False
1737,9,1,2026-08-29T08:16:00+00:00,2026-08-29T21:36:00+00:00,0.556,29.46003,76.88915,29.46003,76.88915,0.0,0.0,0.0,INSUFFICIENT_DATA,INSUFFICIENT_DATA,INSUFFICIENT_DATA,,insufficient_evidence,INSUFFICIENT,0,False
1738,3,1,2026-08-29T19:00:00+00:00,2026-08-29T19:00:00+00:00,0.0,26.41184,89.40776,26.41184,89.40776,0.0,0.0,0.0,INSUFFICIENT_DATA,INSUFFICIENT_DATA,INSUFFICIENT_DATA,,insufficient_evidence,INSUFFICIENT,0,False
1739,1,1,2026-08-29T19:00:00+00:00,2026-08-29T19:00:00+00:00,0.0,27.03239,94.89097,27.03239,94.89097,0.0,0.0,0.0,INSUFFICIENT_DATA,INSUFFICIENT_DATA,INSUFFICIENT_DATA,,insufficient_evidence,INSUFFICIENT,0,False
1740,1,1,2026-08-29T19:00:00+00:00,2026-08-29T19:00:00+00:00,0.0,27.31635,95.26728,27.31635,95.26728,0.0,0.0,0.0,INSUFFICIENT_DATA,INSUFFICIENT_DATA,INSUFFICIENT_DATA,,insufficient_evidence,INSUFFICIENT,0,False
1741,1,1,2026-08-29T19:00:00+00:00,2026-08-29T19:00:00+00:00,0.0,27.32357,95.2765,27.32357,95.2765,0.0,0.0,0.0,INSUFFICIENT_DATA,INSUFFICIENT_DATA,INSUFFICIENT_DATA,,insufficient_evidence,INSUFFICIENT,0,False
1742,1,1,2026-08-29T19:00:00+00:00,2026-08-29T19:00:00+00:00,0.0,27.37929,95.33325,27.37929,95.33325,0.0,0.0,0.0,INSUFFICIENT_DATA,INSUFFICIENT_DATA,INSUFFICIENT_DATA,,insufficient_evidence,INSUFFICIENT,0,False
1743,2,1,2026-08-29T19:55:00+00:00,2026-08-29T19:55:00+00:00,0.0,22.3625,87.0174,22.3625,87.0174,0.0,0.0,0.0,INSUFFICIENT_DATA,INSUFFICIENT_DATA,INSUFFICIENT_DATA,,insufficient_evidence,INSUFFICIENT,0,False
1744,1,1,2026-08-29T19:55:00+00:00,2026-08-29T19:55:00+00:00,0.0,23.54915,86.54485,23.54915,86.54485,0.0,0.0,0.0,INSUFFICIENT_DATA,INSUFFICIENT_DATA,INSUFFICIENT_DATA,,insufficient_evidence,INSUFFICIENT,0,False
1745,1,1,2026-08-29T19:55:00+00:00,2026-08-29T19:55:00+00:00,0.0,28.66509,77.57698,28.66509,77.57698,0.0,0.0,0.0,INSUFFICIENT_DATA,INSUFFICIENT_DATA,INSUFFICIENT_DATA,,insufficient_evidence,INSUFFICIENT,0,False
1746,2,1,2026-08-29T20:00:00+00:00,2026-08-29T20:46:00+00:00,0.032,9.30343,77.40386,9.30343,77.40386,0.0,0.0,0.0,INSUFFICIENT_DATA,INSUFFICIENT_DATA,INSUFFICIENT_DATA,,insufficient_evidence,INSUFFICIENT,0,False
1747,5,1,2026-08-29T20:00:00+00:00,2026-08-29T20:46:00+00:00,0.032,9.75595,77.51987,9.75595,77.51987,0.0,0.0,0.0,INSUFFICIENT_DATA,INSUFFICIENT_DATA,INSUFFICIENT_DATA,,insufficient_evidence,INSUFFICIENT,0,False
1748,1,1,2026-08-29T20:00:00+00:00,2026-08-29T20:00:00+00:00,0.0,9.79408,78.39436,9.79408,78.39436,0.0,0.0,0.0,INSUFFICIENT_DATA,INSUFFICIENT_DATA,INSUFFICIENT_DATA,,insufficient_evidence,INSUFFICIENT,0,False
1749,2,1,2026-08-29T20:00:00+00:00,2026-08-29T20:46:00+00:00,0.032,10.07944,77.31436,10.07944,77.31436,0.0,0.0,0.0,INSUFFICIENT_DATA,INSUFFICIENT_DATA,INSUFFICIENT_DATA,,insufficient_evidence,INSUFFICIENT,0,False
1750,1,1,2026-08-29T20:00:00+00:00,2026-08-29T20:00:00+00:00,0.0,10.32693,79.23083,10.32693,79.23083,0.0,0.0,0.0,INSUFFICIENT_DATA,INSUFFICIENT_DATA,INSUFFICIENT_DATA,,insufficient_evidence,INSUFFICIENT,0,False
1751,1,1,2026-08-29T20:00:00+00:00,2026-08-29T20:00:00+00:00,0.0,11.17766,79.08904,11.17766,79.08904,0.0,0.0,0.0,INSUFFICIENT_DATA,INSUFFICIENT_DATA,INSUFFICIENT_DATA,,insufficient_evidence,INSUFFICIENT,0,False
1752,2,1,2026-08-29T20:00:00+00:00,2026-08-29T20:00:00+00:00,0.0,11.47656,77.50293,11.47656,77.50293,0.0,0.0,0.0,INSUFFICIENT_DATA,INSUFFICIENT_DATA,INSUFFICIENT_DATA,,insufficient_evidence,INSUFFICIENT,0,False
1753,1,1,2026-08-29T20:00:00+00:00,2026-08-29T20:00:00+00:00,0.0,11.56324,78.73071,11.56324,78.73071,0.0,0.0,0.0,INSUFFICIENT_DATA,INSUFFICIENT_DATA,INSUFFICIENT_DATA,,insufficient_evidence,INSUFFICIENT,0,False
1754,5,2,2026-08-29T20:00:00+00:00,2026-08-30T07:52:00+00:00,0.494,13.83701,79.33791,13.83721,79.3314,0.703,1.424,271.79,W,LOW,MOVING,W,directional,PRELIMINARY,33,True
1755,1,1,2026-08-29T20:40:00+00:00,2026-08-29T20:40:00+00:00,0.0,26.25701,74.09737,26.25701,74.09737,0.0,0.0,0.0,INSUFFICIENT_DATA,INSUFFICIENT_DATA,INSUFFICIENT_DATA,,insufficient_evidence,INSUFFICIENT,0,False
1756,1,1,2026-08-29T20:40:00+00:00,2026-08-29T20:40:00+00:00,0.0,26.29747,74.12477,26.29747,74.12477,0.0,0.0,0.0,INSUFFICIENT_DATA,INSUFFICIENT_DATA,INSUFFICIENT_DATA,,insufficient_evidence,INSUFFICIENT,0,False
1757,1,1,2026-08-29T20:40:00+00:00,2026-08-29T20:40:00+00:00,0.0,28.35046,77.2559,28.35046,77.2559,0.0,0.0,0.0,INSUFFICIENT_DATA,INSUFFICIENT_DATA,INSUFFICIENT_DATA,,insufficient_evidence,INSUFFICIENT,0,False
1758,1,1,2026-08-29T20:40:00+00:00,2026-08-29T20:40:00+00:00,0.0,28.37196,77.2264,28.37196,77.2264,0.0,0.0,0.0,INSUFFICIENT_DATA,INSUFFICIENT_DATA,INSUFFICIENT_DATA,,insufficient_evidence,INSUFFICIENT,0,False
1759,1,1,2026-08-29T20:40:00+00:00,2026-08-29T20:40:00+00:00,0.0,28.74562,76.92708,28.74562,76.92708,0.0,0.0,0.0,INSUFFICIENT_DATA,INSUFFICIENT_DATA,INSUFFICIENT_DATA,,insufficient_evidence,INSUFFICIENT,0,False
1760,1,1,2026-08-29T20:40:00+00:00,2026-08-29T20:40:00+00:00,0.0,29.43284,77.00395,29.43284,77.00395,0.0,0.0,0.0,INSUFFICIENT_DATA,INSUFFICIENT_DATA,INSUFFICIENT_DATA,,insufficient_evidence,INSUFFICIENT,0,False
1761,1,1,2026-08-29T20:42:00+00:00,2026-08-29T20:42:00+00:00,0.0,24.68999,73.00279,24.68999,73.00279,0.0,0.0,0.0,INSUFFICIENT_DATA,INSUFFICIENT_DATA,INSUFFICIENT_DATA,,insufficient_evidence,INSUFFICIENT,0,False
1762,1,1,2026-08-29T20:42:00+00:00,2026-08-29T20:42:00+00:00,0.0,24.69039,74.67906,24.69039,74.67906,0.0,0.0,0.0,INSUFFICIENT_DATA,INSUFFICIENT_DATA,INSUFFICIENT_DATA,,insufficient_evidence,INSUFFICIENT,0,False
1763,1,1,2026-08-29T20:42:00+00:00,2026-08-29T20:42:00+00:00,0.0,24.76296,74.6066,24.76296,74.6066,0.0,0.0,0.0,INSUFFICIENT_DATA,INSUFFICIENT_DATA,INSUFFICIENT_DATA,,insufficient_evidence,INSUFFICIENT,0,False
1764,1,1,2026-08-29T20:44:00+00:00,2026-08-29T20:44:00+00:00,0.0,11.58347,77.52039,11.58347,77.52039,0.0,0.0,0.0,INSUFFICIENT_DATA,INSUFFICIENT_DATA,INSUFFICIENT_DATA,,insufficient_evidence,INSUFFICIENT,0,False
1765,1,1,2026-08-29T20:44:00+00:00,2026-08-29T20:44:00+00:00,0.0,12.98313,74.85271,12.98313,74.85271,0.0,0.0,0.0,INSUFFICIENT_DATA,INSUFFICIENT_DATA,INSUFFICIENT_DATA,,insufficient_evidence,INSUFFICIENT,0,False
1766,1,1,2026-08-29T20:44:00+00:00,2026-08-29T20:44:00+00:00,0.0,18.77779,73.7496,18.77779,73.7496,0.0,0.0,0.0,INSUFFICIENT_DATA,INSUFFICIENT_DATA,INSUFFICIENT_DATA,,insufficient_evidence,INSUFFICIENT,0,False
1767,1,1,2026-08-29T20:46:00+00:00,2026-08-29T20:46:00+00:00,0.0,8.67362,78.03297,8.67362,78.03297,0.0,0.0,0.0,INSUFFICIENT_DATA,INSUFFICIENT_DATA,INSUFFICIENT_DATA,,insufficient_evidence,INSUFFICIENT,0,False
1768,2,1,2026-08-30T07:07:00+00:00,2026-08-30T07:07:00+00:00,0.0,14.50174,79.70046,14.50174,79.70046,0.0,0.0,0.0,INSUFFICIENT_DATA,INSUFFICIENT_DATA,INSUFFICIENT_DATA,,insufficient_evidence,INSUFFICIENT,0,False
1769,1,1,2026-08-30T07:09:00+00:00,2026-08-30T07:09:00+00:00,0.0,23.64829,85.43843,23.64829,85.43843,0.0,0.0,0.0,INSUFFICIENT_DATA,INSUFFICIENT_DATA,INSUFFICIENT_DATA,,insufficient_evidence,INSUFFICIENT,0,False
1770,1,1,2026-08-30T07:09:00+00:00,2026-08-30T07:09:00+00:00,0.0,23.76081,86.4027,23.76081,86.4027,0.0,0.0,0.0,INSUFFICIENT_DATA,INSUFFICIENT_DATA,INSUFFICIENT_DATA,,insufficient_evidence,INSUFFICIENT,0,False
1771,1,1,2026-08-30T07:09:00+00:00,2026-08-30T07:09:00+00:00,0.0,27.98966,94.22114,27.98966,94.22114,0.0,0.0,0.0,INSUFFICIENT_DATA,INSUFFICIENT_DATA,INSUFFICIENT_DATA,,insufficient_evidence,INSUFFICIENT,0,False
1772,1,1,2026-08-30T07:09:00+00:00,2026-08-30T07:09:00+00:00,0.0,28.1259,95.46807,28.1259,95.46807,0.0,0.0,0.0,INSUFFICIENT_DATA,INSUFFICIENT_DATA,INSUFFICIENT_DATA,,insufficient_evidence,INSUFFICIENT,0,False
1773,2,1,2026-08-30T07:50:00+00:00,2026-08-30T08:45:00+00:00,0.038,8.93213,77.96466,8.93213,77.96466,0.0,0.0,0.0,INSUFFICIENT_DATA,INSUFFICIENT_DATA,INSUFFICIENT_DATA,,insufficient_evidence,INSUFFICIENT,0,False
1774,2,1,2026-08-30T07:50:00+00:00,2026-08-30T08:45:00+00:00,0.038,9.11254,77.77303,9.11254,77.77303,0.0,0.0,0.0,INSUFFICIENT_DATA,INSUFFICIENT_DATA,INSUFFICIENT_DATA,,insufficient_evidence,INSUFFICIENT,0,False
1775,6,1,2026-08-30T07:50:00+00:00,2026-08-30T08:45:00+00:00,0.038,9.44486,77.66929,9.44486,77.66929,0.0,0.0,0.0,INSUFFICIENT_DATA,INSUFFICIENT_DATA,INSUFFICIENT_DATA,,insufficient_evidence,INSUFFICIENT,0,False
1776,1,1,2026-08-30T07:52:00+00:00,2026-08-30T07:52:00+00:00,0.0,11.81002,77.2115,11.81002,77.2115,0.0,0.0,0.0,INSUFFICIENT_DATA,INSUFFICIENT_DATA,INSUFFICIENT_DATA,,insufficient_evidence,INSUFFICIENT,0,False
1777,1,1,2026-08-30T07:52:00+00:00,2026-08-30T07:52:00+00:00,0.0,13.80737,79.89786,13.80737,79.89786,0.0,0.0,0.0,INSUFFICIENT_DATA,INSUFFICIENT_DATA,INSUFFICIENT_DATA,,insufficient_evidence,INSUFFICIENT,0,False
1778,1,1,2026-08-30T07:52:00+00:00,2026-08-30T07:52:00+00:00,0.0,14.25786,80.12138,14.25786,80.12138,0.0,0.0,0.0,INSUFFICIENT_DATA,INSUFFICIENT_DATA,INSUFFICIENT_DATA,,insufficient_evidence,INSUFFICIENT,0,False
1779,1,1,2026-08-30T07:52:00+00:00,2026-08-30T07:52:00+00:00,0.0,14.67095,79.82304,14.67095,79.82304,0.0,0.0,0.0,INSUFFICIENT_DATA,INSUFFICIENT_DATA,INSUFFICIENT_DATA,,insufficient_evidence,INSUFFICIENT,0,False
1780,1,1,2026-08-30T07:52:00+00:00,2026-08-30T07:52:00+00:00,0.0,14.91308,77.69633,14.91308,77.69633,0.0,0.0,0.0,INSUFFICIENT_DATA,INSUFFICIENT_DATA,INSUFFICIENT_DATA,,insufficient_evidence,INSUFFICIENT,0,False
1781,1,1,2026-08-30T07:54:00+00:00,2026-08-30T07:54:00+00:00,0.0,18.3947,74.34995,18.3947,74.34995,0.0,0.0,0.0,INSUFFICIENT_DATA,INSUFFICIENT_DATA,INSUFFICIENT_DATA,,insufficient_evidence,INSUFFICIENT,0,False
1782,1,1,2026-08-30T07:54:00+00:00,2026-08-30T07:54:00+00:00,0.0,18.56188,74.5267,18.56188,74.5267,0.0,0.0,0.0,INSUFFICIENT_DATA,INSUFFICIENT_DATA,INSUFFICIENT_DATA,,insufficient_evidence,INSUFFICIENT,0,False
1783,1,1,2026-08-30T07:54:00+00:00,2026-08-30T07:54:00+00:00,0.0,23.77771,86.20815,23.77771,86.20815,0.0,0.0,0.0,INSUFFICIENT_DATA,INSUFFICIENT_DATA,INSUFFICIENT_DATA,,insufficient_evidence,INSUFFICIENT,0,False
1784,2,1,2026-08-30T07:56:00+00:00,2026-08-30T07:56:00+00:00,0.0,27.45619,70.43086,27.45619,70.43086,0.0,0.0,0.0,INSUFFICIENT_DATA,INSUFFICIENT_DATA,INSUFFICIENT_DATA,,insufficient_evidence,INSUFFICIENT,0,False
1785,1,1,2026-08-30T07:56:00+00:00,2026-08-30T07:56:00+00:00,0.0,27.62523,70.73109,27.62523,70.73109,0.0,0.0,0.0,INSUFFICIENT_DATA,INSUFFICIENT_DATA,INSUFFICIENT_DATA,,insufficient_evidence,INSUFFICIENT,0,False
1786,1,1,2026-08-30T07:58:00+00:00,2026-08-30T07:58:00+00:00,0.0,32.32051,76.85158,32.32051,76.85158,0.0,0.0,0.0,INSUFFICIENT_DATA,INSUFFICIENT_DATA,INSUFFICIENT_DATA,,insufficient_evidence,INSUFFICIENT,0,False
1787,1,1,2026-08-30T07:58:00+00:00,2026-08-30T07:58:00+00:00,0.0,34.19078,74.22848,34.19078,74.22848,0.0,0.0,0.0,INSUFFICIENT_DATA,INSUFFICIENT_DATA,INSUFFICIENT_DATA,,insufficient_evidence,INSUFFICIENT,0,False
1788,1,1,2026-08-30T08:45:00+00:00,2026-08-30T08:45:00+00:00,0.0,8.88266,77.78847,8.88266,77.78847,0.0,0.0,0.0,INSUFFICIENT_DATA,INSUFFICIENT_DATA,INSUFFICIENT_DATA,,insufficient_evidence,INSUFFICIENT,0,False
1789,1,1,2026-08-30T08:45:00+00:00,2026-08-30T08:45:00+00:00,0.0,9.99573,77.29134,9.99573,77.29134,0.0,0.0,0.0,INSUFFICIENT_DATA,INSUFFICIENT_DATA,INSUFFICIENT_DATA,,insufficient_evidence,INSUFFICIENT,0,False
1790,2,1,2026-08-30T08:52:00+00:00,2026-08-30T08:52:00+00:00,0.0,27.39564,71.03919,27.39564,71.03919,0.0,0.0,0.0,INSUFFICIENT_DATA,INSUFFICIENT_DATA,INSUFFICIENT_DATA,,insufficient_evidence,INSUFFICIENT,0,False
1791,1,1,2026-08-30T08:52:00+00:00,2026-08-30T08:52:00+00:00,0.0,31.57862,74.81806,31.57862,74.81806,0.0,0.0,0.0,INSUFFICIENT_DATA,INSUFFICIENT_DATA,INSUFFICIENT_DATA,,insufficient_evidence,INSUFFICIENT,0,False
